"path","tracked","ignored","category","required_for_package","required_for_tests","required_for_documentation","generated","reproducible","contains_operational_data","contains_local_path","duplicate_group","decision","destination","deletion_requires_approval","evidence","notes"
".gitattributes",TRUE,FALSE,"other",FALSE,FALSE,FALSE,FALSE,FALSE,FALSE,FALSE,"","retain","",FALSE,"git ls-files: tracked; not in ignored inventory; classified as other; path/type does not establish generated output",""
".github/workflows/handbook-pages.yml",TRUE,FALSE,"other",FALSE,FALSE,FALSE,FALSE,FALSE,FALSE,FALSE,"","retain","",FALSE,"git ls-files: tracked; not in ignored inventory; classified as other; path/type does not establish generated output",""
".github/workflows/R-CMD-check.yaml",TRUE,FALSE,"other",FALSE,FALSE,FALSE,FALSE,FALSE,FALSE,FALSE,"","retain","",FALSE,"git ls-files: tracked; not in ignored inventory; classified as other; path/type does not establish generated output",""
".gitignore",TRUE,FALSE,"configuration",FALSE,FALSE,FALSE,FALSE,FALSE,FALSE,FALSE,"","retain","",FALSE,"git ls-files: tracked; not in ignored inventory; classified as configuration; path/type does not establish generated output",""
".lintr",TRUE,FALSE,"configuration",FALSE,FALSE,FALSE,FALSE,FALSE,FALSE,FALSE,"","retain","",FALSE,"git ls-files: tracked; not in ignored inventory; classified as configuration; path/type does not establish generated output",""
".Rbuildignore",TRUE,FALSE,"configuration",TRUE,FALSE,FALSE,FALSE,FALSE,FALSE,FALSE,"","retain","",FALSE,"git ls-files: tracked; not in ignored inventory; classified as configuration; path/type does not establish generated output",""
".RData",FALSE,TRUE,"RDS",FALSE,FALSE,FALSE,FALSE,FALSE,TRUE,FALSE,"","relocate-later","approved external data store or minimal test fixture; preserve until checksum and provenance are recorded",FALSE,"git ls-files: not tracked; matched current ignore rules; classified as RDS; path/type does not establish generated output; data extension/location may contain operational data","No move or merge is authorized by this decision document alone."
".Rhistory",FALSE,TRUE,"other",FALSE,FALSE,FALSE,FALSE,FALSE,FALSE,FALSE,"","review","",FALSE,"git ls-files: not tracked; matched current ignore rules; classified as other; path/type does not establish generated output","Insufficient evidence for an irreversible classification."
".Rproj.user/0B557707/cpp-definition-cache",FALSE,TRUE,"other",FALSE,FALSE,FALSE,FALSE,FALSE,FALSE,FALSE,"","review","",FALSE,"git ls-files: not tracked; matched current ignore rules; classified as other; path/type does not establish generated output","Insufficient evidence for an irreversible classification."
".Rproj.user/0B557707/pcs/debug-breakpoints.pper",FALSE,TRUE,"other",FALSE,FALSE,FALSE,FALSE,FALSE,FALSE,FALSE,"","review","",FALSE,"git ls-files: not tracked; matched current ignore rules; classified as other; path/type does not establish generated output","Insufficient evidence for an irreversible classification."
".Rproj.user/0B557707/pcs/files-pane.pper",FALSE,TRUE,"other",FALSE,FALSE,FALSE,FALSE,FALSE,FALSE,FALSE,"","review","",FALSE,"git ls-files: not tracked; matched current ignore rules; classified as other; path/type does not establish generated output","Insufficient evidence for an irreversible classification."
".Rproj.user/0B557707/pcs/source-pane.pper",FALSE,TRUE,"other",FALSE,FALSE,FALSE,FALSE,FALSE,FALSE,FALSE,"","review","",FALSE,"git ls-files: not tracked; matched current ignore rules; classified as other; path/type does not establish generated output","Insufficient evidence for an irreversible classification."
".Rproj.user/0B557707/pcs/windowlayoutstate.pper",FALSE,TRUE,"other",FALSE,FALSE,FALSE,FALSE,FALSE,FALSE,FALSE,"","review","",FALSE,"git ls-files: not tracked; matched current ignore rules; classified as other; path/type does not establish generated output","Insufficient evidence for an irreversible classification."
".Rproj.user/0B557707/pcs/workbench-pane.pper",FALSE,TRUE,"other",FALSE,FALSE,FALSE,FALSE,FALSE,FALSE,FALSE,"","review","",FALSE,"git ls-files: not tracked; matched current ignore rules; classified as other; path/type does not establish generated output","Insufficient evidence for an irreversible classification."
".Rproj.user/0B557707/persistent-state",FALSE,TRUE,"other",FALSE,FALSE,FALSE,FALSE,FALSE,FALSE,FALSE,"","review","",FALSE,"git ls-files: not tracked; matched current ignore rules; classified as other; path/type does not establish generated output","Insufficient evidence for an irreversible classification."
".Rproj.user/0B557707/rmd-outputs",FALSE,TRUE,"other",FALSE,FALSE,FALSE,FALSE,FALSE,FALSE,FALSE,"","review","",FALSE,"git ls-files: not tracked; matched current ignore rules; classified as other; path/type does not establish generated output","Insufficient evidence for an irreversible classification."
".Rproj.user/0B557707/saved_source_markers",FALSE,TRUE,"other",FALSE,FALSE,FALSE,FALSE,FALSE,FALSE,FALSE,"","review","",FALSE,"git ls-files: not tracked; matched current ignore rules; classified as other; path/type does not establish generated output","Insufficient evidence for an irreversible classification."
".Rproj.user/0B557707/sources/prop/0E8BDBF2",FALSE,TRUE,"other",FALSE,FALSE,FALSE,FALSE,FALSE,FALSE,FALSE,"","review","",FALSE,"git ls-files: not tracked; matched current ignore rules; classified as other; path/type does not establish generated output","Insufficient evidence for an irreversible classification."
".Rproj.user/0B557707/sources/prop/26268287",FALSE,TRUE,"other",FALSE,FALSE,FALSE,FALSE,FALSE,FALSE,FALSE,"","review","",FALSE,"git ls-files: not tracked; matched current ignore rules; classified as other; path/type does not establish generated output","Insufficient evidence for an irreversible classification."
".Rproj.user/0B557707/sources/prop/2B5AFB91",FALSE,TRUE,"other",FALSE,FALSE,FALSE,FALSE,FALSE,FALSE,FALSE,"","review","",FALSE,"git ls-files: not tracked; matched current ignore rules; classified as other; path/type does not establish generated output","Insufficient evidence for an irreversible classification."
".Rproj.user/0B557707/sources/prop/353243C3",FALSE,TRUE,"other",FALSE,FALSE,FALSE,FALSE,FALSE,FALSE,FALSE,"","review","",FALSE,"git ls-files: not tracked; matched current ignore rules; classified as other; path/type does not establish generated output","Insufficient evidence for an irreversible classification."
".Rproj.user/0B557707/sources/prop/555DA84C",FALSE,TRUE,"other",FALSE,FALSE,FALSE,FALSE,FALSE,FALSE,FALSE,"","review","",FALSE,"git ls-files: not tracked; matched current ignore rules; classified as other; path/type does not establish generated output","Insufficient evidence for an irreversible classification."
".Rproj.user/0B557707/sources/prop/56EF7529",FALSE,TRUE,"other",FALSE,FALSE,FALSE,FALSE,FALSE,FALSE,FALSE,"","review","",FALSE,"git ls-files: not tracked; matched current ignore rules; classified as other; path/type does not establish generated output","Insufficient evidence for an irreversible classification."
".Rproj.user/0B557707/sources/prop/C5A5BFDF",FALSE,TRUE,"other",FALSE,FALSE,FALSE,FALSE,FALSE,FALSE,FALSE,"","review","",FALSE,"git ls-files: not tracked; matched current ignore rules; classified as other; path/type does not establish generated output","Insufficient evidence for an irreversible classification."
".Rproj.user/0B557707/sources/prop/EC7AB064",FALSE,TRUE,"other",FALSE,FALSE,FALSE,FALSE,FALSE,FALSE,FALSE,"","review","",FALSE,"git ls-files: not tracked; matched current ignore rules; classified as other; path/type does not establish generated output","Insufficient evidence for an irreversible classification."
".Rproj.user/0B557707/sources/prop/F6B86399",FALSE,TRUE,"other",FALSE,FALSE,FALSE,FALSE,FALSE,FALSE,FALSE,"","review","",FALSE,"git ls-files: not tracked; matched current ignore rules; classified as other; path/type does not establish generated output","Insufficient evidence for an irreversible classification."
".Rproj.user/0B557707/sources/prop/F8E195E0",FALSE,TRUE,"other",FALSE,FALSE,FALSE,FALSE,FALSE,FALSE,FALSE,"","review","",FALSE,"git ls-files: not tracked; matched current ignore rules; classified as other; path/type does not establish generated output","Insufficient evidence for an irreversible classification."
".Rproj.user/0B557707/sources/prop/INDEX",FALSE,TRUE,"other",FALSE,FALSE,FALSE,FALSE,FALSE,FALSE,FALSE,"","review","",FALSE,"git ls-files: not tracked; matched current ignore rules; classified as other; path/type does not establish generated output","Insufficient evidence for an irreversible classification."
".Rproj.user/0B557707/sources/session-b80ddbe2/1D90F40C",FALSE,TRUE,"other",FALSE,FALSE,FALSE,FALSE,FALSE,FALSE,FALSE,"","review","",FALSE,"git ls-files: not tracked; matched current ignore rules; classified as other; path/type does not establish generated output","Insufficient evidence for an irreversible classification."
".Rproj.user/0B557707/sources/session-b80ddbe2/1D90F40C-contents",FALSE,TRUE,"other",FALSE,FALSE,FALSE,FALSE,FALSE,FALSE,FALSE,"","review","",FALSE,"git ls-files: not tracked; matched current ignore rules; classified as other; path/type does not establish generated output","Insufficient evidence for an irreversible classification."
".Rproj.user/0B557707/sources/session-b80ddbe2/241F9C8C",FALSE,TRUE,"other",FALSE,FALSE,FALSE,FALSE,FALSE,FALSE,FALSE,"","review","",FALSE,"git ls-files: not tracked; matched current ignore rules; classified as other; path/type does not establish generated output","Insufficient evidence for an irreversible classification."
".Rproj.user/0B557707/sources/session-b80ddbe2/241F9C8C-contents",FALSE,TRUE,"other",FALSE,FALSE,FALSE,FALSE,FALSE,FALSE,FALSE,"","review","",FALSE,"git ls-files: not tracked; matched current ignore rules; classified as other; path/type does not establish generated output","Insufficient evidence for an irreversible classification."
".Rproj.user/0B557707/sources/session-b80ddbe2/32938575",FALSE,TRUE,"other",FALSE,FALSE,FALSE,FALSE,FALSE,FALSE,FALSE,"","review","",FALSE,"git ls-files: not tracked; matched current ignore rules; classified as other; path/type does not establish generated output","Insufficient evidence for an irreversible classification."
".Rproj.user/0B557707/sources/session-b80ddbe2/32938575-contents",FALSE,TRUE,"other",FALSE,FALSE,FALSE,FALSE,FALSE,FALSE,FALSE,"","review","",FALSE,"git ls-files: not tracked; matched current ignore rules; classified as other; path/type does not establish generated output","Insufficient evidence for an irreversible classification."
".Rproj.user/0B557707/sources/session-b80ddbe2/3F0F0018",FALSE,TRUE,"other",FALSE,FALSE,FALSE,FALSE,FALSE,FALSE,FALSE,"","review","",FALSE,"git ls-files: not tracked; matched current ignore rules; classified as other; path/type does not establish generated output","Insufficient evidence for an irreversible classification."
".Rproj.user/0B557707/sources/session-b80ddbe2/3F0F0018-contents",FALSE,TRUE,"other",FALSE,FALSE,FALSE,FALSE,FALSE,FALSE,FALSE,"","review","",FALSE,"git ls-files: not tracked; matched current ignore rules; classified as other; path/type does not establish generated output","Insufficient evidence for an irreversible classification."
".Rproj.user/0B557707/sources/session-b80ddbe2/409B6B14",FALSE,TRUE,"other",FALSE,FALSE,FALSE,FALSE,FALSE,FALSE,FALSE,"","review","",FALSE,"git ls-files: not tracked; matched current ignore rules; classified as other; path/type does not establish generated output","Insufficient evidence for an irreversible classification."
".Rproj.user/0B557707/sources/session-b80ddbe2/409B6B14-contents",FALSE,TRUE,"other",FALSE,FALSE,FALSE,FALSE,FALSE,FALSE,FALSE,"","review","",FALSE,"git ls-files: not tracked; matched current ignore rules; classified as other; path/type does not establish generated output","Insufficient evidence for an irreversible classification."
".Rproj.user/0B557707/sources/session-b80ddbe2/61D2B7B5",FALSE,TRUE,"other",FALSE,FALSE,FALSE,FALSE,FALSE,FALSE,FALSE,"","review","",FALSE,"git ls-files: not tracked; matched current ignore rules; classified as other; path/type does not establish generated output","Insufficient evidence for an irreversible classification."
".Rproj.user/0B557707/sources/session-b80ddbe2/61D2B7B5-contents",FALSE,TRUE,"other",FALSE,FALSE,FALSE,FALSE,FALSE,FALSE,FALSE,"","review","",FALSE,"git ls-files: not tracked; matched current ignore rules; classified as other; path/type does not establish generated output","Insufficient evidence for an irreversible classification."
".Rproj.user/0B557707/sources/session-b80ddbe2/7A74702B",FALSE,TRUE,"other",FALSE,FALSE,FALSE,FALSE,FALSE,FALSE,FALSE,"","review","",FALSE,"git ls-files: not tracked; matched current ignore rules; classified as other; path/type does not establish generated output","Insufficient evidence for an irreversible classification."
".Rproj.user/0B557707/sources/session-b80ddbe2/7A74702B-contents",FALSE,TRUE,"other",FALSE,FALSE,FALSE,FALSE,FALSE,FALSE,FALSE,"","review","",FALSE,"git ls-files: not tracked; matched current ignore rules; classified as other; path/type does not establish generated output","Insufficient evidence for an irreversible classification."
".Rproj.user/0B557707/sources/session-b80ddbe2/7E5E8195-contents",FALSE,TRUE,"other",FALSE,FALSE,FALSE,FALSE,FALSE,FALSE,FALSE,"","review","",FALSE,"git ls-files: not tracked; matched current ignore rules; classified as other; path/type does not establish generated output","Insufficient evidence for an irreversible classification."
".Rproj.user/0B557707/sources/session-b80ddbe2/E1A8FE7C",FALSE,TRUE,"other",FALSE,FALSE,FALSE,FALSE,FALSE,FALSE,FALSE,"","review","",FALSE,"git ls-files: not tracked; matched current ignore rules; classified as other; path/type does not establish generated output","Insufficient evidence for an irreversible classification."
".Rproj.user/0B557707/sources/session-b80ddbe2/E1A8FE7C-contents",FALSE,TRUE,"other",FALSE,FALSE,FALSE,FALSE,FALSE,FALSE,FALSE,"","review","",FALSE,"git ls-files: not tracked; matched current ignore rules; classified as other; path/type does not establish generated output","Insufficient evidence for an irreversible classification."
".Rproj.user/0B557707/sources/session-b80ddbe2/FD70EB7A",FALSE,TRUE,"other",FALSE,FALSE,FALSE,FALSE,FALSE,FALSE,FALSE,"","review","",FALSE,"git ls-files: not tracked; matched current ignore rules; classified as other; path/type does not establish generated output","Insufficient evidence for an irreversible classification."
".Rproj.user/0B557707/sources/session-b80ddbe2/FD70EB7A-contents",FALSE,TRUE,"other",FALSE,FALSE,FALSE,FALSE,FALSE,FALSE,FALSE,"","review","",FALSE,"git ls-files: not tracked; matched current ignore rules; classified as other; path/type does not establish generated output","Insufficient evidence for an irreversible classification."
".Rproj.user/0B557707/sources/session-b80ddbe2/lock_file",FALSE,TRUE,"other",FALSE,FALSE,FALSE,FALSE,FALSE,FALSE,FALSE,"","review","",FALSE,"git ls-files: not tracked; matched current ignore rules; classified as other; path/type does not establish generated output","Insufficient evidence for an irreversible classification."
".Rproj.user/shared/notebooks/patch-chunk-names",FALSE,TRUE,"other",FALSE,FALSE,FALSE,FALSE,FALSE,FALSE,FALSE,"","review","",FALSE,"git ls-files: not tracked; matched current ignore rules; classified as other; path/type does not establish generated output","Insufficient evidence for an irreversible classification."
".Rproj.user/shared/notebooks/paths",FALSE,TRUE,"other",FALSE,FALSE,FALSE,FALSE,FALSE,FALSE,FALSE,"","review","",FALSE,"git ls-files: not tracked; matched current ignore rules; classified as other; path/type does not establish generated output","Insufficient evidence for an irreversible classification."
"_pkgdown.yml",TRUE,FALSE,"configuration",FALSE,FALSE,FALSE,FALSE,FALSE,FALSE,TRUE,"","retain","",FALSE,"git ls-files: tracked; not in ignored inventory; classified as configuration; path/type does not establish generated output",""
"artifacts/.crop-certification/oceancube_0.0.0.9000.tar.gz",FALSE,TRUE,"artifacts",FALSE,FALSE,FALSE,TRUE,TRUE,FALSE,FALSE,"","ignore","",FALSE,"git ls-files: not tracked; matched current ignore rules; classified as artifacts; path/type indicates generated output",""
"artifacts/.extract-certification/oceancube_0.0.0.9000.tar.gz",FALSE,TRUE,"artifacts",FALSE,FALSE,FALSE,TRUE,TRUE,FALSE,FALSE,"","ignore","",FALSE,"git ls-files: not tracked; matched current ignore rules; classified as artifacts; path/type indicates generated output",""
"artifacts/h24-final/cache/R/pkgdown/bootstrap-toc/1.0.1/bootstrap-toc.min.js",FALSE,TRUE,"caches",FALSE,FALSE,FALSE,TRUE,TRUE,FALSE,TRUE,"","remove-candidate","",TRUE,"git ls-files: not tracked; matched current ignore rules; classified as caches; path/type indicates generated output","Candidate only: do not delete without explicit human approval and a fresh safety check."
"artifacts/h24-final/cache/R/pkgdown/clipboard.js/2.0.11/clipboard.min.js",FALSE,TRUE,"caches",FALSE,FALSE,FALSE,TRUE,TRUE,FALSE,TRUE,"","remove-candidate","",TRUE,"git ls-files: not tracked; matched current ignore rules; classified as caches; path/type indicates generated output","Candidate only: do not delete without explicit human approval and a fresh safety check."
"artifacts/h24-final/cache/R/pkgdown/headroom/0.11.0/headroom.min.js",FALSE,TRUE,"caches",FALSE,FALSE,FALSE,TRUE,TRUE,FALSE,TRUE,"","remove-candidate","",TRUE,"git ls-files: not tracked; matched current ignore rules; classified as caches; path/type indicates generated output","Candidate only: do not delete without explicit human approval and a fresh safety check."
"artifacts/h24-final/cache/R/pkgdown/headroom/0.11.0/jQuery.headroom.min.js",FALSE,TRUE,"caches",FALSE,FALSE,FALSE,TRUE,TRUE,FALSE,TRUE,"","remove-candidate","",TRUE,"git ls-files: not tracked; matched current ignore rules; classified as caches; path/type indicates generated output","Candidate only: do not delete without explicit human approval and a fresh safety check."
"artifacts/h24-final/cache/R/pkgdown/http/918fb91ebd579178c7691d8e95bbddae.rds",FALSE,TRUE,"RDS",FALSE,FALSE,FALSE,FALSE,FALSE,TRUE,FALSE,"","relocate-later","approved external data store or minimal test fixture; preserve until checksum and provenance are recorded",FALSE,"git ls-files: not tracked; matched current ignore rules; classified as RDS; path/type does not establish generated output; data extension/location may contain operational data","No move or merge is authorized by this decision document alone."
"artifacts/h24-final/cache/R/pkgdown/search/1.0.0/autocomplete.jquery.min.js",FALSE,TRUE,"caches",FALSE,FALSE,FALSE,TRUE,TRUE,FALSE,TRUE,"","remove-candidate","",TRUE,"git ls-files: not tracked; matched current ignore rules; classified as caches; path/type indicates generated output","Candidate only: do not delete without explicit human approval and a fresh safety check."
"artifacts/h24-final/cache/R/pkgdown/search/1.0.0/fuse.min.js",FALSE,TRUE,"caches",FALSE,FALSE,FALSE,TRUE,TRUE,FALSE,TRUE,"","remove-candidate","",TRUE,"git ls-files: not tracked; matched current ignore rules; classified as caches; path/type indicates generated output","Candidate only: do not delete without explicit human approval and a fresh safety check."
"artifacts/h24-final/cache/R/pkgdown/search/1.0.0/mark.min.js",FALSE,TRUE,"caches",FALSE,FALSE,FALSE,TRUE,TRUE,FALSE,TRUE,"","remove-candidate","",TRUE,"git ls-files: not tracked; matched current ignore rules; classified as caches; path/type indicates generated output","Candidate only: do not delete without explicit human approval and a fresh safety check."
"artifacts/h24-final/cache/R/sass/239dca29cf53d3dbd4cb157aefcb5b9e",FALSE,TRUE,"caches",FALSE,FALSE,FALSE,TRUE,TRUE,FALSE,FALSE,"","remove-candidate","",TRUE,"git ls-files: not tracked; matched current ignore rules; classified as caches; path/type indicates generated output","Candidate only: do not delete without explicit human approval and a fresh safety check."
"artifacts/h24-final/library/oceancube/architecture/oceancube-spatind-boundary.md",FALSE,TRUE,"artifacts",FALSE,FALSE,FALSE,TRUE,TRUE,FALSE,FALSE,"","ignore","",FALSE,"git ls-files: not tracked; matched current ignore rules; classified as artifacts; path/type indicates generated output",""
"artifacts/h24-final/library/oceancube/CITATION",FALSE,TRUE,"artifacts",FALSE,FALSE,FALSE,TRUE,TRUE,FALSE,FALSE,"","ignore","",FALSE,"git ls-files: not tracked; matched current ignore rules; classified as artifacts; path/type indicates generated output",""
"artifacts/h24-final/library/oceancube/DESCRIPTION",FALSE,TRUE,"artifacts",FALSE,FALSE,FALSE,TRUE,TRUE,FALSE,FALSE,"","ignore","",FALSE,"git ls-files: not tracked; matched current ignore rules; classified as artifacts; path/type indicates generated output",""
"artifacts/h24-final/library/oceancube/doc/get-started.html",FALSE,TRUE,"rendered HTML",FALSE,FALSE,FALSE,TRUE,TRUE,FALSE,TRUE,"","ignore","",FALSE,"git ls-files: not tracked; matched current ignore rules; classified as rendered HTML; path/type indicates generated output",""
"artifacts/h24-final/library/oceancube/doc/get-started.R",FALSE,TRUE,"artifacts",FALSE,FALSE,FALSE,TRUE,TRUE,FALSE,FALSE,"","ignore","",FALSE,"git ls-files: not tracked; matched current ignore rules; classified as artifacts; path/type indicates generated output",""
"artifacts/h24-final/library/oceancube/doc/get-started.Rmd",FALSE,TRUE,"artifacts",FALSE,FALSE,FALSE,TRUE,TRUE,FALSE,FALSE,"","ignore","",FALSE,"git ls-files: not tracked; matched current ignore rules; classified as artifacts; path/type indicates generated output",""
"artifacts/h24-final/library/oceancube/doc/index.html",FALSE,TRUE,"rendered HTML",FALSE,FALSE,FALSE,TRUE,TRUE,FALSE,FALSE,"","ignore","",FALSE,"git ls-files: not tracked; matched current ignore rules; classified as rendered HTML; path/type indicates generated output",""
"artifacts/h24-final/library/oceancube/doc/oceancube-architecture.html",FALSE,TRUE,"rendered HTML",FALSE,FALSE,FALSE,TRUE,TRUE,FALSE,TRUE,"","ignore","",FALSE,"git ls-files: not tracked; matched current ignore rules; classified as rendered HTML; path/type indicates generated output",""
"artifacts/h24-final/library/oceancube/doc/oceancube-architecture.R",FALSE,TRUE,"artifacts",FALSE,FALSE,FALSE,TRUE,TRUE,FALSE,FALSE,"","ignore","",FALSE,"git ls-files: not tracked; matched current ignore rules; classified as artifacts; path/type indicates generated output",""
"artifacts/h24-final/library/oceancube/doc/oceancube-architecture.Rmd",FALSE,TRUE,"artifacts",FALSE,FALSE,FALSE,TRUE,TRUE,FALSE,FALSE,"","ignore","",FALSE,"git ls-files: not tracked; matched current ignore rules; classified as artifacts; path/type indicates generated output",""
"artifacts/h24-final/library/oceancube/doc/oceancube-geometry-weights.html",FALSE,TRUE,"rendered HTML",FALSE,FALSE,FALSE,TRUE,TRUE,FALSE,TRUE,"","ignore","",FALSE,"git ls-files: not tracked; matched current ignore rules; classified as rendered HTML; path/type indicates generated output",""
"artifacts/h24-final/library/oceancube/doc/oceancube-geometry-weights.R",FALSE,TRUE,"artifacts",FALSE,FALSE,FALSE,TRUE,TRUE,FALSE,FALSE,"","ignore","",FALSE,"git ls-files: not tracked; matched current ignore rules; classified as artifacts; path/type indicates generated output",""
"artifacts/h24-final/library/oceancube/doc/oceancube-geometry-weights.Rmd",FALSE,TRUE,"artifacts",FALSE,FALSE,FALSE,TRUE,TRUE,FALSE,FALSE,"","ignore","",FALSE,"git ls-files: not tracked; matched current ignore rules; classified as artifacts; path/type indicates generated output",""
"artifacts/h24-final/library/oceancube/doc/oceancube-introduction.html",FALSE,TRUE,"rendered HTML",FALSE,FALSE,FALSE,TRUE,TRUE,FALSE,TRUE,"","ignore","",FALSE,"git ls-files: not tracked; matched current ignore rules; classified as rendered HTML; path/type indicates generated output",""
"artifacts/h24-final/library/oceancube/doc/oceancube-introduction.R",FALSE,TRUE,"artifacts",FALSE,FALSE,FALSE,TRUE,TRUE,FALSE,FALSE,"","ignore","",FALSE,"git ls-files: not tracked; matched current ignore rules; classified as artifacts; path/type indicates generated output",""
"artifacts/h24-final/library/oceancube/doc/oceancube-introduction.Rmd",FALSE,TRUE,"artifacts",FALSE,FALSE,FALSE,TRUE,TRUE,FALSE,FALSE,"","ignore","",FALSE,"git ls-files: not tracked; matched current ignore rules; classified as artifacts; path/type indicates generated output",""
"artifacts/h24-final/library/oceancube/examples/backend_memory.R",FALSE,TRUE,"artifacts",FALSE,FALSE,FALSE,TRUE,TRUE,FALSE,FALSE,"","ignore","",FALSE,"git ls-files: not tracked; matched current ignore rules; classified as artifacts; path/type indicates generated output",""
"artifacts/h24-final/library/oceancube/examples/backend_netcdf_descriptor.R",FALSE,TRUE,"artifacts",FALSE,FALSE,FALSE,TRUE,TRUE,FALSE,FALSE,"","ignore","",FALSE,"git ls-files: not tracked; matched current ignore rules; classified as artifacts; path/type indicates generated output",""
"artifacts/h24-final/library/oceancube/examples/backend_netcdf_read_block.R",FALSE,TRUE,"artifacts",FALSE,FALSE,FALSE,TRUE,TRUE,FALSE,FALSE,"","ignore","",FALSE,"git ls-files: not tracked; matched current ignore rules; classified as artifacts; path/type indicates generated output",""
"artifacts/h24-final/library/oceancube/examples/baseline_ocean_cube.R",FALSE,TRUE,"artifacts",FALSE,FALSE,FALSE,TRUE,TRUE,FALSE,FALSE,"","ignore","",FALSE,"git ls-files: not tracked; matched current ignore rules; classified as artifacts; path/type indicates generated output",""
"artifacts/h24-final/library/oceancube/examples/cube_crop.R",FALSE,TRUE,"artifacts",FALSE,FALSE,FALSE,TRUE,TRUE,FALSE,FALSE,"","ignore","",FALSE,"git ls-files: not tracked; matched current ignore rules; classified as artifacts; path/type indicates generated output",""
"artifacts/h24-final/library/oceancube/examples/cube_extract.R",FALSE,TRUE,"artifacts",FALSE,FALSE,FALSE,TRUE,TRUE,FALSE,FALSE,"","ignore","",FALSE,"git ls-files: not tracked; matched current ignore rules; classified as artifacts; path/type indicates generated output",""
"artifacts/h24-final/library/oceancube/examples/cube_geometry_weights.R",FALSE,TRUE,"artifacts",FALSE,FALSE,FALSE,TRUE,TRUE,FALSE,FALSE,"","ignore","",FALSE,"git ls-files: not tracked; matched current ignore rules; classified as artifacts; path/type indicates generated output",""
"artifacts/h24-final/library/oceancube/examples/cube_mask.R",FALSE,TRUE,"artifacts",FALSE,FALSE,FALSE,TRUE,TRUE,FALSE,FALSE,"","ignore","",FALSE,"git ls-files: not tracked; matched current ignore rules; classified as artifacts; path/type indicates generated output",""
"artifacts/h24-final/library/oceancube/examples/cube_slice.R",FALSE,TRUE,"artifacts",FALSE,FALSE,FALSE,TRUE,TRUE,FALSE,FALSE,"","ignore","",FALSE,"git ls-files: not tracked; matched current ignore rules; classified as artifacts; path/type indicates generated output",""
"artifacts/h24-final/library/oceancube/examples/cube_transect.R",FALSE,TRUE,"artifacts",FALSE,FALSE,FALSE,TRUE,TRUE,FALSE,FALSE,"","ignore","",FALSE,"git ls-files: not tracked; matched current ignore rules; classified as artifacts; path/type indicates generated output",""
"artifacts/h24-final/library/oceancube/examples/noncontiguous_collect.R",FALSE,TRUE,"artifacts",FALSE,FALSE,FALSE,TRUE,TRUE,FALSE,FALSE,"","ignore","",FALSE,"git ls-files: not tracked; matched current ignore rules; classified as artifacts; path/type indicates generated output",""
"artifacts/h24-final/library/oceancube/examples/ocean_cube_contract.R",FALSE,TRUE,"artifacts",FALSE,FALSE,FALSE,TRUE,TRUE,FALSE,FALSE,"","ignore","",FALSE,"git ls-files: not tracked; matched current ignore rules; classified as artifacts; path/type indicates generated output",""
"artifacts/h24-final/library/oceancube/examples/refactor_coast_dist_backend.R",FALSE,TRUE,"artifacts",FALSE,FALSE,FALSE,TRUE,TRUE,FALSE,FALSE,"","ignore","",FALSE,"git ls-files: not tracked; matched current ignore rules; classified as artifacts; path/type indicates generated output",""
"artifacts/h24-final/library/oceancube/examples/refactor_layer_annual_backend.R",FALSE,TRUE,"artifacts",FALSE,FALSE,FALSE,TRUE,TRUE,FALSE,FALSE,"","ignore","",FALSE,"git ls-files: not tracked; matched current ignore rules; classified as artifacts; path/type indicates generated output",""
"artifacts/h24-final/library/oceancube/examples/refactor_link_events_backend.R",FALSE,TRUE,"artifacts",FALSE,FALSE,FALSE,TRUE,TRUE,FALSE,FALSE,"","ignore","",FALSE,"git ls-files: not tracked; matched current ignore rules; classified as artifacts; path/type indicates generated output",""
"artifacts/h24-final/library/oceancube/examples/refactor_temporal_backend.R",FALSE,TRUE,"artifacts",FALSE,FALSE,FALSE,TRUE,TRUE,FALSE,FALSE,"","ignore","",FALSE,"git ls-files: not tracked; matched current ignore rules; classified as artifacts; path/type indicates generated output",""
"artifacts/h24-final/library/oceancube/help/aliases.rds",FALSE,TRUE,"RDS",FALSE,FALSE,FALSE,FALSE,FALSE,TRUE,FALSE,"","relocate-later","approved external data store or minimal test fixture; preserve until checksum and provenance are recorded",FALSE,"git ls-files: not tracked; matched current ignore rules; classified as RDS; path/type does not establish generated output; data extension/location may contain operational data","No move or merge is authorized by this decision document alone."
"artifacts/h24-final/library/oceancube/help/AnIndex",FALSE,TRUE,"artifacts",FALSE,FALSE,FALSE,TRUE,TRUE,FALSE,FALSE,"","ignore","",FALSE,"git ls-files: not tracked; matched current ignore rules; classified as artifacts; path/type indicates generated output",""
"artifacts/h24-final/library/oceancube/help/oceancube.rdb",FALSE,TRUE,"artifacts",FALSE,FALSE,FALSE,TRUE,TRUE,FALSE,FALSE,"","ignore","",FALSE,"git ls-files: not tracked; matched current ignore rules; classified as artifacts; path/type indicates generated output",""
"artifacts/h24-final/library/oceancube/help/oceancube.rdx",FALSE,TRUE,"artifacts",FALSE,FALSE,FALSE,TRUE,TRUE,FALSE,FALSE,"","ignore","",FALSE,"git ls-files: not tracked; matched current ignore rules; classified as artifacts; path/type indicates generated output",""
"artifacts/h24-final/library/oceancube/help/paths.rds",FALSE,TRUE,"RDS",FALSE,FALSE,FALSE,FALSE,FALSE,TRUE,FALSE,"","relocate-later","approved external data store or minimal test fixture; preserve until checksum and provenance are recorded",FALSE,"git ls-files: not tracked; matched current ignore rules; classified as RDS; path/type does not establish generated output; data extension/location may contain operational data","No move or merge is authorized by this decision document alone."
"artifacts/h24-final/library/oceancube/html/00Index.html",FALSE,TRUE,"rendered HTML",FALSE,FALSE,FALSE,TRUE,TRUE,FALSE,FALSE,"","ignore","",FALSE,"git ls-files: not tracked; matched current ignore rules; classified as rendered HTML; path/type indicates generated output",""
"artifacts/h24-final/library/oceancube/html/R.css",FALSE,TRUE,"artifacts",FALSE,FALSE,FALSE,TRUE,TRUE,FALSE,FALSE,"","ignore","",FALSE,"git ls-files: not tracked; matched current ignore rules; classified as artifacts; path/type indicates generated output",""
"artifacts/h24-final/library/oceancube/INDEX",FALSE,TRUE,"artifacts",FALSE,FALSE,FALSE,TRUE,TRUE,FALSE,FALSE,"","ignore","",FALSE,"git ls-files: not tracked; matched current ignore rules; classified as artifacts; path/type indicates generated output",""
"artifacts/h24-final/library/oceancube/LICENSE",FALSE,TRUE,"artifacts",FALSE,FALSE,FALSE,TRUE,TRUE,FALSE,FALSE,"","ignore","",FALSE,"git ls-files: not tracked; matched current ignore rules; classified as artifacts; path/type indicates generated output",""
"artifacts/h24-final/library/oceancube/Meta/features.rds",FALSE,TRUE,"RDS",FALSE,FALSE,FALSE,TRUE,FALSE,TRUE,FALSE,"","relocate-later","approved external data store or minimal test fixture; preserve until checksum and provenance are recorded",FALSE,"git ls-files: not tracked; matched current ignore rules; classified as RDS; path/type indicates generated output; data extension/location may contain operational data","No move or merge is authorized by this decision document alone."
"artifacts/h24-final/library/oceancube/Meta/hsearch.rds",FALSE,TRUE,"RDS",FALSE,FALSE,FALSE,TRUE,FALSE,TRUE,FALSE,"","relocate-later","approved external data store or minimal test fixture; preserve until checksum and provenance are recorded",FALSE,"git ls-files: not tracked; matched current ignore rules; classified as RDS; path/type indicates generated output; data extension/location may contain operational data","No move or merge is authorized by this decision document alone."
"artifacts/h24-final/library/oceancube/Meta/links.rds",FALSE,TRUE,"RDS",FALSE,FALSE,FALSE,TRUE,FALSE,TRUE,FALSE,"","relocate-later","approved external data store or minimal test fixture; preserve until checksum and provenance are recorded",FALSE,"git ls-files: not tracked; matched current ignore rules; classified as RDS; path/type indicates generated output; data extension/location may contain operational data","No move or merge is authorized by this decision document alone."
"artifacts/h24-final/library/oceancube/Meta/nsInfo.rds",FALSE,TRUE,"RDS",FALSE,FALSE,FALSE,TRUE,FALSE,TRUE,FALSE,"","relocate-later","approved external data store or minimal test fixture; preserve until checksum and provenance are recorded",FALSE,"git ls-files: not tracked; matched current ignore rules; classified as RDS; path/type indicates generated output; data extension/location may contain operational data","No move or merge is authorized by this decision document alone."
"artifacts/h24-final/library/oceancube/Meta/package.rds",FALSE,TRUE,"RDS",FALSE,FALSE,FALSE,TRUE,FALSE,TRUE,FALSE,"","relocate-later","approved external data store or minimal test fixture; preserve until checksum and provenance are recorded",FALSE,"git ls-files: not tracked; matched current ignore rules; classified as RDS; path/type indicates generated output; data extension/location may contain operational data","No move or merge is authorized by this decision document alone."
"artifacts/h24-final/library/oceancube/Meta/Rd.rds",FALSE,TRUE,"RDS",FALSE,FALSE,FALSE,TRUE,FALSE,TRUE,FALSE,"","relocate-later","approved external data store or minimal test fixture; preserve until checksum and provenance are recorded",FALSE,"git ls-files: not tracked; matched current ignore rules; classified as RDS; path/type indicates generated output; data extension/location may contain operational data","No move or merge is authorized by this decision document alone."
"artifacts/h24-final/library/oceancube/Meta/vignette.rds",FALSE,TRUE,"RDS",FALSE,FALSE,FALSE,TRUE,FALSE,TRUE,FALSE,"","relocate-later","approved external data store or minimal test fixture; preserve until checksum and provenance are recorded",FALSE,"git ls-files: not tracked; matched current ignore rules; classified as RDS; path/type indicates generated output; data extension/location may contain operational data","No move or merge is authorized by this decision document alone."
"artifacts/h24-final/library/oceancube/NAMESPACE",FALSE,TRUE,"artifacts",FALSE,FALSE,FALSE,TRUE,TRUE,FALSE,FALSE,"","ignore","",FALSE,"git ls-files: not tracked; matched current ignore rules; classified as artifacts; path/type indicates generated output",""
"artifacts/h24-final/library/oceancube/NEWS.md",FALSE,TRUE,"artifacts",FALSE,FALSE,FALSE,TRUE,TRUE,FALSE,FALSE,"","ignore","",FALSE,"git ls-files: not tracked; matched current ignore rules; classified as artifacts; path/type indicates generated output",""
"artifacts/h24-final/library/oceancube/R/oceancube",FALSE,TRUE,"artifacts",FALSE,FALSE,FALSE,TRUE,TRUE,FALSE,FALSE,"","ignore","",FALSE,"git ls-files: not tracked; matched current ignore rules; classified as artifacts; path/type indicates generated output",""
"artifacts/h24-final/library/oceancube/R/oceancube.rdb",FALSE,TRUE,"artifacts",FALSE,FALSE,FALSE,TRUE,TRUE,FALSE,FALSE,"","ignore","",FALSE,"git ls-files: not tracked; matched current ignore rules; classified as artifacts; path/type indicates generated output",""
"artifacts/h24-final/library/oceancube/R/oceancube.rdx",FALSE,TRUE,"artifacts",FALSE,FALSE,FALSE,TRUE,TRUE,FALSE,FALSE,"","ignore","",FALSE,"git ls-files: not tracked; matched current ignore rules; classified as artifacts; path/type indicates generated output",""
"artifacts/h24-final/oceancube.Rcheck/00_pkg_src/oceancube/build/vignette.rds",FALSE,TRUE,"RDS",FALSE,FALSE,FALSE,FALSE,FALSE,TRUE,FALSE,"","relocate-later","approved external data store or minimal test fixture; preserve until checksum and provenance are recorded",FALSE,"git ls-files: not tracked; matched current ignore rules; classified as RDS; path/type does not establish generated output; data extension/location may contain operational data","No move or merge is authorized by this decision document alone."
"artifacts/h24-final/oceancube.Rcheck/00_pkg_src/oceancube/CODE_OF_CONDUCT.md",FALSE,TRUE,"artifacts",FALSE,FALSE,FALSE,TRUE,TRUE,FALSE,FALSE,"","ignore","",FALSE,"git ls-files: not tracked; matched current ignore rules; classified as artifacts; path/type indicates generated output",""
"artifacts/h24-final/oceancube.Rcheck/00_pkg_src/oceancube/CONTRIBUTING.md",FALSE,TRUE,"artifacts",FALSE,FALSE,FALSE,TRUE,TRUE,FALSE,FALSE,"","ignore","",FALSE,"git ls-files: not tracked; matched current ignore rules; classified as artifacts; path/type indicates generated output",""
"artifacts/h24-final/oceancube.Rcheck/00_pkg_src/oceancube/DESCRIPTION",FALSE,TRUE,"artifacts",FALSE,FALSE,FALSE,TRUE,TRUE,FALSE,FALSE,"","ignore","",FALSE,"git ls-files: not tracked; matched current ignore rules; classified as artifacts; path/type indicates generated output",""
"artifacts/h24-final/oceancube.Rcheck/00_pkg_src/oceancube/inst/architecture/oceancube-spatind-boundary.md",FALSE,TRUE,"artifacts",FALSE,FALSE,FALSE,TRUE,TRUE,FALSE,FALSE,"","ignore","",FALSE,"git ls-files: not tracked; matched current ignore rules; classified as artifacts; path/type indicates generated output",""
"artifacts/h24-final/oceancube.Rcheck/00_pkg_src/oceancube/inst/CITATION",FALSE,TRUE,"artifacts",FALSE,FALSE,FALSE,TRUE,TRUE,FALSE,FALSE,"","ignore","",FALSE,"git ls-files: not tracked; matched current ignore rules; classified as artifacts; path/type indicates generated output",""
"artifacts/h24-final/oceancube.Rcheck/00_pkg_src/oceancube/inst/doc/get-started.html",FALSE,TRUE,"rendered HTML",FALSE,FALSE,FALSE,TRUE,TRUE,FALSE,TRUE,"","ignore","",FALSE,"git ls-files: not tracked; matched current ignore rules; classified as rendered HTML; path/type indicates generated output",""
"artifacts/h24-final/oceancube.Rcheck/00_pkg_src/oceancube/inst/doc/get-started.R",FALSE,TRUE,"artifacts",FALSE,FALSE,FALSE,TRUE,TRUE,FALSE,FALSE,"","ignore","",FALSE,"git ls-files: not tracked; matched current ignore rules; classified as artifacts; path/type indicates generated output",""
"artifacts/h24-final/oceancube.Rcheck/00_pkg_src/oceancube/inst/doc/get-started.Rmd",FALSE,TRUE,"artifacts",FALSE,FALSE,FALSE,TRUE,TRUE,FALSE,FALSE,"","ignore","",FALSE,"git ls-files: not tracked; matched current ignore rules; classified as artifacts; path/type indicates generated output",""
"artifacts/h24-final/oceancube.Rcheck/00_pkg_src/oceancube/inst/doc/oceancube-architecture.html",FALSE,TRUE,"rendered HTML",FALSE,FALSE,FALSE,TRUE,TRUE,FALSE,TRUE,"","ignore","",FALSE,"git ls-files: not tracked; matched current ignore rules; classified as rendered HTML; path/type indicates generated output",""
"artifacts/h24-final/oceancube.Rcheck/00_pkg_src/oceancube/inst/doc/oceancube-architecture.R",FALSE,TRUE,"artifacts",FALSE,FALSE,FALSE,TRUE,TRUE,FALSE,FALSE,"","ignore","",FALSE,"git ls-files: not tracked; matched current ignore rules; classified as artifacts; path/type indicates generated output",""
"artifacts/h24-final/oceancube.Rcheck/00_pkg_src/oceancube/inst/doc/oceancube-architecture.Rmd",FALSE,TRUE,"artifacts",FALSE,FALSE,FALSE,TRUE,TRUE,FALSE,FALSE,"","ignore","",FALSE,"git ls-files: not tracked; matched current ignore rules; classified as artifacts; path/type indicates generated output",""
"artifacts/h24-final/oceancube.Rcheck/00_pkg_src/oceancube/inst/doc/oceancube-geometry-weights.html",FALSE,TRUE,"rendered HTML",FALSE,FALSE,FALSE,TRUE,TRUE,FALSE,TRUE,"","ignore","",FALSE,"git ls-files: not tracked; matched current ignore rules; classified as rendered HTML; path/type indicates generated output",""
"artifacts/h24-final/oceancube.Rcheck/00_pkg_src/oceancube/inst/doc/oceancube-geometry-weights.R",FALSE,TRUE,"artifacts",FALSE,FALSE,FALSE,TRUE,TRUE,FALSE,FALSE,"","ignore","",FALSE,"git ls-files: not tracked; matched current ignore rules; classified as artifacts; path/type indicates generated output",""
"artifacts/h24-final/oceancube.Rcheck/00_pkg_src/oceancube/inst/doc/oceancube-geometry-weights.Rmd",FALSE,TRUE,"artifacts",FALSE,FALSE,FALSE,TRUE,TRUE,FALSE,FALSE,"","ignore","",FALSE,"git ls-files: not tracked; matched current ignore rules; classified as artifacts; path/type indicates generated output",""
"artifacts/h24-final/oceancube.Rcheck/00_pkg_src/oceancube/inst/doc/oceancube-introduction.html",FALSE,TRUE,"rendered HTML",FALSE,FALSE,FALSE,TRUE,TRUE,FALSE,TRUE,"","ignore","",FALSE,"git ls-files: not tracked; matched current ignore rules; classified as rendered HTML; path/type indicates generated output",""
"artifacts/h24-final/oceancube.Rcheck/00_pkg_src/oceancube/inst/doc/oceancube-introduction.R",FALSE,TRUE,"artifacts",FALSE,FALSE,FALSE,TRUE,TRUE,FALSE,FALSE,"","ignore","",FALSE,"git ls-files: not tracked; matched current ignore rules; classified as artifacts; path/type indicates generated output",""
"artifacts/h24-final/oceancube.Rcheck/00_pkg_src/oceancube/inst/doc/oceancube-introduction.Rmd",FALSE,TRUE,"artifacts",FALSE,FALSE,FALSE,TRUE,TRUE,FALSE,FALSE,"","ignore","",FALSE,"git ls-files: not tracked; matched current ignore rules; classified as artifacts; path/type indicates generated output",""
"artifacts/h24-final/oceancube.Rcheck/00_pkg_src/oceancube/inst/examples/backend_memory.R",FALSE,TRUE,"artifacts",FALSE,FALSE,FALSE,TRUE,TRUE,FALSE,FALSE,"","ignore","",FALSE,"git ls-files: not tracked; matched current ignore rules; classified as artifacts; path/type indicates generated output",""
"artifacts/h24-final/oceancube.Rcheck/00_pkg_src/oceancube/inst/examples/backend_netcdf_descriptor.R",FALSE,TRUE,"artifacts",FALSE,FALSE,FALSE,TRUE,TRUE,FALSE,FALSE,"","ignore","",FALSE,"git ls-files: not tracked; matched current ignore rules; classified as artifacts; path/type indicates generated output",""
"artifacts/h24-final/oceancube.Rcheck/00_pkg_src/oceancube/inst/examples/backend_netcdf_read_block.R",FALSE,TRUE,"artifacts",FALSE,FALSE,FALSE,TRUE,TRUE,FALSE,FALSE,"","ignore","",FALSE,"git ls-files: not tracked; matched current ignore rules; classified as artifacts; path/type indicates generated output",""
"artifacts/h24-final/oceancube.Rcheck/00_pkg_src/oceancube/inst/examples/baseline_ocean_cube.R",FALSE,TRUE,"artifacts",FALSE,FALSE,FALSE,TRUE,TRUE,FALSE,FALSE,"","ignore","",FALSE,"git ls-files: not tracked; matched current ignore rules; classified as artifacts; path/type indicates generated output",""
"artifacts/h24-final/oceancube.Rcheck/00_pkg_src/oceancube/inst/examples/cube_crop.R",FALSE,TRUE,"artifacts",FALSE,FALSE,FALSE,TRUE,TRUE,FALSE,FALSE,"","ignore","",FALSE,"git ls-files: not tracked; matched current ignore rules; classified as artifacts; path/type indicates generated output",""
"artifacts/h24-final/oceancube.Rcheck/00_pkg_src/oceancube/inst/examples/cube_extract.R",FALSE,TRUE,"artifacts",FALSE,FALSE,FALSE,TRUE,TRUE,FALSE,FALSE,"","ignore","",FALSE,"git ls-files: not tracked; matched current ignore rules; classified as artifacts; path/type indicates generated output",""
"artifacts/h24-final/oceancube.Rcheck/00_pkg_src/oceancube/inst/examples/cube_geometry_weights.R",FALSE,TRUE,"artifacts",FALSE,FALSE,FALSE,TRUE,TRUE,FALSE,FALSE,"","ignore","",FALSE,"git ls-files: not tracked; matched current ignore rules; classified as artifacts; path/type indicates generated output",""
"artifacts/h24-final/oceancube.Rcheck/00_pkg_src/oceancube/inst/examples/cube_mask.R",FALSE,TRUE,"artifacts",FALSE,FALSE,FALSE,TRUE,TRUE,FALSE,FALSE,"","ignore","",FALSE,"git ls-files: not tracked; matched current ignore rules; classified as artifacts; path/type indicates generated output",""
"artifacts/h24-final/oceancube.Rcheck/00_pkg_src/oceancube/inst/examples/cube_slice.R",FALSE,TRUE,"artifacts",FALSE,FALSE,FALSE,TRUE,TRUE,FALSE,FALSE,"","ignore","",FALSE,"git ls-files: not tracked; matched current ignore rules; classified as artifacts; path/type indicates generated output",""
"artifacts/h24-final/oceancube.Rcheck/00_pkg_src/oceancube/inst/examples/cube_transect.R",FALSE,TRUE,"artifacts",FALSE,FALSE,FALSE,TRUE,TRUE,FALSE,FALSE,"","ignore","",FALSE,"git ls-files: not tracked; matched current ignore rules; classified as artifacts; path/type indicates generated output",""
"artifacts/h24-final/oceancube.Rcheck/00_pkg_src/oceancube/inst/examples/noncontiguous_collect.R",FALSE,TRUE,"artifacts",FALSE,FALSE,FALSE,TRUE,TRUE,FALSE,FALSE,"","ignore","",FALSE,"git ls-files: not tracked; matched current ignore rules; classified as artifacts; path/type indicates generated output",""
"artifacts/h24-final/oceancube.Rcheck/00_pkg_src/oceancube/inst/examples/ocean_cube_contract.R",FALSE,TRUE,"artifacts",FALSE,FALSE,FALSE,TRUE,TRUE,FALSE,FALSE,"","ignore","",FALSE,"git ls-files: not tracked; matched current ignore rules; classified as artifacts; path/type indicates generated output",""
"artifacts/h24-final/oceancube.Rcheck/00_pkg_src/oceancube/inst/examples/refactor_coast_dist_backend.R",FALSE,TRUE,"artifacts",FALSE,FALSE,FALSE,TRUE,TRUE,FALSE,FALSE,"","ignore","",FALSE,"git ls-files: not tracked; matched current ignore rules; classified as artifacts; path/type indicates generated output",""
"artifacts/h24-final/oceancube.Rcheck/00_pkg_src/oceancube/inst/examples/refactor_layer_annual_backend.R",FALSE,TRUE,"artifacts",FALSE,FALSE,FALSE,TRUE,TRUE,FALSE,FALSE,"","ignore","",FALSE,"git ls-files: not tracked; matched current ignore rules; classified as artifacts; path/type indicates generated output",""
"artifacts/h24-final/oceancube.Rcheck/00_pkg_src/oceancube/inst/examples/refactor_link_events_backend.R",FALSE,TRUE,"artifacts",FALSE,FALSE,FALSE,TRUE,TRUE,FALSE,FALSE,"","ignore","",FALSE,"git ls-files: not tracked; matched current ignore rules; classified as artifacts; path/type indicates generated output",""
"artifacts/h24-final/oceancube.Rcheck/00_pkg_src/oceancube/inst/examples/refactor_temporal_backend.R",FALSE,TRUE,"artifacts",FALSE,FALSE,FALSE,TRUE,TRUE,FALSE,FALSE,"","ignore","",FALSE,"git ls-files: not tracked; matched current ignore rules; classified as artifacts; path/type indicates generated output",""
"artifacts/h24-final/oceancube.Rcheck/00_pkg_src/oceancube/LICENSE",FALSE,TRUE,"artifacts",FALSE,FALSE,FALSE,TRUE,TRUE,FALSE,FALSE,"","ignore","",FALSE,"git ls-files: not tracked; matched current ignore rules; classified as artifacts; path/type indicates generated output",""
"artifacts/h24-final/oceancube.Rcheck/00_pkg_src/oceancube/man/annual_index.Rd",FALSE,TRUE,"artifacts",FALSE,FALSE,FALSE,TRUE,TRUE,FALSE,FALSE,"","ignore","",FALSE,"git ls-files: not tracked; matched current ignore rules; classified as artifacts; path/type indicates generated output",""
"artifacts/h24-final/oceancube.Rcheck/00_pkg_src/oceancube/man/anom_diff.Rd",FALSE,TRUE,"artifacts",FALSE,FALSE,FALSE,TRUE,TRUE,FALSE,FALSE,"","ignore","",FALSE,"git ls-files: not tracked; matched current ignore rules; classified as artifacts; path/type indicates generated output",""
"artifacts/h24-final/oceancube.Rcheck/00_pkg_src/oceancube/man/anom_z.Rd",FALSE,TRUE,"artifacts",FALSE,FALSE,FALSE,TRUE,TRUE,FALSE,FALSE,"","ignore","",FALSE,"git ls-files: not tracked; matched current ignore rules; classified as artifacts; path/type indicates generated output",""
"artifacts/h24-final/oceancube.Rcheck/00_pkg_src/oceancube/man/clim_day.Rd",FALSE,TRUE,"artifacts",FALSE,FALSE,FALSE,TRUE,TRUE,FALSE,FALSE,"","ignore","",FALSE,"git ls-files: not tracked; matched current ignore rules; classified as artifacts; path/type indicates generated output",""
"artifacts/h24-final/oceancube.Rcheck/00_pkg_src/oceancube/man/clim_month.Rd",FALSE,TRUE,"artifacts",FALSE,FALSE,FALSE,TRUE,TRUE,FALSE,FALSE,"","ignore","",FALSE,"git ls-files: not tracked; matched current ignore rules; classified as artifacts; path/type indicates generated output",""
"artifacts/h24-final/oceancube.Rcheck/00_pkg_src/oceancube/man/cm_connect.Rd",FALSE,TRUE,"artifacts",FALSE,FALSE,FALSE,TRUE,TRUE,FALSE,FALSE,"","ignore","",FALSE,"git ls-files: not tracked; matched current ignore rules; classified as artifacts; path/type indicates generated output",""
"artifacts/h24-final/oceancube.Rcheck/00_pkg_src/oceancube/man/cm_setup.Rd",FALSE,TRUE,"artifacts",FALSE,FALSE,FALSE,TRUE,TRUE,FALSE,FALSE,"","ignore","",FALSE,"git ls-files: not tracked; matched current ignore rules; classified as artifacts; path/type indicates generated output",""
"artifacts/h24-final/oceancube.Rcheck/00_pkg_src/oceancube/man/coast_dist.Rd",FALSE,TRUE,"artifacts",FALSE,FALSE,FALSE,TRUE,TRUE,FALSE,FALSE,"","ignore","",FALSE,"git ls-files: not tracked; matched current ignore rules; classified as artifacts; path/type indicates generated output",""
"artifacts/h24-final/oceancube.Rcheck/00_pkg_src/oceancube/man/crop_stock.Rd",FALSE,TRUE,"artifacts",FALSE,FALSE,FALSE,TRUE,TRUE,FALSE,FALSE,"","ignore","",FALSE,"git ls-files: not tracked; matched current ignore rules; classified as artifacts; path/type indicates generated output",""
"artifacts/h24-final/oceancube.Rcheck/00_pkg_src/oceancube/man/cube_cell_area.Rd",FALSE,TRUE,"artifacts",FALSE,FALSE,FALSE,TRUE,TRUE,FALSE,FALSE,"","ignore","",FALSE,"git ls-files: not tracked; matched current ignore rules; classified as artifacts; path/type indicates generated output",""
"artifacts/h24-final/oceancube.Rcheck/00_pkg_src/oceancube/man/cube_cell_volume.Rd",FALSE,TRUE,"artifacts",FALSE,FALSE,FALSE,TRUE,TRUE,FALSE,FALSE,"","ignore","",FALSE,"git ls-files: not tracked; matched current ignore rules; classified as artifacts; path/type indicates generated output",""
"artifacts/h24-final/oceancube.Rcheck/00_pkg_src/oceancube/man/cube_collect.Rd",FALSE,TRUE,"artifacts",FALSE,FALSE,FALSE,TRUE,TRUE,FALSE,FALSE,"","ignore","",FALSE,"git ls-files: not tracked; matched current ignore rules; classified as artifacts; path/type indicates generated output",""
"artifacts/h24-final/oceancube.Rcheck/00_pkg_src/oceancube/man/cube_crop.Rd",FALSE,TRUE,"artifacts",FALSE,FALSE,FALSE,TRUE,TRUE,FALSE,FALSE,"","ignore","",FALSE,"git ls-files: not tracked; matched current ignore rules; classified as artifacts; path/type indicates generated output",""
"artifacts/h24-final/oceancube.Rcheck/00_pkg_src/oceancube/man/cube_extract.Rd",FALSE,TRUE,"artifacts",FALSE,FALSE,FALSE,TRUE,TRUE,FALSE,FALSE,"","ignore","",FALSE,"git ls-files: not tracked; matched current ignore rules; classified as artifacts; path/type indicates generated output",""
"artifacts/h24-final/oceancube.Rcheck/00_pkg_src/oceancube/man/cube_layer_thickness.Rd",FALSE,TRUE,"artifacts",FALSE,FALSE,FALSE,TRUE,TRUE,FALSE,FALSE,"","ignore","",FALSE,"git ls-files: not tracked; matched current ignore rules; classified as artifacts; path/type indicates generated output",""
"artifacts/h24-final/oceancube.Rcheck/00_pkg_src/oceancube/man/cube_mask.Rd",FALSE,TRUE,"artifacts",FALSE,FALSE,FALSE,TRUE,TRUE,FALSE,FALSE,"","ignore","",FALSE,"git ls-files: not tracked; matched current ignore rules; classified as artifacts; path/type indicates generated output",""
"artifacts/h24-final/oceancube.Rcheck/00_pkg_src/oceancube/man/cube_polygon_weights.Rd",FALSE,TRUE,"artifacts",FALSE,FALSE,FALSE,TRUE,TRUE,FALSE,FALSE,"","ignore","",FALSE,"git ls-files: not tracked; matched current ignore rules; classified as artifacts; path/type indicates generated output",""
"artifacts/h24-final/oceancube.Rcheck/00_pkg_src/oceancube/man/cube_slice.Rd",FALSE,TRUE,"artifacts",FALSE,FALSE,FALSE,TRUE,TRUE,FALSE,FALSE,"","ignore","",FALSE,"git ls-files: not tracked; matched current ignore rules; classified as artifacts; path/type indicates generated output",""
"artifacts/h24-final/oceancube.Rcheck/00_pkg_src/oceancube/man/cube_transect.Rd",FALSE,TRUE,"artifacts",FALSE,FALSE,FALSE,TRUE,TRUE,FALSE,TRUE,"","ignore","",FALSE,"git ls-files: not tracked; matched current ignore rules; classified as artifacts; path/type indicates generated output",""
"artifacts/h24-final/oceancube.Rcheck/00_pkg_src/oceancube/man/download_nc.Rd",FALSE,TRUE,"artifacts",FALSE,FALSE,FALSE,TRUE,TRUE,FALSE,FALSE,"","ignore","",FALSE,"git ls-files: not tracked; matched current ignore rules; classified as artifacts; path/type indicates generated output",""
"artifacts/h24-final/oceancube.Rcheck/00_pkg_src/oceancube/man/layer_mean.Rd",FALSE,TRUE,"artifacts",FALSE,FALSE,FALSE,TRUE,TRUE,FALSE,FALSE,"","ignore","",FALSE,"git ls-files: not tracked; matched current ignore rules; classified as artifacts; path/type indicates generated output",""
"artifacts/h24-final/oceancube.Rcheck/00_pkg_src/oceancube/man/link_events.Rd",FALSE,TRUE,"artifacts",FALSE,FALSE,FALSE,TRUE,TRUE,FALSE,FALSE,"","ignore","",FALSE,"git ls-files: not tracked; matched current ignore rules; classified as artifacts; path/type indicates generated output",""
"artifacts/h24-final/oceancube.Rcheck/00_pkg_src/oceancube/man/ocean_cube.Rd",FALSE,TRUE,"artifacts",FALSE,FALSE,FALSE,TRUE,TRUE,FALSE,FALSE,"","ignore","",FALSE,"git ls-files: not tracked; matched current ignore rules; classified as artifacts; path/type indicates generated output",""
"artifacts/h24-final/oceancube.Rcheck/00_pkg_src/oceancube/man/read_nc.Rd",FALSE,TRUE,"artifacts",FALSE,FALSE,FALSE,TRUE,TRUE,FALSE,FALSE,"","ignore","",FALSE,"git ls-files: not tracked; matched current ignore rules; classified as artifacts; path/type indicates generated output",""
"artifacts/h24-final/oceancube.Rcheck/00_pkg_src/oceancube/man/signal_noise.Rd",FALSE,TRUE,"artifacts",FALSE,FALSE,FALSE,TRUE,TRUE,FALSE,FALSE,"","ignore","",FALSE,"git ls-files: not tracked; matched current ignore rules; classified as artifacts; path/type indicates generated output",""
"artifacts/h24-final/oceancube.Rcheck/00_pkg_src/oceancube/man/stock_mask.Rd",FALSE,TRUE,"artifacts",FALSE,FALSE,FALSE,TRUE,TRUE,FALSE,FALSE,"","ignore","",FALSE,"git ls-files: not tracked; matched current ignore rules; classified as artifacts; path/type indicates generated output",""
"artifacts/h24-final/oceancube.Rcheck/00_pkg_src/oceancube/man/to_month.Rd",FALSE,TRUE,"artifacts",FALSE,FALSE,FALSE,TRUE,TRUE,FALSE,FALSE,"","ignore","",FALSE,"git ls-files: not tracked; matched current ignore rules; classified as artifacts; path/type indicates generated output",""
"artifacts/h24-final/oceancube.Rcheck/00_pkg_src/oceancube/NAMESPACE",FALSE,TRUE,"artifacts",FALSE,FALSE,FALSE,TRUE,TRUE,FALSE,FALSE,"","ignore","",FALSE,"git ls-files: not tracked; matched current ignore rules; classified as artifacts; path/type indicates generated output",""
"artifacts/h24-final/oceancube.Rcheck/00_pkg_src/oceancube/NEWS.md",FALSE,TRUE,"artifacts",FALSE,FALSE,FALSE,TRUE,TRUE,FALSE,FALSE,"","ignore","",FALSE,"git ls-files: not tracked; matched current ignore rules; classified as artifacts; path/type indicates generated output",""
"artifacts/h24-final/oceancube.Rcheck/00_pkg_src/oceancube/R/annual_index.R",FALSE,TRUE,"artifacts",FALSE,FALSE,FALSE,TRUE,TRUE,FALSE,FALSE,"","ignore","",FALSE,"git ls-files: not tracked; matched current ignore rules; classified as artifacts; path/type indicates generated output",""
"artifacts/h24-final/oceancube.Rcheck/00_pkg_src/oceancube/R/anom_diff.R",FALSE,TRUE,"artifacts",FALSE,FALSE,FALSE,TRUE,TRUE,FALSE,FALSE,"","ignore","",FALSE,"git ls-files: not tracked; matched current ignore rules; classified as artifacts; path/type indicates generated output",""
"artifacts/h24-final/oceancube.Rcheck/00_pkg_src/oceancube/R/backend-index.R",FALSE,TRUE,"artifacts",FALSE,FALSE,FALSE,TRUE,TRUE,FALSE,FALSE,"","ignore","",FALSE,"git ls-files: not tracked; matched current ignore rules; classified as artifacts; path/type indicates generated output",""
"artifacts/h24-final/oceancube.Rcheck/00_pkg_src/oceancube/R/backend-memory.R",FALSE,TRUE,"artifacts",FALSE,FALSE,FALSE,TRUE,TRUE,FALSE,FALSE,"","ignore","",FALSE,"git ls-files: not tracked; matched current ignore rules; classified as artifacts; path/type indicates generated output",""
"artifacts/h24-final/oceancube.Rcheck/00_pkg_src/oceancube/R/backend-netcdf.R",FALSE,TRUE,"artifacts",FALSE,FALSE,FALSE,TRUE,TRUE,FALSE,FALSE,"","ignore","",FALSE,"git ls-files: not tracked; matched current ignore rules; classified as artifacts; path/type indicates generated output",""
"artifacts/h24-final/oceancube.Rcheck/00_pkg_src/oceancube/R/clim_day.R",FALSE,TRUE,"artifacts",FALSE,FALSE,FALSE,TRUE,TRUE,FALSE,FALSE,"","ignore","",FALSE,"git ls-files: not tracked; matched current ignore rules; classified as artifacts; path/type indicates generated output",""
"artifacts/h24-final/oceancube.Rcheck/00_pkg_src/oceancube/R/clim_month.R",FALSE,TRUE,"artifacts",FALSE,FALSE,FALSE,TRUE,TRUE,FALSE,FALSE,"","ignore","",FALSE,"git ls-files: not tracked; matched current ignore rules; classified as artifacts; path/type indicates generated output",""
"artifacts/h24-final/oceancube.Rcheck/00_pkg_src/oceancube/R/cm_setup.R",FALSE,TRUE,"artifacts",FALSE,FALSE,FALSE,TRUE,TRUE,FALSE,FALSE,"","ignore","",FALSE,"git ls-files: not tracked; matched current ignore rules; classified as artifacts; path/type indicates generated output",""
"artifacts/h24-final/oceancube.Rcheck/00_pkg_src/oceancube/R/coast_dist.R",FALSE,TRUE,"artifacts",FALSE,FALSE,FALSE,TRUE,TRUE,FALSE,FALSE,"","ignore","",FALSE,"git ls-files: not tracked; matched current ignore rules; classified as artifacts; path/type indicates generated output",""
"artifacts/h24-final/oceancube.Rcheck/00_pkg_src/oceancube/R/cube_collect.R",FALSE,TRUE,"artifacts",FALSE,FALSE,FALSE,TRUE,TRUE,FALSE,FALSE,"","ignore","",FALSE,"git ls-files: not tracked; matched current ignore rules; classified as artifacts; path/type indicates generated output",""
"artifacts/h24-final/oceancube.Rcheck/00_pkg_src/oceancube/R/cube_crop.R",FALSE,TRUE,"artifacts",FALSE,FALSE,FALSE,TRUE,TRUE,FALSE,FALSE,"","ignore","",FALSE,"git ls-files: not tracked; matched current ignore rules; classified as artifacts; path/type indicates generated output",""
"artifacts/h24-final/oceancube.Rcheck/00_pkg_src/oceancube/R/cube_extract.R",FALSE,TRUE,"artifacts",FALSE,FALSE,FALSE,TRUE,TRUE,FALSE,FALSE,"","ignore","",FALSE,"git ls-files: not tracked; matched current ignore rules; classified as artifacts; path/type indicates generated output",""
"artifacts/h24-final/oceancube.Rcheck/00_pkg_src/oceancube/R/cube_grid_geometry.R",FALSE,TRUE,"artifacts",FALSE,FALSE,FALSE,TRUE,TRUE,FALSE,FALSE,"","ignore","",FALSE,"git ls-files: not tracked; matched current ignore rules; classified as artifacts; path/type indicates generated output",""
"artifacts/h24-final/oceancube.Rcheck/00_pkg_src/oceancube/R/cube_mask.R",FALSE,TRUE,"artifacts",FALSE,FALSE,FALSE,TRUE,TRUE,FALSE,FALSE,"","ignore","",FALSE,"git ls-files: not tracked; matched current ignore rules; classified as artifacts; path/type indicates generated output",""
"artifacts/h24-final/oceancube.Rcheck/00_pkg_src/oceancube/R/cube_polygon_weights.R",FALSE,TRUE,"artifacts",FALSE,FALSE,FALSE,TRUE,TRUE,FALSE,FALSE,"","ignore","",FALSE,"git ls-files: not tracked; matched current ignore rules; classified as artifacts; path/type indicates generated output",""
"artifacts/h24-final/oceancube.Rcheck/00_pkg_src/oceancube/R/cube_slice.R",FALSE,TRUE,"artifacts",FALSE,FALSE,FALSE,TRUE,TRUE,FALSE,FALSE,"","ignore","",FALSE,"git ls-files: not tracked; matched current ignore rules; classified as artifacts; path/type indicates generated output",""
"artifacts/h24-final/oceancube.Rcheck/00_pkg_src/oceancube/R/cube_transect.R",FALSE,TRUE,"artifacts",FALSE,FALSE,FALSE,TRUE,TRUE,FALSE,FALSE,"","ignore","",FALSE,"git ls-files: not tracked; matched current ignore rules; classified as artifacts; path/type indicates generated output",""
"artifacts/h24-final/oceancube.Rcheck/00_pkg_src/oceancube/R/download_nc.R",FALSE,TRUE,"artifacts",FALSE,FALSE,FALSE,TRUE,TRUE,FALSE,FALSE,"","ignore","",FALSE,"git ls-files: not tracked; matched current ignore rules; classified as artifacts; path/type indicates generated output",""
"artifacts/h24-final/oceancube.Rcheck/00_pkg_src/oceancube/R/layer_mean.R",FALSE,TRUE,"artifacts",FALSE,FALSE,FALSE,TRUE,TRUE,FALSE,FALSE,"","ignore","",FALSE,"git ls-files: not tracked; matched current ignore rules; classified as artifacts; path/type indicates generated output",""
"artifacts/h24-final/oceancube.Rcheck/00_pkg_src/oceancube/R/link_events.R",FALSE,TRUE,"artifacts",FALSE,FALSE,FALSE,TRUE,TRUE,FALSE,FALSE,"","ignore","",FALSE,"git ls-files: not tracked; matched current ignore rules; classified as artifacts; path/type indicates generated output",""
"artifacts/h24-final/oceancube.Rcheck/00_pkg_src/oceancube/R/ocean_cube.R",FALSE,TRUE,"artifacts",FALSE,FALSE,FALSE,TRUE,TRUE,FALSE,FALSE,"","ignore","",FALSE,"git ls-files: not tracked; matched current ignore rules; classified as artifacts; path/type indicates generated output",""
"artifacts/h24-final/oceancube.Rcheck/00_pkg_src/oceancube/R/read_nc.R",FALSE,TRUE,"artifacts",FALSE,FALSE,FALSE,TRUE,TRUE,FALSE,FALSE,"","ignore","",FALSE,"git ls-files: not tracked; matched current ignore rules; classified as artifacts; path/type indicates generated output",""
"artifacts/h24-final/oceancube.Rcheck/00_pkg_src/oceancube/R/stock_mask.R",FALSE,TRUE,"artifacts",FALSE,FALSE,FALSE,TRUE,TRUE,FALSE,FALSE,"","ignore","",FALSE,"git ls-files: not tracked; matched current ignore rules; classified as artifacts; path/type indicates generated output",""
"artifacts/h24-final/oceancube.Rcheck/00_pkg_src/oceancube/R/to_month.R",FALSE,TRUE,"artifacts",FALSE,FALSE,FALSE,TRUE,TRUE,FALSE,FALSE,"","ignore","",FALSE,"git ls-files: not tracked; matched current ignore rules; classified as artifacts; path/type indicates generated output",""
"artifacts/h24-final/oceancube.Rcheck/00_pkg_src/oceancube/R/utils-internal.R",FALSE,TRUE,"artifacts",FALSE,FALSE,FALSE,TRUE,TRUE,FALSE,FALSE,"","ignore","",FALSE,"git ls-files: not tracked; matched current ignore rules; classified as artifacts; path/type indicates generated output",""
"artifacts/h24-final/oceancube.Rcheck/00_pkg_src/oceancube/README.md",FALSE,TRUE,"artifacts",FALSE,FALSE,FALSE,TRUE,TRUE,FALSE,FALSE,"","ignore","",FALSE,"git ls-files: not tracked; matched current ignore rules; classified as artifacts; path/type indicates generated output",""
"artifacts/h24-final/oceancube.Rcheck/00_pkg_src/oceancube/README.Rmd",FALSE,TRUE,"artifacts",FALSE,FALSE,FALSE,TRUE,TRUE,FALSE,FALSE,"","ignore","",FALSE,"git ls-files: not tracked; matched current ignore rules; classified as artifacts; path/type indicates generated output",""
"artifacts/h24-final/oceancube.Rcheck/00_pkg_src/oceancube/tests/testthat.R",FALSE,TRUE,"artifacts",FALSE,FALSE,FALSE,TRUE,TRUE,FALSE,FALSE,"","ignore","",FALSE,"git ls-files: not tracked; matched current ignore rules; classified as artifacts; path/type indicates generated output",""
"artifacts/h24-final/oceancube.Rcheck/00_pkg_src/oceancube/tests/testthat/helper-architecture.R",FALSE,TRUE,"artifacts",FALSE,FALSE,FALSE,TRUE,TRUE,FALSE,FALSE,"","ignore","",FALSE,"git ls-files: not tracked; matched current ignore rules; classified as artifacts; path/type indicates generated output",""
"artifacts/h24-final/oceancube.Rcheck/00_pkg_src/oceancube/tests/testthat/helper-baseline-cube.R",FALSE,TRUE,"artifacts",FALSE,FALSE,FALSE,TRUE,TRUE,FALSE,FALSE,"","ignore","",FALSE,"git ls-files: not tracked; matched current ignore rules; classified as artifacts; path/type indicates generated output",""
"artifacts/h24-final/oceancube.Rcheck/00_pkg_src/oceancube/tests/testthat/helper-geometry.R",FALSE,TRUE,"artifacts",FALSE,FALSE,FALSE,TRUE,TRUE,FALSE,FALSE,"","ignore","",FALSE,"git ls-files: not tracked; matched current ignore rules; classified as artifacts; path/type indicates generated output",""
"artifacts/h24-final/oceancube.Rcheck/00_pkg_src/oceancube/tests/testthat/helper-netcdf-backend.R",FALSE,TRUE,"artifacts",FALSE,FALSE,FALSE,TRUE,TRUE,FALSE,FALSE,"","ignore","",FALSE,"git ls-files: not tracked; matched current ignore rules; classified as artifacts; path/type indicates generated output",""
"artifacts/h24-final/oceancube.Rcheck/00_pkg_src/oceancube/tests/testthat/test-backend-memory.R",FALSE,TRUE,"artifacts",FALSE,FALSE,FALSE,TRUE,TRUE,FALSE,FALSE,"","ignore","",FALSE,"git ls-files: not tracked; matched current ignore rules; classified as artifacts; path/type indicates generated output",""
"artifacts/h24-final/oceancube.Rcheck/00_pkg_src/oceancube/tests/testthat/test-backend-netcdf-descriptor.R",FALSE,TRUE,"artifacts",FALSE,FALSE,FALSE,TRUE,TRUE,FALSE,TRUE,"","ignore","",FALSE,"git ls-files: not tracked; matched current ignore rules; classified as artifacts; path/type indicates generated output",""
"artifacts/h24-final/oceancube.Rcheck/00_pkg_src/oceancube/tests/testthat/test-backend-netcdf-noncontiguous.R",FALSE,TRUE,"artifacts",FALSE,FALSE,FALSE,TRUE,TRUE,FALSE,FALSE,"","ignore","",FALSE,"git ls-files: not tracked; matched current ignore rules; classified as artifacts; path/type indicates generated output",""
"artifacts/h24-final/oceancube.Rcheck/00_pkg_src/oceancube/tests/testthat/test-backend-netcdf-read-block.R",FALSE,TRUE,"artifacts",FALSE,FALSE,FALSE,TRUE,TRUE,FALSE,FALSE,"","ignore","",FALSE,"git ls-files: not tracked; matched current ignore rules; classified as artifacts; path/type indicates generated output",""
"artifacts/h24-final/oceancube.Rcheck/00_pkg_src/oceancube/tests/testthat/test-clim-anom.R",FALSE,TRUE,"artifacts",FALSE,FALSE,FALSE,TRUE,TRUE,FALSE,FALSE,"","ignore","",FALSE,"git ls-files: not tracked; matched current ignore rules; classified as artifacts; path/type indicates generated output",""
"artifacts/h24-final/oceancube.Rcheck/00_pkg_src/oceancube/tests/testthat/test-cube-collect.R",FALSE,TRUE,"artifacts",FALSE,FALSE,FALSE,TRUE,TRUE,FALSE,FALSE,"","ignore","",FALSE,"git ls-files: not tracked; matched current ignore rules; classified as artifacts; path/type indicates generated output",""
"artifacts/h24-final/oceancube.Rcheck/00_pkg_src/oceancube/tests/testthat/test-cube-crop.R",FALSE,TRUE,"artifacts",FALSE,FALSE,FALSE,TRUE,TRUE,FALSE,FALSE,"","ignore","",FALSE,"git ls-files: not tracked; matched current ignore rules; classified as artifacts; path/type indicates generated output",""
"artifacts/h24-final/oceancube.Rcheck/00_pkg_src/oceancube/tests/testthat/test-cube-extract.R",FALSE,TRUE,"artifacts",FALSE,FALSE,FALSE,TRUE,TRUE,FALSE,FALSE,"","ignore","",FALSE,"git ls-files: not tracked; matched current ignore rules; classified as artifacts; path/type indicates generated output",""
"artifacts/h24-final/oceancube.Rcheck/00_pkg_src/oceancube/tests/testthat/test-cube-grid-geometry.R",FALSE,TRUE,"artifacts",FALSE,FALSE,FALSE,TRUE,TRUE,FALSE,FALSE,"","ignore","",FALSE,"git ls-files: not tracked; matched current ignore rules; classified as artifacts; path/type indicates generated output",""
"artifacts/h24-final/oceancube.Rcheck/00_pkg_src/oceancube/tests/testthat/test-cube-mask.R",FALSE,TRUE,"artifacts",FALSE,FALSE,FALSE,TRUE,TRUE,FALSE,FALSE,"","ignore","",FALSE,"git ls-files: not tracked; matched current ignore rules; classified as artifacts; path/type indicates generated output",""
"artifacts/h24-final/oceancube.Rcheck/00_pkg_src/oceancube/tests/testthat/test-cube-polygon-weights.R",FALSE,TRUE,"artifacts",FALSE,FALSE,FALSE,TRUE,TRUE,FALSE,FALSE,"","ignore","",FALSE,"git ls-files: not tracked; matched current ignore rules; classified as artifacts; path/type indicates generated output",""
"artifacts/h24-final/oceancube.Rcheck/00_pkg_src/oceancube/tests/testthat/test-cube-slice.R",FALSE,TRUE,"artifacts",FALSE,FALSE,FALSE,TRUE,TRUE,FALSE,FALSE,"","ignore","",FALSE,"git ls-files: not tracked; matched current ignore rules; classified as artifacts; path/type indicates generated output",""
"artifacts/h24-final/oceancube.Rcheck/00_pkg_src/oceancube/tests/testthat/test-cube-transect.R",FALSE,TRUE,"artifacts",FALSE,FALSE,FALSE,TRUE,TRUE,FALSE,FALSE,"","ignore","",FALSE,"git ls-files: not tracked; matched current ignore rules; classified as artifacts; path/type indicates generated output",""
"artifacts/h24-final/oceancube.Rcheck/00_pkg_src/oceancube/tests/testthat/test-daily-link.R",FALSE,TRUE,"artifacts",FALSE,FALSE,FALSE,TRUE,TRUE,FALSE,FALSE,"","ignore","",FALSE,"git ls-files: not tracked; matched current ignore rules; classified as artifacts; path/type indicates generated output",""
"artifacts/h24-final/oceancube.Rcheck/00_pkg_src/oceancube/tests/testthat/test-layer-time-mask.R",FALSE,TRUE,"artifacts",FALSE,FALSE,FALSE,TRUE,TRUE,FALSE,FALSE,"","ignore","",FALSE,"git ls-files: not tracked; matched current ignore rules; classified as artifacts; path/type indicates generated output",""
"artifacts/h24-final/oceancube.Rcheck/00_pkg_src/oceancube/tests/testthat/test-no-direct-data-access.R",FALSE,TRUE,"artifacts",FALSE,FALSE,FALSE,TRUE,TRUE,FALSE,FALSE,"","ignore","",FALSE,"git ls-files: not tracked; matched current ignore rules; classified as artifacts; path/type indicates generated output",""
"artifacts/h24-final/oceancube.Rcheck/00_pkg_src/oceancube/tests/testthat/test-ocean-cube-baseline.R",FALSE,TRUE,"artifacts",FALSE,FALSE,FALSE,TRUE,TRUE,FALSE,FALSE,"","ignore","",FALSE,"git ls-files: not tracked; matched current ignore rules; classified as artifacts; path/type indicates generated output",""
"artifacts/h24-final/oceancube.Rcheck/00_pkg_src/oceancube/tests/testthat/test-ocean-cube-contract.R",FALSE,TRUE,"artifacts",FALSE,FALSE,FALSE,TRUE,TRUE,FALSE,FALSE,"","ignore","",FALSE,"git ls-files: not tracked; matched current ignore rules; classified as artifacts; path/type indicates generated output",""
"artifacts/h24-final/oceancube.Rcheck/00_pkg_src/oceancube/tests/testthat/test-ocean-cube.R",FALSE,TRUE,"artifacts",FALSE,FALSE,FALSE,TRUE,TRUE,FALSE,FALSE,"","ignore","",FALSE,"git ls-files: not tracked; matched current ignore rules; classified as artifacts; path/type indicates generated output",""
"artifacts/h24-final/oceancube.Rcheck/00_pkg_src/oceancube/tests/testthat/test-package-boundary-spatind.R",FALSE,TRUE,"artifacts",FALSE,FALSE,FALSE,TRUE,TRUE,FALSE,FALSE,"","ignore","",FALSE,"git ls-files: not tracked; matched current ignore rules; classified as artifacts; path/type indicates generated output",""
"artifacts/h24-final/oceancube.Rcheck/00_pkg_src/oceancube/tests/testthat/test-read-nc-baseline.R",FALSE,TRUE,"artifacts",FALSE,FALSE,FALSE,TRUE,TRUE,FALSE,FALSE,"","ignore","",FALSE,"git ls-files: not tracked; matched current ignore rules; classified as artifacts; path/type indicates generated output",""
"artifacts/h24-final/oceancube.Rcheck/00_pkg_src/oceancube/tests/testthat/test-refactor-coast-dist-backend.R",FALSE,TRUE,"artifacts",FALSE,FALSE,FALSE,TRUE,TRUE,FALSE,FALSE,"","ignore","",FALSE,"git ls-files: not tracked; matched current ignore rules; classified as artifacts; path/type indicates generated output",""
"artifacts/h24-final/oceancube.Rcheck/00_pkg_src/oceancube/tests/testthat/test-refactor-layer-annual-backend.R",FALSE,TRUE,"artifacts",FALSE,FALSE,FALSE,TRUE,TRUE,FALSE,FALSE,"","ignore","",FALSE,"git ls-files: not tracked; matched current ignore rules; classified as artifacts; path/type indicates generated output",""
"artifacts/h24-final/oceancube.Rcheck/00_pkg_src/oceancube/tests/testthat/test-refactor-link-events-backend.R",FALSE,TRUE,"artifacts",FALSE,FALSE,FALSE,TRUE,TRUE,FALSE,FALSE,"","ignore","",FALSE,"git ls-files: not tracked; matched current ignore rules; classified as artifacts; path/type indicates generated output",""
"artifacts/h24-final/oceancube.Rcheck/00_pkg_src/oceancube/tests/testthat/test-refactor-temporal-backend.R",FALSE,TRUE,"artifacts",FALSE,FALSE,FALSE,TRUE,TRUE,FALSE,FALSE,"","ignore","",FALSE,"git ls-files: not tracked; matched current ignore rules; classified as artifacts; path/type indicates generated output",""
"artifacts/h24-final/oceancube.Rcheck/00_pkg_src/oceancube/tests/testthat/test-release-contract.R",FALSE,TRUE,"artifacts",FALSE,FALSE,FALSE,TRUE,TRUE,FALSE,FALSE,"","ignore","",FALSE,"git ls-files: not tracked; matched current ignore rules; classified as artifacts; path/type indicates generated output",""
"artifacts/h24-final/oceancube.Rcheck/00_pkg_src/oceancube/tests/testthat/test-scientific-baseline.R",FALSE,TRUE,"artifacts",FALSE,FALSE,FALSE,TRUE,TRUE,FALSE,FALSE,"","ignore","",FALSE,"git ls-files: not tracked; matched current ignore rules; classified as artifacts; path/type indicates generated output",""
"artifacts/h24-final/oceancube.Rcheck/00_pkg_src/oceancube/vignettes/get-started.Rmd",FALSE,TRUE,"artifacts",FALSE,FALSE,FALSE,TRUE,TRUE,FALSE,FALSE,"","ignore","",FALSE,"git ls-files: not tracked; matched current ignore rules; classified as artifacts; path/type indicates generated output",""
"artifacts/h24-final/oceancube.Rcheck/00_pkg_src/oceancube/vignettes/oceancube-architecture.Rmd",FALSE,TRUE,"artifacts",FALSE,FALSE,FALSE,TRUE,TRUE,FALSE,FALSE,"","ignore","",FALSE,"git ls-files: not tracked; matched current ignore rules; classified as artifacts; path/type indicates generated output",""
"artifacts/h24-final/oceancube.Rcheck/00_pkg_src/oceancube/vignettes/oceancube-geometry-weights.Rmd",FALSE,TRUE,"artifacts",FALSE,FALSE,FALSE,TRUE,TRUE,FALSE,FALSE,"","ignore","",FALSE,"git ls-files: not tracked; matched current ignore rules; classified as artifacts; path/type indicates generated output",""
"artifacts/h24-final/oceancube.Rcheck/00_pkg_src/oceancube/vignettes/oceancube-introduction.Rmd",FALSE,TRUE,"artifacts",FALSE,FALSE,FALSE,TRUE,TRUE,FALSE,FALSE,"","ignore","",FALSE,"git ls-files: not tracked; matched current ignore rules; classified as artifacts; path/type indicates generated output",""
"artifacts/h24-final/oceancube.Rcheck/00check.log",FALSE,TRUE,"logs",FALSE,FALSE,FALSE,TRUE,TRUE,FALSE,TRUE,"","ignore","",FALSE,"git ls-files: not tracked; matched current ignore rules; classified as logs; path/type indicates generated output",""
"artifacts/h24-final/oceancube.Rcheck/00install.out",FALSE,TRUE,"logs",FALSE,FALSE,FALSE,TRUE,TRUE,FALSE,FALSE,"","ignore","",FALSE,"git ls-files: not tracked; matched current ignore rules; classified as logs; path/type indicates generated output",""
"artifacts/h24-final/oceancube.Rcheck/oceancube-Ex.pdf",FALSE,TRUE,"artifacts",FALSE,FALSE,FALSE,TRUE,TRUE,FALSE,FALSE,"","ignore","",FALSE,"git ls-files: not tracked; matched current ignore rules; classified as artifacts; path/type indicates generated output",""
"artifacts/h24-final/oceancube.Rcheck/oceancube-Ex.R",FALSE,TRUE,"artifacts",FALSE,FALSE,FALSE,TRUE,TRUE,FALSE,FALSE,"","ignore","",FALSE,"git ls-files: not tracked; matched current ignore rules; classified as artifacts; path/type indicates generated output",""
"artifacts/h24-final/oceancube.Rcheck/oceancube-Ex.Rout",FALSE,TRUE,"artifacts",FALSE,FALSE,FALSE,TRUE,TRUE,FALSE,FALSE,"","ignore","",FALSE,"git ls-files: not tracked; matched current ignore rules; classified as artifacts; path/type indicates generated output",""
"artifacts/h24-final/oceancube.Rcheck/oceancube/architecture/oceancube-spatind-boundary.md",FALSE,TRUE,"artifacts",FALSE,FALSE,FALSE,TRUE,TRUE,FALSE,FALSE,"","ignore","",FALSE,"git ls-files: not tracked; matched current ignore rules; classified as artifacts; path/type indicates generated output",""
"artifacts/h24-final/oceancube.Rcheck/oceancube/CITATION",FALSE,TRUE,"artifacts",FALSE,FALSE,FALSE,TRUE,TRUE,FALSE,FALSE,"","ignore","",FALSE,"git ls-files: not tracked; matched current ignore rules; classified as artifacts; path/type indicates generated output",""
"artifacts/h24-final/oceancube.Rcheck/oceancube/DESCRIPTION",FALSE,TRUE,"artifacts",FALSE,FALSE,FALSE,TRUE,TRUE,FALSE,FALSE,"","ignore","",FALSE,"git ls-files: not tracked; matched current ignore rules; classified as artifacts; path/type indicates generated output",""
"artifacts/h24-final/oceancube.Rcheck/oceancube/doc/get-started.html",FALSE,TRUE,"rendered HTML",FALSE,FALSE,FALSE,TRUE,TRUE,FALSE,TRUE,"","ignore","",FALSE,"git ls-files: not tracked; matched current ignore rules; classified as rendered HTML; path/type indicates generated output",""
"artifacts/h24-final/oceancube.Rcheck/oceancube/doc/get-started.R",FALSE,TRUE,"artifacts",FALSE,FALSE,FALSE,TRUE,TRUE,FALSE,FALSE,"","ignore","",FALSE,"git ls-files: not tracked; matched current ignore rules; classified as artifacts; path/type indicates generated output",""
"artifacts/h24-final/oceancube.Rcheck/oceancube/doc/get-started.Rmd",FALSE,TRUE,"artifacts",FALSE,FALSE,FALSE,TRUE,TRUE,FALSE,FALSE,"","ignore","",FALSE,"git ls-files: not tracked; matched current ignore rules; classified as artifacts; path/type indicates generated output",""
"artifacts/h24-final/oceancube.Rcheck/oceancube/doc/index.html",FALSE,TRUE,"rendered HTML",FALSE,FALSE,FALSE,TRUE,TRUE,FALSE,FALSE,"","ignore","",FALSE,"git ls-files: not tracked; matched current ignore rules; classified as rendered HTML; path/type indicates generated output",""
"artifacts/h24-final/oceancube.Rcheck/oceancube/doc/oceancube-architecture.html",FALSE,TRUE,"rendered HTML",FALSE,FALSE,FALSE,TRUE,TRUE,FALSE,TRUE,"","ignore","",FALSE,"git ls-files: not tracked; matched current ignore rules; classified as rendered HTML; path/type indicates generated output",""
"artifacts/h24-final/oceancube.Rcheck/oceancube/doc/oceancube-architecture.R",FALSE,TRUE,"artifacts",FALSE,FALSE,FALSE,TRUE,TRUE,FALSE,FALSE,"","ignore","",FALSE,"git ls-files: not tracked; matched current ignore rules; classified as artifacts; path/type indicates generated output",""
"artifacts/h24-final/oceancube.Rcheck/oceancube/doc/oceancube-architecture.Rmd",FALSE,TRUE,"artifacts",FALSE,FALSE,FALSE,TRUE,TRUE,FALSE,FALSE,"","ignore","",FALSE,"git ls-files: not tracked; matched current ignore rules; classified as artifacts; path/type indicates generated output",""
"artifacts/h24-final/oceancube.Rcheck/oceancube/doc/oceancube-geometry-weights.html",FALSE,TRUE,"rendered HTML",FALSE,FALSE,FALSE,TRUE,TRUE,FALSE,TRUE,"","ignore","",FALSE,"git ls-files: not tracked; matched current ignore rules; classified as rendered HTML; path/type indicates generated output",""
"artifacts/h24-final/oceancube.Rcheck/oceancube/doc/oceancube-geometry-weights.R",FALSE,TRUE,"artifacts",FALSE,FALSE,FALSE,TRUE,TRUE,FALSE,FALSE,"","ignore","",FALSE,"git ls-files: not tracked; matched current ignore rules; classified as artifacts; path/type indicates generated output",""
"artifacts/h24-final/oceancube.Rcheck/oceancube/doc/oceancube-geometry-weights.Rmd",FALSE,TRUE,"artifacts",FALSE,FALSE,FALSE,TRUE,TRUE,FALSE,FALSE,"","ignore","",FALSE,"git ls-files: not tracked; matched current ignore rules; classified as artifacts; path/type indicates generated output",""
"artifacts/h24-final/oceancube.Rcheck/oceancube/doc/oceancube-introduction.html",FALSE,TRUE,"rendered HTML",FALSE,FALSE,FALSE,TRUE,TRUE,FALSE,TRUE,"","ignore","",FALSE,"git ls-files: not tracked; matched current ignore rules; classified as rendered HTML; path/type indicates generated output",""
"artifacts/h24-final/oceancube.Rcheck/oceancube/doc/oceancube-introduction.R",FALSE,TRUE,"artifacts",FALSE,FALSE,FALSE,TRUE,TRUE,FALSE,FALSE,"","ignore","",FALSE,"git ls-files: not tracked; matched current ignore rules; classified as artifacts; path/type indicates generated output",""
"artifacts/h24-final/oceancube.Rcheck/oceancube/doc/oceancube-introduction.Rmd",FALSE,TRUE,"artifacts",FALSE,FALSE,FALSE,TRUE,TRUE,FALSE,FALSE,"","ignore","",FALSE,"git ls-files: not tracked; matched current ignore rules; classified as artifacts; path/type indicates generated output",""
"artifacts/h24-final/oceancube.Rcheck/oceancube/examples/backend_memory.R",FALSE,TRUE,"artifacts",FALSE,FALSE,FALSE,TRUE,TRUE,FALSE,FALSE,"","ignore","",FALSE,"git ls-files: not tracked; matched current ignore rules; classified as artifacts; path/type indicates generated output",""
"artifacts/h24-final/oceancube.Rcheck/oceancube/examples/backend_netcdf_descriptor.R",FALSE,TRUE,"artifacts",FALSE,FALSE,FALSE,TRUE,TRUE,FALSE,FALSE,"","ignore","",FALSE,"git ls-files: not tracked; matched current ignore rules; classified as artifacts; path/type indicates generated output",""
"artifacts/h24-final/oceancube.Rcheck/oceancube/examples/backend_netcdf_read_block.R",FALSE,TRUE,"artifacts",FALSE,FALSE,FALSE,TRUE,TRUE,FALSE,FALSE,"","ignore","",FALSE,"git ls-files: not tracked; matched current ignore rules; classified as artifacts; path/type indicates generated output",""
"artifacts/h24-final/oceancube.Rcheck/oceancube/examples/baseline_ocean_cube.R",FALSE,TRUE,"artifacts",FALSE,FALSE,FALSE,TRUE,TRUE,FALSE,FALSE,"","ignore","",FALSE,"git ls-files: not tracked; matched current ignore rules; classified as artifacts; path/type indicates generated output",""
"artifacts/h24-final/oceancube.Rcheck/oceancube/examples/cube_crop.R",FALSE,TRUE,"artifacts",FALSE,FALSE,FALSE,TRUE,TRUE,FALSE,FALSE,"","ignore","",FALSE,"git ls-files: not tracked; matched current ignore rules; classified as artifacts; path/type indicates generated output",""
"artifacts/h24-final/oceancube.Rcheck/oceancube/examples/cube_extract.R",FALSE,TRUE,"artifacts",FALSE,FALSE,FALSE,TRUE,TRUE,FALSE,FALSE,"","ignore","",FALSE,"git ls-files: not tracked; matched current ignore rules; classified as artifacts; path/type indicates generated output",""
"artifacts/h24-final/oceancube.Rcheck/oceancube/examples/cube_geometry_weights.R",FALSE,TRUE,"artifacts",FALSE,FALSE,FALSE,TRUE,TRUE,FALSE,FALSE,"","ignore","",FALSE,"git ls-files: not tracked; matched current ignore rules; classified as artifacts; path/type indicates generated output",""
"artifacts/h24-final/oceancube.Rcheck/oceancube/examples/cube_mask.R",FALSE,TRUE,"artifacts",FALSE,FALSE,FALSE,TRUE,TRUE,FALSE,FALSE,"","ignore","",FALSE,"git ls-files: not tracked; matched current ignore rules; classified as artifacts; path/type indicates generated output",""
"artifacts/h24-final/oceancube.Rcheck/oceancube/examples/cube_slice.R",FALSE,TRUE,"artifacts",FALSE,FALSE,FALSE,TRUE,TRUE,FALSE,FALSE,"","ignore","",FALSE,"git ls-files: not tracked; matched current ignore rules; classified as artifacts; path/type indicates generated output",""
"artifacts/h24-final/oceancube.Rcheck/oceancube/examples/cube_transect.R",FALSE,TRUE,"artifacts",FALSE,FALSE,FALSE,TRUE,TRUE,FALSE,FALSE,"","ignore","",FALSE,"git ls-files: not tracked; matched current ignore rules; classified as artifacts; path/type indicates generated output",""
"artifacts/h24-final/oceancube.Rcheck/oceancube/examples/noncontiguous_collect.R",FALSE,TRUE,"artifacts",FALSE,FALSE,FALSE,TRUE,TRUE,FALSE,FALSE,"","ignore","",FALSE,"git ls-files: not tracked; matched current ignore rules; classified as artifacts; path/type indicates generated output",""
"artifacts/h24-final/oceancube.Rcheck/oceancube/examples/ocean_cube_contract.R",FALSE,TRUE,"artifacts",FALSE,FALSE,FALSE,TRUE,TRUE,FALSE,FALSE,"","ignore","",FALSE,"git ls-files: not tracked; matched current ignore rules; classified as artifacts; path/type indicates generated output",""
"artifacts/h24-final/oceancube.Rcheck/oceancube/examples/refactor_coast_dist_backend.R",FALSE,TRUE,"artifacts",FALSE,FALSE,FALSE,TRUE,TRUE,FALSE,FALSE,"","ignore","",FALSE,"git ls-files: not tracked; matched current ignore rules; classified as artifacts; path/type indicates generated output",""
"artifacts/h24-final/oceancube.Rcheck/oceancube/examples/refactor_layer_annual_backend.R",FALSE,TRUE,"artifacts",FALSE,FALSE,FALSE,TRUE,TRUE,FALSE,FALSE,"","ignore","",FALSE,"git ls-files: not tracked; matched current ignore rules; classified as artifacts; path/type indicates generated output",""
"artifacts/h24-final/oceancube.Rcheck/oceancube/examples/refactor_link_events_backend.R",FALSE,TRUE,"artifacts",FALSE,FALSE,FALSE,TRUE,TRUE,FALSE,FALSE,"","ignore","",FALSE,"git ls-files: not tracked; matched current ignore rules; classified as artifacts; path/type indicates generated output",""
"artifacts/h24-final/oceancube.Rcheck/oceancube/examples/refactor_temporal_backend.R",FALSE,TRUE,"artifacts",FALSE,FALSE,FALSE,TRUE,TRUE,FALSE,FALSE,"","ignore","",FALSE,"git ls-files: not tracked; matched current ignore rules; classified as artifacts; path/type indicates generated output",""
"artifacts/h24-final/oceancube.Rcheck/oceancube/help/aliases.rds",FALSE,TRUE,"RDS",FALSE,FALSE,FALSE,FALSE,FALSE,TRUE,FALSE,"","relocate-later","approved external data store or minimal test fixture; preserve until checksum and provenance are recorded",FALSE,"git ls-files: not tracked; matched current ignore rules; classified as RDS; path/type does not establish generated output; data extension/location may contain operational data","No move or merge is authorized by this decision document alone."
"artifacts/h24-final/oceancube.Rcheck/oceancube/help/AnIndex",FALSE,TRUE,"artifacts",FALSE,FALSE,FALSE,TRUE,TRUE,FALSE,FALSE,"","ignore","",FALSE,"git ls-files: not tracked; matched current ignore rules; classified as artifacts; path/type indicates generated output",""
"artifacts/h24-final/oceancube.Rcheck/oceancube/help/oceancube.rdb",FALSE,TRUE,"artifacts",FALSE,FALSE,FALSE,TRUE,TRUE,FALSE,FALSE,"","ignore","",FALSE,"git ls-files: not tracked; matched current ignore rules; classified as artifacts; path/type indicates generated output",""
"artifacts/h24-final/oceancube.Rcheck/oceancube/help/oceancube.rdx",FALSE,TRUE,"artifacts",FALSE,FALSE,FALSE,TRUE,TRUE,FALSE,FALSE,"","ignore","",FALSE,"git ls-files: not tracked; matched current ignore rules; classified as artifacts; path/type indicates generated output",""
"artifacts/h24-final/oceancube.Rcheck/oceancube/help/paths.rds",FALSE,TRUE,"RDS",FALSE,FALSE,FALSE,FALSE,FALSE,TRUE,FALSE,"","relocate-later","approved external data store or minimal test fixture; preserve until checksum and provenance are recorded",FALSE,"git ls-files: not tracked; matched current ignore rules; classified as RDS; path/type does not establish generated output; data extension/location may contain operational data","No move or merge is authorized by this decision document alone."
"artifacts/h24-final/oceancube.Rcheck/oceancube/html/00Index.html",FALSE,TRUE,"rendered HTML",FALSE,FALSE,FALSE,TRUE,TRUE,FALSE,FALSE,"","ignore","",FALSE,"git ls-files: not tracked; matched current ignore rules; classified as rendered HTML; path/type indicates generated output",""
"artifacts/h24-final/oceancube.Rcheck/oceancube/html/R.css",FALSE,TRUE,"artifacts",FALSE,FALSE,FALSE,TRUE,TRUE,FALSE,FALSE,"","ignore","",FALSE,"git ls-files: not tracked; matched current ignore rules; classified as artifacts; path/type indicates generated output",""
"artifacts/h24-final/oceancube.Rcheck/oceancube/INDEX",FALSE,TRUE,"artifacts",FALSE,FALSE,FALSE,TRUE,TRUE,FALSE,FALSE,"","ignore","",FALSE,"git ls-files: not tracked; matched current ignore rules; classified as artifacts; path/type indicates generated output",""
"artifacts/h24-final/oceancube.Rcheck/oceancube/LICENSE",FALSE,TRUE,"artifacts",FALSE,FALSE,FALSE,TRUE,TRUE,FALSE,FALSE,"","ignore","",FALSE,"git ls-files: not tracked; matched current ignore rules; classified as artifacts; path/type indicates generated output",""
"artifacts/h24-final/oceancube.Rcheck/oceancube/Meta/features.rds",FALSE,TRUE,"RDS",FALSE,FALSE,FALSE,TRUE,FALSE,TRUE,FALSE,"","relocate-later","approved external data store or minimal test fixture; preserve until checksum and provenance are recorded",FALSE,"git ls-files: not tracked; matched current ignore rules; classified as RDS; path/type indicates generated output; data extension/location may contain operational data","No move or merge is authorized by this decision document alone."
"artifacts/h24-final/oceancube.Rcheck/oceancube/Meta/hsearch.rds",FALSE,TRUE,"RDS",FALSE,FALSE,FALSE,TRUE,FALSE,TRUE,FALSE,"","relocate-later","approved external data store or minimal test fixture; preserve until checksum and provenance are recorded",FALSE,"git ls-files: not tracked; matched current ignore rules; classified as RDS; path/type indicates generated output; data extension/location may contain operational data","No move or merge is authorized by this decision document alone."
"artifacts/h24-final/oceancube.Rcheck/oceancube/Meta/links.rds",FALSE,TRUE,"RDS",FALSE,FALSE,FALSE,TRUE,FALSE,TRUE,FALSE,"","relocate-later","approved external data store or minimal test fixture; preserve until checksum and provenance are recorded",FALSE,"git ls-files: not tracked; matched current ignore rules; classified as RDS; path/type indicates generated output; data extension/location may contain operational data","No move or merge is authorized by this decision document alone."
"artifacts/h24-final/oceancube.Rcheck/oceancube/Meta/nsInfo.rds",FALSE,TRUE,"RDS",FALSE,FALSE,FALSE,TRUE,FALSE,TRUE,FALSE,"","relocate-later","approved external data store or minimal test fixture; preserve until checksum and provenance are recorded",FALSE,"git ls-files: not tracked; matched current ignore rules; classified as RDS; path/type indicates generated output; data extension/location may contain operational data","No move or merge is authorized by this decision document alone."
"artifacts/h24-final/oceancube.Rcheck/oceancube/Meta/package.rds",FALSE,TRUE,"RDS",FALSE,FALSE,FALSE,TRUE,FALSE,TRUE,FALSE,"","relocate-later","approved external data store or minimal test fixture; preserve until checksum and provenance are recorded",FALSE,"git ls-files: not tracked; matched current ignore rules; classified as RDS; path/type indicates generated output; data extension/location may contain operational data","No move or merge is authorized by this decision document alone."
"artifacts/h24-final/oceancube.Rcheck/oceancube/Meta/Rd.rds",FALSE,TRUE,"RDS",FALSE,FALSE,FALSE,TRUE,FALSE,TRUE,FALSE,"","relocate-later","approved external data store or minimal test fixture; preserve until checksum and provenance are recorded",FALSE,"git ls-files: not tracked; matched current ignore rules; classified as RDS; path/type indicates generated output; data extension/location may contain operational data","No move or merge is authorized by this decision document alone."
"artifacts/h24-final/oceancube.Rcheck/oceancube/Meta/vignette.rds",FALSE,TRUE,"RDS",FALSE,FALSE,FALSE,TRUE,FALSE,TRUE,FALSE,"","relocate-later","approved external data store or minimal test fixture; preserve until checksum and provenance are recorded",FALSE,"git ls-files: not tracked; matched current ignore rules; classified as RDS; path/type indicates generated output; data extension/location may contain operational data","No move or merge is authorized by this decision document alone."
"artifacts/h24-final/oceancube.Rcheck/oceancube/NAMESPACE",FALSE,TRUE,"artifacts",FALSE,FALSE,FALSE,TRUE,TRUE,FALSE,FALSE,"","ignore","",FALSE,"git ls-files: not tracked; matched current ignore rules; classified as artifacts; path/type indicates generated output",""
"artifacts/h24-final/oceancube.Rcheck/oceancube/NEWS.md",FALSE,TRUE,"artifacts",FALSE,FALSE,FALSE,TRUE,TRUE,FALSE,FALSE,"","ignore","",FALSE,"git ls-files: not tracked; matched current ignore rules; classified as artifacts; path/type indicates generated output",""
"artifacts/h24-final/oceancube.Rcheck/oceancube/R/oceancube",FALSE,TRUE,"artifacts",FALSE,FALSE,FALSE,TRUE,TRUE,FALSE,FALSE,"","ignore","",FALSE,"git ls-files: not tracked; matched current ignore rules; classified as artifacts; path/type indicates generated output",""
"artifacts/h24-final/oceancube.Rcheck/oceancube/R/oceancube.rdb",FALSE,TRUE,"artifacts",FALSE,FALSE,FALSE,TRUE,TRUE,FALSE,FALSE,"","ignore","",FALSE,"git ls-files: not tracked; matched current ignore rules; classified as artifacts; path/type indicates generated output",""
"artifacts/h24-final/oceancube.Rcheck/oceancube/R/oceancube.rdx",FALSE,TRUE,"artifacts",FALSE,FALSE,FALSE,TRUE,TRUE,FALSE,FALSE,"","ignore","",FALSE,"git ls-files: not tracked; matched current ignore rules; classified as artifacts; path/type indicates generated output",""
"artifacts/h24-final/oceancube.Rcheck/tests/startup.Rs",FALSE,TRUE,"artifacts",FALSE,FALSE,FALSE,TRUE,TRUE,FALSE,FALSE,"","ignore","",FALSE,"git ls-files: not tracked; matched current ignore rules; classified as artifacts; path/type indicates generated output",""
"artifacts/h24-final/oceancube.Rcheck/tests/testthat.R",FALSE,TRUE,"artifacts",FALSE,FALSE,FALSE,TRUE,TRUE,FALSE,FALSE,"","ignore","",FALSE,"git ls-files: not tracked; matched current ignore rules; classified as artifacts; path/type indicates generated output",""
"artifacts/h24-final/oceancube.Rcheck/tests/testthat.Rout",FALSE,TRUE,"artifacts",FALSE,FALSE,FALSE,TRUE,TRUE,FALSE,FALSE,"","ignore","",FALSE,"git ls-files: not tracked; matched current ignore rules; classified as artifacts; path/type indicates generated output",""
"artifacts/h24-final/oceancube.Rcheck/tests/testthat/helper-architecture.R",FALSE,TRUE,"artifacts",FALSE,FALSE,FALSE,TRUE,TRUE,FALSE,FALSE,"","ignore","",FALSE,"git ls-files: not tracked; matched current ignore rules; classified as artifacts; path/type indicates generated output",""
"artifacts/h24-final/oceancube.Rcheck/tests/testthat/helper-baseline-cube.R",FALSE,TRUE,"artifacts",FALSE,FALSE,FALSE,TRUE,TRUE,FALSE,FALSE,"","ignore","",FALSE,"git ls-files: not tracked; matched current ignore rules; classified as artifacts; path/type indicates generated output",""
"artifacts/h24-final/oceancube.Rcheck/tests/testthat/helper-geometry.R",FALSE,TRUE,"artifacts",FALSE,FALSE,FALSE,TRUE,TRUE,FALSE,FALSE,"","ignore","",FALSE,"git ls-files: not tracked; matched current ignore rules; classified as artifacts; path/type indicates generated output",""
"artifacts/h24-final/oceancube.Rcheck/tests/testthat/helper-netcdf-backend.R",FALSE,TRUE,"artifacts",FALSE,FALSE,FALSE,TRUE,TRUE,FALSE,FALSE,"","ignore","",FALSE,"git ls-files: not tracked; matched current ignore rules; classified as artifacts; path/type indicates generated output",""
"artifacts/h24-final/oceancube.Rcheck/tests/testthat/test-backend-memory.R",FALSE,TRUE,"artifacts",FALSE,FALSE,FALSE,TRUE,TRUE,FALSE,FALSE,"","ignore","",FALSE,"git ls-files: not tracked; matched current ignore rules; classified as artifacts; path/type indicates generated output",""
"artifacts/h24-final/oceancube.Rcheck/tests/testthat/test-backend-netcdf-descriptor.R",FALSE,TRUE,"artifacts",FALSE,FALSE,FALSE,TRUE,TRUE,FALSE,TRUE,"","ignore","",FALSE,"git ls-files: not tracked; matched current ignore rules; classified as artifacts; path/type indicates generated output",""
"artifacts/h24-final/oceancube.Rcheck/tests/testthat/test-backend-netcdf-noncontiguous.R",FALSE,TRUE,"artifacts",FALSE,FALSE,FALSE,TRUE,TRUE,FALSE,FALSE,"","ignore","",FALSE,"git ls-files: not tracked; matched current ignore rules; classified as artifacts; path/type indicates generated output",""
"artifacts/h24-final/oceancube.Rcheck/tests/testthat/test-backend-netcdf-read-block.R",FALSE,TRUE,"artifacts",FALSE,FALSE,FALSE,TRUE,TRUE,FALSE,FALSE,"","ignore","",FALSE,"git ls-files: not tracked; matched current ignore rules; classified as artifacts; path/type indicates generated output",""
"artifacts/h24-final/oceancube.Rcheck/tests/testthat/test-clim-anom.R",FALSE,TRUE,"artifacts",FALSE,FALSE,FALSE,TRUE,TRUE,FALSE,FALSE,"","ignore","",FALSE,"git ls-files: not tracked; matched current ignore rules; classified as artifacts; path/type indicates generated output",""
"artifacts/h24-final/oceancube.Rcheck/tests/testthat/test-cube-collect.R",FALSE,TRUE,"artifacts",FALSE,FALSE,FALSE,TRUE,TRUE,FALSE,FALSE,"","ignore","",FALSE,"git ls-files: not tracked; matched current ignore rules; classified as artifacts; path/type indicates generated output",""
"artifacts/h24-final/oceancube.Rcheck/tests/testthat/test-cube-crop.R",FALSE,TRUE,"artifacts",FALSE,FALSE,FALSE,TRUE,TRUE,FALSE,FALSE,"","ignore","",FALSE,"git ls-files: not tracked; matched current ignore rules; classified as artifacts; path/type indicates generated output",""
"artifacts/h24-final/oceancube.Rcheck/tests/testthat/test-cube-extract.R",FALSE,TRUE,"artifacts",FALSE,FALSE,FALSE,TRUE,TRUE,FALSE,FALSE,"","ignore","",FALSE,"git ls-files: not tracked; matched current ignore rules; classified as artifacts; path/type indicates generated output",""
"artifacts/h24-final/oceancube.Rcheck/tests/testthat/test-cube-grid-geometry.R",FALSE,TRUE,"artifacts",FALSE,FALSE,FALSE,TRUE,TRUE,FALSE,FALSE,"","ignore","",FALSE,"git ls-files: not tracked; matched current ignore rules; classified as artifacts; path/type indicates generated output",""
"artifacts/h24-final/oceancube.Rcheck/tests/testthat/test-cube-mask.R",FALSE,TRUE,"artifacts",FALSE,FALSE,FALSE,TRUE,TRUE,FALSE,FALSE,"","ignore","",FALSE,"git ls-files: not tracked; matched current ignore rules; classified as artifacts; path/type indicates generated output",""
"artifacts/h24-final/oceancube.Rcheck/tests/testthat/test-cube-polygon-weights.R",FALSE,TRUE,"artifacts",FALSE,FALSE,FALSE,TRUE,TRUE,FALSE,FALSE,"","ignore","",FALSE,"git ls-files: not tracked; matched current ignore rules; classified as artifacts; path/type indicates generated output",""
"artifacts/h24-final/oceancube.Rcheck/tests/testthat/test-cube-slice.R",FALSE,TRUE,"artifacts",FALSE,FALSE,FALSE,TRUE,TRUE,FALSE,FALSE,"","ignore","",FALSE,"git ls-files: not tracked; matched current ignore rules; classified as artifacts; path/type indicates generated output",""
"artifacts/h24-final/oceancube.Rcheck/tests/testthat/test-cube-transect.R",FALSE,TRUE,"artifacts",FALSE,FALSE,FALSE,TRUE,TRUE,FALSE,FALSE,"","ignore","",FALSE,"git ls-files: not tracked; matched current ignore rules; classified as artifacts; path/type indicates generated output",""
"artifacts/h24-final/oceancube.Rcheck/tests/testthat/test-daily-link.R",FALSE,TRUE,"artifacts",FALSE,FALSE,FALSE,TRUE,TRUE,FALSE,FALSE,"","ignore","",FALSE,"git ls-files: not tracked; matched current ignore rules; classified as artifacts; path/type indicates generated output",""
"artifacts/h24-final/oceancube.Rcheck/tests/testthat/test-layer-time-mask.R",FALSE,TRUE,"artifacts",FALSE,FALSE,FALSE,TRUE,TRUE,FALSE,FALSE,"","ignore","",FALSE,"git ls-files: not tracked; matched current ignore rules; classified as artifacts; path/type indicates generated output",""
"artifacts/h24-final/oceancube.Rcheck/tests/testthat/test-no-direct-data-access.R",FALSE,TRUE,"artifacts",FALSE,FALSE,FALSE,TRUE,TRUE,FALSE,FALSE,"","ignore","",FALSE,"git ls-files: not tracked; matched current ignore rules; classified as artifacts; path/type indicates generated output",""
"artifacts/h24-final/oceancube.Rcheck/tests/testthat/test-ocean-cube-baseline.R",FALSE,TRUE,"artifacts",FALSE,FALSE,FALSE,TRUE,TRUE,FALSE,FALSE,"","ignore","",FALSE,"git ls-files: not tracked; matched current ignore rules; classified as artifacts; path/type indicates generated output",""
"artifacts/h24-final/oceancube.Rcheck/tests/testthat/test-ocean-cube-contract.R",FALSE,TRUE,"artifacts",FALSE,FALSE,FALSE,TRUE,TRUE,FALSE,FALSE,"","ignore","",FALSE,"git ls-files: not tracked; matched current ignore rules; classified as artifacts; path/type indicates generated output",""
"artifacts/h24-final/oceancube.Rcheck/tests/testthat/test-ocean-cube.R",FALSE,TRUE,"artifacts",FALSE,FALSE,FALSE,TRUE,TRUE,FALSE,FALSE,"","ignore","",FALSE,"git ls-files: not tracked; matched current ignore rules; classified as artifacts; path/type indicates generated output",""
"artifacts/h24-final/oceancube.Rcheck/tests/testthat/test-package-boundary-spatind.R",FALSE,TRUE,"artifacts",FALSE,FALSE,FALSE,TRUE,TRUE,FALSE,FALSE,"","ignore","",FALSE,"git ls-files: not tracked; matched current ignore rules; classified as artifacts; path/type indicates generated output",""
"artifacts/h24-final/oceancube.Rcheck/tests/testthat/test-read-nc-baseline.R",FALSE,TRUE,"artifacts",FALSE,FALSE,FALSE,TRUE,TRUE,FALSE,FALSE,"","ignore","",FALSE,"git ls-files: not tracked; matched current ignore rules; classified as artifacts; path/type indicates generated output",""
"artifacts/h24-final/oceancube.Rcheck/tests/testthat/test-refactor-coast-dist-backend.R",FALSE,TRUE,"artifacts",FALSE,FALSE,FALSE,TRUE,TRUE,FALSE,FALSE,"","ignore","",FALSE,"git ls-files: not tracked; matched current ignore rules; classified as artifacts; path/type indicates generated output",""
"artifacts/h24-final/oceancube.Rcheck/tests/testthat/test-refactor-layer-annual-backend.R",FALSE,TRUE,"artifacts",FALSE,FALSE,FALSE,TRUE,TRUE,FALSE,FALSE,"","ignore","",FALSE,"git ls-files: not tracked; matched current ignore rules; classified as artifacts; path/type indicates generated output",""
"artifacts/h24-final/oceancube.Rcheck/tests/testthat/test-refactor-link-events-backend.R",FALSE,TRUE,"artifacts",FALSE,FALSE,FALSE,TRUE,TRUE,FALSE,FALSE,"","ignore","",FALSE,"git ls-files: not tracked; matched current ignore rules; classified as artifacts; path/type indicates generated output",""
"artifacts/h24-final/oceancube.Rcheck/tests/testthat/test-refactor-temporal-backend.R",FALSE,TRUE,"artifacts",FALSE,FALSE,FALSE,TRUE,TRUE,FALSE,FALSE,"","ignore","",FALSE,"git ls-files: not tracked; matched current ignore rules; classified as artifacts; path/type indicates generated output",""
"artifacts/h24-final/oceancube.Rcheck/tests/testthat/test-release-contract.R",FALSE,TRUE,"artifacts",FALSE,FALSE,FALSE,TRUE,TRUE,FALSE,FALSE,"","ignore","",FALSE,"git ls-files: not tracked; matched current ignore rules; classified as artifacts; path/type indicates generated output",""
"artifacts/h24-final/oceancube.Rcheck/tests/testthat/test-scientific-baseline.R",FALSE,TRUE,"artifacts",FALSE,FALSE,FALSE,TRUE,TRUE,FALSE,FALSE,"","ignore","",FALSE,"git ls-files: not tracked; matched current ignore rules; classified as artifacts; path/type indicates generated output",""
"artifacts/h24-final/oceancube_0.1.0.tar.gz",FALSE,TRUE,"artifacts",FALSE,FALSE,FALSE,TRUE,TRUE,FALSE,FALSE,"","ignore","",FALSE,"git ls-files: not tracked; matched current ignore rules; classified as artifacts; path/type indicates generated output",""
"artifacts/h24-final/site-complete/katex-auto.js",FALSE,TRUE,"artifacts",FALSE,FALSE,FALSE,TRUE,TRUE,FALSE,TRUE,"","ignore","",FALSE,"git ls-files: not tracked; matched current ignore rules; classified as artifacts; path/type indicates generated output",""
"artifacts/h24-final/site-complete/lightswitch.js",FALSE,TRUE,"artifacts",FALSE,FALSE,FALSE,TRUE,TRUE,FALSE,TRUE,"","ignore","",FALSE,"git ls-files: not tracked; matched current ignore rules; classified as artifacts; path/type indicates generated output",""
"artifacts/h24-final/site-complete/link.svg",FALSE,TRUE,"figures",FALSE,FALSE,FALSE,FALSE,FALSE,FALSE,FALSE,"","ignore","",FALSE,"git ls-files: not tracked; matched current ignore rules; classified as figures; path/type does not establish generated output",""
"artifacts/h24-final/site-complete/pkgdown.js",FALSE,TRUE,"artifacts",FALSE,FALSE,FALSE,TRUE,TRUE,FALSE,TRUE,"","ignore","",FALSE,"git ls-files: not tracked; matched current ignore rules; classified as artifacts; path/type indicates generated output",""
"artifacts/h24-final/site-installed/404.html",FALSE,TRUE,"rendered HTML",FALSE,FALSE,FALSE,TRUE,TRUE,FALSE,TRUE,"","ignore","",FALSE,"git ls-files: not tracked; matched current ignore rules; classified as rendered HTML; path/type indicates generated output",""
"artifacts/h24-final/site-installed/404.md",FALSE,TRUE,"artifacts",FALSE,FALSE,FALSE,TRUE,TRUE,FALSE,FALSE,"","ignore","",FALSE,"git ls-files: not tracked; matched current ignore rules; classified as artifacts; path/type indicates generated output",""
"artifacts/h24-final/site-installed/articles/get-started.html",FALSE,TRUE,"rendered HTML",FALSE,FALSE,FALSE,TRUE,TRUE,FALSE,TRUE,"","ignore","",FALSE,"git ls-files: not tracked; matched current ignore rules; classified as rendered HTML; path/type indicates generated output",""
"artifacts/h24-final/site-installed/articles/get-started.md",FALSE,TRUE,"artifacts",FALSE,FALSE,FALSE,TRUE,TRUE,FALSE,TRUE,"","ignore","",FALSE,"git ls-files: not tracked; matched current ignore rules; classified as artifacts; path/type indicates generated output",""
"artifacts/h24-final/site-installed/articles/index.html",FALSE,TRUE,"rendered HTML",FALSE,FALSE,FALSE,TRUE,TRUE,FALSE,TRUE,"","ignore","",FALSE,"git ls-files: not tracked; matched current ignore rules; classified as rendered HTML; path/type indicates generated output",""
"artifacts/h24-final/site-installed/articles/index.md",FALSE,TRUE,"artifacts",FALSE,FALSE,FALSE,TRUE,TRUE,FALSE,TRUE,"","ignore","",FALSE,"git ls-files: not tracked; matched current ignore rules; classified as artifacts; path/type indicates generated output",""
"artifacts/h24-final/site-installed/articles/oceancube-architecture.html",FALSE,TRUE,"rendered HTML",FALSE,FALSE,FALSE,TRUE,TRUE,FALSE,TRUE,"","ignore","",FALSE,"git ls-files: not tracked; matched current ignore rules; classified as rendered HTML; path/type indicates generated output",""
"artifacts/h24-final/site-installed/articles/oceancube-architecture.md",FALSE,TRUE,"artifacts",FALSE,FALSE,FALSE,TRUE,TRUE,FALSE,TRUE,"","ignore","",FALSE,"git ls-files: not tracked; matched current ignore rules; classified as artifacts; path/type indicates generated output",""
"artifacts/h24-final/site-installed/articles/oceancube-geometry-weights.html",FALSE,TRUE,"rendered HTML",FALSE,FALSE,FALSE,TRUE,TRUE,FALSE,TRUE,"","ignore","",FALSE,"git ls-files: not tracked; matched current ignore rules; classified as rendered HTML; path/type indicates generated output",""
"artifacts/h24-final/site-installed/articles/oceancube-geometry-weights.md",FALSE,TRUE,"artifacts",FALSE,FALSE,FALSE,TRUE,TRUE,FALSE,TRUE,"","ignore","",FALSE,"git ls-files: not tracked; matched current ignore rules; classified as artifacts; path/type indicates generated output",""
"artifacts/h24-final/site-installed/articles/oceancube-introduction.html",FALSE,TRUE,"rendered HTML",FALSE,FALSE,FALSE,TRUE,TRUE,FALSE,TRUE,"","ignore","",FALSE,"git ls-files: not tracked; matched current ignore rules; classified as rendered HTML; path/type indicates generated output",""
"artifacts/h24-final/site-installed/articles/oceancube-introduction.md",FALSE,TRUE,"artifacts",FALSE,FALSE,FALSE,TRUE,TRUE,FALSE,TRUE,"","ignore","",FALSE,"git ls-files: not tracked; matched current ignore rules; classified as artifacts; path/type indicates generated output",""
"artifacts/h24-final/site-installed/authors.html",FALSE,TRUE,"rendered HTML",FALSE,FALSE,FALSE,TRUE,TRUE,FALSE,TRUE,"","ignore","",FALSE,"git ls-files: not tracked; matched current ignore rules; classified as rendered HTML; path/type indicates generated output",""
"artifacts/h24-final/site-installed/authors.md",FALSE,TRUE,"artifacts",FALSE,FALSE,FALSE,TRUE,TRUE,FALSE,TRUE,"","ignore","",FALSE,"git ls-files: not tracked; matched current ignore rules; classified as artifacts; path/type indicates generated output",""
"artifacts/h24-final/site-installed/CODE_OF_CONDUCT.html",FALSE,TRUE,"rendered HTML",FALSE,FALSE,FALSE,TRUE,TRUE,FALSE,TRUE,"","ignore","",FALSE,"git ls-files: not tracked; matched current ignore rules; classified as rendered HTML; path/type indicates generated output",""
"artifacts/h24-final/site-installed/CODE_OF_CONDUCT.md",FALSE,TRUE,"artifacts",FALSE,FALSE,FALSE,TRUE,TRUE,FALSE,FALSE,"","ignore","",FALSE,"git ls-files: not tracked; matched current ignore rules; classified as artifacts; path/type indicates generated output",""
"artifacts/h24-final/site-installed/CONTRIBUTING.html",FALSE,TRUE,"rendered HTML",FALSE,FALSE,FALSE,TRUE,TRUE,FALSE,TRUE,"","ignore","",FALSE,"git ls-files: not tracked; matched current ignore rules; classified as rendered HTML; path/type indicates generated output",""
"artifacts/h24-final/site-installed/CONTRIBUTING.md",FALSE,TRUE,"artifacts",FALSE,FALSE,FALSE,TRUE,TRUE,FALSE,FALSE,"","ignore","",FALSE,"git ls-files: not tracked; matched current ignore rules; classified as artifacts; path/type indicates generated output",""
"artifacts/h24-final/site-installed/deps/bootstrap-5.3.1/bootstrap.bundle.min.js",FALSE,TRUE,"artifacts",FALSE,FALSE,FALSE,TRUE,TRUE,FALSE,TRUE,"","ignore","",FALSE,"git ls-files: not tracked; matched current ignore rules; classified as artifacts; path/type indicates generated output",""
"artifacts/h24-final/site-installed/deps/bootstrap-5.3.1/bootstrap.bundle.min.js.map",FALSE,TRUE,"artifacts",FALSE,FALSE,FALSE,TRUE,TRUE,FALSE,FALSE,"","ignore","",FALSE,"git ls-files: not tracked; matched current ignore rules; classified as artifacts; path/type indicates generated output",""
"artifacts/h24-final/site-installed/deps/bootstrap-5.3.1/bootstrap.min.css",FALSE,TRUE,"artifacts",FALSE,FALSE,FALSE,TRUE,TRUE,FALSE,TRUE,"","ignore","",FALSE,"git ls-files: not tracked; matched current ignore rules; classified as artifacts; path/type indicates generated output",""
"artifacts/h24-final/site-installed/deps/bootstrap-toc-1.0.1/bootstrap-toc.min.js",FALSE,TRUE,"artifacts",FALSE,FALSE,FALSE,TRUE,TRUE,FALSE,TRUE,"","ignore","",FALSE,"git ls-files: not tracked; matched current ignore rules; classified as artifacts; path/type indicates generated output",""
"artifacts/h24-final/site-installed/deps/clipboard.js-2.0.11/clipboard.min.js",FALSE,TRUE,"artifacts",FALSE,FALSE,FALSE,TRUE,TRUE,FALSE,TRUE,"","ignore","",FALSE,"git ls-files: not tracked; matched current ignore rules; classified as artifacts; path/type indicates generated output",""
"artifacts/h24-final/site-installed/deps/data-deps.txt",FALSE,TRUE,"artifacts",FALSE,FALSE,FALSE,TRUE,TRUE,FALSE,FALSE,"","ignore","",FALSE,"git ls-files: not tracked; matched current ignore rules; classified as artifacts; path/type indicates generated output",""
"artifacts/h24-final/site-installed/deps/font-awesome-6.5.2/css/all.css",FALSE,TRUE,"artifacts",FALSE,FALSE,FALSE,TRUE,TRUE,FALSE,TRUE,"","ignore","",FALSE,"git ls-files: not tracked; matched current ignore rules; classified as artifacts; path/type indicates generated output",""
"artifacts/h24-final/site-installed/deps/font-awesome-6.5.2/css/all.min.css",FALSE,TRUE,"artifacts",FALSE,FALSE,FALSE,TRUE,TRUE,FALSE,TRUE,"","ignore","",FALSE,"git ls-files: not tracked; matched current ignore rules; classified as artifacts; path/type indicates generated output",""
"artifacts/h24-final/site-installed/deps/font-awesome-6.5.2/css/v4-shims.css",FALSE,TRUE,"artifacts",FALSE,FALSE,FALSE,TRUE,TRUE,FALSE,TRUE,"","ignore","",FALSE,"git ls-files: not tracked; matched current ignore rules; classified as artifacts; path/type indicates generated output",""
"artifacts/h24-final/site-installed/deps/font-awesome-6.5.2/css/v4-shims.min.css",FALSE,TRUE,"artifacts",FALSE,FALSE,FALSE,TRUE,TRUE,FALSE,TRUE,"","ignore","",FALSE,"git ls-files: not tracked; matched current ignore rules; classified as artifacts; path/type indicates generated output",""
"artifacts/h24-final/site-installed/deps/font-awesome-6.5.2/webfonts/fa-brands-400.ttf",FALSE,TRUE,"artifacts",FALSE,FALSE,FALSE,TRUE,TRUE,FALSE,FALSE,"","ignore","",FALSE,"git ls-files: not tracked; matched current ignore rules; classified as artifacts; path/type indicates generated output",""
"artifacts/h24-final/site-installed/deps/font-awesome-6.5.2/webfonts/fa-brands-400.woff2",FALSE,TRUE,"artifacts",FALSE,FALSE,FALSE,TRUE,TRUE,FALSE,FALSE,"","ignore","",FALSE,"git ls-files: not tracked; matched current ignore rules; classified as artifacts; path/type indicates generated output",""
"artifacts/h24-final/site-installed/deps/font-awesome-6.5.2/webfonts/fa-regular-400.ttf",FALSE,TRUE,"artifacts",FALSE,FALSE,FALSE,TRUE,TRUE,FALSE,FALSE,"","ignore","",FALSE,"git ls-files: not tracked; matched current ignore rules; classified as artifacts; path/type indicates generated output",""
"artifacts/h24-final/site-installed/deps/font-awesome-6.5.2/webfonts/fa-regular-400.woff2",FALSE,TRUE,"artifacts",FALSE,FALSE,FALSE,TRUE,TRUE,FALSE,FALSE,"","ignore","",FALSE,"git ls-files: not tracked; matched current ignore rules; classified as artifacts; path/type indicates generated output",""
"artifacts/h24-final/site-installed/deps/font-awesome-6.5.2/webfonts/fa-solid-900.ttf",FALSE,TRUE,"artifacts",FALSE,FALSE,FALSE,TRUE,TRUE,FALSE,FALSE,"","ignore","",FALSE,"git ls-files: not tracked; matched current ignore rules; classified as artifacts; path/type indicates generated output",""
"artifacts/h24-final/site-installed/deps/font-awesome-6.5.2/webfonts/fa-solid-900.woff2",FALSE,TRUE,"artifacts",FALSE,FALSE,FALSE,TRUE,TRUE,FALSE,FALSE,"","ignore","",FALSE,"git ls-files: not tracked; matched current ignore rules; classified as artifacts; path/type indicates generated output",""
"artifacts/h24-final/site-installed/deps/font-awesome-6.5.2/webfonts/fa-v4compatibility.ttf",FALSE,TRUE,"artifacts",FALSE,FALSE,FALSE,TRUE,TRUE,FALSE,FALSE,"","ignore","",FALSE,"git ls-files: not tracked; matched current ignore rules; classified as artifacts; path/type indicates generated output",""
"artifacts/h24-final/site-installed/deps/font-awesome-6.5.2/webfonts/fa-v4compatibility.woff2",FALSE,TRUE,"artifacts",FALSE,FALSE,FALSE,TRUE,TRUE,FALSE,FALSE,"","ignore","",FALSE,"git ls-files: not tracked; matched current ignore rules; classified as artifacts; path/type indicates generated output",""
"artifacts/h24-final/site-installed/deps/headroom-0.11.0/headroom.min.js",FALSE,TRUE,"artifacts",FALSE,FALSE,FALSE,TRUE,TRUE,FALSE,TRUE,"","ignore","",FALSE,"git ls-files: not tracked; matched current ignore rules; classified as artifacts; path/type indicates generated output",""
"artifacts/h24-final/site-installed/deps/headroom-0.11.0/jQuery.headroom.min.js",FALSE,TRUE,"artifacts",FALSE,FALSE,FALSE,TRUE,TRUE,FALSE,TRUE,"","ignore","",FALSE,"git ls-files: not tracked; matched current ignore rules; classified as artifacts; path/type indicates generated output",""
"artifacts/h24-final/site-installed/deps/jquery-3.6.0/jquery-3.6.0.js",FALSE,TRUE,"artifacts",FALSE,FALSE,FALSE,TRUE,TRUE,FALSE,TRUE,"","ignore","",FALSE,"git ls-files: not tracked; matched current ignore rules; classified as artifacts; path/type indicates generated output",""
"artifacts/h24-final/site-installed/deps/jquery-3.6.0/jquery-3.6.0.min.js",FALSE,TRUE,"artifacts",FALSE,FALSE,FALSE,TRUE,TRUE,FALSE,TRUE,"","ignore","",FALSE,"git ls-files: not tracked; matched current ignore rules; classified as artifacts; path/type indicates generated output",""
"artifacts/h24-final/site-installed/deps/jquery-3.6.0/jquery-3.6.0.min.map",FALSE,TRUE,"artifacts",FALSE,FALSE,FALSE,TRUE,TRUE,FALSE,FALSE,"","ignore","",FALSE,"git ls-files: not tracked; matched current ignore rules; classified as artifacts; path/type indicates generated output",""
"artifacts/h24-final/site-installed/deps/search-1.0.0/autocomplete.jquery.min.js",FALSE,TRUE,"artifacts",FALSE,FALSE,FALSE,TRUE,TRUE,FALSE,TRUE,"","ignore","",FALSE,"git ls-files: not tracked; matched current ignore rules; classified as artifacts; path/type indicates generated output",""
"artifacts/h24-final/site-installed/deps/search-1.0.0/fuse.min.js",FALSE,TRUE,"artifacts",FALSE,FALSE,FALSE,TRUE,TRUE,FALSE,TRUE,"","ignore","",FALSE,"git ls-files: not tracked; matched current ignore rules; classified as artifacts; path/type indicates generated output",""
"artifacts/h24-final/site-installed/deps/search-1.0.0/mark.min.js",FALSE,TRUE,"artifacts",FALSE,FALSE,FALSE,TRUE,TRUE,FALSE,TRUE,"","ignore","",FALSE,"git ls-files: not tracked; matched current ignore rules; classified as artifacts; path/type indicates generated output",""
"artifacts/h24-final/site-installed/index.html",FALSE,TRUE,"rendered HTML",FALSE,FALSE,FALSE,TRUE,TRUE,FALSE,TRUE,"","ignore","",FALSE,"git ls-files: not tracked; matched current ignore rules; classified as rendered HTML; path/type indicates generated output",""
"artifacts/h24-final/site-installed/index.md",FALSE,TRUE,"artifacts",FALSE,FALSE,FALSE,TRUE,TRUE,FALSE,TRUE,"","ignore","",FALSE,"git ls-files: not tracked; matched current ignore rules; classified as artifacts; path/type indicates generated output",""
"artifacts/h24-final/site-installed/katex-auto.js",FALSE,TRUE,"artifacts",FALSE,FALSE,FALSE,TRUE,TRUE,FALSE,TRUE,"","ignore","",FALSE,"git ls-files: not tracked; matched current ignore rules; classified as artifacts; path/type indicates generated output",""
"artifacts/h24-final/site-installed/LICENSE-text.html",FALSE,TRUE,"rendered HTML",FALSE,FALSE,FALSE,TRUE,TRUE,FALSE,TRUE,"","ignore","",FALSE,"git ls-files: not tracked; matched current ignore rules; classified as rendered HTML; path/type indicates generated output",""
"artifacts/h24-final/site-installed/LICENSE-text.md",FALSE,TRUE,"artifacts",FALSE,FALSE,FALSE,TRUE,TRUE,FALSE,FALSE,"","ignore","",FALSE,"git ls-files: not tracked; matched current ignore rules; classified as artifacts; path/type indicates generated output",""
"artifacts/h24-final/site-installed/lightswitch.js",FALSE,TRUE,"artifacts",FALSE,FALSE,FALSE,TRUE,TRUE,FALSE,TRUE,"","ignore","",FALSE,"git ls-files: not tracked; matched current ignore rules; classified as artifacts; path/type indicates generated output",""
"artifacts/h24-final/site-installed/link.svg",FALSE,TRUE,"figures",FALSE,FALSE,FALSE,FALSE,FALSE,FALSE,FALSE,"","ignore","",FALSE,"git ls-files: not tracked; matched current ignore rules; classified as figures; path/type does not establish generated output",""
"artifacts/h24-final/site-installed/llms.txt",FALSE,TRUE,"artifacts",FALSE,FALSE,FALSE,TRUE,TRUE,FALSE,TRUE,"","ignore","",FALSE,"git ls-files: not tracked; matched current ignore rules; classified as artifacts; path/type indicates generated output",""
"artifacts/h24-final/site-installed/news/index.html",FALSE,TRUE,"rendered HTML",FALSE,FALSE,FALSE,TRUE,TRUE,FALSE,TRUE,"","ignore","",FALSE,"git ls-files: not tracked; matched current ignore rules; classified as rendered HTML; path/type indicates generated output",""
"artifacts/h24-final/site-installed/news/index.md",FALSE,TRUE,"artifacts",FALSE,FALSE,FALSE,TRUE,TRUE,FALSE,TRUE,"","ignore","",FALSE,"git ls-files: not tracked; matched current ignore rules; classified as artifacts; path/type indicates generated output",""
"artifacts/h24-final/site-installed/pkgdown.js",FALSE,TRUE,"artifacts",FALSE,FALSE,FALSE,TRUE,TRUE,FALSE,TRUE,"","ignore","",FALSE,"git ls-files: not tracked; matched current ignore rules; classified as artifacts; path/type indicates generated output",""
"artifacts/h24-final/site-installed/pkgdown.yml",FALSE,TRUE,"artifacts",FALSE,FALSE,FALSE,TRUE,TRUE,FALSE,TRUE,"","ignore","",FALSE,"git ls-files: not tracked; matched current ignore rules; classified as artifacts; path/type indicates generated output",""
"artifacts/h24-final/site-installed/reference/annual_index.html",FALSE,TRUE,"rendered HTML",FALSE,FALSE,FALSE,TRUE,TRUE,FALSE,TRUE,"","ignore","",FALSE,"git ls-files: not tracked; matched current ignore rules; classified as rendered HTML; path/type indicates generated output",""
"artifacts/h24-final/site-installed/reference/annual_index.md",FALSE,TRUE,"artifacts",FALSE,FALSE,FALSE,TRUE,TRUE,FALSE,FALSE,"","ignore","",FALSE,"git ls-files: not tracked; matched current ignore rules; classified as artifacts; path/type indicates generated output",""
"artifacts/h24-final/site-installed/reference/anom_diff.html",FALSE,TRUE,"rendered HTML",FALSE,FALSE,FALSE,TRUE,TRUE,FALSE,TRUE,"","ignore","",FALSE,"git ls-files: not tracked; matched current ignore rules; classified as rendered HTML; path/type indicates generated output",""
"artifacts/h24-final/site-installed/reference/anom_diff.md",FALSE,TRUE,"artifacts",FALSE,FALSE,FALSE,TRUE,TRUE,FALSE,TRUE,"","ignore","",FALSE,"git ls-files: not tracked; matched current ignore rules; classified as artifacts; path/type indicates generated output",""
"artifacts/h24-final/site-installed/reference/anom_z.html",FALSE,TRUE,"rendered HTML",FALSE,FALSE,FALSE,TRUE,TRUE,FALSE,TRUE,"","ignore","",FALSE,"git ls-files: not tracked; matched current ignore rules; classified as rendered HTML; path/type indicates generated output",""
"artifacts/h24-final/site-installed/reference/anom_z.md",FALSE,TRUE,"artifacts",FALSE,FALSE,FALSE,TRUE,TRUE,FALSE,TRUE,"","ignore","",FALSE,"git ls-files: not tracked; matched current ignore rules; classified as artifacts; path/type indicates generated output",""
"artifacts/h24-final/site-installed/reference/clim_day.html",FALSE,TRUE,"rendered HTML",FALSE,FALSE,FALSE,TRUE,TRUE,FALSE,TRUE,"","ignore","",FALSE,"git ls-files: not tracked; matched current ignore rules; classified as rendered HTML; path/type indicates generated output",""
"artifacts/h24-final/site-installed/reference/clim_day.md",FALSE,TRUE,"artifacts",FALSE,FALSE,FALSE,TRUE,TRUE,FALSE,FALSE,"","ignore","",FALSE,"git ls-files: not tracked; matched current ignore rules; classified as artifacts; path/type indicates generated output",""
"artifacts/h24-final/site-installed/reference/clim_month.html",FALSE,TRUE,"rendered HTML",FALSE,FALSE,FALSE,TRUE,TRUE,FALSE,TRUE,"","ignore","",FALSE,"git ls-files: not tracked; matched current ignore rules; classified as rendered HTML; path/type indicates generated output",""
"artifacts/h24-final/site-installed/reference/clim_month.md",FALSE,TRUE,"artifacts",FALSE,FALSE,FALSE,TRUE,TRUE,FALSE,FALSE,"","ignore","",FALSE,"git ls-files: not tracked; matched current ignore rules; classified as artifacts; path/type indicates generated output",""
"artifacts/h24-final/site-installed/reference/cm_connect.html",FALSE,TRUE,"rendered HTML",FALSE,FALSE,FALSE,TRUE,TRUE,FALSE,TRUE,"","ignore","",FALSE,"git ls-files: not tracked; matched current ignore rules; classified as rendered HTML; path/type indicates generated output",""
"artifacts/h24-final/site-installed/reference/cm_connect.md",FALSE,TRUE,"artifacts",FALSE,FALSE,FALSE,TRUE,TRUE,FALSE,FALSE,"","ignore","",FALSE,"git ls-files: not tracked; matched current ignore rules; classified as artifacts; path/type indicates generated output",""
"artifacts/h24-final/site-installed/reference/cm_setup.html",FALSE,TRUE,"rendered HTML",FALSE,FALSE,FALSE,TRUE,TRUE,FALSE,TRUE,"","ignore","",FALSE,"git ls-files: not tracked; matched current ignore rules; classified as rendered HTML; path/type indicates generated output",""
"artifacts/h24-final/site-installed/reference/cm_setup.md",FALSE,TRUE,"artifacts",FALSE,FALSE,FALSE,TRUE,TRUE,FALSE,FALSE,"","ignore","",FALSE,"git ls-files: not tracked; matched current ignore rules; classified as artifacts; path/type indicates generated output",""
"artifacts/h24-final/site-installed/reference/coast_dist.html",FALSE,TRUE,"rendered HTML",FALSE,FALSE,FALSE,TRUE,TRUE,FALSE,TRUE,"","ignore","",FALSE,"git ls-files: not tracked; matched current ignore rules; classified as rendered HTML; path/type indicates generated output",""
"artifacts/h24-final/site-installed/reference/coast_dist.md",FALSE,TRUE,"artifacts",FALSE,FALSE,FALSE,TRUE,TRUE,FALSE,TRUE,"","ignore","",FALSE,"git ls-files: not tracked; matched current ignore rules; classified as artifacts; path/type indicates generated output",""
"artifacts/h24-final/site-installed/reference/crop_stock.html",FALSE,TRUE,"rendered HTML",FALSE,FALSE,FALSE,TRUE,TRUE,FALSE,TRUE,"","ignore","",FALSE,"git ls-files: not tracked; matched current ignore rules; classified as rendered HTML; path/type indicates generated output",""
"artifacts/h24-final/site-installed/reference/crop_stock.md",FALSE,TRUE,"artifacts",FALSE,FALSE,FALSE,TRUE,TRUE,FALSE,FALSE,"","ignore","",FALSE,"git ls-files: not tracked; matched current ignore rules; classified as artifacts; path/type indicates generated output",""
"artifacts/h24-final/site-installed/reference/cube_cell_area.html",FALSE,TRUE,"rendered HTML",FALSE,FALSE,FALSE,TRUE,TRUE,FALSE,TRUE,"","ignore","",FALSE,"git ls-files: not tracked; matched current ignore rules; classified as rendered HTML; path/type indicates generated output",""
"artifacts/h24-final/site-installed/reference/cube_cell_area.md",FALSE,TRUE,"artifacts",FALSE,FALSE,FALSE,TRUE,TRUE,FALSE,TRUE,"","ignore","",FALSE,"git ls-files: not tracked; matched current ignore rules; classified as artifacts; path/type indicates generated output",""
"artifacts/h24-final/site-installed/reference/cube_cell_volume.html",FALSE,TRUE,"rendered HTML",FALSE,FALSE,FALSE,TRUE,TRUE,FALSE,TRUE,"","ignore","",FALSE,"git ls-files: not tracked; matched current ignore rules; classified as rendered HTML; path/type indicates generated output",""
"artifacts/h24-final/site-installed/reference/cube_cell_volume.md",FALSE,TRUE,"artifacts",FALSE,FALSE,FALSE,TRUE,TRUE,FALSE,TRUE,"","ignore","",FALSE,"git ls-files: not tracked; matched current ignore rules; classified as artifacts; path/type indicates generated output",""
"artifacts/h24-final/site-installed/reference/cube_collect.html",FALSE,TRUE,"rendered HTML",FALSE,FALSE,FALSE,TRUE,TRUE,FALSE,TRUE,"","ignore","",FALSE,"git ls-files: not tracked; matched current ignore rules; classified as rendered HTML; path/type indicates generated output",""
"artifacts/h24-final/site-installed/reference/cube_collect.md",FALSE,TRUE,"artifacts",FALSE,FALSE,FALSE,TRUE,TRUE,FALSE,FALSE,"","ignore","",FALSE,"git ls-files: not tracked; matched current ignore rules; classified as artifacts; path/type indicates generated output",""
"artifacts/h24-final/site-installed/reference/cube_crop.html",FALSE,TRUE,"rendered HTML",FALSE,FALSE,FALSE,TRUE,TRUE,FALSE,TRUE,"","ignore","",FALSE,"git ls-files: not tracked; matched current ignore rules; classified as rendered HTML; path/type indicates generated output",""
"artifacts/h24-final/site-installed/reference/cube_crop.md",FALSE,TRUE,"artifacts",FALSE,FALSE,FALSE,TRUE,TRUE,FALSE,TRUE,"","ignore","",FALSE,"git ls-files: not tracked; matched current ignore rules; classified as artifacts; path/type indicates generated output",""
"artifacts/h24-final/site-installed/reference/cube_extract.html",FALSE,TRUE,"rendered HTML",FALSE,FALSE,FALSE,TRUE,TRUE,FALSE,TRUE,"","ignore","",FALSE,"git ls-files: not tracked; matched current ignore rules; classified as rendered HTML; path/type indicates generated output",""
"artifacts/h24-final/site-installed/reference/cube_extract.md",FALSE,TRUE,"artifacts",FALSE,FALSE,FALSE,TRUE,TRUE,FALSE,TRUE,"","ignore","",FALSE,"git ls-files: not tracked; matched current ignore rules; classified as artifacts; path/type indicates generated output",""
"artifacts/h24-final/site-installed/reference/cube_layer_thickness.html",FALSE,TRUE,"rendered HTML",FALSE,FALSE,FALSE,TRUE,TRUE,FALSE,TRUE,"","ignore","",FALSE,"git ls-files: not tracked; matched current ignore rules; classified as rendered HTML; path/type indicates generated output",""
"artifacts/h24-final/site-installed/reference/cube_layer_thickness.md",FALSE,TRUE,"artifacts",FALSE,FALSE,FALSE,TRUE,TRUE,FALSE,TRUE,"","ignore","",FALSE,"git ls-files: not tracked; matched current ignore rules; classified as artifacts; path/type indicates generated output",""
"artifacts/h24-final/site-installed/reference/cube_mask.html",FALSE,TRUE,"rendered HTML",FALSE,FALSE,FALSE,TRUE,TRUE,FALSE,TRUE,"","ignore","",FALSE,"git ls-files: not tracked; matched current ignore rules; classified as rendered HTML; path/type indicates generated output",""
"artifacts/h24-final/site-installed/reference/cube_mask.md",FALSE,TRUE,"artifacts",FALSE,FALSE,FALSE,TRUE,TRUE,FALSE,TRUE,"","ignore","",FALSE,"git ls-files: not tracked; matched current ignore rules; classified as artifacts; path/type indicates generated output",""
"artifacts/h24-final/site-installed/reference/cube_polygon_weights.html",FALSE,TRUE,"rendered HTML",FALSE,FALSE,FALSE,TRUE,TRUE,FALSE,TRUE,"","ignore","",FALSE,"git ls-files: not tracked; matched current ignore rules; classified as rendered HTML; path/type indicates generated output",""
"artifacts/h24-final/site-installed/reference/cube_polygon_weights.md",FALSE,TRUE,"artifacts",FALSE,FALSE,FALSE,TRUE,TRUE,FALSE,TRUE,"","ignore","",FALSE,"git ls-files: not tracked; matched current ignore rules; classified as artifacts; path/type indicates generated output",""
"artifacts/h24-final/site-installed/reference/cube_slice.html",FALSE,TRUE,"rendered HTML",FALSE,FALSE,FALSE,TRUE,TRUE,FALSE,TRUE,"","ignore","",FALSE,"git ls-files: not tracked; matched current ignore rules; classified as rendered HTML; path/type indicates generated output",""
"artifacts/h24-final/site-installed/reference/cube_slice.md",FALSE,TRUE,"artifacts",FALSE,FALSE,FALSE,TRUE,TRUE,FALSE,TRUE,"","ignore","",FALSE,"git ls-files: not tracked; matched current ignore rules; classified as artifacts; path/type indicates generated output",""
"artifacts/h24-final/site-installed/reference/cube_transect.html",FALSE,TRUE,"rendered HTML",FALSE,FALSE,FALSE,TRUE,TRUE,FALSE,TRUE,"","ignore","",FALSE,"git ls-files: not tracked; matched current ignore rules; classified as rendered HTML; path/type indicates generated output",""
"artifacts/h24-final/site-installed/reference/cube_transect.md",FALSE,TRUE,"artifacts",FALSE,FALSE,FALSE,TRUE,TRUE,FALSE,TRUE,"","ignore","",FALSE,"git ls-files: not tracked; matched current ignore rules; classified as artifacts; path/type indicates generated output",""
"artifacts/h24-final/site-installed/reference/download_nc.html",FALSE,TRUE,"rendered HTML",FALSE,FALSE,FALSE,TRUE,TRUE,FALSE,TRUE,"","ignore","",FALSE,"git ls-files: not tracked; matched current ignore rules; classified as rendered HTML; path/type indicates generated output",""
"artifacts/h24-final/site-installed/reference/download_nc.md",FALSE,TRUE,"artifacts",FALSE,FALSE,FALSE,TRUE,TRUE,FALSE,FALSE,"","ignore","",FALSE,"git ls-files: not tracked; matched current ignore rules; classified as artifacts; path/type indicates generated output",""
"artifacts/h24-final/site-installed/reference/index.html",FALSE,TRUE,"rendered HTML",FALSE,FALSE,FALSE,TRUE,TRUE,FALSE,TRUE,"","ignore","",FALSE,"git ls-files: not tracked; matched current ignore rules; classified as rendered HTML; path/type indicates generated output",""
"artifacts/h24-final/site-installed/reference/index.md",FALSE,TRUE,"artifacts",FALSE,FALSE,FALSE,TRUE,TRUE,FALSE,TRUE,"","ignore","",FALSE,"git ls-files: not tracked; matched current ignore rules; classified as artifacts; path/type indicates generated output",""
"artifacts/h24-final/site-installed/reference/layer_mean.html",FALSE,TRUE,"rendered HTML",FALSE,FALSE,FALSE,TRUE,TRUE,FALSE,TRUE,"","ignore","",FALSE,"git ls-files: not tracked; matched current ignore rules; classified as rendered HTML; path/type indicates generated output",""
"artifacts/h24-final/site-installed/reference/layer_mean.md",FALSE,TRUE,"artifacts",FALSE,FALSE,FALSE,TRUE,TRUE,FALSE,FALSE,"","ignore","",FALSE,"git ls-files: not tracked; matched current ignore rules; classified as artifacts; path/type indicates generated output",""
"artifacts/h24-final/site-installed/reference/link_events.html",FALSE,TRUE,"rendered HTML",FALSE,FALSE,FALSE,TRUE,TRUE,FALSE,TRUE,"","ignore","",FALSE,"git ls-files: not tracked; matched current ignore rules; classified as rendered HTML; path/type indicates generated output",""
"artifacts/h24-final/site-installed/reference/link_events.md",FALSE,TRUE,"artifacts",FALSE,FALSE,FALSE,TRUE,TRUE,FALSE,FALSE,"","ignore","",FALSE,"git ls-files: not tracked; matched current ignore rules; classified as artifacts; path/type indicates generated output",""
"artifacts/h24-final/site-installed/reference/ocean_cube.html",FALSE,TRUE,"rendered HTML",FALSE,FALSE,FALSE,TRUE,TRUE,FALSE,TRUE,"","ignore","",FALSE,"git ls-files: not tracked; matched current ignore rules; classified as rendered HTML; path/type indicates generated output",""
"artifacts/h24-final/site-installed/reference/ocean_cube.md",FALSE,TRUE,"artifacts",FALSE,FALSE,FALSE,TRUE,TRUE,FALSE,FALSE,"","ignore","",FALSE,"git ls-files: not tracked; matched current ignore rules; classified as artifacts; path/type indicates generated output",""
"artifacts/h24-final/site-installed/reference/read_nc.html",FALSE,TRUE,"rendered HTML",FALSE,FALSE,FALSE,TRUE,TRUE,FALSE,TRUE,"","ignore","",FALSE,"git ls-files: not tracked; matched current ignore rules; classified as rendered HTML; path/type indicates generated output",""
"artifacts/h24-final/site-installed/reference/read_nc.md",FALSE,TRUE,"artifacts",FALSE,FALSE,FALSE,TRUE,TRUE,FALSE,FALSE,"","ignore","",FALSE,"git ls-files: not tracked; matched current ignore rules; classified as artifacts; path/type indicates generated output",""
"artifacts/h24-final/site-installed/reference/signal_noise.html",FALSE,TRUE,"rendered HTML",FALSE,FALSE,FALSE,TRUE,TRUE,FALSE,TRUE,"","ignore","",FALSE,"git ls-files: not tracked; matched current ignore rules; classified as rendered HTML; path/type indicates generated output",""
"artifacts/h24-final/site-installed/reference/signal_noise.md",FALSE,TRUE,"artifacts",FALSE,FALSE,FALSE,TRUE,TRUE,FALSE,TRUE,"","ignore","",FALSE,"git ls-files: not tracked; matched current ignore rules; classified as artifacts; path/type indicates generated output",""
"artifacts/h24-final/site-installed/reference/stock_mask.html",FALSE,TRUE,"rendered HTML",FALSE,FALSE,FALSE,TRUE,TRUE,FALSE,TRUE,"","ignore","",FALSE,"git ls-files: not tracked; matched current ignore rules; classified as rendered HTML; path/type indicates generated output",""
"artifacts/h24-final/site-installed/reference/stock_mask.md",FALSE,TRUE,"artifacts",FALSE,FALSE,FALSE,TRUE,TRUE,FALSE,FALSE,"","ignore","",FALSE,"git ls-files: not tracked; matched current ignore rules; classified as artifacts; path/type indicates generated output",""
"artifacts/h24-final/site-installed/reference/to_month.html",FALSE,TRUE,"rendered HTML",FALSE,FALSE,FALSE,TRUE,TRUE,FALSE,TRUE,"","ignore","",FALSE,"git ls-files: not tracked; matched current ignore rules; classified as rendered HTML; path/type indicates generated output",""
"artifacts/h24-final/site-installed/reference/to_month.md",FALSE,TRUE,"artifacts",FALSE,FALSE,FALSE,TRUE,TRUE,FALSE,FALSE,"","ignore","",FALSE,"git ls-files: not tracked; matched current ignore rules; classified as artifacts; path/type indicates generated output",""
"artifacts/h24-final/site-installed/search.json",FALSE,TRUE,"artifacts",FALSE,FALSE,FALSE,TRUE,TRUE,FALSE,TRUE,"","ignore","",FALSE,"git ls-files: not tracked; matched current ignore rules; classified as artifacts; path/type indicates generated output",""
"artifacts/h24-final/site-installed/sitemap.xml",FALSE,TRUE,"artifacts",FALSE,FALSE,FALSE,TRUE,TRUE,FALSE,FALSE,"","ignore","",FALSE,"git ls-files: not tracked; matched current ignore rules; classified as artifacts; path/type indicates generated output",""
"artifacts/h24-final/site-network/404.html",FALSE,TRUE,"rendered HTML",FALSE,FALSE,FALSE,TRUE,TRUE,FALSE,TRUE,"","ignore","",FALSE,"git ls-files: not tracked; matched current ignore rules; classified as rendered HTML; path/type indicates generated output",""
"artifacts/h24-final/site-network/articles/index.html",FALSE,TRUE,"rendered HTML",FALSE,FALSE,FALSE,TRUE,TRUE,FALSE,TRUE,"","ignore","",FALSE,"git ls-files: not tracked; matched current ignore rules; classified as rendered HTML; path/type indicates generated output",""
"artifacts/h24-final/site-network/authors.html",FALSE,TRUE,"rendered HTML",FALSE,FALSE,FALSE,TRUE,TRUE,FALSE,TRUE,"","ignore","",FALSE,"git ls-files: not tracked; matched current ignore rules; classified as rendered HTML; path/type indicates generated output",""
"artifacts/h24-final/site-network/CODE_OF_CONDUCT.html",FALSE,TRUE,"rendered HTML",FALSE,FALSE,FALSE,TRUE,TRUE,FALSE,TRUE,"","ignore","",FALSE,"git ls-files: not tracked; matched current ignore rules; classified as rendered HTML; path/type indicates generated output",""
"artifacts/h24-final/site-network/CONTRIBUTING.html",FALSE,TRUE,"rendered HTML",FALSE,FALSE,FALSE,TRUE,TRUE,FALSE,TRUE,"","ignore","",FALSE,"git ls-files: not tracked; matched current ignore rules; classified as rendered HTML; path/type indicates generated output",""
"artifacts/h24-final/site-network/deps/bootstrap-5.3.1/bootstrap.bundle.min.js",FALSE,TRUE,"artifacts",FALSE,FALSE,FALSE,TRUE,TRUE,FALSE,TRUE,"","ignore","",FALSE,"git ls-files: not tracked; matched current ignore rules; classified as artifacts; path/type indicates generated output",""
"artifacts/h24-final/site-network/deps/bootstrap-5.3.1/bootstrap.bundle.min.js.map",FALSE,TRUE,"artifacts",FALSE,FALSE,FALSE,TRUE,TRUE,FALSE,FALSE,"","ignore","",FALSE,"git ls-files: not tracked; matched current ignore rules; classified as artifacts; path/type indicates generated output",""
"artifacts/h24-final/site-network/deps/bootstrap-5.3.1/bootstrap.min.css",FALSE,TRUE,"artifacts",FALSE,FALSE,FALSE,TRUE,TRUE,FALSE,TRUE,"","ignore","",FALSE,"git ls-files: not tracked; matched current ignore rules; classified as artifacts; path/type indicates generated output",""
"artifacts/h24-final/site-network/deps/bootstrap-toc-1.0.1/bootstrap-toc.min.js",FALSE,TRUE,"artifacts",FALSE,FALSE,FALSE,TRUE,TRUE,FALSE,TRUE,"","ignore","",FALSE,"git ls-files: not tracked; matched current ignore rules; classified as artifacts; path/type indicates generated output",""
"artifacts/h24-final/site-network/deps/clipboard.js-2.0.11/clipboard.min.js",FALSE,TRUE,"artifacts",FALSE,FALSE,FALSE,TRUE,TRUE,FALSE,TRUE,"","ignore","",FALSE,"git ls-files: not tracked; matched current ignore rules; classified as artifacts; path/type indicates generated output",""
"artifacts/h24-final/site-network/deps/data-deps.txt",FALSE,TRUE,"artifacts",FALSE,FALSE,FALSE,TRUE,TRUE,FALSE,FALSE,"","ignore","",FALSE,"git ls-files: not tracked; matched current ignore rules; classified as artifacts; path/type indicates generated output",""
"artifacts/h24-final/site-network/deps/font-awesome-6.5.2/css/all.css",FALSE,TRUE,"artifacts",FALSE,FALSE,FALSE,TRUE,TRUE,FALSE,TRUE,"","ignore","",FALSE,"git ls-files: not tracked; matched current ignore rules; classified as artifacts; path/type indicates generated output",""
"artifacts/h24-final/site-network/deps/font-awesome-6.5.2/css/all.min.css",FALSE,TRUE,"artifacts",FALSE,FALSE,FALSE,TRUE,TRUE,FALSE,TRUE,"","ignore","",FALSE,"git ls-files: not tracked; matched current ignore rules; classified as artifacts; path/type indicates generated output",""
"artifacts/h24-final/site-network/deps/font-awesome-6.5.2/css/v4-shims.css",FALSE,TRUE,"artifacts",FALSE,FALSE,FALSE,TRUE,TRUE,FALSE,TRUE,"","ignore","",FALSE,"git ls-files: not tracked; matched current ignore rules; classified as artifacts; path/type indicates generated output",""
"artifacts/h24-final/site-network/deps/font-awesome-6.5.2/css/v4-shims.min.css",FALSE,TRUE,"artifacts",FALSE,FALSE,FALSE,TRUE,TRUE,FALSE,TRUE,"","ignore","",FALSE,"git ls-files: not tracked; matched current ignore rules; classified as artifacts; path/type indicates generated output",""
"artifacts/h24-final/site-network/deps/font-awesome-6.5.2/webfonts/fa-brands-400.ttf",FALSE,TRUE,"artifacts",FALSE,FALSE,FALSE,TRUE,TRUE,FALSE,FALSE,"","ignore","",FALSE,"git ls-files: not tracked; matched current ignore rules; classified as artifacts; path/type indicates generated output",""
"artifacts/h24-final/site-network/deps/font-awesome-6.5.2/webfonts/fa-brands-400.woff2",FALSE,TRUE,"artifacts",FALSE,FALSE,FALSE,TRUE,TRUE,FALSE,FALSE,"","ignore","",FALSE,"git ls-files: not tracked; matched current ignore rules; classified as artifacts; path/type indicates generated output",""
"artifacts/h24-final/site-network/deps/font-awesome-6.5.2/webfonts/fa-regular-400.ttf",FALSE,TRUE,"artifacts",FALSE,FALSE,FALSE,TRUE,TRUE,FALSE,FALSE,"","ignore","",FALSE,"git ls-files: not tracked; matched current ignore rules; classified as artifacts; path/type indicates generated output",""
"artifacts/h24-final/site-network/deps/font-awesome-6.5.2/webfonts/fa-regular-400.woff2",FALSE,TRUE,"artifacts",FALSE,FALSE,FALSE,TRUE,TRUE,FALSE,FALSE,"","ignore","",FALSE,"git ls-files: not tracked; matched current ignore rules; classified as artifacts; path/type indicates generated output",""
"artifacts/h24-final/site-network/deps/font-awesome-6.5.2/webfonts/fa-solid-900.ttf",FALSE,TRUE,"artifacts",FALSE,FALSE,FALSE,TRUE,TRUE,FALSE,FALSE,"","ignore","",FALSE,"git ls-files: not tracked; matched current ignore rules; classified as artifacts; path/type indicates generated output",""
"artifacts/h24-final/site-network/deps/font-awesome-6.5.2/webfonts/fa-solid-900.woff2",FALSE,TRUE,"artifacts",FALSE,FALSE,FALSE,TRUE,TRUE,FALSE,FALSE,"","ignore","",FALSE,"git ls-files: not tracked; matched current ignore rules; classified as artifacts; path/type indicates generated output",""
"artifacts/h24-final/site-network/deps/font-awesome-6.5.2/webfonts/fa-v4compatibility.ttf",FALSE,TRUE,"artifacts",FALSE,FALSE,FALSE,TRUE,TRUE,FALSE,FALSE,"","ignore","",FALSE,"git ls-files: not tracked; matched current ignore rules; classified as artifacts; path/type indicates generated output",""
"artifacts/h24-final/site-network/deps/font-awesome-6.5.2/webfonts/fa-v4compatibility.woff2",FALSE,TRUE,"artifacts",FALSE,FALSE,FALSE,TRUE,TRUE,FALSE,FALSE,"","ignore","",FALSE,"git ls-files: not tracked; matched current ignore rules; classified as artifacts; path/type indicates generated output",""
"artifacts/h24-final/site-network/deps/headroom-0.11.0/headroom.min.js",FALSE,TRUE,"artifacts",FALSE,FALSE,FALSE,TRUE,TRUE,FALSE,TRUE,"","ignore","",FALSE,"git ls-files: not tracked; matched current ignore rules; classified as artifacts; path/type indicates generated output",""
"artifacts/h24-final/site-network/deps/headroom-0.11.0/jQuery.headroom.min.js",FALSE,TRUE,"artifacts",FALSE,FALSE,FALSE,TRUE,TRUE,FALSE,TRUE,"","ignore","",FALSE,"git ls-files: not tracked; matched current ignore rules; classified as artifacts; path/type indicates generated output",""
"artifacts/h24-final/site-network/deps/jquery-3.6.0/jquery-3.6.0.js",FALSE,TRUE,"artifacts",FALSE,FALSE,FALSE,TRUE,TRUE,FALSE,TRUE,"","ignore","",FALSE,"git ls-files: not tracked; matched current ignore rules; classified as artifacts; path/type indicates generated output",""
"artifacts/h24-final/site-network/deps/jquery-3.6.0/jquery-3.6.0.min.js",FALSE,TRUE,"artifacts",FALSE,FALSE,FALSE,TRUE,TRUE,FALSE,TRUE,"","ignore","",FALSE,"git ls-files: not tracked; matched current ignore rules; classified as artifacts; path/type indicates generated output",""
"artifacts/h24-final/site-network/deps/jquery-3.6.0/jquery-3.6.0.min.map",FALSE,TRUE,"artifacts",FALSE,FALSE,FALSE,TRUE,TRUE,FALSE,FALSE,"","ignore","",FALSE,"git ls-files: not tracked; matched current ignore rules; classified as artifacts; path/type indicates generated output",""
"artifacts/h24-final/site-network/deps/search-1.0.0/autocomplete.jquery.min.js",FALSE,TRUE,"artifacts",FALSE,FALSE,FALSE,TRUE,TRUE,FALSE,TRUE,"","ignore","",FALSE,"git ls-files: not tracked; matched current ignore rules; classified as artifacts; path/type indicates generated output",""
"artifacts/h24-final/site-network/deps/search-1.0.0/fuse.min.js",FALSE,TRUE,"artifacts",FALSE,FALSE,FALSE,TRUE,TRUE,FALSE,TRUE,"","ignore","",FALSE,"git ls-files: not tracked; matched current ignore rules; classified as artifacts; path/type indicates generated output",""
"artifacts/h24-final/site-network/deps/search-1.0.0/mark.min.js",FALSE,TRUE,"artifacts",FALSE,FALSE,FALSE,TRUE,TRUE,FALSE,TRUE,"","ignore","",FALSE,"git ls-files: not tracked; matched current ignore rules; classified as artifacts; path/type indicates generated output",""
"artifacts/h24-final/site-network/index.html",FALSE,TRUE,"rendered HTML",FALSE,FALSE,FALSE,TRUE,TRUE,FALSE,TRUE,"","ignore","",FALSE,"git ls-files: not tracked; matched current ignore rules; classified as rendered HTML; path/type indicates generated output",""
"artifacts/h24-final/site-network/katex-auto.js",FALSE,TRUE,"artifacts",FALSE,FALSE,FALSE,TRUE,TRUE,FALSE,TRUE,"","ignore","",FALSE,"git ls-files: not tracked; matched current ignore rules; classified as artifacts; path/type indicates generated output",""
"artifacts/h24-final/site-network/LICENSE-text.html",FALSE,TRUE,"rendered HTML",FALSE,FALSE,FALSE,TRUE,TRUE,FALSE,TRUE,"","ignore","",FALSE,"git ls-files: not tracked; matched current ignore rules; classified as rendered HTML; path/type indicates generated output",""
"artifacts/h24-final/site-network/lightswitch.js",FALSE,TRUE,"artifacts",FALSE,FALSE,FALSE,TRUE,TRUE,FALSE,TRUE,"","ignore","",FALSE,"git ls-files: not tracked; matched current ignore rules; classified as artifacts; path/type indicates generated output",""
"artifacts/h24-final/site-network/link.svg",FALSE,TRUE,"figures",FALSE,FALSE,FALSE,FALSE,FALSE,FALSE,FALSE,"","ignore","",FALSE,"git ls-files: not tracked; matched current ignore rules; classified as figures; path/type does not establish generated output",""
"artifacts/h24-final/site-network/pkgdown.js",FALSE,TRUE,"artifacts",FALSE,FALSE,FALSE,TRUE,TRUE,FALSE,TRUE,"","ignore","",FALSE,"git ls-files: not tracked; matched current ignore rules; classified as artifacts; path/type indicates generated output",""
"artifacts/h24-final/site-network/pkgdown.yml",FALSE,TRUE,"artifacts",FALSE,FALSE,FALSE,TRUE,TRUE,FALSE,TRUE,"","ignore","",FALSE,"git ls-files: not tracked; matched current ignore rules; classified as artifacts; path/type indicates generated output",""
"artifacts/h24-final/site-network/reference/annual_index.html",FALSE,TRUE,"rendered HTML",FALSE,FALSE,FALSE,TRUE,TRUE,FALSE,TRUE,"","ignore","",FALSE,"git ls-files: not tracked; matched current ignore rules; classified as rendered HTML; path/type indicates generated output",""
"artifacts/h24-final/site-network/reference/anom_diff.html",FALSE,TRUE,"rendered HTML",FALSE,FALSE,FALSE,TRUE,TRUE,FALSE,TRUE,"","ignore","",FALSE,"git ls-files: not tracked; matched current ignore rules; classified as rendered HTML; path/type indicates generated output",""
"artifacts/h24-final/site-network/reference/anom_z.html",FALSE,TRUE,"rendered HTML",FALSE,FALSE,FALSE,TRUE,TRUE,FALSE,TRUE,"","ignore","",FALSE,"git ls-files: not tracked; matched current ignore rules; classified as rendered HTML; path/type indicates generated output",""
"artifacts/h24-final/site-network/reference/clim_day.html",FALSE,TRUE,"rendered HTML",FALSE,FALSE,FALSE,TRUE,TRUE,FALSE,TRUE,"","ignore","",FALSE,"git ls-files: not tracked; matched current ignore rules; classified as rendered HTML; path/type indicates generated output",""
"artifacts/h24-final/site-network/reference/clim_month.html",FALSE,TRUE,"rendered HTML",FALSE,FALSE,FALSE,TRUE,TRUE,FALSE,TRUE,"","ignore","",FALSE,"git ls-files: not tracked; matched current ignore rules; classified as rendered HTML; path/type indicates generated output",""
"artifacts/h24-final/site-network/reference/cm_connect.html",FALSE,TRUE,"rendered HTML",FALSE,FALSE,FALSE,TRUE,TRUE,FALSE,TRUE,"","ignore","",FALSE,"git ls-files: not tracked; matched current ignore rules; classified as rendered HTML; path/type indicates generated output",""
"artifacts/h24-final/site-network/reference/cm_setup.html",FALSE,TRUE,"rendered HTML",FALSE,FALSE,FALSE,TRUE,TRUE,FALSE,TRUE,"","ignore","",FALSE,"git ls-files: not tracked; matched current ignore rules; classified as rendered HTML; path/type indicates generated output",""
"artifacts/h24-final/site-network/reference/coast_dist.html",FALSE,TRUE,"rendered HTML",FALSE,FALSE,FALSE,TRUE,TRUE,FALSE,TRUE,"","ignore","",FALSE,"git ls-files: not tracked; matched current ignore rules; classified as rendered HTML; path/type indicates generated output",""
"artifacts/h24-final/site-network/reference/crop_stock.html",FALSE,TRUE,"rendered HTML",FALSE,FALSE,FALSE,TRUE,TRUE,FALSE,TRUE,"","ignore","",FALSE,"git ls-files: not tracked; matched current ignore rules; classified as rendered HTML; path/type indicates generated output",""
"artifacts/h24-final/site-network/reference/cube_cell_area.html",FALSE,TRUE,"rendered HTML",FALSE,FALSE,FALSE,TRUE,TRUE,FALSE,TRUE,"","ignore","",FALSE,"git ls-files: not tracked; matched current ignore rules; classified as rendered HTML; path/type indicates generated output",""
"artifacts/h24-final/site-network/reference/cube_cell_volume.html",FALSE,TRUE,"rendered HTML",FALSE,FALSE,FALSE,TRUE,TRUE,FALSE,TRUE,"","ignore","",FALSE,"git ls-files: not tracked; matched current ignore rules; classified as rendered HTML; path/type indicates generated output",""
"artifacts/h24-final/site-network/reference/cube_collect.html",FALSE,TRUE,"rendered HTML",FALSE,FALSE,FALSE,TRUE,TRUE,FALSE,TRUE,"","ignore","",FALSE,"git ls-files: not tracked; matched current ignore rules; classified as rendered HTML; path/type indicates generated output",""
"artifacts/h24-final/site-network/reference/cube_crop.html",FALSE,TRUE,"rendered HTML",FALSE,FALSE,FALSE,TRUE,TRUE,FALSE,TRUE,"","ignore","",FALSE,"git ls-files: not tracked; matched current ignore rules; classified as rendered HTML; path/type indicates generated output",""
"artifacts/h24-final/site-network/reference/cube_extract.html",FALSE,TRUE,"rendered HTML",FALSE,FALSE,FALSE,TRUE,TRUE,FALSE,TRUE,"","ignore","",FALSE,"git ls-files: not tracked; matched current ignore rules; classified as rendered HTML; path/type indicates generated output",""
"artifacts/h24-final/site-network/reference/cube_layer_thickness.html",FALSE,TRUE,"rendered HTML",FALSE,FALSE,FALSE,TRUE,TRUE,FALSE,TRUE,"","ignore","",FALSE,"git ls-files: not tracked; matched current ignore rules; classified as rendered HTML; path/type indicates generated output",""
"artifacts/h24-final/site-network/reference/cube_mask.html",FALSE,TRUE,"rendered HTML",FALSE,FALSE,FALSE,TRUE,TRUE,FALSE,TRUE,"","ignore","",FALSE,"git ls-files: not tracked; matched current ignore rules; classified as rendered HTML; path/type indicates generated output",""
"artifacts/h24-final/site-network/reference/cube_polygon_weights.html",FALSE,TRUE,"rendered HTML",FALSE,FALSE,FALSE,TRUE,TRUE,FALSE,TRUE,"","ignore","",FALSE,"git ls-files: not tracked; matched current ignore rules; classified as rendered HTML; path/type indicates generated output",""
"artifacts/h24-final/site-network/reference/cube_slice.html",FALSE,TRUE,"rendered HTML",FALSE,FALSE,FALSE,TRUE,TRUE,FALSE,TRUE,"","ignore","",FALSE,"git ls-files: not tracked; matched current ignore rules; classified as rendered HTML; path/type indicates generated output",""
"artifacts/h24-final/site-network/reference/cube_transect.html",FALSE,TRUE,"rendered HTML",FALSE,FALSE,FALSE,TRUE,TRUE,FALSE,TRUE,"","ignore","",FALSE,"git ls-files: not tracked; matched current ignore rules; classified as rendered HTML; path/type indicates generated output",""
"artifacts/h24-final/site-network/reference/download_nc.html",FALSE,TRUE,"rendered HTML",FALSE,FALSE,FALSE,TRUE,TRUE,FALSE,TRUE,"","ignore","",FALSE,"git ls-files: not tracked; matched current ignore rules; classified as rendered HTML; path/type indicates generated output",""
"artifacts/h24-final/site-network/reference/index.html",FALSE,TRUE,"rendered HTML",FALSE,FALSE,FALSE,TRUE,TRUE,FALSE,TRUE,"","ignore","",FALSE,"git ls-files: not tracked; matched current ignore rules; classified as rendered HTML; path/type indicates generated output",""
"artifacts/h24-final/site-network/reference/layer_mean.html",FALSE,TRUE,"rendered HTML",FALSE,FALSE,FALSE,TRUE,TRUE,FALSE,TRUE,"","ignore","",FALSE,"git ls-files: not tracked; matched current ignore rules; classified as rendered HTML; path/type indicates generated output",""
"artifacts/h24-final/site-network/reference/link_events.html",FALSE,TRUE,"rendered HTML",FALSE,FALSE,FALSE,TRUE,TRUE,FALSE,TRUE,"","ignore","",FALSE,"git ls-files: not tracked; matched current ignore rules; classified as rendered HTML; path/type indicates generated output",""
"artifacts/h24-final/site-network/reference/ocean_cube.html",FALSE,TRUE,"rendered HTML",FALSE,FALSE,FALSE,TRUE,TRUE,FALSE,TRUE,"","ignore","",FALSE,"git ls-files: not tracked; matched current ignore rules; classified as rendered HTML; path/type indicates generated output",""
"artifacts/h24-final/site-network/reference/read_nc.html",FALSE,TRUE,"rendered HTML",FALSE,FALSE,FALSE,TRUE,TRUE,FALSE,TRUE,"","ignore","",FALSE,"git ls-files: not tracked; matched current ignore rules; classified as rendered HTML; path/type indicates generated output",""
"artifacts/h24-final/site-network/reference/signal_noise.html",FALSE,TRUE,"rendered HTML",FALSE,FALSE,FALSE,TRUE,TRUE,FALSE,TRUE,"","ignore","",FALSE,"git ls-files: not tracked; matched current ignore rules; classified as rendered HTML; path/type indicates generated output",""
"artifacts/h24-final/site-network/reference/stock_mask.html",FALSE,TRUE,"rendered HTML",FALSE,FALSE,FALSE,TRUE,TRUE,FALSE,TRUE,"","ignore","",FALSE,"git ls-files: not tracked; matched current ignore rules; classified as rendered HTML; path/type indicates generated output",""
"artifacts/h24-final/site-network/reference/to_month.html",FALSE,TRUE,"rendered HTML",FALSE,FALSE,FALSE,TRUE,TRUE,FALSE,TRUE,"","ignore","",FALSE,"git ls-files: not tracked; matched current ignore rules; classified as rendered HTML; path/type indicates generated output",""
"artifacts/h24-final/site/katex-auto.js",FALSE,TRUE,"artifacts",FALSE,FALSE,FALSE,TRUE,TRUE,FALSE,TRUE,"","ignore","",FALSE,"git ls-files: not tracked; matched current ignore rules; classified as artifacts; path/type indicates generated output",""
"artifacts/h24-final/site/lightswitch.js",FALSE,TRUE,"artifacts",FALSE,FALSE,FALSE,TRUE,TRUE,FALSE,TRUE,"","ignore","",FALSE,"git ls-files: not tracked; matched current ignore rules; classified as artifacts; path/type indicates generated output",""
"artifacts/h24-final/site/link.svg",FALSE,TRUE,"figures",FALSE,FALSE,FALSE,FALSE,FALSE,FALSE,FALSE,"","ignore","",FALSE,"git ls-files: not tracked; matched current ignore rules; classified as figures; path/type does not establish generated output",""
"artifacts/h24-final/site/pkgdown.js",FALSE,TRUE,"artifacts",FALSE,FALSE,FALSE,TRUE,TRUE,FALSE,TRUE,"","ignore","",FALSE,"git ls-files: not tracked; matched current ignore rules; classified as artifacts; path/type indicates generated output",""
"artifacts/h24-final/smoke.R",FALSE,TRUE,"artifacts",FALSE,FALSE,FALSE,TRUE,TRUE,FALSE,TRUE,"","ignore","",FALSE,"git ls-files: not tracked; matched current ignore rules; classified as artifacts; path/type indicates generated output",""
"artifacts/h24-final/source/.gitattributes",FALSE,TRUE,"artifacts",FALSE,FALSE,FALSE,TRUE,TRUE,FALSE,FALSE,"","ignore","",FALSE,"git ls-files: not tracked; matched current ignore rules; classified as artifacts; path/type indicates generated output",""
"artifacts/h24-final/source/.github/workflows/R-CMD-check.yaml",FALSE,TRUE,"artifacts",FALSE,FALSE,FALSE,TRUE,TRUE,FALSE,FALSE,"","ignore","",FALSE,"git ls-files: not tracked; matched current ignore rules; classified as artifacts; path/type indicates generated output",""
"artifacts/h24-final/source/.gitignore",FALSE,TRUE,"artifacts",FALSE,FALSE,FALSE,TRUE,TRUE,FALSE,FALSE,"","ignore","",FALSE,"git ls-files: not tracked; matched current ignore rules; classified as artifacts; path/type indicates generated output",""
"artifacts/h24-final/source/.lintr",FALSE,TRUE,"artifacts",FALSE,FALSE,FALSE,TRUE,TRUE,FALSE,FALSE,"","ignore","",FALSE,"git ls-files: not tracked; matched current ignore rules; classified as artifacts; path/type indicates generated output",""
"artifacts/h24-final/source/.Rbuildignore",FALSE,TRUE,"artifacts",FALSE,FALSE,FALSE,TRUE,TRUE,FALSE,FALSE,"","ignore","",FALSE,"git ls-files: not tracked; matched current ignore rules; classified as artifacts; path/type indicates generated output",""
"artifacts/h24-final/source/_pkgdown.yml",FALSE,TRUE,"artifacts",FALSE,FALSE,FALSE,TRUE,TRUE,FALSE,TRUE,"","ignore","",FALSE,"git ls-files: not tracked; matched current ignore rules; classified as artifacts; path/type indicates generated output",""
"artifacts/h24-final/source/auxdata/layer_sp.Rdata",FALSE,TRUE,"RDS",FALSE,FALSE,FALSE,FALSE,FALSE,TRUE,FALSE,"","relocate-later","approved external data store or minimal test fixture; preserve until checksum and provenance are recorded",FALSE,"git ls-files: not tracked; matched current ignore rules; classified as RDS; path/type does not establish generated output; data extension/location may contain operational data","No move or merge is authorized by this decision document alone."
"artifacts/h24-final/source/auxdata/PER_ADM0.RData",FALSE,TRUE,"RDS",FALSE,FALSE,FALSE,FALSE,FALSE,TRUE,FALSE,"","relocate-later","approved external data store or minimal test fixture; preserve until checksum and provenance are recorded",FALSE,"git ls-files: not tracked; matched current ignore rules; classified as RDS; path/type does not establish generated output; data extension/location may contain operational data","No move or merge is authorized by this decision document alone."
"artifacts/h24-final/source/CITATION.cff",FALSE,TRUE,"artifacts",FALSE,FALSE,FALSE,TRUE,TRUE,FALSE,FALSE,"","ignore","",FALSE,"git ls-files: not tracked; matched current ignore rules; classified as artifacts; path/type indicates generated output",""
"artifacts/h24-final/source/CODE_OF_CONDUCT.md",FALSE,TRUE,"artifacts",FALSE,FALSE,FALSE,TRUE,TRUE,FALSE,FALSE,"","ignore","",FALSE,"git ls-files: not tracked; matched current ignore rules; classified as artifacts; path/type indicates generated output",""
"artifacts/h24-final/source/CONTRIBUTING.md",FALSE,TRUE,"artifacts",FALSE,FALSE,FALSE,TRUE,TRUE,FALSE,FALSE,"","ignore","",FALSE,"git ls-files: not tracked; matched current ignore rules; classified as artifacts; path/type indicates generated output",""
"artifacts/h24-final/source/cran-comments.md",FALSE,TRUE,"artifacts",FALSE,FALSE,FALSE,TRUE,TRUE,FALSE,FALSE,"","ignore","",FALSE,"git ls-files: not tracked; matched current ignore rules; classified as artifacts; path/type indicates generated output",""
"artifacts/h24-final/source/data-raw/make-toy-ocean.R",FALSE,TRUE,"artifacts",FALSE,FALSE,FALSE,TRUE,TRUE,FALSE,FALSE,"","ignore","",FALSE,"git ls-files: not tracked; matched current ignore rules; classified as artifacts; path/type indicates generated output",""
"artifacts/h24-final/source/DESCRIPTION",FALSE,TRUE,"artifacts",FALSE,FALSE,FALSE,TRUE,TRUE,FALSE,FALSE,"","ignore","",FALSE,"git ls-files: not tracked; matched current ignore rules; classified as artifacts; path/type indicates generated output",""
"artifacts/h24-final/source/dev/architecture/netcdf-backend-contract.md",FALSE,TRUE,"artifacts",FALSE,FALSE,FALSE,TRUE,TRUE,FALSE,FALSE,"","ignore","",FALSE,"git ls-files: not tracked; matched current ignore rules; classified as artifacts; path/type indicates generated output",""
"artifacts/h24-final/source/dev/diagnostics/netcdf_backend_contract.R",FALSE,TRUE,"artifacts",FALSE,FALSE,FALSE,TRUE,TRUE,FALSE,FALSE,"","ignore","",FALSE,"git ls-files: not tracked; matched current ignore rules; classified as artifacts; path/type indicates generated output",""
"artifacts/h24-final/source/inst/architecture/oceancube-spatind-boundary.md",FALSE,TRUE,"artifacts",FALSE,FALSE,FALSE,TRUE,TRUE,FALSE,FALSE,"","ignore","",FALSE,"git ls-files: not tracked; matched current ignore rules; classified as artifacts; path/type indicates generated output",""
"artifacts/h24-final/source/inst/CITATION",FALSE,TRUE,"artifacts",FALSE,FALSE,FALSE,TRUE,TRUE,FALSE,FALSE,"","ignore","",FALSE,"git ls-files: not tracked; matched current ignore rules; classified as artifacts; path/type indicates generated output",""
"artifacts/h24-final/source/inst/examples/backend_memory.R",FALSE,TRUE,"artifacts",FALSE,FALSE,FALSE,TRUE,TRUE,FALSE,FALSE,"","ignore","",FALSE,"git ls-files: not tracked; matched current ignore rules; classified as artifacts; path/type indicates generated output",""
"artifacts/h24-final/source/inst/examples/backend_netcdf_descriptor.R",FALSE,TRUE,"artifacts",FALSE,FALSE,FALSE,TRUE,TRUE,FALSE,FALSE,"","ignore","",FALSE,"git ls-files: not tracked; matched current ignore rules; classified as artifacts; path/type indicates generated output",""
"artifacts/h24-final/source/inst/examples/backend_netcdf_read_block.R",FALSE,TRUE,"artifacts",FALSE,FALSE,FALSE,TRUE,TRUE,FALSE,FALSE,"","ignore","",FALSE,"git ls-files: not tracked; matched current ignore rules; classified as artifacts; path/type indicates generated output",""
"artifacts/h24-final/source/inst/examples/baseline_ocean_cube.R",FALSE,TRUE,"artifacts",FALSE,FALSE,FALSE,TRUE,TRUE,FALSE,FALSE,"","ignore","",FALSE,"git ls-files: not tracked; matched current ignore rules; classified as artifacts; path/type indicates generated output",""
"artifacts/h24-final/source/inst/examples/cube_crop.R",FALSE,TRUE,"artifacts",FALSE,FALSE,FALSE,TRUE,TRUE,FALSE,FALSE,"","ignore","",FALSE,"git ls-files: not tracked; matched current ignore rules; classified as artifacts; path/type indicates generated output",""
"artifacts/h24-final/source/inst/examples/cube_extract.R",FALSE,TRUE,"artifacts",FALSE,FALSE,FALSE,TRUE,TRUE,FALSE,FALSE,"","ignore","",FALSE,"git ls-files: not tracked; matched current ignore rules; classified as artifacts; path/type indicates generated output",""
"artifacts/h24-final/source/inst/examples/cube_geometry_weights.R",FALSE,TRUE,"artifacts",FALSE,FALSE,FALSE,TRUE,TRUE,FALSE,FALSE,"","ignore","",FALSE,"git ls-files: not tracked; matched current ignore rules; classified as artifacts; path/type indicates generated output",""
"artifacts/h24-final/source/inst/examples/cube_mask.R",FALSE,TRUE,"artifacts",FALSE,FALSE,FALSE,TRUE,TRUE,FALSE,FALSE,"","ignore","",FALSE,"git ls-files: not tracked; matched current ignore rules; classified as artifacts; path/type indicates generated output",""
"artifacts/h24-final/source/inst/examples/cube_slice.R",FALSE,TRUE,"artifacts",FALSE,FALSE,FALSE,TRUE,TRUE,FALSE,FALSE,"","ignore","",FALSE,"git ls-files: not tracked; matched current ignore rules; classified as artifacts; path/type indicates generated output",""
"artifacts/h24-final/source/inst/examples/cube_transect.R",FALSE,TRUE,"artifacts",FALSE,FALSE,FALSE,TRUE,TRUE,FALSE,FALSE,"","ignore","",FALSE,"git ls-files: not tracked; matched current ignore rules; classified as artifacts; path/type indicates generated output",""
"artifacts/h24-final/source/inst/examples/noncontiguous_collect.R",FALSE,TRUE,"artifacts",FALSE,FALSE,FALSE,TRUE,TRUE,FALSE,FALSE,"","ignore","",FALSE,"git ls-files: not tracked; matched current ignore rules; classified as artifacts; path/type indicates generated output",""
"artifacts/h24-final/source/inst/examples/ocean_cube_contract.R",FALSE,TRUE,"artifacts",FALSE,FALSE,FALSE,TRUE,TRUE,FALSE,FALSE,"","ignore","",FALSE,"git ls-files: not tracked; matched current ignore rules; classified as artifacts; path/type indicates generated output",""
"artifacts/h24-final/source/inst/examples/refactor_coast_dist_backend.R",FALSE,TRUE,"artifacts",FALSE,FALSE,FALSE,TRUE,TRUE,FALSE,FALSE,"","ignore","",FALSE,"git ls-files: not tracked; matched current ignore rules; classified as artifacts; path/type indicates generated output",""
"artifacts/h24-final/source/inst/examples/refactor_layer_annual_backend.R",FALSE,TRUE,"artifacts",FALSE,FALSE,FALSE,TRUE,TRUE,FALSE,FALSE,"","ignore","",FALSE,"git ls-files: not tracked; matched current ignore rules; classified as artifacts; path/type indicates generated output",""
"artifacts/h24-final/source/inst/examples/refactor_link_events_backend.R",FALSE,TRUE,"artifacts",FALSE,FALSE,FALSE,TRUE,TRUE,FALSE,FALSE,"","ignore","",FALSE,"git ls-files: not tracked; matched current ignore rules; classified as artifacts; path/type indicates generated output",""
"artifacts/h24-final/source/inst/examples/refactor_temporal_backend.R",FALSE,TRUE,"artifacts",FALSE,FALSE,FALSE,TRUE,TRUE,FALSE,FALSE,"","ignore","",FALSE,"git ls-files: not tracked; matched current ignore rules; classified as artifacts; path/type indicates generated output",""
"artifacts/h24-final/source/LICENSE",FALSE,TRUE,"artifacts",FALSE,FALSE,FALSE,TRUE,TRUE,FALSE,FALSE,"","ignore","",FALSE,"git ls-files: not tracked; matched current ignore rules; classified as artifacts; path/type indicates generated output",""
"artifacts/h24-final/source/man/annual_index.Rd",FALSE,TRUE,"artifacts",FALSE,FALSE,FALSE,TRUE,TRUE,FALSE,FALSE,"","ignore","",FALSE,"git ls-files: not tracked; matched current ignore rules; classified as artifacts; path/type indicates generated output",""
"artifacts/h24-final/source/man/anom_diff.Rd",FALSE,TRUE,"artifacts",FALSE,FALSE,FALSE,TRUE,TRUE,FALSE,FALSE,"","ignore","",FALSE,"git ls-files: not tracked; matched current ignore rules; classified as artifacts; path/type indicates generated output",""
"artifacts/h24-final/source/man/anom_z.Rd",FALSE,TRUE,"artifacts",FALSE,FALSE,FALSE,TRUE,TRUE,FALSE,FALSE,"","ignore","",FALSE,"git ls-files: not tracked; matched current ignore rules; classified as artifacts; path/type indicates generated output",""
"artifacts/h24-final/source/man/clim_day.Rd",FALSE,TRUE,"artifacts",FALSE,FALSE,FALSE,TRUE,TRUE,FALSE,FALSE,"","ignore","",FALSE,"git ls-files: not tracked; matched current ignore rules; classified as artifacts; path/type indicates generated output",""
"artifacts/h24-final/source/man/clim_month.Rd",FALSE,TRUE,"artifacts",FALSE,FALSE,FALSE,TRUE,TRUE,FALSE,FALSE,"","ignore","",FALSE,"git ls-files: not tracked; matched current ignore rules; classified as artifacts; path/type indicates generated output",""
"artifacts/h24-final/source/man/cm_connect.Rd",FALSE,TRUE,"artifacts",FALSE,FALSE,FALSE,TRUE,TRUE,FALSE,FALSE,"","ignore","",FALSE,"git ls-files: not tracked; matched current ignore rules; classified as artifacts; path/type indicates generated output",""
"artifacts/h24-final/source/man/cm_setup.Rd",FALSE,TRUE,"artifacts",FALSE,FALSE,FALSE,TRUE,TRUE,FALSE,FALSE,"","ignore","",FALSE,"git ls-files: not tracked; matched current ignore rules; classified as artifacts; path/type indicates generated output",""
"artifacts/h24-final/source/man/coast_dist.Rd",FALSE,TRUE,"artifacts",FALSE,FALSE,FALSE,TRUE,TRUE,FALSE,FALSE,"","ignore","",FALSE,"git ls-files: not tracked; matched current ignore rules; classified as artifacts; path/type indicates generated output",""
"artifacts/h24-final/source/man/crop_stock.Rd",FALSE,TRUE,"artifacts",FALSE,FALSE,FALSE,TRUE,TRUE,FALSE,FALSE,"","ignore","",FALSE,"git ls-files: not tracked; matched current ignore rules; classified as artifacts; path/type indicates generated output",""
"artifacts/h24-final/source/man/cube_cell_area.Rd",FALSE,TRUE,"artifacts",FALSE,FALSE,FALSE,TRUE,TRUE,FALSE,FALSE,"","ignore","",FALSE,"git ls-files: not tracked; matched current ignore rules; classified as artifacts; path/type indicates generated output",""
"artifacts/h24-final/source/man/cube_cell_volume.Rd",FALSE,TRUE,"artifacts",FALSE,FALSE,FALSE,TRUE,TRUE,FALSE,FALSE,"","ignore","",FALSE,"git ls-files: not tracked; matched current ignore rules; classified as artifacts; path/type indicates generated output",""
"artifacts/h24-final/source/man/cube_collect.Rd",FALSE,TRUE,"artifacts",FALSE,FALSE,FALSE,TRUE,TRUE,FALSE,FALSE,"","ignore","",FALSE,"git ls-files: not tracked; matched current ignore rules; classified as artifacts; path/type indicates generated output",""
"artifacts/h24-final/source/man/cube_crop.Rd",FALSE,TRUE,"artifacts",FALSE,FALSE,FALSE,TRUE,TRUE,FALSE,FALSE,"","ignore","",FALSE,"git ls-files: not tracked; matched current ignore rules; classified as artifacts; path/type indicates generated output",""
"artifacts/h24-final/source/man/cube_extract.Rd",FALSE,TRUE,"artifacts",FALSE,FALSE,FALSE,TRUE,TRUE,FALSE,FALSE,"","ignore","",FALSE,"git ls-files: not tracked; matched current ignore rules; classified as artifacts; path/type indicates generated output",""
"artifacts/h24-final/source/man/cube_layer_thickness.Rd",FALSE,TRUE,"artifacts",FALSE,FALSE,FALSE,TRUE,TRUE,FALSE,FALSE,"","ignore","",FALSE,"git ls-files: not tracked; matched current ignore rules; classified as artifacts; path/type indicates generated output",""
"artifacts/h24-final/source/man/cube_mask.Rd",FALSE,TRUE,"artifacts",FALSE,FALSE,FALSE,TRUE,TRUE,FALSE,FALSE,"","ignore","",FALSE,"git ls-files: not tracked; matched current ignore rules; classified as artifacts; path/type indicates generated output",""
"artifacts/h24-final/source/man/cube_polygon_weights.Rd",FALSE,TRUE,"artifacts",FALSE,FALSE,FALSE,TRUE,TRUE,FALSE,FALSE,"","ignore","",FALSE,"git ls-files: not tracked; matched current ignore rules; classified as artifacts; path/type indicates generated output",""
"artifacts/h24-final/source/man/cube_slice.Rd",FALSE,TRUE,"artifacts",FALSE,FALSE,FALSE,TRUE,TRUE,FALSE,FALSE,"","ignore","",FALSE,"git ls-files: not tracked; matched current ignore rules; classified as artifacts; path/type indicates generated output",""
"artifacts/h24-final/source/man/cube_transect.Rd",FALSE,TRUE,"artifacts",FALSE,FALSE,FALSE,TRUE,TRUE,FALSE,TRUE,"","ignore","",FALSE,"git ls-files: not tracked; matched current ignore rules; classified as artifacts; path/type indicates generated output",""
"artifacts/h24-final/source/man/download_nc.Rd",FALSE,TRUE,"artifacts",FALSE,FALSE,FALSE,TRUE,TRUE,FALSE,FALSE,"","ignore","",FALSE,"git ls-files: not tracked; matched current ignore rules; classified as artifacts; path/type indicates generated output",""
"artifacts/h24-final/source/man/layer_mean.Rd",FALSE,TRUE,"artifacts",FALSE,FALSE,FALSE,TRUE,TRUE,FALSE,FALSE,"","ignore","",FALSE,"git ls-files: not tracked; matched current ignore rules; classified as artifacts; path/type indicates generated output",""
"artifacts/h24-final/source/man/link_events.Rd",FALSE,TRUE,"artifacts",FALSE,FALSE,FALSE,TRUE,TRUE,FALSE,FALSE,"","ignore","",FALSE,"git ls-files: not tracked; matched current ignore rules; classified as artifacts; path/type indicates generated output",""
"artifacts/h24-final/source/man/ocean_cube.Rd",FALSE,TRUE,"artifacts",FALSE,FALSE,FALSE,TRUE,TRUE,FALSE,FALSE,"","ignore","",FALSE,"git ls-files: not tracked; matched current ignore rules; classified as artifacts; path/type indicates generated output",""
"artifacts/h24-final/source/man/read_nc.Rd",FALSE,TRUE,"artifacts",FALSE,FALSE,FALSE,TRUE,TRUE,FALSE,FALSE,"","ignore","",FALSE,"git ls-files: not tracked; matched current ignore rules; classified as artifacts; path/type indicates generated output",""
"artifacts/h24-final/source/man/signal_noise.Rd",FALSE,TRUE,"artifacts",FALSE,FALSE,FALSE,TRUE,TRUE,FALSE,FALSE,"","ignore","",FALSE,"git ls-files: not tracked; matched current ignore rules; classified as artifacts; path/type indicates generated output",""
"artifacts/h24-final/source/man/stock_mask.Rd",FALSE,TRUE,"artifacts",FALSE,FALSE,FALSE,TRUE,TRUE,FALSE,FALSE,"","ignore","",FALSE,"git ls-files: not tracked; matched current ignore rules; classified as artifacts; path/type indicates generated output",""
"artifacts/h24-final/source/man/to_month.Rd",FALSE,TRUE,"artifacts",FALSE,FALSE,FALSE,TRUE,TRUE,FALSE,FALSE,"","ignore","",FALSE,"git ls-files: not tracked; matched current ignore rules; classified as artifacts; path/type indicates generated output",""
"artifacts/h24-final/source/NAMESPACE",FALSE,TRUE,"artifacts",FALSE,FALSE,FALSE,TRUE,TRUE,FALSE,FALSE,"","ignore","",FALSE,"git ls-files: not tracked; matched current ignore rules; classified as artifacts; path/type indicates generated output",""
"artifacts/h24-final/source/NEWS.md",FALSE,TRUE,"artifacts",FALSE,FALSE,FALSE,TRUE,TRUE,FALSE,FALSE,"","ignore","",FALSE,"git ls-files: not tracked; matched current ignore rules; classified as artifacts; path/type indicates generated output",""
"artifacts/h24-final/source/oceancube.Rproj",FALSE,TRUE,"artifacts",FALSE,FALSE,FALSE,TRUE,TRUE,FALSE,FALSE,"","ignore","",FALSE,"git ls-files: not tracked; matched current ignore rules; classified as artifacts; path/type indicates generated output",""
"artifacts/h24-final/source/R/annual_index.R",FALSE,TRUE,"artifacts",FALSE,FALSE,FALSE,TRUE,TRUE,FALSE,FALSE,"","ignore","",FALSE,"git ls-files: not tracked; matched current ignore rules; classified as artifacts; path/type indicates generated output",""
"artifacts/h24-final/source/R/anom_diff.R",FALSE,TRUE,"artifacts",FALSE,FALSE,FALSE,TRUE,TRUE,FALSE,FALSE,"","ignore","",FALSE,"git ls-files: not tracked; matched current ignore rules; classified as artifacts; path/type indicates generated output",""
"artifacts/h24-final/source/R/backend-index.R",FALSE,TRUE,"artifacts",FALSE,FALSE,FALSE,TRUE,TRUE,FALSE,FALSE,"","ignore","",FALSE,"git ls-files: not tracked; matched current ignore rules; classified as artifacts; path/type indicates generated output",""
"artifacts/h24-final/source/R/backend-memory.R",FALSE,TRUE,"artifacts",FALSE,FALSE,FALSE,TRUE,TRUE,FALSE,FALSE,"","ignore","",FALSE,"git ls-files: not tracked; matched current ignore rules; classified as artifacts; path/type indicates generated output",""
"artifacts/h24-final/source/R/backend-netcdf.R",FALSE,TRUE,"artifacts",FALSE,FALSE,FALSE,TRUE,TRUE,FALSE,FALSE,"","ignore","",FALSE,"git ls-files: not tracked; matched current ignore rules; classified as artifacts; path/type indicates generated output",""
"artifacts/h24-final/source/R/clim_day.R",FALSE,TRUE,"artifacts",FALSE,FALSE,FALSE,TRUE,TRUE,FALSE,FALSE,"","ignore","",FALSE,"git ls-files: not tracked; matched current ignore rules; classified as artifacts; path/type indicates generated output",""
"artifacts/h24-final/source/R/clim_month.R",FALSE,TRUE,"artifacts",FALSE,FALSE,FALSE,TRUE,TRUE,FALSE,FALSE,"","ignore","",FALSE,"git ls-files: not tracked; matched current ignore rules; classified as artifacts; path/type indicates generated output",""
"artifacts/h24-final/source/R/cm_setup.R",FALSE,TRUE,"artifacts",FALSE,FALSE,FALSE,TRUE,TRUE,FALSE,FALSE,"","ignore","",FALSE,"git ls-files: not tracked; matched current ignore rules; classified as artifacts; path/type indicates generated output",""
"artifacts/h24-final/source/R/coast_dist.R",FALSE,TRUE,"artifacts",FALSE,FALSE,FALSE,TRUE,TRUE,FALSE,FALSE,"","ignore","",FALSE,"git ls-files: not tracked; matched current ignore rules; classified as artifacts; path/type indicates generated output",""
"artifacts/h24-final/source/R/cube_collect.R",FALSE,TRUE,"artifacts",FALSE,FALSE,FALSE,TRUE,TRUE,FALSE,FALSE,"","ignore","",FALSE,"git ls-files: not tracked; matched current ignore rules; classified as artifacts; path/type indicates generated output",""
"artifacts/h24-final/source/R/cube_crop.R",FALSE,TRUE,"artifacts",FALSE,FALSE,FALSE,TRUE,TRUE,FALSE,FALSE,"","ignore","",FALSE,"git ls-files: not tracked; matched current ignore rules; classified as artifacts; path/type indicates generated output",""
"artifacts/h24-final/source/R/cube_extract.R",FALSE,TRUE,"artifacts",FALSE,FALSE,FALSE,TRUE,TRUE,FALSE,FALSE,"","ignore","",FALSE,"git ls-files: not tracked; matched current ignore rules; classified as artifacts; path/type indicates generated output",""
"artifacts/h24-final/source/R/cube_grid_geometry.R",FALSE,TRUE,"artifacts",FALSE,FALSE,FALSE,TRUE,TRUE,FALSE,FALSE,"","ignore","",FALSE,"git ls-files: not tracked; matched current ignore rules; classified as artifacts; path/type indicates generated output",""
"artifacts/h24-final/source/R/cube_mask.R",FALSE,TRUE,"artifacts",FALSE,FALSE,FALSE,TRUE,TRUE,FALSE,FALSE,"","ignore","",FALSE,"git ls-files: not tracked; matched current ignore rules; classified as artifacts; path/type indicates generated output",""
"artifacts/h24-final/source/R/cube_polygon_weights.R",FALSE,TRUE,"artifacts",FALSE,FALSE,FALSE,TRUE,TRUE,FALSE,FALSE,"","ignore","",FALSE,"git ls-files: not tracked; matched current ignore rules; classified as artifacts; path/type indicates generated output",""
"artifacts/h24-final/source/R/cube_slice.R",FALSE,TRUE,"artifacts",FALSE,FALSE,FALSE,TRUE,TRUE,FALSE,FALSE,"","ignore","",FALSE,"git ls-files: not tracked; matched current ignore rules; classified as artifacts; path/type indicates generated output",""
"artifacts/h24-final/source/R/cube_transect.R",FALSE,TRUE,"artifacts",FALSE,FALSE,FALSE,TRUE,TRUE,FALSE,FALSE,"","ignore","",FALSE,"git ls-files: not tracked; matched current ignore rules; classified as artifacts; path/type indicates generated output",""
"artifacts/h24-final/source/R/download_nc.R",FALSE,TRUE,"artifacts",FALSE,FALSE,FALSE,TRUE,TRUE,FALSE,FALSE,"","ignore","",FALSE,"git ls-files: not tracked; matched current ignore rules; classified as artifacts; path/type indicates generated output",""
"artifacts/h24-final/source/R/layer_mean.R",FALSE,TRUE,"artifacts",FALSE,FALSE,FALSE,TRUE,TRUE,FALSE,FALSE,"","ignore","",FALSE,"git ls-files: not tracked; matched current ignore rules; classified as artifacts; path/type indicates generated output",""
"artifacts/h24-final/source/R/link_events.R",FALSE,TRUE,"artifacts",FALSE,FALSE,FALSE,TRUE,TRUE,FALSE,FALSE,"","ignore","",FALSE,"git ls-files: not tracked; matched current ignore rules; classified as artifacts; path/type indicates generated output",""
"artifacts/h24-final/source/R/ocean_cube.R",FALSE,TRUE,"artifacts",FALSE,FALSE,FALSE,TRUE,TRUE,FALSE,FALSE,"","ignore","",FALSE,"git ls-files: not tracked; matched current ignore rules; classified as artifacts; path/type indicates generated output",""
"artifacts/h24-final/source/R/read_nc.R",FALSE,TRUE,"artifacts",FALSE,FALSE,FALSE,TRUE,TRUE,FALSE,FALSE,"","ignore","",FALSE,"git ls-files: not tracked; matched current ignore rules; classified as artifacts; path/type indicates generated output",""
"artifacts/h24-final/source/R/stock_mask.R",FALSE,TRUE,"artifacts",FALSE,FALSE,FALSE,TRUE,TRUE,FALSE,FALSE,"","ignore","",FALSE,"git ls-files: not tracked; matched current ignore rules; classified as artifacts; path/type indicates generated output",""
"artifacts/h24-final/source/R/to_month.R",FALSE,TRUE,"artifacts",FALSE,FALSE,FALSE,TRUE,TRUE,FALSE,FALSE,"","ignore","",FALSE,"git ls-files: not tracked; matched current ignore rules; classified as artifacts; path/type indicates generated output",""
"artifacts/h24-final/source/R/utils-internal.R",FALSE,TRUE,"artifacts",FALSE,FALSE,FALSE,TRUE,TRUE,FALSE,FALSE,"","ignore","",FALSE,"git ls-files: not tracked; matched current ignore rules; classified as artifacts; path/type indicates generated output",""
"artifacts/h24-final/source/README.md",FALSE,TRUE,"artifacts",FALSE,FALSE,FALSE,TRUE,TRUE,FALSE,FALSE,"","ignore","",FALSE,"git ls-files: not tracked; matched current ignore rules; classified as artifacts; path/type indicates generated output",""
"artifacts/h24-final/source/README.Rmd",FALSE,TRUE,"artifacts",FALSE,FALSE,FALSE,TRUE,TRUE,FALSE,FALSE,"","ignore","",FALSE,"git ls-files: not tracked; matched current ignore rules; classified as artifacts; path/type indicates generated output",""
"artifacts/h24-final/source/tests/testthat.R",FALSE,TRUE,"artifacts",FALSE,FALSE,FALSE,TRUE,TRUE,FALSE,FALSE,"","ignore","",FALSE,"git ls-files: not tracked; matched current ignore rules; classified as artifacts; path/type indicates generated output",""
"artifacts/h24-final/source/tests/testthat/helper-architecture.R",FALSE,TRUE,"artifacts",FALSE,FALSE,FALSE,TRUE,TRUE,FALSE,FALSE,"","ignore","",FALSE,"git ls-files: not tracked; matched current ignore rules; classified as artifacts; path/type indicates generated output",""
"artifacts/h24-final/source/tests/testthat/helper-baseline-cube.R",FALSE,TRUE,"artifacts",FALSE,FALSE,FALSE,TRUE,TRUE,FALSE,FALSE,"","ignore","",FALSE,"git ls-files: not tracked; matched current ignore rules; classified as artifacts; path/type indicates generated output",""
"artifacts/h24-final/source/tests/testthat/helper-geometry.R",FALSE,TRUE,"artifacts",FALSE,FALSE,FALSE,TRUE,TRUE,FALSE,FALSE,"","ignore","",FALSE,"git ls-files: not tracked; matched current ignore rules; classified as artifacts; path/type indicates generated output",""
"artifacts/h24-final/source/tests/testthat/helper-netcdf-backend.R",FALSE,TRUE,"artifacts",FALSE,FALSE,FALSE,TRUE,TRUE,FALSE,FALSE,"","ignore","",FALSE,"git ls-files: not tracked; matched current ignore rules; classified as artifacts; path/type indicates generated output",""
"artifacts/h24-final/source/tests/testthat/test-backend-memory.R",FALSE,TRUE,"artifacts",FALSE,FALSE,FALSE,TRUE,TRUE,FALSE,FALSE,"","ignore","",FALSE,"git ls-files: not tracked; matched current ignore rules; classified as artifacts; path/type indicates generated output",""
"artifacts/h24-final/source/tests/testthat/test-backend-netcdf-descriptor.R",FALSE,TRUE,"artifacts",FALSE,FALSE,FALSE,TRUE,TRUE,FALSE,TRUE,"","ignore","",FALSE,"git ls-files: not tracked; matched current ignore rules; classified as artifacts; path/type indicates generated output",""
"artifacts/h24-final/source/tests/testthat/test-backend-netcdf-noncontiguous.R",FALSE,TRUE,"artifacts",FALSE,FALSE,FALSE,TRUE,TRUE,FALSE,FALSE,"","ignore","",FALSE,"git ls-files: not tracked; matched current ignore rules; classified as artifacts; path/type indicates generated output",""
"artifacts/h24-final/source/tests/testthat/test-backend-netcdf-read-block.R",FALSE,TRUE,"artifacts",FALSE,FALSE,FALSE,TRUE,TRUE,FALSE,FALSE,"","ignore","",FALSE,"git ls-files: not tracked; matched current ignore rules; classified as artifacts; path/type indicates generated output",""
"artifacts/h24-final/source/tests/testthat/test-clim-anom.R",FALSE,TRUE,"artifacts",FALSE,FALSE,FALSE,TRUE,TRUE,FALSE,FALSE,"","ignore","",FALSE,"git ls-files: not tracked; matched current ignore rules; classified as artifacts; path/type indicates generated output",""
"artifacts/h24-final/source/tests/testthat/test-cube-collect.R",FALSE,TRUE,"artifacts",FALSE,FALSE,FALSE,TRUE,TRUE,FALSE,FALSE,"","ignore","",FALSE,"git ls-files: not tracked; matched current ignore rules; classified as artifacts; path/type indicates generated output",""
"artifacts/h24-final/source/tests/testthat/test-cube-crop.R",FALSE,TRUE,"artifacts",FALSE,FALSE,FALSE,TRUE,TRUE,FALSE,FALSE,"","ignore","",FALSE,"git ls-files: not tracked; matched current ignore rules; classified as artifacts; path/type indicates generated output",""
"artifacts/h24-final/source/tests/testthat/test-cube-extract.R",FALSE,TRUE,"artifacts",FALSE,FALSE,FALSE,TRUE,TRUE,FALSE,FALSE,"","ignore","",FALSE,"git ls-files: not tracked; matched current ignore rules; classified as artifacts; path/type indicates generated output",""
"artifacts/h24-final/source/tests/testthat/test-cube-grid-geometry.R",FALSE,TRUE,"artifacts",FALSE,FALSE,FALSE,TRUE,TRUE,FALSE,FALSE,"","ignore","",FALSE,"git ls-files: not tracked; matched current ignore rules; classified as artifacts; path/type indicates generated output",""
"artifacts/h24-final/source/tests/testthat/test-cube-mask.R",FALSE,TRUE,"artifacts",FALSE,FALSE,FALSE,TRUE,TRUE,FALSE,FALSE,"","ignore","",FALSE,"git ls-files: not tracked; matched current ignore rules; classified as artifacts; path/type indicates generated output",""
"artifacts/h24-final/source/tests/testthat/test-cube-polygon-weights.R",FALSE,TRUE,"artifacts",FALSE,FALSE,FALSE,TRUE,TRUE,FALSE,FALSE,"","ignore","",FALSE,"git ls-files: not tracked; matched current ignore rules; classified as artifacts; path/type indicates generated output",""
"artifacts/h24-final/source/tests/testthat/test-cube-slice.R",FALSE,TRUE,"artifacts",FALSE,FALSE,FALSE,TRUE,TRUE,FALSE,FALSE,"","ignore","",FALSE,"git ls-files: not tracked; matched current ignore rules; classified as artifacts; path/type indicates generated output",""
"artifacts/h24-final/source/tests/testthat/test-cube-transect.R",FALSE,TRUE,"artifacts",FALSE,FALSE,FALSE,TRUE,TRUE,FALSE,FALSE,"","ignore","",FALSE,"git ls-files: not tracked; matched current ignore rules; classified as artifacts; path/type indicates generated output",""
"artifacts/h24-final/source/tests/testthat/test-daily-link.R",FALSE,TRUE,"artifacts",FALSE,FALSE,FALSE,TRUE,TRUE,FALSE,FALSE,"","ignore","",FALSE,"git ls-files: not tracked; matched current ignore rules; classified as artifacts; path/type indicates generated output",""
"artifacts/h24-final/source/tests/testthat/test-layer-time-mask.R",FALSE,TRUE,"artifacts",FALSE,FALSE,FALSE,TRUE,TRUE,FALSE,FALSE,"","ignore","",FALSE,"git ls-files: not tracked; matched current ignore rules; classified as artifacts; path/type indicates generated output",""
"artifacts/h24-final/source/tests/testthat/test-no-direct-data-access.R",FALSE,TRUE,"artifacts",FALSE,FALSE,FALSE,TRUE,TRUE,FALSE,FALSE,"","ignore","",FALSE,"git ls-files: not tracked; matched current ignore rules; classified as artifacts; path/type indicates generated output",""
"artifacts/h24-final/source/tests/testthat/test-ocean-cube-baseline.R",FALSE,TRUE,"artifacts",FALSE,FALSE,FALSE,TRUE,TRUE,FALSE,FALSE,"","ignore","",FALSE,"git ls-files: not tracked; matched current ignore rules; classified as artifacts; path/type indicates generated output",""
"artifacts/h24-final/source/tests/testthat/test-ocean-cube-contract.R",FALSE,TRUE,"artifacts",FALSE,FALSE,FALSE,TRUE,TRUE,FALSE,FALSE,"","ignore","",FALSE,"git ls-files: not tracked; matched current ignore rules; classified as artifacts; path/type indicates generated output",""
"artifacts/h24-final/source/tests/testthat/test-ocean-cube.R",FALSE,TRUE,"artifacts",FALSE,FALSE,FALSE,TRUE,TRUE,FALSE,FALSE,"","ignore","",FALSE,"git ls-files: not tracked; matched current ignore rules; classified as artifacts; path/type indicates generated output",""
"artifacts/h24-final/source/tests/testthat/test-package-boundary-spatind.R",FALSE,TRUE,"artifacts",FALSE,FALSE,FALSE,TRUE,TRUE,FALSE,FALSE,"","ignore","",FALSE,"git ls-files: not tracked; matched current ignore rules; classified as artifacts; path/type indicates generated output",""
"artifacts/h24-final/source/tests/testthat/test-read-nc-baseline.R",FALSE,TRUE,"artifacts",FALSE,FALSE,FALSE,TRUE,TRUE,FALSE,FALSE,"","ignore","",FALSE,"git ls-files: not tracked; matched current ignore rules; classified as artifacts; path/type indicates generated output",""
"artifacts/h24-final/source/tests/testthat/test-refactor-coast-dist-backend.R",FALSE,TRUE,"artifacts",FALSE,FALSE,FALSE,TRUE,TRUE,FALSE,FALSE,"","ignore","",FALSE,"git ls-files: not tracked; matched current ignore rules; classified as artifacts; path/type indicates generated output",""
"artifacts/h24-final/source/tests/testthat/test-refactor-layer-annual-backend.R",FALSE,TRUE,"artifacts",FALSE,FALSE,FALSE,TRUE,TRUE,FALSE,FALSE,"","ignore","",FALSE,"git ls-files: not tracked; matched current ignore rules; classified as artifacts; path/type indicates generated output",""
"artifacts/h24-final/source/tests/testthat/test-refactor-link-events-backend.R",FALSE,TRUE,"artifacts",FALSE,FALSE,FALSE,TRUE,TRUE,FALSE,FALSE,"","ignore","",FALSE,"git ls-files: not tracked; matched current ignore rules; classified as artifacts; path/type indicates generated output",""
"artifacts/h24-final/source/tests/testthat/test-refactor-temporal-backend.R",FALSE,TRUE,"artifacts",FALSE,FALSE,FALSE,TRUE,TRUE,FALSE,FALSE,"","ignore","",FALSE,"git ls-files: not tracked; matched current ignore rules; classified as artifacts; path/type indicates generated output",""
"artifacts/h24-final/source/tests/testthat/test-release-contract.R",FALSE,TRUE,"artifacts",FALSE,FALSE,FALSE,TRUE,TRUE,FALSE,FALSE,"","ignore","",FALSE,"git ls-files: not tracked; matched current ignore rules; classified as artifacts; path/type indicates generated output",""
"artifacts/h24-final/source/tests/testthat/test-scientific-baseline.R",FALSE,TRUE,"artifacts",FALSE,FALSE,FALSE,TRUE,TRUE,FALSE,FALSE,"","ignore","",FALSE,"git ls-files: not tracked; matched current ignore rules; classified as artifacts; path/type indicates generated output",""
"artifacts/h24-final/source/vignettes/get-started.Rmd",FALSE,TRUE,"artifacts",FALSE,FALSE,FALSE,TRUE,TRUE,FALSE,FALSE,"","ignore","",FALSE,"git ls-files: not tracked; matched current ignore rules; classified as artifacts; path/type indicates generated output",""
"artifacts/h24-final/source/vignettes/oceancube-architecture.Rmd",FALSE,TRUE,"artifacts",FALSE,FALSE,FALSE,TRUE,TRUE,FALSE,FALSE,"","ignore","",FALSE,"git ls-files: not tracked; matched current ignore rules; classified as artifacts; path/type indicates generated output",""
"artifacts/h24-final/source/vignettes/oceancube-geometry-weights.Rmd",FALSE,TRUE,"artifacts",FALSE,FALSE,FALSE,TRUE,TRUE,FALSE,FALSE,"","ignore","",FALSE,"git ls-files: not tracked; matched current ignore rules; classified as artifacts; path/type indicates generated output",""
"artifacts/h24-final/source/vignettes/oceancube-introduction.Rmd",FALSE,TRUE,"artifacts",FALSE,FALSE,FALSE,TRUE,TRUE,FALSE,FALSE,"","ignore","",FALSE,"git ls-files: not tracked; matched current ignore rules; classified as artifacts; path/type indicates generated output",""
"artifacts/h24-preversion/library/oceancube/architecture/oceancube-spatind-boundary.md",FALSE,TRUE,"artifacts",FALSE,FALSE,FALSE,TRUE,TRUE,FALSE,FALSE,"","ignore","",FALSE,"git ls-files: not tracked; matched current ignore rules; classified as artifacts; path/type indicates generated output",""
"artifacts/h24-preversion/library/oceancube/CITATION",FALSE,TRUE,"artifacts",FALSE,FALSE,FALSE,TRUE,TRUE,FALSE,FALSE,"","ignore","",FALSE,"git ls-files: not tracked; matched current ignore rules; classified as artifacts; path/type indicates generated output",""
"artifacts/h24-preversion/library/oceancube/DESCRIPTION",FALSE,TRUE,"artifacts",FALSE,FALSE,FALSE,TRUE,TRUE,FALSE,FALSE,"","ignore","",FALSE,"git ls-files: not tracked; matched current ignore rules; classified as artifacts; path/type indicates generated output",""
"artifacts/h24-preversion/library/oceancube/doc/get-started.html",FALSE,TRUE,"rendered HTML",FALSE,FALSE,FALSE,TRUE,TRUE,FALSE,TRUE,"","ignore","",FALSE,"git ls-files: not tracked; matched current ignore rules; classified as rendered HTML; path/type indicates generated output",""
"artifacts/h24-preversion/library/oceancube/doc/get-started.R",FALSE,TRUE,"artifacts",FALSE,FALSE,FALSE,TRUE,TRUE,FALSE,FALSE,"","ignore","",FALSE,"git ls-files: not tracked; matched current ignore rules; classified as artifacts; path/type indicates generated output",""
"artifacts/h24-preversion/library/oceancube/doc/get-started.Rmd",FALSE,TRUE,"artifacts",FALSE,FALSE,FALSE,TRUE,TRUE,FALSE,FALSE,"","ignore","",FALSE,"git ls-files: not tracked; matched current ignore rules; classified as artifacts; path/type indicates generated output",""
"artifacts/h24-preversion/library/oceancube/doc/index.html",FALSE,TRUE,"rendered HTML",FALSE,FALSE,FALSE,TRUE,TRUE,FALSE,FALSE,"","ignore","",FALSE,"git ls-files: not tracked; matched current ignore rules; classified as rendered HTML; path/type indicates generated output",""
"artifacts/h24-preversion/library/oceancube/doc/oceancube-architecture.html",FALSE,TRUE,"rendered HTML",FALSE,FALSE,FALSE,TRUE,TRUE,FALSE,TRUE,"","ignore","",FALSE,"git ls-files: not tracked; matched current ignore rules; classified as rendered HTML; path/type indicates generated output",""
"artifacts/h24-preversion/library/oceancube/doc/oceancube-architecture.R",FALSE,TRUE,"artifacts",FALSE,FALSE,FALSE,TRUE,TRUE,FALSE,FALSE,"","ignore","",FALSE,"git ls-files: not tracked; matched current ignore rules; classified as artifacts; path/type indicates generated output",""
"artifacts/h24-preversion/library/oceancube/doc/oceancube-architecture.Rmd",FALSE,TRUE,"artifacts",FALSE,FALSE,FALSE,TRUE,TRUE,FALSE,FALSE,"","ignore","",FALSE,"git ls-files: not tracked; matched current ignore rules; classified as artifacts; path/type indicates generated output",""
"artifacts/h24-preversion/library/oceancube/doc/oceancube-geometry-weights.html",FALSE,TRUE,"rendered HTML",FALSE,FALSE,FALSE,TRUE,TRUE,FALSE,TRUE,"","ignore","",FALSE,"git ls-files: not tracked; matched current ignore rules; classified as rendered HTML; path/type indicates generated output",""
"artifacts/h24-preversion/library/oceancube/doc/oceancube-geometry-weights.R",FALSE,TRUE,"artifacts",FALSE,FALSE,FALSE,TRUE,TRUE,FALSE,FALSE,"","ignore","",FALSE,"git ls-files: not tracked; matched current ignore rules; classified as artifacts; path/type indicates generated output",""
"artifacts/h24-preversion/library/oceancube/doc/oceancube-geometry-weights.Rmd",FALSE,TRUE,"artifacts",FALSE,FALSE,FALSE,TRUE,TRUE,FALSE,FALSE,"","ignore","",FALSE,"git ls-files: not tracked; matched current ignore rules; classified as artifacts; path/type indicates generated output",""
"artifacts/h24-preversion/library/oceancube/doc/oceancube-introduction.html",FALSE,TRUE,"rendered HTML",FALSE,FALSE,FALSE,TRUE,TRUE,FALSE,TRUE,"","ignore","",FALSE,"git ls-files: not tracked; matched current ignore rules; classified as rendered HTML; path/type indicates generated output",""
"artifacts/h24-preversion/library/oceancube/doc/oceancube-introduction.R",FALSE,TRUE,"artifacts",FALSE,FALSE,FALSE,TRUE,TRUE,FALSE,FALSE,"","ignore","",FALSE,"git ls-files: not tracked; matched current ignore rules; classified as artifacts; path/type indicates generated output",""
"artifacts/h24-preversion/library/oceancube/doc/oceancube-introduction.Rmd",FALSE,TRUE,"artifacts",FALSE,FALSE,FALSE,TRUE,TRUE,FALSE,FALSE,"","ignore","",FALSE,"git ls-files: not tracked; matched current ignore rules; classified as artifacts; path/type indicates generated output",""
"artifacts/h24-preversion/library/oceancube/examples/backend_memory.R",FALSE,TRUE,"artifacts",FALSE,FALSE,FALSE,TRUE,TRUE,FALSE,FALSE,"","ignore","",FALSE,"git ls-files: not tracked; matched current ignore rules; classified as artifacts; path/type indicates generated output",""
"artifacts/h24-preversion/library/oceancube/examples/backend_netcdf_descriptor.R",FALSE,TRUE,"artifacts",FALSE,FALSE,FALSE,TRUE,TRUE,FALSE,FALSE,"","ignore","",FALSE,"git ls-files: not tracked; matched current ignore rules; classified as artifacts; path/type indicates generated output",""
"artifacts/h24-preversion/library/oceancube/examples/backend_netcdf_read_block.R",FALSE,TRUE,"artifacts",FALSE,FALSE,FALSE,TRUE,TRUE,FALSE,FALSE,"","ignore","",FALSE,"git ls-files: not tracked; matched current ignore rules; classified as artifacts; path/type indicates generated output",""
"artifacts/h24-preversion/library/oceancube/examples/baseline_ocean_cube.R",FALSE,TRUE,"artifacts",FALSE,FALSE,FALSE,TRUE,TRUE,FALSE,FALSE,"","ignore","",FALSE,"git ls-files: not tracked; matched current ignore rules; classified as artifacts; path/type indicates generated output",""
"artifacts/h24-preversion/library/oceancube/examples/cube_crop.R",FALSE,TRUE,"artifacts",FALSE,FALSE,FALSE,TRUE,TRUE,FALSE,FALSE,"","ignore","",FALSE,"git ls-files: not tracked; matched current ignore rules; classified as artifacts; path/type indicates generated output",""
"artifacts/h24-preversion/library/oceancube/examples/cube_extract.R",FALSE,TRUE,"artifacts",FALSE,FALSE,FALSE,TRUE,TRUE,FALSE,FALSE,"","ignore","",FALSE,"git ls-files: not tracked; matched current ignore rules; classified as artifacts; path/type indicates generated output",""
"artifacts/h24-preversion/library/oceancube/examples/cube_geometry_weights.R",FALSE,TRUE,"artifacts",FALSE,FALSE,FALSE,TRUE,TRUE,FALSE,FALSE,"","ignore","",FALSE,"git ls-files: not tracked; matched current ignore rules; classified as artifacts; path/type indicates generated output",""
"artifacts/h24-preversion/library/oceancube/examples/cube_mask.R",FALSE,TRUE,"artifacts",FALSE,FALSE,FALSE,TRUE,TRUE,FALSE,FALSE,"","ignore","",FALSE,"git ls-files: not tracked; matched current ignore rules; classified as artifacts; path/type indicates generated output",""
"artifacts/h24-preversion/library/oceancube/examples/cube_slice.R",FALSE,TRUE,"artifacts",FALSE,FALSE,FALSE,TRUE,TRUE,FALSE,FALSE,"","ignore","",FALSE,"git ls-files: not tracked; matched current ignore rules; classified as artifacts; path/type indicates generated output",""
"artifacts/h24-preversion/library/oceancube/examples/cube_transect.R",FALSE,TRUE,"artifacts",FALSE,FALSE,FALSE,TRUE,TRUE,FALSE,FALSE,"","ignore","",FALSE,"git ls-files: not tracked; matched current ignore rules; classified as artifacts; path/type indicates generated output",""
"artifacts/h24-preversion/library/oceancube/examples/noncontiguous_collect.R",FALSE,TRUE,"artifacts",FALSE,FALSE,FALSE,TRUE,TRUE,FALSE,FALSE,"","ignore","",FALSE,"git ls-files: not tracked; matched current ignore rules; classified as artifacts; path/type indicates generated output",""
"artifacts/h24-preversion/library/oceancube/examples/ocean_cube_contract.R",FALSE,TRUE,"artifacts",FALSE,FALSE,FALSE,TRUE,TRUE,FALSE,FALSE,"","ignore","",FALSE,"git ls-files: not tracked; matched current ignore rules; classified as artifacts; path/type indicates generated output",""
"artifacts/h24-preversion/library/oceancube/examples/refactor_coast_dist_backend.R",FALSE,TRUE,"artifacts",FALSE,FALSE,FALSE,TRUE,TRUE,FALSE,FALSE,"","ignore","",FALSE,"git ls-files: not tracked; matched current ignore rules; classified as artifacts; path/type indicates generated output",""
"artifacts/h24-preversion/library/oceancube/examples/refactor_layer_annual_backend.R",FALSE,TRUE,"artifacts",FALSE,FALSE,FALSE,TRUE,TRUE,FALSE,FALSE,"","ignore","",FALSE,"git ls-files: not tracked; matched current ignore rules; classified as artifacts; path/type indicates generated output",""
"artifacts/h24-preversion/library/oceancube/examples/refactor_link_events_backend.R",FALSE,TRUE,"artifacts",FALSE,FALSE,FALSE,TRUE,TRUE,FALSE,FALSE,"","ignore","",FALSE,"git ls-files: not tracked; matched current ignore rules; classified as artifacts; path/type indicates generated output",""
"artifacts/h24-preversion/library/oceancube/examples/refactor_temporal_backend.R",FALSE,TRUE,"artifacts",FALSE,FALSE,FALSE,TRUE,TRUE,FALSE,FALSE,"","ignore","",FALSE,"git ls-files: not tracked; matched current ignore rules; classified as artifacts; path/type indicates generated output",""
"artifacts/h24-preversion/library/oceancube/help/aliases.rds",FALSE,TRUE,"RDS",FALSE,FALSE,FALSE,FALSE,FALSE,TRUE,FALSE,"","relocate-later","approved external data store or minimal test fixture; preserve until checksum and provenance are recorded",FALSE,"git ls-files: not tracked; matched current ignore rules; classified as RDS; path/type does not establish generated output; data extension/location may contain operational data","No move or merge is authorized by this decision document alone."
"artifacts/h24-preversion/library/oceancube/help/AnIndex",FALSE,TRUE,"artifacts",FALSE,FALSE,FALSE,TRUE,TRUE,FALSE,FALSE,"","ignore","",FALSE,"git ls-files: not tracked; matched current ignore rules; classified as artifacts; path/type indicates generated output",""
"artifacts/h24-preversion/library/oceancube/help/oceancube.rdb",FALSE,TRUE,"artifacts",FALSE,FALSE,FALSE,TRUE,TRUE,FALSE,FALSE,"","ignore","",FALSE,"git ls-files: not tracked; matched current ignore rules; classified as artifacts; path/type indicates generated output",""
"artifacts/h24-preversion/library/oceancube/help/oceancube.rdx",FALSE,TRUE,"artifacts",FALSE,FALSE,FALSE,TRUE,TRUE,FALSE,FALSE,"","ignore","",FALSE,"git ls-files: not tracked; matched current ignore rules; classified as artifacts; path/type indicates generated output",""
"artifacts/h24-preversion/library/oceancube/help/paths.rds",FALSE,TRUE,"RDS",FALSE,FALSE,FALSE,FALSE,FALSE,TRUE,FALSE,"","relocate-later","approved external data store or minimal test fixture; preserve until checksum and provenance are recorded",FALSE,"git ls-files: not tracked; matched current ignore rules; classified as RDS; path/type does not establish generated output; data extension/location may contain operational data","No move or merge is authorized by this decision document alone."
"artifacts/h24-preversion/library/oceancube/html/00Index.html",FALSE,TRUE,"rendered HTML",FALSE,FALSE,FALSE,TRUE,TRUE,FALSE,FALSE,"","ignore","",FALSE,"git ls-files: not tracked; matched current ignore rules; classified as rendered HTML; path/type indicates generated output",""
"artifacts/h24-preversion/library/oceancube/html/R.css",FALSE,TRUE,"artifacts",FALSE,FALSE,FALSE,TRUE,TRUE,FALSE,FALSE,"","ignore","",FALSE,"git ls-files: not tracked; matched current ignore rules; classified as artifacts; path/type indicates generated output",""
"artifacts/h24-preversion/library/oceancube/INDEX",FALSE,TRUE,"artifacts",FALSE,FALSE,FALSE,TRUE,TRUE,FALSE,FALSE,"","ignore","",FALSE,"git ls-files: not tracked; matched current ignore rules; classified as artifacts; path/type indicates generated output",""
"artifacts/h24-preversion/library/oceancube/LICENSE",FALSE,TRUE,"artifacts",FALSE,FALSE,FALSE,TRUE,TRUE,FALSE,FALSE,"","ignore","",FALSE,"git ls-files: not tracked; matched current ignore rules; classified as artifacts; path/type indicates generated output",""
"artifacts/h24-preversion/library/oceancube/Meta/features.rds",FALSE,TRUE,"RDS",FALSE,FALSE,FALSE,TRUE,FALSE,TRUE,FALSE,"","relocate-later","approved external data store or minimal test fixture; preserve until checksum and provenance are recorded",FALSE,"git ls-files: not tracked; matched current ignore rules; classified as RDS; path/type indicates generated output; data extension/location may contain operational data","No move or merge is authorized by this decision document alone."
"artifacts/h24-preversion/library/oceancube/Meta/hsearch.rds",FALSE,TRUE,"RDS",FALSE,FALSE,FALSE,TRUE,FALSE,TRUE,FALSE,"","relocate-later","approved external data store or minimal test fixture; preserve until checksum and provenance are recorded",FALSE,"git ls-files: not tracked; matched current ignore rules; classified as RDS; path/type indicates generated output; data extension/location may contain operational data","No move or merge is authorized by this decision document alone."
"artifacts/h24-preversion/library/oceancube/Meta/links.rds",FALSE,TRUE,"RDS",FALSE,FALSE,FALSE,TRUE,FALSE,TRUE,FALSE,"","relocate-later","approved external data store or minimal test fixture; preserve until checksum and provenance are recorded",FALSE,"git ls-files: not tracked; matched current ignore rules; classified as RDS; path/type indicates generated output; data extension/location may contain operational data","No move or merge is authorized by this decision document alone."
"artifacts/h24-preversion/library/oceancube/Meta/nsInfo.rds",FALSE,TRUE,"RDS",FALSE,FALSE,FALSE,TRUE,FALSE,TRUE,FALSE,"","relocate-later","approved external data store or minimal test fixture; preserve until checksum and provenance are recorded",FALSE,"git ls-files: not tracked; matched current ignore rules; classified as RDS; path/type indicates generated output; data extension/location may contain operational data","No move or merge is authorized by this decision document alone."
"artifacts/h24-preversion/library/oceancube/Meta/package.rds",FALSE,TRUE,"RDS",FALSE,FALSE,FALSE,TRUE,FALSE,TRUE,FALSE,"","relocate-later","approved external data store or minimal test fixture; preserve until checksum and provenance are recorded",FALSE,"git ls-files: not tracked; matched current ignore rules; classified as RDS; path/type indicates generated output; data extension/location may contain operational data","No move or merge is authorized by this decision document alone."
"artifacts/h24-preversion/library/oceancube/Meta/Rd.rds",FALSE,TRUE,"RDS",FALSE,FALSE,FALSE,TRUE,FALSE,TRUE,FALSE,"","relocate-later","approved external data store or minimal test fixture; preserve until checksum and provenance are recorded",FALSE,"git ls-files: not tracked; matched current ignore rules; classified as RDS; path/type indicates generated output; data extension/location may contain operational data","No move or merge is authorized by this decision document alone."
"artifacts/h24-preversion/library/oceancube/Meta/vignette.rds",FALSE,TRUE,"RDS",FALSE,FALSE,FALSE,TRUE,FALSE,TRUE,FALSE,"","relocate-later","approved external data store or minimal test fixture; preserve until checksum and provenance are recorded",FALSE,"git ls-files: not tracked; matched current ignore rules; classified as RDS; path/type indicates generated output; data extension/location may contain operational data","No move or merge is authorized by this decision document alone."
"artifacts/h24-preversion/library/oceancube/NAMESPACE",FALSE,TRUE,"artifacts",FALSE,FALSE,FALSE,TRUE,TRUE,FALSE,FALSE,"","ignore","",FALSE,"git ls-files: not tracked; matched current ignore rules; classified as artifacts; path/type indicates generated output",""
"artifacts/h24-preversion/library/oceancube/NEWS.md",FALSE,TRUE,"artifacts",FALSE,FALSE,FALSE,TRUE,TRUE,FALSE,FALSE,"","ignore","",FALSE,"git ls-files: not tracked; matched current ignore rules; classified as artifacts; path/type indicates generated output",""
"artifacts/h24-preversion/library/oceancube/R/oceancube",FALSE,TRUE,"artifacts",FALSE,FALSE,FALSE,TRUE,TRUE,FALSE,FALSE,"","ignore","",FALSE,"git ls-files: not tracked; matched current ignore rules; classified as artifacts; path/type indicates generated output",""
"artifacts/h24-preversion/library/oceancube/R/oceancube.rdb",FALSE,TRUE,"artifacts",FALSE,FALSE,FALSE,TRUE,TRUE,FALSE,FALSE,"","ignore","",FALSE,"git ls-files: not tracked; matched current ignore rules; classified as artifacts; path/type indicates generated output",""
"artifacts/h24-preversion/library/oceancube/R/oceancube.rdx",FALSE,TRUE,"artifacts",FALSE,FALSE,FALSE,TRUE,TRUE,FALSE,FALSE,"","ignore","",FALSE,"git ls-files: not tracked; matched current ignore rules; classified as artifacts; path/type indicates generated output",""
"artifacts/h24-preversion/oceancube.Rcheck/00_pkg_src/oceancube/build/vignette.rds",FALSE,TRUE,"RDS",FALSE,FALSE,FALSE,FALSE,FALSE,TRUE,FALSE,"","relocate-later","approved external data store or minimal test fixture; preserve until checksum and provenance are recorded",FALSE,"git ls-files: not tracked; matched current ignore rules; classified as RDS; path/type does not establish generated output; data extension/location may contain operational data","No move or merge is authorized by this decision document alone."
"artifacts/h24-preversion/oceancube.Rcheck/00_pkg_src/oceancube/CODE_OF_CONDUCT.md",FALSE,TRUE,"artifacts",FALSE,FALSE,FALSE,TRUE,TRUE,FALSE,FALSE,"","ignore","",FALSE,"git ls-files: not tracked; matched current ignore rules; classified as artifacts; path/type indicates generated output",""
"artifacts/h24-preversion/oceancube.Rcheck/00_pkg_src/oceancube/CONTRIBUTING.md",FALSE,TRUE,"artifacts",FALSE,FALSE,FALSE,TRUE,TRUE,FALSE,FALSE,"","ignore","",FALSE,"git ls-files: not tracked; matched current ignore rules; classified as artifacts; path/type indicates generated output",""
"artifacts/h24-preversion/oceancube.Rcheck/00_pkg_src/oceancube/DESCRIPTION",FALSE,TRUE,"artifacts",FALSE,FALSE,FALSE,TRUE,TRUE,FALSE,FALSE,"","ignore","",FALSE,"git ls-files: not tracked; matched current ignore rules; classified as artifacts; path/type indicates generated output",""
"artifacts/h24-preversion/oceancube.Rcheck/00_pkg_src/oceancube/inst/architecture/oceancube-spatind-boundary.md",FALSE,TRUE,"artifacts",FALSE,FALSE,FALSE,TRUE,TRUE,FALSE,FALSE,"","ignore","",FALSE,"git ls-files: not tracked; matched current ignore rules; classified as artifacts; path/type indicates generated output",""
"artifacts/h24-preversion/oceancube.Rcheck/00_pkg_src/oceancube/inst/CITATION",FALSE,TRUE,"artifacts",FALSE,FALSE,FALSE,TRUE,TRUE,FALSE,FALSE,"","ignore","",FALSE,"git ls-files: not tracked; matched current ignore rules; classified as artifacts; path/type indicates generated output",""
"artifacts/h24-preversion/oceancube.Rcheck/00_pkg_src/oceancube/inst/doc/get-started.html",FALSE,TRUE,"rendered HTML",FALSE,FALSE,FALSE,TRUE,TRUE,FALSE,TRUE,"","ignore","",FALSE,"git ls-files: not tracked; matched current ignore rules; classified as rendered HTML; path/type indicates generated output",""
"artifacts/h24-preversion/oceancube.Rcheck/00_pkg_src/oceancube/inst/doc/get-started.R",FALSE,TRUE,"artifacts",FALSE,FALSE,FALSE,TRUE,TRUE,FALSE,FALSE,"","ignore","",FALSE,"git ls-files: not tracked; matched current ignore rules; classified as artifacts; path/type indicates generated output",""
"artifacts/h24-preversion/oceancube.Rcheck/00_pkg_src/oceancube/inst/doc/get-started.Rmd",FALSE,TRUE,"artifacts",FALSE,FALSE,FALSE,TRUE,TRUE,FALSE,FALSE,"","ignore","",FALSE,"git ls-files: not tracked; matched current ignore rules; classified as artifacts; path/type indicates generated output",""
"artifacts/h24-preversion/oceancube.Rcheck/00_pkg_src/oceancube/inst/doc/oceancube-architecture.html",FALSE,TRUE,"rendered HTML",FALSE,FALSE,FALSE,TRUE,TRUE,FALSE,TRUE,"","ignore","",FALSE,"git ls-files: not tracked; matched current ignore rules; classified as rendered HTML; path/type indicates generated output",""
"artifacts/h24-preversion/oceancube.Rcheck/00_pkg_src/oceancube/inst/doc/oceancube-architecture.R",FALSE,TRUE,"artifacts",FALSE,FALSE,FALSE,TRUE,TRUE,FALSE,FALSE,"","ignore","",FALSE,"git ls-files: not tracked; matched current ignore rules; classified as artifacts; path/type indicates generated output",""
"artifacts/h24-preversion/oceancube.Rcheck/00_pkg_src/oceancube/inst/doc/oceancube-architecture.Rmd",FALSE,TRUE,"artifacts",FALSE,FALSE,FALSE,TRUE,TRUE,FALSE,FALSE,"","ignore","",FALSE,"git ls-files: not tracked; matched current ignore rules; classified as artifacts; path/type indicates generated output",""
"artifacts/h24-preversion/oceancube.Rcheck/00_pkg_src/oceancube/inst/doc/oceancube-geometry-weights.html",FALSE,TRUE,"rendered HTML",FALSE,FALSE,FALSE,TRUE,TRUE,FALSE,TRUE,"","ignore","",FALSE,"git ls-files: not tracked; matched current ignore rules; classified as rendered HTML; path/type indicates generated output",""
"artifacts/h24-preversion/oceancube.Rcheck/00_pkg_src/oceancube/inst/doc/oceancube-geometry-weights.R",FALSE,TRUE,"artifacts",FALSE,FALSE,FALSE,TRUE,TRUE,FALSE,FALSE,"","ignore","",FALSE,"git ls-files: not tracked; matched current ignore rules; classified as artifacts; path/type indicates generated output",""
"artifacts/h24-preversion/oceancube.Rcheck/00_pkg_src/oceancube/inst/doc/oceancube-geometry-weights.Rmd",FALSE,TRUE,"artifacts",FALSE,FALSE,FALSE,TRUE,TRUE,FALSE,FALSE,"","ignore","",FALSE,"git ls-files: not tracked; matched current ignore rules; classified as artifacts; path/type indicates generated output",""
"artifacts/h24-preversion/oceancube.Rcheck/00_pkg_src/oceancube/inst/doc/oceancube-introduction.html",FALSE,TRUE,"rendered HTML",FALSE,FALSE,FALSE,TRUE,TRUE,FALSE,TRUE,"","ignore","",FALSE,"git ls-files: not tracked; matched current ignore rules; classified as rendered HTML; path/type indicates generated output",""
"artifacts/h24-preversion/oceancube.Rcheck/00_pkg_src/oceancube/inst/doc/oceancube-introduction.R",FALSE,TRUE,"artifacts",FALSE,FALSE,FALSE,TRUE,TRUE,FALSE,FALSE,"","ignore","",FALSE,"git ls-files: not tracked; matched current ignore rules; classified as artifacts; path/type indicates generated output",""
"artifacts/h24-preversion/oceancube.Rcheck/00_pkg_src/oceancube/inst/doc/oceancube-introduction.Rmd",FALSE,TRUE,"artifacts",FALSE,FALSE,FALSE,TRUE,TRUE,FALSE,FALSE,"","ignore","",FALSE,"git ls-files: not tracked; matched current ignore rules; classified as artifacts; path/type indicates generated output",""
"artifacts/h24-preversion/oceancube.Rcheck/00_pkg_src/oceancube/inst/examples/backend_memory.R",FALSE,TRUE,"artifacts",FALSE,FALSE,FALSE,TRUE,TRUE,FALSE,FALSE,"","ignore","",FALSE,"git ls-files: not tracked; matched current ignore rules; classified as artifacts; path/type indicates generated output",""
"artifacts/h24-preversion/oceancube.Rcheck/00_pkg_src/oceancube/inst/examples/backend_netcdf_descriptor.R",FALSE,TRUE,"artifacts",FALSE,FALSE,FALSE,TRUE,TRUE,FALSE,FALSE,"","ignore","",FALSE,"git ls-files: not tracked; matched current ignore rules; classified as artifacts; path/type indicates generated output",""
"artifacts/h24-preversion/oceancube.Rcheck/00_pkg_src/oceancube/inst/examples/backend_netcdf_read_block.R",FALSE,TRUE,"artifacts",FALSE,FALSE,FALSE,TRUE,TRUE,FALSE,FALSE,"","ignore","",FALSE,"git ls-files: not tracked; matched current ignore rules; classified as artifacts; path/type indicates generated output",""
"artifacts/h24-preversion/oceancube.Rcheck/00_pkg_src/oceancube/inst/examples/baseline_ocean_cube.R",FALSE,TRUE,"artifacts",FALSE,FALSE,FALSE,TRUE,TRUE,FALSE,FALSE,"","ignore","",FALSE,"git ls-files: not tracked; matched current ignore rules; classified as artifacts; path/type indicates generated output",""
"artifacts/h24-preversion/oceancube.Rcheck/00_pkg_src/oceancube/inst/examples/cube_crop.R",FALSE,TRUE,"artifacts",FALSE,FALSE,FALSE,TRUE,TRUE,FALSE,FALSE,"","ignore","",FALSE,"git ls-files: not tracked; matched current ignore rules; classified as artifacts; path/type indicates generated output",""
"artifacts/h24-preversion/oceancube.Rcheck/00_pkg_src/oceancube/inst/examples/cube_extract.R",FALSE,TRUE,"artifacts",FALSE,FALSE,FALSE,TRUE,TRUE,FALSE,FALSE,"","ignore","",FALSE,"git ls-files: not tracked; matched current ignore rules; classified as artifacts; path/type indicates generated output",""
"artifacts/h24-preversion/oceancube.Rcheck/00_pkg_src/oceancube/inst/examples/cube_geometry_weights.R",FALSE,TRUE,"artifacts",FALSE,FALSE,FALSE,TRUE,TRUE,FALSE,FALSE,"","ignore","",FALSE,"git ls-files: not tracked; matched current ignore rules; classified as artifacts; path/type indicates generated output",""
"artifacts/h24-preversion/oceancube.Rcheck/00_pkg_src/oceancube/inst/examples/cube_mask.R",FALSE,TRUE,"artifacts",FALSE,FALSE,FALSE,TRUE,TRUE,FALSE,FALSE,"","ignore","",FALSE,"git ls-files: not tracked; matched current ignore rules; classified as artifacts; path/type indicates generated output",""
"artifacts/h24-preversion/oceancube.Rcheck/00_pkg_src/oceancube/inst/examples/cube_slice.R",FALSE,TRUE,"artifacts",FALSE,FALSE,FALSE,TRUE,TRUE,FALSE,FALSE,"","ignore","",FALSE,"git ls-files: not tracked; matched current ignore rules; classified as artifacts; path/type indicates generated output",""
"artifacts/h24-preversion/oceancube.Rcheck/00_pkg_src/oceancube/inst/examples/cube_transect.R",FALSE,TRUE,"artifacts",FALSE,FALSE,FALSE,TRUE,TRUE,FALSE,FALSE,"","ignore","",FALSE,"git ls-files: not tracked; matched current ignore rules; classified as artifacts; path/type indicates generated output",""
"artifacts/h24-preversion/oceancube.Rcheck/00_pkg_src/oceancube/inst/examples/noncontiguous_collect.R",FALSE,TRUE,"artifacts",FALSE,FALSE,FALSE,TRUE,TRUE,FALSE,FALSE,"","ignore","",FALSE,"git ls-files: not tracked; matched current ignore rules; classified as artifacts; path/type indicates generated output",""
"artifacts/h24-preversion/oceancube.Rcheck/00_pkg_src/oceancube/inst/examples/ocean_cube_contract.R",FALSE,TRUE,"artifacts",FALSE,FALSE,FALSE,TRUE,TRUE,FALSE,FALSE,"","ignore","",FALSE,"git ls-files: not tracked; matched current ignore rules; classified as artifacts; path/type indicates generated output",""
"artifacts/h24-preversion/oceancube.Rcheck/00_pkg_src/oceancube/inst/examples/refactor_coast_dist_backend.R",FALSE,TRUE,"artifacts",FALSE,FALSE,FALSE,TRUE,TRUE,FALSE,FALSE,"","ignore","",FALSE,"git ls-files: not tracked; matched current ignore rules; classified as artifacts; path/type indicates generated output",""
"artifacts/h24-preversion/oceancube.Rcheck/00_pkg_src/oceancube/inst/examples/refactor_layer_annual_backend.R",FALSE,TRUE,"artifacts",FALSE,FALSE,FALSE,TRUE,TRUE,FALSE,FALSE,"","ignore","",FALSE,"git ls-files: not tracked; matched current ignore rules; classified as artifacts; path/type indicates generated output",""
"artifacts/h24-preversion/oceancube.Rcheck/00_pkg_src/oceancube/inst/examples/refactor_link_events_backend.R",FALSE,TRUE,"artifacts",FALSE,FALSE,FALSE,TRUE,TRUE,FALSE,FALSE,"","ignore","",FALSE,"git ls-files: not tracked; matched current ignore rules; classified as artifacts; path/type indicates generated output",""
"artifacts/h24-preversion/oceancube.Rcheck/00_pkg_src/oceancube/inst/examples/refactor_temporal_backend.R",FALSE,TRUE,"artifacts",FALSE,FALSE,FALSE,TRUE,TRUE,FALSE,FALSE,"","ignore","",FALSE,"git ls-files: not tracked; matched current ignore rules; classified as artifacts; path/type indicates generated output",""
"artifacts/h24-preversion/oceancube.Rcheck/00_pkg_src/oceancube/LICENSE",FALSE,TRUE,"artifacts",FALSE,FALSE,FALSE,TRUE,TRUE,FALSE,FALSE,"","ignore","",FALSE,"git ls-files: not tracked; matched current ignore rules; classified as artifacts; path/type indicates generated output",""
"artifacts/h24-preversion/oceancube.Rcheck/00_pkg_src/oceancube/man/annual_index.Rd",FALSE,TRUE,"artifacts",FALSE,FALSE,FALSE,TRUE,TRUE,FALSE,FALSE,"","ignore","",FALSE,"git ls-files: not tracked; matched current ignore rules; classified as artifacts; path/type indicates generated output",""
"artifacts/h24-preversion/oceancube.Rcheck/00_pkg_src/oceancube/man/anom_diff.Rd",FALSE,TRUE,"artifacts",FALSE,FALSE,FALSE,TRUE,TRUE,FALSE,FALSE,"","ignore","",FALSE,"git ls-files: not tracked; matched current ignore rules; classified as artifacts; path/type indicates generated output",""
"artifacts/h24-preversion/oceancube.Rcheck/00_pkg_src/oceancube/man/anom_z.Rd",FALSE,TRUE,"artifacts",FALSE,FALSE,FALSE,TRUE,TRUE,FALSE,FALSE,"","ignore","",FALSE,"git ls-files: not tracked; matched current ignore rules; classified as artifacts; path/type indicates generated output",""
"artifacts/h24-preversion/oceancube.Rcheck/00_pkg_src/oceancube/man/clim_day.Rd",FALSE,TRUE,"artifacts",FALSE,FALSE,FALSE,TRUE,TRUE,FALSE,FALSE,"","ignore","",FALSE,"git ls-files: not tracked; matched current ignore rules; classified as artifacts; path/type indicates generated output",""
"artifacts/h24-preversion/oceancube.Rcheck/00_pkg_src/oceancube/man/clim_month.Rd",FALSE,TRUE,"artifacts",FALSE,FALSE,FALSE,TRUE,TRUE,FALSE,FALSE,"","ignore","",FALSE,"git ls-files: not tracked; matched current ignore rules; classified as artifacts; path/type indicates generated output",""
"artifacts/h24-preversion/oceancube.Rcheck/00_pkg_src/oceancube/man/cm_connect.Rd",FALSE,TRUE,"artifacts",FALSE,FALSE,FALSE,TRUE,TRUE,FALSE,FALSE,"","ignore","",FALSE,"git ls-files: not tracked; matched current ignore rules; classified as artifacts; path/type indicates generated output",""
"artifacts/h24-preversion/oceancube.Rcheck/00_pkg_src/oceancube/man/cm_setup.Rd",FALSE,TRUE,"artifacts",FALSE,FALSE,FALSE,TRUE,TRUE,FALSE,FALSE,"","ignore","",FALSE,"git ls-files: not tracked; matched current ignore rules; classified as artifacts; path/type indicates generated output",""
"artifacts/h24-preversion/oceancube.Rcheck/00_pkg_src/oceancube/man/coast_dist.Rd",FALSE,TRUE,"artifacts",FALSE,FALSE,FALSE,TRUE,TRUE,FALSE,FALSE,"","ignore","",FALSE,"git ls-files: not tracked; matched current ignore rules; classified as artifacts; path/type indicates generated output",""
"artifacts/h24-preversion/oceancube.Rcheck/00_pkg_src/oceancube/man/crop_stock.Rd",FALSE,TRUE,"artifacts",FALSE,FALSE,FALSE,TRUE,TRUE,FALSE,FALSE,"","ignore","",FALSE,"git ls-files: not tracked; matched current ignore rules; classified as artifacts; path/type indicates generated output",""
"artifacts/h24-preversion/oceancube.Rcheck/00_pkg_src/oceancube/man/cube_cell_area.Rd",FALSE,TRUE,"artifacts",FALSE,FALSE,FALSE,TRUE,TRUE,FALSE,FALSE,"","ignore","",FALSE,"git ls-files: not tracked; matched current ignore rules; classified as artifacts; path/type indicates generated output",""
"artifacts/h24-preversion/oceancube.Rcheck/00_pkg_src/oceancube/man/cube_cell_volume.Rd",FALSE,TRUE,"artifacts",FALSE,FALSE,FALSE,TRUE,TRUE,FALSE,FALSE,"","ignore","",FALSE,"git ls-files: not tracked; matched current ignore rules; classified as artifacts; path/type indicates generated output",""
"artifacts/h24-preversion/oceancube.Rcheck/00_pkg_src/oceancube/man/cube_collect.Rd",FALSE,TRUE,"artifacts",FALSE,FALSE,FALSE,TRUE,TRUE,FALSE,FALSE,"","ignore","",FALSE,"git ls-files: not tracked; matched current ignore rules; classified as artifacts; path/type indicates generated output",""
"artifacts/h24-preversion/oceancube.Rcheck/00_pkg_src/oceancube/man/cube_crop.Rd",FALSE,TRUE,"artifacts",FALSE,FALSE,FALSE,TRUE,TRUE,FALSE,FALSE,"","ignore","",FALSE,"git ls-files: not tracked; matched current ignore rules; classified as artifacts; path/type indicates generated output",""
"artifacts/h24-preversion/oceancube.Rcheck/00_pkg_src/oceancube/man/cube_extract.Rd",FALSE,TRUE,"artifacts",FALSE,FALSE,FALSE,TRUE,TRUE,FALSE,FALSE,"","ignore","",FALSE,"git ls-files: not tracked; matched current ignore rules; classified as artifacts; path/type indicates generated output",""
"artifacts/h24-preversion/oceancube.Rcheck/00_pkg_src/oceancube/man/cube_layer_thickness.Rd",FALSE,TRUE,"artifacts",FALSE,FALSE,FALSE,TRUE,TRUE,FALSE,FALSE,"","ignore","",FALSE,"git ls-files: not tracked; matched current ignore rules; classified as artifacts; path/type indicates generated output",""
"artifacts/h24-preversion/oceancube.Rcheck/00_pkg_src/oceancube/man/cube_mask.Rd",FALSE,TRUE,"artifacts",FALSE,FALSE,FALSE,TRUE,TRUE,FALSE,FALSE,"","ignore","",FALSE,"git ls-files: not tracked; matched current ignore rules; classified as artifacts; path/type indicates generated output",""
"artifacts/h24-preversion/oceancube.Rcheck/00_pkg_src/oceancube/man/cube_polygon_weights.Rd",FALSE,TRUE,"artifacts",FALSE,FALSE,FALSE,TRUE,TRUE,FALSE,FALSE,"","ignore","",FALSE,"git ls-files: not tracked; matched current ignore rules; classified as artifacts; path/type indicates generated output",""
"artifacts/h24-preversion/oceancube.Rcheck/00_pkg_src/oceancube/man/cube_slice.Rd",FALSE,TRUE,"artifacts",FALSE,FALSE,FALSE,TRUE,TRUE,FALSE,FALSE,"","ignore","",FALSE,"git ls-files: not tracked; matched current ignore rules; classified as artifacts; path/type indicates generated output",""
"artifacts/h24-preversion/oceancube.Rcheck/00_pkg_src/oceancube/man/cube_transect.Rd",FALSE,TRUE,"artifacts",FALSE,FALSE,FALSE,TRUE,TRUE,FALSE,TRUE,"","ignore","",FALSE,"git ls-files: not tracked; matched current ignore rules; classified as artifacts; path/type indicates generated output",""
"artifacts/h24-preversion/oceancube.Rcheck/00_pkg_src/oceancube/man/download_nc.Rd",FALSE,TRUE,"artifacts",FALSE,FALSE,FALSE,TRUE,TRUE,FALSE,FALSE,"","ignore","",FALSE,"git ls-files: not tracked; matched current ignore rules; classified as artifacts; path/type indicates generated output",""
"artifacts/h24-preversion/oceancube.Rcheck/00_pkg_src/oceancube/man/layer_mean.Rd",FALSE,TRUE,"artifacts",FALSE,FALSE,FALSE,TRUE,TRUE,FALSE,FALSE,"","ignore","",FALSE,"git ls-files: not tracked; matched current ignore rules; classified as artifacts; path/type indicates generated output",""
"artifacts/h24-preversion/oceancube.Rcheck/00_pkg_src/oceancube/man/link_events.Rd",FALSE,TRUE,"artifacts",FALSE,FALSE,FALSE,TRUE,TRUE,FALSE,FALSE,"","ignore","",FALSE,"git ls-files: not tracked; matched current ignore rules; classified as artifacts; path/type indicates generated output",""
"artifacts/h24-preversion/oceancube.Rcheck/00_pkg_src/oceancube/man/ocean_cube.Rd",FALSE,TRUE,"artifacts",FALSE,FALSE,FALSE,TRUE,TRUE,FALSE,FALSE,"","ignore","",FALSE,"git ls-files: not tracked; matched current ignore rules; classified as artifacts; path/type indicates generated output",""
"artifacts/h24-preversion/oceancube.Rcheck/00_pkg_src/oceancube/man/read_nc.Rd",FALSE,TRUE,"artifacts",FALSE,FALSE,FALSE,TRUE,TRUE,FALSE,FALSE,"","ignore","",FALSE,"git ls-files: not tracked; matched current ignore rules; classified as artifacts; path/type indicates generated output",""
"artifacts/h24-preversion/oceancube.Rcheck/00_pkg_src/oceancube/man/signal_noise.Rd",FALSE,TRUE,"artifacts",FALSE,FALSE,FALSE,TRUE,TRUE,FALSE,FALSE,"","ignore","",FALSE,"git ls-files: not tracked; matched current ignore rules; classified as artifacts; path/type indicates generated output",""
"artifacts/h24-preversion/oceancube.Rcheck/00_pkg_src/oceancube/man/stock_mask.Rd",FALSE,TRUE,"artifacts",FALSE,FALSE,FALSE,TRUE,TRUE,FALSE,FALSE,"","ignore","",FALSE,"git ls-files: not tracked; matched current ignore rules; classified as artifacts; path/type indicates generated output",""
"artifacts/h24-preversion/oceancube.Rcheck/00_pkg_src/oceancube/man/to_month.Rd",FALSE,TRUE,"artifacts",FALSE,FALSE,FALSE,TRUE,TRUE,FALSE,FALSE,"","ignore","",FALSE,"git ls-files: not tracked; matched current ignore rules; classified as artifacts; path/type indicates generated output",""
"artifacts/h24-preversion/oceancube.Rcheck/00_pkg_src/oceancube/NAMESPACE",FALSE,TRUE,"artifacts",FALSE,FALSE,FALSE,TRUE,TRUE,FALSE,FALSE,"","ignore","",FALSE,"git ls-files: not tracked; matched current ignore rules; classified as artifacts; path/type indicates generated output",""
"artifacts/h24-preversion/oceancube.Rcheck/00_pkg_src/oceancube/NEWS.md",FALSE,TRUE,"artifacts",FALSE,FALSE,FALSE,TRUE,TRUE,FALSE,FALSE,"","ignore","",FALSE,"git ls-files: not tracked; matched current ignore rules; classified as artifacts; path/type indicates generated output",""
"artifacts/h24-preversion/oceancube.Rcheck/00_pkg_src/oceancube/R/annual_index.R",FALSE,TRUE,"artifacts",FALSE,FALSE,FALSE,TRUE,TRUE,FALSE,FALSE,"","ignore","",FALSE,"git ls-files: not tracked; matched current ignore rules; classified as artifacts; path/type indicates generated output",""
"artifacts/h24-preversion/oceancube.Rcheck/00_pkg_src/oceancube/R/anom_diff.R",FALSE,TRUE,"artifacts",FALSE,FALSE,FALSE,TRUE,TRUE,FALSE,FALSE,"","ignore","",FALSE,"git ls-files: not tracked; matched current ignore rules; classified as artifacts; path/type indicates generated output",""
"artifacts/h24-preversion/oceancube.Rcheck/00_pkg_src/oceancube/R/backend-index.R",FALSE,TRUE,"artifacts",FALSE,FALSE,FALSE,TRUE,TRUE,FALSE,FALSE,"","ignore","",FALSE,"git ls-files: not tracked; matched current ignore rules; classified as artifacts; path/type indicates generated output",""
"artifacts/h24-preversion/oceancube.Rcheck/00_pkg_src/oceancube/R/backend-memory.R",FALSE,TRUE,"artifacts",FALSE,FALSE,FALSE,TRUE,TRUE,FALSE,FALSE,"","ignore","",FALSE,"git ls-files: not tracked; matched current ignore rules; classified as artifacts; path/type indicates generated output",""
"artifacts/h24-preversion/oceancube.Rcheck/00_pkg_src/oceancube/R/backend-netcdf.R",FALSE,TRUE,"artifacts",FALSE,FALSE,FALSE,TRUE,TRUE,FALSE,FALSE,"","ignore","",FALSE,"git ls-files: not tracked; matched current ignore rules; classified as artifacts; path/type indicates generated output",""
"artifacts/h24-preversion/oceancube.Rcheck/00_pkg_src/oceancube/R/clim_day.R",FALSE,TRUE,"artifacts",FALSE,FALSE,FALSE,TRUE,TRUE,FALSE,FALSE,"","ignore","",FALSE,"git ls-files: not tracked; matched current ignore rules; classified as artifacts; path/type indicates generated output",""
"artifacts/h24-preversion/oceancube.Rcheck/00_pkg_src/oceancube/R/clim_month.R",FALSE,TRUE,"artifacts",FALSE,FALSE,FALSE,TRUE,TRUE,FALSE,FALSE,"","ignore","",FALSE,"git ls-files: not tracked; matched current ignore rules; classified as artifacts; path/type indicates generated output",""
"artifacts/h24-preversion/oceancube.Rcheck/00_pkg_src/oceancube/R/cm_setup.R",FALSE,TRUE,"artifacts",FALSE,FALSE,FALSE,TRUE,TRUE,FALSE,FALSE,"","ignore","",FALSE,"git ls-files: not tracked; matched current ignore rules; classified as artifacts; path/type indicates generated output",""
"artifacts/h24-preversion/oceancube.Rcheck/00_pkg_src/oceancube/R/coast_dist.R",FALSE,TRUE,"artifacts",FALSE,FALSE,FALSE,TRUE,TRUE,FALSE,FALSE,"","ignore","",FALSE,"git ls-files: not tracked; matched current ignore rules; classified as artifacts; path/type indicates generated output",""
"artifacts/h24-preversion/oceancube.Rcheck/00_pkg_src/oceancube/R/cube_collect.R",FALSE,TRUE,"artifacts",FALSE,FALSE,FALSE,TRUE,TRUE,FALSE,FALSE,"","ignore","",FALSE,"git ls-files: not tracked; matched current ignore rules; classified as artifacts; path/type indicates generated output",""
"artifacts/h24-preversion/oceancube.Rcheck/00_pkg_src/oceancube/R/cube_crop.R",FALSE,TRUE,"artifacts",FALSE,FALSE,FALSE,TRUE,TRUE,FALSE,FALSE,"","ignore","",FALSE,"git ls-files: not tracked; matched current ignore rules; classified as artifacts; path/type indicates generated output",""
"artifacts/h24-preversion/oceancube.Rcheck/00_pkg_src/oceancube/R/cube_extract.R",FALSE,TRUE,"artifacts",FALSE,FALSE,FALSE,TRUE,TRUE,FALSE,FALSE,"","ignore","",FALSE,"git ls-files: not tracked; matched current ignore rules; classified as artifacts; path/type indicates generated output",""
"artifacts/h24-preversion/oceancube.Rcheck/00_pkg_src/oceancube/R/cube_grid_geometry.R",FALSE,TRUE,"artifacts",FALSE,FALSE,FALSE,TRUE,TRUE,FALSE,FALSE,"","ignore","",FALSE,"git ls-files: not tracked; matched current ignore rules; classified as artifacts; path/type indicates generated output",""
"artifacts/h24-preversion/oceancube.Rcheck/00_pkg_src/oceancube/R/cube_mask.R",FALSE,TRUE,"artifacts",FALSE,FALSE,FALSE,TRUE,TRUE,FALSE,FALSE,"","ignore","",FALSE,"git ls-files: not tracked; matched current ignore rules; classified as artifacts; path/type indicates generated output",""
"artifacts/h24-preversion/oceancube.Rcheck/00_pkg_src/oceancube/R/cube_polygon_weights.R",FALSE,TRUE,"artifacts",FALSE,FALSE,FALSE,TRUE,TRUE,FALSE,FALSE,"","ignore","",FALSE,"git ls-files: not tracked; matched current ignore rules; classified as artifacts; path/type indicates generated output",""
"artifacts/h24-preversion/oceancube.Rcheck/00_pkg_src/oceancube/R/cube_slice.R",FALSE,TRUE,"artifacts",FALSE,FALSE,FALSE,TRUE,TRUE,FALSE,FALSE,"","ignore","",FALSE,"git ls-files: not tracked; matched current ignore rules; classified as artifacts; path/type indicates generated output",""
"artifacts/h24-preversion/oceancube.Rcheck/00_pkg_src/oceancube/R/cube_transect.R",FALSE,TRUE,"artifacts",FALSE,FALSE,FALSE,TRUE,TRUE,FALSE,FALSE,"","ignore","",FALSE,"git ls-files: not tracked; matched current ignore rules; classified as artifacts; path/type indicates generated output",""
"artifacts/h24-preversion/oceancube.Rcheck/00_pkg_src/oceancube/R/download_nc.R",FALSE,TRUE,"artifacts",FALSE,FALSE,FALSE,TRUE,TRUE,FALSE,FALSE,"","ignore","",FALSE,"git ls-files: not tracked; matched current ignore rules; classified as artifacts; path/type indicates generated output",""
"artifacts/h24-preversion/oceancube.Rcheck/00_pkg_src/oceancube/R/layer_mean.R",FALSE,TRUE,"artifacts",FALSE,FALSE,FALSE,TRUE,TRUE,FALSE,FALSE,"","ignore","",FALSE,"git ls-files: not tracked; matched current ignore rules; classified as artifacts; path/type indicates generated output",""
"artifacts/h24-preversion/oceancube.Rcheck/00_pkg_src/oceancube/R/link_events.R",FALSE,TRUE,"artifacts",FALSE,FALSE,FALSE,TRUE,TRUE,FALSE,FALSE,"","ignore","",FALSE,"git ls-files: not tracked; matched current ignore rules; classified as artifacts; path/type indicates generated output",""
"artifacts/h24-preversion/oceancube.Rcheck/00_pkg_src/oceancube/R/ocean_cube.R",FALSE,TRUE,"artifacts",FALSE,FALSE,FALSE,TRUE,TRUE,FALSE,FALSE,"","ignore","",FALSE,"git ls-files: not tracked; matched current ignore rules; classified as artifacts; path/type indicates generated output",""
"artifacts/h24-preversion/oceancube.Rcheck/00_pkg_src/oceancube/R/read_nc.R",FALSE,TRUE,"artifacts",FALSE,FALSE,FALSE,TRUE,TRUE,FALSE,FALSE,"","ignore","",FALSE,"git ls-files: not tracked; matched current ignore rules; classified as artifacts; path/type indicates generated output",""
"artifacts/h24-preversion/oceancube.Rcheck/00_pkg_src/oceancube/R/stock_mask.R",FALSE,TRUE,"artifacts",FALSE,FALSE,FALSE,TRUE,TRUE,FALSE,FALSE,"","ignore","",FALSE,"git ls-files: not tracked; matched current ignore rules; classified as artifacts; path/type indicates generated output",""
"artifacts/h24-preversion/oceancube.Rcheck/00_pkg_src/oceancube/R/to_month.R",FALSE,TRUE,"artifacts",FALSE,FALSE,FALSE,TRUE,TRUE,FALSE,FALSE,"","ignore","",FALSE,"git ls-files: not tracked; matched current ignore rules; classified as artifacts; path/type indicates generated output",""
"artifacts/h24-preversion/oceancube.Rcheck/00_pkg_src/oceancube/R/utils-internal.R",FALSE,TRUE,"artifacts",FALSE,FALSE,FALSE,TRUE,TRUE,FALSE,FALSE,"","ignore","",FALSE,"git ls-files: not tracked; matched current ignore rules; classified as artifacts; path/type indicates generated output",""
"artifacts/h24-preversion/oceancube.Rcheck/00_pkg_src/oceancube/README.md",FALSE,TRUE,"artifacts",FALSE,FALSE,FALSE,TRUE,TRUE,FALSE,FALSE,"","ignore","",FALSE,"git ls-files: not tracked; matched current ignore rules; classified as artifacts; path/type indicates generated output",""
"artifacts/h24-preversion/oceancube.Rcheck/00_pkg_src/oceancube/README.Rmd",FALSE,TRUE,"artifacts",FALSE,FALSE,FALSE,TRUE,TRUE,FALSE,FALSE,"","ignore","",FALSE,"git ls-files: not tracked; matched current ignore rules; classified as artifacts; path/type indicates generated output",""
"artifacts/h24-preversion/oceancube.Rcheck/00_pkg_src/oceancube/tests/testthat.R",FALSE,TRUE,"artifacts",FALSE,FALSE,FALSE,TRUE,TRUE,FALSE,FALSE,"","ignore","",FALSE,"git ls-files: not tracked; matched current ignore rules; classified as artifacts; path/type indicates generated output",""
"artifacts/h24-preversion/oceancube.Rcheck/00_pkg_src/oceancube/tests/testthat/helper-architecture.R",FALSE,TRUE,"artifacts",FALSE,FALSE,FALSE,TRUE,TRUE,FALSE,FALSE,"","ignore","",FALSE,"git ls-files: not tracked; matched current ignore rules; classified as artifacts; path/type indicates generated output",""
"artifacts/h24-preversion/oceancube.Rcheck/00_pkg_src/oceancube/tests/testthat/helper-baseline-cube.R",FALSE,TRUE,"artifacts",FALSE,FALSE,FALSE,TRUE,TRUE,FALSE,FALSE,"","ignore","",FALSE,"git ls-files: not tracked; matched current ignore rules; classified as artifacts; path/type indicates generated output",""
"artifacts/h24-preversion/oceancube.Rcheck/00_pkg_src/oceancube/tests/testthat/helper-geometry.R",FALSE,TRUE,"artifacts",FALSE,FALSE,FALSE,TRUE,TRUE,FALSE,FALSE,"","ignore","",FALSE,"git ls-files: not tracked; matched current ignore rules; classified as artifacts; path/type indicates generated output",""
"artifacts/h24-preversion/oceancube.Rcheck/00_pkg_src/oceancube/tests/testthat/helper-netcdf-backend.R",FALSE,TRUE,"artifacts",FALSE,FALSE,FALSE,TRUE,TRUE,FALSE,FALSE,"","ignore","",FALSE,"git ls-files: not tracked; matched current ignore rules; classified as artifacts; path/type indicates generated output",""
"artifacts/h24-preversion/oceancube.Rcheck/00_pkg_src/oceancube/tests/testthat/test-backend-memory.R",FALSE,TRUE,"artifacts",FALSE,FALSE,FALSE,TRUE,TRUE,FALSE,FALSE,"","ignore","",FALSE,"git ls-files: not tracked; matched current ignore rules; classified as artifacts; path/type indicates generated output",""
"artifacts/h24-preversion/oceancube.Rcheck/00_pkg_src/oceancube/tests/testthat/test-backend-netcdf-descriptor.R",FALSE,TRUE,"artifacts",FALSE,FALSE,FALSE,TRUE,TRUE,FALSE,TRUE,"","ignore","",FALSE,"git ls-files: not tracked; matched current ignore rules; classified as artifacts; path/type indicates generated output",""
"artifacts/h24-preversion/oceancube.Rcheck/00_pkg_src/oceancube/tests/testthat/test-backend-netcdf-noncontiguous.R",FALSE,TRUE,"artifacts",FALSE,FALSE,FALSE,TRUE,TRUE,FALSE,FALSE,"","ignore","",FALSE,"git ls-files: not tracked; matched current ignore rules; classified as artifacts; path/type indicates generated output",""
"artifacts/h24-preversion/oceancube.Rcheck/00_pkg_src/oceancube/tests/testthat/test-backend-netcdf-read-block.R",FALSE,TRUE,"artifacts",FALSE,FALSE,FALSE,TRUE,TRUE,FALSE,FALSE,"","ignore","",FALSE,"git ls-files: not tracked; matched current ignore rules; classified as artifacts; path/type indicates generated output",""
"artifacts/h24-preversion/oceancube.Rcheck/00_pkg_src/oceancube/tests/testthat/test-clim-anom.R",FALSE,TRUE,"artifacts",FALSE,FALSE,FALSE,TRUE,TRUE,FALSE,FALSE,"","ignore","",FALSE,"git ls-files: not tracked; matched current ignore rules; classified as artifacts; path/type indicates generated output",""
"artifacts/h24-preversion/oceancube.Rcheck/00_pkg_src/oceancube/tests/testthat/test-cube-collect.R",FALSE,TRUE,"artifacts",FALSE,FALSE,FALSE,TRUE,TRUE,FALSE,FALSE,"","ignore","",FALSE,"git ls-files: not tracked; matched current ignore rules; classified as artifacts; path/type indicates generated output",""
"artifacts/h24-preversion/oceancube.Rcheck/00_pkg_src/oceancube/tests/testthat/test-cube-crop.R",FALSE,TRUE,"artifacts",FALSE,FALSE,FALSE,TRUE,TRUE,FALSE,FALSE,"","ignore","",FALSE,"git ls-files: not tracked; matched current ignore rules; classified as artifacts; path/type indicates generated output",""
"artifacts/h24-preversion/oceancube.Rcheck/00_pkg_src/oceancube/tests/testthat/test-cube-extract.R",FALSE,TRUE,"artifacts",FALSE,FALSE,FALSE,TRUE,TRUE,FALSE,FALSE,"","ignore","",FALSE,"git ls-files: not tracked; matched current ignore rules; classified as artifacts; path/type indicates generated output",""
"artifacts/h24-preversion/oceancube.Rcheck/00_pkg_src/oceancube/tests/testthat/test-cube-grid-geometry.R",FALSE,TRUE,"artifacts",FALSE,FALSE,FALSE,TRUE,TRUE,FALSE,FALSE,"","ignore","",FALSE,"git ls-files: not tracked; matched current ignore rules; classified as artifacts; path/type indicates generated output",""
"artifacts/h24-preversion/oceancube.Rcheck/00_pkg_src/oceancube/tests/testthat/test-cube-mask.R",FALSE,TRUE,"artifacts",FALSE,FALSE,FALSE,TRUE,TRUE,FALSE,FALSE,"","ignore","",FALSE,"git ls-files: not tracked; matched current ignore rules; classified as artifacts; path/type indicates generated output",""
"artifacts/h24-preversion/oceancube.Rcheck/00_pkg_src/oceancube/tests/testthat/test-cube-polygon-weights.R",FALSE,TRUE,"artifacts",FALSE,FALSE,FALSE,TRUE,TRUE,FALSE,FALSE,"","ignore","",FALSE,"git ls-files: not tracked; matched current ignore rules; classified as artifacts; path/type indicates generated output",""
"artifacts/h24-preversion/oceancube.Rcheck/00_pkg_src/oceancube/tests/testthat/test-cube-slice.R",FALSE,TRUE,"artifacts",FALSE,FALSE,FALSE,TRUE,TRUE,FALSE,FALSE,"","ignore","",FALSE,"git ls-files: not tracked; matched current ignore rules; classified as artifacts; path/type indicates generated output",""
"artifacts/h24-preversion/oceancube.Rcheck/00_pkg_src/oceancube/tests/testthat/test-cube-transect.R",FALSE,TRUE,"artifacts",FALSE,FALSE,FALSE,TRUE,TRUE,FALSE,FALSE,"","ignore","",FALSE,"git ls-files: not tracked; matched current ignore rules; classified as artifacts; path/type indicates generated output",""
"artifacts/h24-preversion/oceancube.Rcheck/00_pkg_src/oceancube/tests/testthat/test-daily-link.R",FALSE,TRUE,"artifacts",FALSE,FALSE,FALSE,TRUE,TRUE,FALSE,FALSE,"","ignore","",FALSE,"git ls-files: not tracked; matched current ignore rules; classified as artifacts; path/type indicates generated output",""
"artifacts/h24-preversion/oceancube.Rcheck/00_pkg_src/oceancube/tests/testthat/test-layer-time-mask.R",FALSE,TRUE,"artifacts",FALSE,FALSE,FALSE,TRUE,TRUE,FALSE,FALSE,"","ignore","",FALSE,"git ls-files: not tracked; matched current ignore rules; classified as artifacts; path/type indicates generated output",""
"artifacts/h24-preversion/oceancube.Rcheck/00_pkg_src/oceancube/tests/testthat/test-no-direct-data-access.R",FALSE,TRUE,"artifacts",FALSE,FALSE,FALSE,TRUE,TRUE,FALSE,FALSE,"","ignore","",FALSE,"git ls-files: not tracked; matched current ignore rules; classified as artifacts; path/type indicates generated output",""
"artifacts/h24-preversion/oceancube.Rcheck/00_pkg_src/oceancube/tests/testthat/test-ocean-cube-baseline.R",FALSE,TRUE,"artifacts",FALSE,FALSE,FALSE,TRUE,TRUE,FALSE,FALSE,"","ignore","",FALSE,"git ls-files: not tracked; matched current ignore rules; classified as artifacts; path/type indicates generated output",""
"artifacts/h24-preversion/oceancube.Rcheck/00_pkg_src/oceancube/tests/testthat/test-ocean-cube-contract.R",FALSE,TRUE,"artifacts",FALSE,FALSE,FALSE,TRUE,TRUE,FALSE,FALSE,"","ignore","",FALSE,"git ls-files: not tracked; matched current ignore rules; classified as artifacts; path/type indicates generated output",""
"artifacts/h24-preversion/oceancube.Rcheck/00_pkg_src/oceancube/tests/testthat/test-ocean-cube.R",FALSE,TRUE,"artifacts",FALSE,FALSE,FALSE,TRUE,TRUE,FALSE,FALSE,"","ignore","",FALSE,"git ls-files: not tracked; matched current ignore rules; classified as artifacts; path/type indicates generated output",""
"artifacts/h24-preversion/oceancube.Rcheck/00_pkg_src/oceancube/tests/testthat/test-package-boundary-spatind.R",FALSE,TRUE,"artifacts",FALSE,FALSE,FALSE,TRUE,TRUE,FALSE,FALSE,"","ignore","",FALSE,"git ls-files: not tracked; matched current ignore rules; classified as artifacts; path/type indicates generated output",""
"artifacts/h24-preversion/oceancube.Rcheck/00_pkg_src/oceancube/tests/testthat/test-read-nc-baseline.R",FALSE,TRUE,"artifacts",FALSE,FALSE,FALSE,TRUE,TRUE,FALSE,FALSE,"","ignore","",FALSE,"git ls-files: not tracked; matched current ignore rules; classified as artifacts; path/type indicates generated output",""
"artifacts/h24-preversion/oceancube.Rcheck/00_pkg_src/oceancube/tests/testthat/test-refactor-coast-dist-backend.R",FALSE,TRUE,"artifacts",FALSE,FALSE,FALSE,TRUE,TRUE,FALSE,FALSE,"","ignore","",FALSE,"git ls-files: not tracked; matched current ignore rules; classified as artifacts; path/type indicates generated output",""
"artifacts/h24-preversion/oceancube.Rcheck/00_pkg_src/oceancube/tests/testthat/test-refactor-layer-annual-backend.R",FALSE,TRUE,"artifacts",FALSE,FALSE,FALSE,TRUE,TRUE,FALSE,FALSE,"","ignore","",FALSE,"git ls-files: not tracked; matched current ignore rules; classified as artifacts; path/type indicates generated output",""
"artifacts/h24-preversion/oceancube.Rcheck/00_pkg_src/oceancube/tests/testthat/test-refactor-link-events-backend.R",FALSE,TRUE,"artifacts",FALSE,FALSE,FALSE,TRUE,TRUE,FALSE,FALSE,"","ignore","",FALSE,"git ls-files: not tracked; matched current ignore rules; classified as artifacts; path/type indicates generated output",""
"artifacts/h24-preversion/oceancube.Rcheck/00_pkg_src/oceancube/tests/testthat/test-refactor-temporal-backend.R",FALSE,TRUE,"artifacts",FALSE,FALSE,FALSE,TRUE,TRUE,FALSE,FALSE,"","ignore","",FALSE,"git ls-files: not tracked; matched current ignore rules; classified as artifacts; path/type indicates generated output",""
"artifacts/h24-preversion/oceancube.Rcheck/00_pkg_src/oceancube/tests/testthat/test-release-contract.R",FALSE,TRUE,"artifacts",FALSE,FALSE,FALSE,TRUE,TRUE,FALSE,FALSE,"","ignore","",FALSE,"git ls-files: not tracked; matched current ignore rules; classified as artifacts; path/type indicates generated output",""
"artifacts/h24-preversion/oceancube.Rcheck/00_pkg_src/oceancube/tests/testthat/test-scientific-baseline.R",FALSE,TRUE,"artifacts",FALSE,FALSE,FALSE,TRUE,TRUE,FALSE,FALSE,"","ignore","",FALSE,"git ls-files: not tracked; matched current ignore rules; classified as artifacts; path/type indicates generated output",""
"artifacts/h24-preversion/oceancube.Rcheck/00_pkg_src/oceancube/vignettes/get-started.Rmd",FALSE,TRUE,"artifacts",FALSE,FALSE,FALSE,TRUE,TRUE,FALSE,FALSE,"","ignore","",FALSE,"git ls-files: not tracked; matched current ignore rules; classified as artifacts; path/type indicates generated output",""
"artifacts/h24-preversion/oceancube.Rcheck/00_pkg_src/oceancube/vignettes/oceancube-architecture.Rmd",FALSE,TRUE,"artifacts",FALSE,FALSE,FALSE,TRUE,TRUE,FALSE,FALSE,"","ignore","",FALSE,"git ls-files: not tracked; matched current ignore rules; classified as artifacts; path/type indicates generated output",""
"artifacts/h24-preversion/oceancube.Rcheck/00_pkg_src/oceancube/vignettes/oceancube-geometry-weights.Rmd",FALSE,TRUE,"artifacts",FALSE,FALSE,FALSE,TRUE,TRUE,FALSE,FALSE,"","ignore","",FALSE,"git ls-files: not tracked; matched current ignore rules; classified as artifacts; path/type indicates generated output",""
"artifacts/h24-preversion/oceancube.Rcheck/00_pkg_src/oceancube/vignettes/oceancube-introduction.Rmd",FALSE,TRUE,"artifacts",FALSE,FALSE,FALSE,TRUE,TRUE,FALSE,FALSE,"","ignore","",FALSE,"git ls-files: not tracked; matched current ignore rules; classified as artifacts; path/type indicates generated output",""
"artifacts/h24-preversion/oceancube.Rcheck/00check.log",FALSE,TRUE,"logs",FALSE,FALSE,FALSE,TRUE,TRUE,FALSE,TRUE,"","ignore","",FALSE,"git ls-files: not tracked; matched current ignore rules; classified as logs; path/type indicates generated output",""
"artifacts/h24-preversion/oceancube.Rcheck/00install.out",FALSE,TRUE,"logs",FALSE,FALSE,FALSE,TRUE,TRUE,FALSE,FALSE,"","ignore","",FALSE,"git ls-files: not tracked; matched current ignore rules; classified as logs; path/type indicates generated output",""
"artifacts/h24-preversion/oceancube.Rcheck/oceancube-Ex.pdf",FALSE,TRUE,"artifacts",FALSE,FALSE,FALSE,TRUE,TRUE,FALSE,FALSE,"","ignore","",FALSE,"git ls-files: not tracked; matched current ignore rules; classified as artifacts; path/type indicates generated output",""
"artifacts/h24-preversion/oceancube.Rcheck/oceancube-Ex.R",FALSE,TRUE,"artifacts",FALSE,FALSE,FALSE,TRUE,TRUE,FALSE,FALSE,"","ignore","",FALSE,"git ls-files: not tracked; matched current ignore rules; classified as artifacts; path/type indicates generated output",""
"artifacts/h24-preversion/oceancube.Rcheck/oceancube-Ex.Rout",FALSE,TRUE,"artifacts",FALSE,FALSE,FALSE,TRUE,TRUE,FALSE,FALSE,"","ignore","",FALSE,"git ls-files: not tracked; matched current ignore rules; classified as artifacts; path/type indicates generated output",""
"artifacts/h24-preversion/oceancube.Rcheck/oceancube/architecture/oceancube-spatind-boundary.md",FALSE,TRUE,"artifacts",FALSE,FALSE,FALSE,TRUE,TRUE,FALSE,FALSE,"","ignore","",FALSE,"git ls-files: not tracked; matched current ignore rules; classified as artifacts; path/type indicates generated output",""
"artifacts/h24-preversion/oceancube.Rcheck/oceancube/CITATION",FALSE,TRUE,"artifacts",FALSE,FALSE,FALSE,TRUE,TRUE,FALSE,FALSE,"","ignore","",FALSE,"git ls-files: not tracked; matched current ignore rules; classified as artifacts; path/type indicates generated output",""
"artifacts/h24-preversion/oceancube.Rcheck/oceancube/DESCRIPTION",FALSE,TRUE,"artifacts",FALSE,FALSE,FALSE,TRUE,TRUE,FALSE,FALSE,"","ignore","",FALSE,"git ls-files: not tracked; matched current ignore rules; classified as artifacts; path/type indicates generated output",""
"artifacts/h24-preversion/oceancube.Rcheck/oceancube/doc/get-started.html",FALSE,TRUE,"rendered HTML",FALSE,FALSE,FALSE,TRUE,TRUE,FALSE,TRUE,"","ignore","",FALSE,"git ls-files: not tracked; matched current ignore rules; classified as rendered HTML; path/type indicates generated output",""
"artifacts/h24-preversion/oceancube.Rcheck/oceancube/doc/get-started.R",FALSE,TRUE,"artifacts",FALSE,FALSE,FALSE,TRUE,TRUE,FALSE,FALSE,"","ignore","",FALSE,"git ls-files: not tracked; matched current ignore rules; classified as artifacts; path/type indicates generated output",""
"artifacts/h24-preversion/oceancube.Rcheck/oceancube/doc/get-started.Rmd",FALSE,TRUE,"artifacts",FALSE,FALSE,FALSE,TRUE,TRUE,FALSE,FALSE,"","ignore","",FALSE,"git ls-files: not tracked; matched current ignore rules; classified as artifacts; path/type indicates generated output",""
"artifacts/h24-preversion/oceancube.Rcheck/oceancube/doc/index.html",FALSE,TRUE,"rendered HTML",FALSE,FALSE,FALSE,TRUE,TRUE,FALSE,FALSE,"","ignore","",FALSE,"git ls-files: not tracked; matched current ignore rules; classified as rendered HTML; path/type indicates generated output",""
"artifacts/h24-preversion/oceancube.Rcheck/oceancube/doc/oceancube-architecture.html",FALSE,TRUE,"rendered HTML",FALSE,FALSE,FALSE,TRUE,TRUE,FALSE,TRUE,"","ignore","",FALSE,"git ls-files: not tracked; matched current ignore rules; classified as rendered HTML; path/type indicates generated output",""
"artifacts/h24-preversion/oceancube.Rcheck/oceancube/doc/oceancube-architecture.R",FALSE,TRUE,"artifacts",FALSE,FALSE,FALSE,TRUE,TRUE,FALSE,FALSE,"","ignore","",FALSE,"git ls-files: not tracked; matched current ignore rules; classified as artifacts; path/type indicates generated output",""
"artifacts/h24-preversion/oceancube.Rcheck/oceancube/doc/oceancube-architecture.Rmd",FALSE,TRUE,"artifacts",FALSE,FALSE,FALSE,TRUE,TRUE,FALSE,FALSE,"","ignore","",FALSE,"git ls-files: not tracked; matched current ignore rules; classified as artifacts; path/type indicates generated output",""
"artifacts/h24-preversion/oceancube.Rcheck/oceancube/doc/oceancube-geometry-weights.html",FALSE,TRUE,"rendered HTML",FALSE,FALSE,FALSE,TRUE,TRUE,FALSE,TRUE,"","ignore","",FALSE,"git ls-files: not tracked; matched current ignore rules; classified as rendered HTML; path/type indicates generated output",""
"artifacts/h24-preversion/oceancube.Rcheck/oceancube/doc/oceancube-geometry-weights.R",FALSE,TRUE,"artifacts",FALSE,FALSE,FALSE,TRUE,TRUE,FALSE,FALSE,"","ignore","",FALSE,"git ls-files: not tracked; matched current ignore rules; classified as artifacts; path/type indicates generated output",""
"artifacts/h24-preversion/oceancube.Rcheck/oceancube/doc/oceancube-geometry-weights.Rmd",FALSE,TRUE,"artifacts",FALSE,FALSE,FALSE,TRUE,TRUE,FALSE,FALSE,"","ignore","",FALSE,"git ls-files: not tracked; matched current ignore rules; classified as artifacts; path/type indicates generated output",""
"artifacts/h24-preversion/oceancube.Rcheck/oceancube/doc/oceancube-introduction.html",FALSE,TRUE,"rendered HTML",FALSE,FALSE,FALSE,TRUE,TRUE,FALSE,TRUE,"","ignore","",FALSE,"git ls-files: not tracked; matched current ignore rules; classified as rendered HTML; path/type indicates generated output",""
"artifacts/h24-preversion/oceancube.Rcheck/oceancube/doc/oceancube-introduction.R",FALSE,TRUE,"artifacts",FALSE,FALSE,FALSE,TRUE,TRUE,FALSE,FALSE,"","ignore","",FALSE,"git ls-files: not tracked; matched current ignore rules; classified as artifacts; path/type indicates generated output",""
"artifacts/h24-preversion/oceancube.Rcheck/oceancube/doc/oceancube-introduction.Rmd",FALSE,TRUE,"artifacts",FALSE,FALSE,FALSE,TRUE,TRUE,FALSE,FALSE,"","ignore","",FALSE,"git ls-files: not tracked; matched current ignore rules; classified as artifacts; path/type indicates generated output",""
"artifacts/h24-preversion/oceancube.Rcheck/oceancube/examples/backend_memory.R",FALSE,TRUE,"artifacts",FALSE,FALSE,FALSE,TRUE,TRUE,FALSE,FALSE,"","ignore","",FALSE,"git ls-files: not tracked; matched current ignore rules; classified as artifacts; path/type indicates generated output",""
"artifacts/h24-preversion/oceancube.Rcheck/oceancube/examples/backend_netcdf_descriptor.R",FALSE,TRUE,"artifacts",FALSE,FALSE,FALSE,TRUE,TRUE,FALSE,FALSE,"","ignore","",FALSE,"git ls-files: not tracked; matched current ignore rules; classified as artifacts; path/type indicates generated output",""
"artifacts/h24-preversion/oceancube.Rcheck/oceancube/examples/backend_netcdf_read_block.R",FALSE,TRUE,"artifacts",FALSE,FALSE,FALSE,TRUE,TRUE,FALSE,FALSE,"","ignore","",FALSE,"git ls-files: not tracked; matched current ignore rules; classified as artifacts; path/type indicates generated output",""
"artifacts/h24-preversion/oceancube.Rcheck/oceancube/examples/baseline_ocean_cube.R",FALSE,TRUE,"artifacts",FALSE,FALSE,FALSE,TRUE,TRUE,FALSE,FALSE,"","ignore","",FALSE,"git ls-files: not tracked; matched current ignore rules; classified as artifacts; path/type indicates generated output",""
"artifacts/h24-preversion/oceancube.Rcheck/oceancube/examples/cube_crop.R",FALSE,TRUE,"artifacts",FALSE,FALSE,FALSE,TRUE,TRUE,FALSE,FALSE,"","ignore","",FALSE,"git ls-files: not tracked; matched current ignore rules; classified as artifacts; path/type indicates generated output",""
"artifacts/h24-preversion/oceancube.Rcheck/oceancube/examples/cube_extract.R",FALSE,TRUE,"artifacts",FALSE,FALSE,FALSE,TRUE,TRUE,FALSE,FALSE,"","ignore","",FALSE,"git ls-files: not tracked; matched current ignore rules; classified as artifacts; path/type indicates generated output",""
"artifacts/h24-preversion/oceancube.Rcheck/oceancube/examples/cube_geometry_weights.R",FALSE,TRUE,"artifacts",FALSE,FALSE,FALSE,TRUE,TRUE,FALSE,FALSE,"","ignore","",FALSE,"git ls-files: not tracked; matched current ignore rules; classified as artifacts; path/type indicates generated output",""
"artifacts/h24-preversion/oceancube.Rcheck/oceancube/examples/cube_mask.R",FALSE,TRUE,"artifacts",FALSE,FALSE,FALSE,TRUE,TRUE,FALSE,FALSE,"","ignore","",FALSE,"git ls-files: not tracked; matched current ignore rules; classified as artifacts; path/type indicates generated output",""
"artifacts/h24-preversion/oceancube.Rcheck/oceancube/examples/cube_slice.R",FALSE,TRUE,"artifacts",FALSE,FALSE,FALSE,TRUE,TRUE,FALSE,FALSE,"","ignore","",FALSE,"git ls-files: not tracked; matched current ignore rules; classified as artifacts; path/type indicates generated output",""
"artifacts/h24-preversion/oceancube.Rcheck/oceancube/examples/cube_transect.R",FALSE,TRUE,"artifacts",FALSE,FALSE,FALSE,TRUE,TRUE,FALSE,FALSE,"","ignore","",FALSE,"git ls-files: not tracked; matched current ignore rules; classified as artifacts; path/type indicates generated output",""
"artifacts/h24-preversion/oceancube.Rcheck/oceancube/examples/noncontiguous_collect.R",FALSE,TRUE,"artifacts",FALSE,FALSE,FALSE,TRUE,TRUE,FALSE,FALSE,"","ignore","",FALSE,"git ls-files: not tracked; matched current ignore rules; classified as artifacts; path/type indicates generated output",""
"artifacts/h24-preversion/oceancube.Rcheck/oceancube/examples/ocean_cube_contract.R",FALSE,TRUE,"artifacts",FALSE,FALSE,FALSE,TRUE,TRUE,FALSE,FALSE,"","ignore","",FALSE,"git ls-files: not tracked; matched current ignore rules; classified as artifacts; path/type indicates generated output",""
"artifacts/h24-preversion/oceancube.Rcheck/oceancube/examples/refactor_coast_dist_backend.R",FALSE,TRUE,"artifacts",FALSE,FALSE,FALSE,TRUE,TRUE,FALSE,FALSE,"","ignore","",FALSE,"git ls-files: not tracked; matched current ignore rules; classified as artifacts; path/type indicates generated output",""
"artifacts/h24-preversion/oceancube.Rcheck/oceancube/examples/refactor_layer_annual_backend.R",FALSE,TRUE,"artifacts",FALSE,FALSE,FALSE,TRUE,TRUE,FALSE,FALSE,"","ignore","",FALSE,"git ls-files: not tracked; matched current ignore rules; classified as artifacts; path/type indicates generated output",""
"artifacts/h24-preversion/oceancube.Rcheck/oceancube/examples/refactor_link_events_backend.R",FALSE,TRUE,"artifacts",FALSE,FALSE,FALSE,TRUE,TRUE,FALSE,FALSE,"","ignore","",FALSE,"git ls-files: not tracked; matched current ignore rules; classified as artifacts; path/type indicates generated output",""
"artifacts/h24-preversion/oceancube.Rcheck/oceancube/examples/refactor_temporal_backend.R",FALSE,TRUE,"artifacts",FALSE,FALSE,FALSE,TRUE,TRUE,FALSE,FALSE,"","ignore","",FALSE,"git ls-files: not tracked; matched current ignore rules; classified as artifacts; path/type indicates generated output",""
"artifacts/h24-preversion/oceancube.Rcheck/oceancube/help/aliases.rds",FALSE,TRUE,"RDS",FALSE,FALSE,FALSE,FALSE,FALSE,TRUE,FALSE,"","relocate-later","approved external data store or minimal test fixture; preserve until checksum and provenance are recorded",FALSE,"git ls-files: not tracked; matched current ignore rules; classified as RDS; path/type does not establish generated output; data extension/location may contain operational data","No move or merge is authorized by this decision document alone."
"artifacts/h24-preversion/oceancube.Rcheck/oceancube/help/AnIndex",FALSE,TRUE,"artifacts",FALSE,FALSE,FALSE,TRUE,TRUE,FALSE,FALSE,"","ignore","",FALSE,"git ls-files: not tracked; matched current ignore rules; classified as artifacts; path/type indicates generated output",""
"artifacts/h24-preversion/oceancube.Rcheck/oceancube/help/oceancube.rdb",FALSE,TRUE,"artifacts",FALSE,FALSE,FALSE,TRUE,TRUE,FALSE,FALSE,"","ignore","",FALSE,"git ls-files: not tracked; matched current ignore rules; classified as artifacts; path/type indicates generated output",""
"artifacts/h24-preversion/oceancube.Rcheck/oceancube/help/oceancube.rdx",FALSE,TRUE,"artifacts",FALSE,FALSE,FALSE,TRUE,TRUE,FALSE,FALSE,"","ignore","",FALSE,"git ls-files: not tracked; matched current ignore rules; classified as artifacts; path/type indicates generated output",""
"artifacts/h24-preversion/oceancube.Rcheck/oceancube/help/paths.rds",FALSE,TRUE,"RDS",FALSE,FALSE,FALSE,FALSE,FALSE,TRUE,FALSE,"","relocate-later","approved external data store or minimal test fixture; preserve until checksum and provenance are recorded",FALSE,"git ls-files: not tracked; matched current ignore rules; classified as RDS; path/type does not establish generated output; data extension/location may contain operational data","No move or merge is authorized by this decision document alone."
"artifacts/h24-preversion/oceancube.Rcheck/oceancube/html/00Index.html",FALSE,TRUE,"rendered HTML",FALSE,FALSE,FALSE,TRUE,TRUE,FALSE,FALSE,"","ignore","",FALSE,"git ls-files: not tracked; matched current ignore rules; classified as rendered HTML; path/type indicates generated output",""
"artifacts/h24-preversion/oceancube.Rcheck/oceancube/html/R.css",FALSE,TRUE,"artifacts",FALSE,FALSE,FALSE,TRUE,TRUE,FALSE,FALSE,"","ignore","",FALSE,"git ls-files: not tracked; matched current ignore rules; classified as artifacts; path/type indicates generated output",""
"artifacts/h24-preversion/oceancube.Rcheck/oceancube/INDEX",FALSE,TRUE,"artifacts",FALSE,FALSE,FALSE,TRUE,TRUE,FALSE,FALSE,"","ignore","",FALSE,"git ls-files: not tracked; matched current ignore rules; classified as artifacts; path/type indicates generated output",""
"artifacts/h24-preversion/oceancube.Rcheck/oceancube/LICENSE",FALSE,TRUE,"artifacts",FALSE,FALSE,FALSE,TRUE,TRUE,FALSE,FALSE,"","ignore","",FALSE,"git ls-files: not tracked; matched current ignore rules; classified as artifacts; path/type indicates generated output",""
"artifacts/h24-preversion/oceancube.Rcheck/oceancube/Meta/features.rds",FALSE,TRUE,"RDS",FALSE,FALSE,FALSE,TRUE,FALSE,TRUE,FALSE,"","relocate-later","approved external data store or minimal test fixture; preserve until checksum and provenance are recorded",FALSE,"git ls-files: not tracked; matched current ignore rules; classified as RDS; path/type indicates generated output; data extension/location may contain operational data","No move or merge is authorized by this decision document alone."
"artifacts/h24-preversion/oceancube.Rcheck/oceancube/Meta/hsearch.rds",FALSE,TRUE,"RDS",FALSE,FALSE,FALSE,TRUE,FALSE,TRUE,FALSE,"","relocate-later","approved external data store or minimal test fixture; preserve until checksum and provenance are recorded",FALSE,"git ls-files: not tracked; matched current ignore rules; classified as RDS; path/type indicates generated output; data extension/location may contain operational data","No move or merge is authorized by this decision document alone."
"artifacts/h24-preversion/oceancube.Rcheck/oceancube/Meta/links.rds",FALSE,TRUE,"RDS",FALSE,FALSE,FALSE,TRUE,FALSE,TRUE,FALSE,"","relocate-later","approved external data store or minimal test fixture; preserve until checksum and provenance are recorded",FALSE,"git ls-files: not tracked; matched current ignore rules; classified as RDS; path/type indicates generated output; data extension/location may contain operational data","No move or merge is authorized by this decision document alone."
"artifacts/h24-preversion/oceancube.Rcheck/oceancube/Meta/nsInfo.rds",FALSE,TRUE,"RDS",FALSE,FALSE,FALSE,TRUE,FALSE,TRUE,FALSE,"","relocate-later","approved external data store or minimal test fixture; preserve until checksum and provenance are recorded",FALSE,"git ls-files: not tracked; matched current ignore rules; classified as RDS; path/type indicates generated output; data extension/location may contain operational data","No move or merge is authorized by this decision document alone."
"artifacts/h24-preversion/oceancube.Rcheck/oceancube/Meta/package.rds",FALSE,TRUE,"RDS",FALSE,FALSE,FALSE,TRUE,FALSE,TRUE,FALSE,"","relocate-later","approved external data store or minimal test fixture; preserve until checksum and provenance are recorded",FALSE,"git ls-files: not tracked; matched current ignore rules; classified as RDS; path/type indicates generated output; data extension/location may contain operational data","No move or merge is authorized by this decision document alone."
"artifacts/h24-preversion/oceancube.Rcheck/oceancube/Meta/Rd.rds",FALSE,TRUE,"RDS",FALSE,FALSE,FALSE,TRUE,FALSE,TRUE,FALSE,"","relocate-later","approved external data store or minimal test fixture; preserve until checksum and provenance are recorded",FALSE,"git ls-files: not tracked; matched current ignore rules; classified as RDS; path/type indicates generated output; data extension/location may contain operational data","No move or merge is authorized by this decision document alone."
"artifacts/h24-preversion/oceancube.Rcheck/oceancube/Meta/vignette.rds",FALSE,TRUE,"RDS",FALSE,FALSE,FALSE,TRUE,FALSE,TRUE,FALSE,"","relocate-later","approved external data store or minimal test fixture; preserve until checksum and provenance are recorded",FALSE,"git ls-files: not tracked; matched current ignore rules; classified as RDS; path/type indicates generated output; data extension/location may contain operational data","No move or merge is authorized by this decision document alone."
"artifacts/h24-preversion/oceancube.Rcheck/oceancube/NAMESPACE",FALSE,TRUE,"artifacts",FALSE,FALSE,FALSE,TRUE,TRUE,FALSE,FALSE,"","ignore","",FALSE,"git ls-files: not tracked; matched current ignore rules; classified as artifacts; path/type indicates generated output",""
"artifacts/h24-preversion/oceancube.Rcheck/oceancube/NEWS.md",FALSE,TRUE,"artifacts",FALSE,FALSE,FALSE,TRUE,TRUE,FALSE,FALSE,"","ignore","",FALSE,"git ls-files: not tracked; matched current ignore rules; classified as artifacts; path/type indicates generated output",""
"artifacts/h24-preversion/oceancube.Rcheck/oceancube/R/oceancube",FALSE,TRUE,"artifacts",FALSE,FALSE,FALSE,TRUE,TRUE,FALSE,FALSE,"","ignore","",FALSE,"git ls-files: not tracked; matched current ignore rules; classified as artifacts; path/type indicates generated output",""
"artifacts/h24-preversion/oceancube.Rcheck/oceancube/R/oceancube.rdb",FALSE,TRUE,"artifacts",FALSE,FALSE,FALSE,TRUE,TRUE,FALSE,FALSE,"","ignore","",FALSE,"git ls-files: not tracked; matched current ignore rules; classified as artifacts; path/type indicates generated output",""
"artifacts/h24-preversion/oceancube.Rcheck/oceancube/R/oceancube.rdx",FALSE,TRUE,"artifacts",FALSE,FALSE,FALSE,TRUE,TRUE,FALSE,FALSE,"","ignore","",FALSE,"git ls-files: not tracked; matched current ignore rules; classified as artifacts; path/type indicates generated output",""
"artifacts/h24-preversion/oceancube.Rcheck/tests/startup.Rs",FALSE,TRUE,"artifacts",FALSE,FALSE,FALSE,TRUE,TRUE,FALSE,FALSE,"","ignore","",FALSE,"git ls-files: not tracked; matched current ignore rules; classified as artifacts; path/type indicates generated output",""
"artifacts/h24-preversion/oceancube.Rcheck/tests/testthat.R",FALSE,TRUE,"artifacts",FALSE,FALSE,FALSE,TRUE,TRUE,FALSE,FALSE,"","ignore","",FALSE,"git ls-files: not tracked; matched current ignore rules; classified as artifacts; path/type indicates generated output",""
"artifacts/h24-preversion/oceancube.Rcheck/tests/testthat.Rout",FALSE,TRUE,"artifacts",FALSE,FALSE,FALSE,TRUE,TRUE,FALSE,FALSE,"","ignore","",FALSE,"git ls-files: not tracked; matched current ignore rules; classified as artifacts; path/type indicates generated output",""
"artifacts/h24-preversion/oceancube.Rcheck/tests/testthat/helper-architecture.R",FALSE,TRUE,"artifacts",FALSE,FALSE,FALSE,TRUE,TRUE,FALSE,FALSE,"","ignore","",FALSE,"git ls-files: not tracked; matched current ignore rules; classified as artifacts; path/type indicates generated output",""
"artifacts/h24-preversion/oceancube.Rcheck/tests/testthat/helper-baseline-cube.R",FALSE,TRUE,"artifacts",FALSE,FALSE,FALSE,TRUE,TRUE,FALSE,FALSE,"","ignore","",FALSE,"git ls-files: not tracked; matched current ignore rules; classified as artifacts; path/type indicates generated output",""
"artifacts/h24-preversion/oceancube.Rcheck/tests/testthat/helper-geometry.R",FALSE,TRUE,"artifacts",FALSE,FALSE,FALSE,TRUE,TRUE,FALSE,FALSE,"","ignore","",FALSE,"git ls-files: not tracked; matched current ignore rules; classified as artifacts; path/type indicates generated output",""
"artifacts/h24-preversion/oceancube.Rcheck/tests/testthat/helper-netcdf-backend.R",FALSE,TRUE,"artifacts",FALSE,FALSE,FALSE,TRUE,TRUE,FALSE,FALSE,"","ignore","",FALSE,"git ls-files: not tracked; matched current ignore rules; classified as artifacts; path/type indicates generated output",""
"artifacts/h24-preversion/oceancube.Rcheck/tests/testthat/test-backend-memory.R",FALSE,TRUE,"artifacts",FALSE,FALSE,FALSE,TRUE,TRUE,FALSE,FALSE,"","ignore","",FALSE,"git ls-files: not tracked; matched current ignore rules; classified as artifacts; path/type indicates generated output",""
"artifacts/h24-preversion/oceancube.Rcheck/tests/testthat/test-backend-netcdf-descriptor.R",FALSE,TRUE,"artifacts",FALSE,FALSE,FALSE,TRUE,TRUE,FALSE,TRUE,"","ignore","",FALSE,"git ls-files: not tracked; matched current ignore rules; classified as artifacts; path/type indicates generated output",""
"artifacts/h24-preversion/oceancube.Rcheck/tests/testthat/test-backend-netcdf-noncontiguous.R",FALSE,TRUE,"artifacts",FALSE,FALSE,FALSE,TRUE,TRUE,FALSE,FALSE,"","ignore","",FALSE,"git ls-files: not tracked; matched current ignore rules; classified as artifacts; path/type indicates generated output",""
"artifacts/h24-preversion/oceancube.Rcheck/tests/testthat/test-backend-netcdf-read-block.R",FALSE,TRUE,"artifacts",FALSE,FALSE,FALSE,TRUE,TRUE,FALSE,FALSE,"","ignore","",FALSE,"git ls-files: not tracked; matched current ignore rules; classified as artifacts; path/type indicates generated output",""
"artifacts/h24-preversion/oceancube.Rcheck/tests/testthat/test-clim-anom.R",FALSE,TRUE,"artifacts",FALSE,FALSE,FALSE,TRUE,TRUE,FALSE,FALSE,"","ignore","",FALSE,"git ls-files: not tracked; matched current ignore rules; classified as artifacts; path/type indicates generated output",""
"artifacts/h24-preversion/oceancube.Rcheck/tests/testthat/test-cube-collect.R",FALSE,TRUE,"artifacts",FALSE,FALSE,FALSE,TRUE,TRUE,FALSE,FALSE,"","ignore","",FALSE,"git ls-files: not tracked; matched current ignore rules; classified as artifacts; path/type indicates generated output",""
"artifacts/h24-preversion/oceancube.Rcheck/tests/testthat/test-cube-crop.R",FALSE,TRUE,"artifacts",FALSE,FALSE,FALSE,TRUE,TRUE,FALSE,FALSE,"","ignore","",FALSE,"git ls-files: not tracked; matched current ignore rules; classified as artifacts; path/type indicates generated output",""
"artifacts/h24-preversion/oceancube.Rcheck/tests/testthat/test-cube-extract.R",FALSE,TRUE,"artifacts",FALSE,FALSE,FALSE,TRUE,TRUE,FALSE,FALSE,"","ignore","",FALSE,"git ls-files: not tracked; matched current ignore rules; classified as artifacts; path/type indicates generated output",""
"artifacts/h24-preversion/oceancube.Rcheck/tests/testthat/test-cube-grid-geometry.R",FALSE,TRUE,"artifacts",FALSE,FALSE,FALSE,TRUE,TRUE,FALSE,FALSE,"","ignore","",FALSE,"git ls-files: not tracked; matched current ignore rules; classified as artifacts; path/type indicates generated output",""
"artifacts/h24-preversion/oceancube.Rcheck/tests/testthat/test-cube-mask.R",FALSE,TRUE,"artifacts",FALSE,FALSE,FALSE,TRUE,TRUE,FALSE,FALSE,"","ignore","",FALSE,"git ls-files: not tracked; matched current ignore rules; classified as artifacts; path/type indicates generated output",""
"artifacts/h24-preversion/oceancube.Rcheck/tests/testthat/test-cube-polygon-weights.R",FALSE,TRUE,"artifacts",FALSE,FALSE,FALSE,TRUE,TRUE,FALSE,FALSE,"","ignore","",FALSE,"git ls-files: not tracked; matched current ignore rules; classified as artifacts; path/type indicates generated output",""
"artifacts/h24-preversion/oceancube.Rcheck/tests/testthat/test-cube-slice.R",FALSE,TRUE,"artifacts",FALSE,FALSE,FALSE,TRUE,TRUE,FALSE,FALSE,"","ignore","",FALSE,"git ls-files: not tracked; matched current ignore rules; classified as artifacts; path/type indicates generated output",""
"artifacts/h24-preversion/oceancube.Rcheck/tests/testthat/test-cube-transect.R",FALSE,TRUE,"artifacts",FALSE,FALSE,FALSE,TRUE,TRUE,FALSE,FALSE,"","ignore","",FALSE,"git ls-files: not tracked; matched current ignore rules; classified as artifacts; path/type indicates generated output",""
"artifacts/h24-preversion/oceancube.Rcheck/tests/testthat/test-daily-link.R",FALSE,TRUE,"artifacts",FALSE,FALSE,FALSE,TRUE,TRUE,FALSE,FALSE,"","ignore","",FALSE,"git ls-files: not tracked; matched current ignore rules; classified as artifacts; path/type indicates generated output",""
"artifacts/h24-preversion/oceancube.Rcheck/tests/testthat/test-layer-time-mask.R",FALSE,TRUE,"artifacts",FALSE,FALSE,FALSE,TRUE,TRUE,FALSE,FALSE,"","ignore","",FALSE,"git ls-files: not tracked; matched current ignore rules; classified as artifacts; path/type indicates generated output",""
"artifacts/h24-preversion/oceancube.Rcheck/tests/testthat/test-no-direct-data-access.R",FALSE,TRUE,"artifacts",FALSE,FALSE,FALSE,TRUE,TRUE,FALSE,FALSE,"","ignore","",FALSE,"git ls-files: not tracked; matched current ignore rules; classified as artifacts; path/type indicates generated output",""
"artifacts/h24-preversion/oceancube.Rcheck/tests/testthat/test-ocean-cube-baseline.R",FALSE,TRUE,"artifacts",FALSE,FALSE,FALSE,TRUE,TRUE,FALSE,FALSE,"","ignore","",FALSE,"git ls-files: not tracked; matched current ignore rules; classified as artifacts; path/type indicates generated output",""
"artifacts/h24-preversion/oceancube.Rcheck/tests/testthat/test-ocean-cube-contract.R",FALSE,TRUE,"artifacts",FALSE,FALSE,FALSE,TRUE,TRUE,FALSE,FALSE,"","ignore","",FALSE,"git ls-files: not tracked; matched current ignore rules; classified as artifacts; path/type indicates generated output",""
"artifacts/h24-preversion/oceancube.Rcheck/tests/testthat/test-ocean-cube.R",FALSE,TRUE,"artifacts",FALSE,FALSE,FALSE,TRUE,TRUE,FALSE,FALSE,"","ignore","",FALSE,"git ls-files: not tracked; matched current ignore rules; classified as artifacts; path/type indicates generated output",""
"artifacts/h24-preversion/oceancube.Rcheck/tests/testthat/test-package-boundary-spatind.R",FALSE,TRUE,"artifacts",FALSE,FALSE,FALSE,TRUE,TRUE,FALSE,FALSE,"","ignore","",FALSE,"git ls-files: not tracked; matched current ignore rules; classified as artifacts; path/type indicates generated output",""
"artifacts/h24-preversion/oceancube.Rcheck/tests/testthat/test-read-nc-baseline.R",FALSE,TRUE,"artifacts",FALSE,FALSE,FALSE,TRUE,TRUE,FALSE,FALSE,"","ignore","",FALSE,"git ls-files: not tracked; matched current ignore rules; classified as artifacts; path/type indicates generated output",""
"artifacts/h24-preversion/oceancube.Rcheck/tests/testthat/test-refactor-coast-dist-backend.R",FALSE,TRUE,"artifacts",FALSE,FALSE,FALSE,TRUE,TRUE,FALSE,FALSE,"","ignore","",FALSE,"git ls-files: not tracked; matched current ignore rules; classified as artifacts; path/type indicates generated output",""
"artifacts/h24-preversion/oceancube.Rcheck/tests/testthat/test-refactor-layer-annual-backend.R",FALSE,TRUE,"artifacts",FALSE,FALSE,FALSE,TRUE,TRUE,FALSE,FALSE,"","ignore","",FALSE,"git ls-files: not tracked; matched current ignore rules; classified as artifacts; path/type indicates generated output",""
"artifacts/h24-preversion/oceancube.Rcheck/tests/testthat/test-refactor-link-events-backend.R",FALSE,TRUE,"artifacts",FALSE,FALSE,FALSE,TRUE,TRUE,FALSE,FALSE,"","ignore","",FALSE,"git ls-files: not tracked; matched current ignore rules; classified as artifacts; path/type indicates generated output",""
"artifacts/h24-preversion/oceancube.Rcheck/tests/testthat/test-refactor-temporal-backend.R",FALSE,TRUE,"artifacts",FALSE,FALSE,FALSE,TRUE,TRUE,FALSE,FALSE,"","ignore","",FALSE,"git ls-files: not tracked; matched current ignore rules; classified as artifacts; path/type indicates generated output",""
"artifacts/h24-preversion/oceancube.Rcheck/tests/testthat/test-release-contract.R",FALSE,TRUE,"artifacts",FALSE,FALSE,FALSE,TRUE,TRUE,FALSE,FALSE,"","ignore","",FALSE,"git ls-files: not tracked; matched current ignore rules; classified as artifacts; path/type indicates generated output",""
"artifacts/h24-preversion/oceancube.Rcheck/tests/testthat/test-scientific-baseline.R",FALSE,TRUE,"artifacts",FALSE,FALSE,FALSE,TRUE,TRUE,FALSE,FALSE,"","ignore","",FALSE,"git ls-files: not tracked; matched current ignore rules; classified as artifacts; path/type indicates generated output",""
"artifacts/h24-preversion/oceancube_0.0.0.9000.tar.gz",FALSE,TRUE,"artifacts",FALSE,FALSE,FALSE,TRUE,TRUE,FALSE,FALSE,"","ignore","",FALSE,"git ls-files: not tracked; matched current ignore rules; classified as artifacts; path/type indicates generated output",""
"artifacts/h24-preversion/source/.gitattributes",FALSE,TRUE,"artifacts",FALSE,FALSE,FALSE,TRUE,TRUE,FALSE,FALSE,"","ignore","",FALSE,"git ls-files: not tracked; matched current ignore rules; classified as artifacts; path/type indicates generated output",""
"artifacts/h24-preversion/source/.github/workflows/R-CMD-check.yaml",FALSE,TRUE,"artifacts",FALSE,FALSE,FALSE,TRUE,TRUE,FALSE,FALSE,"","ignore","",FALSE,"git ls-files: not tracked; matched current ignore rules; classified as artifacts; path/type indicates generated output",""
"artifacts/h24-preversion/source/.gitignore",FALSE,TRUE,"artifacts",FALSE,FALSE,FALSE,TRUE,TRUE,FALSE,FALSE,"","ignore","",FALSE,"git ls-files: not tracked; matched current ignore rules; classified as artifacts; path/type indicates generated output",""
"artifacts/h24-preversion/source/.lintr",FALSE,TRUE,"artifacts",FALSE,FALSE,FALSE,TRUE,TRUE,FALSE,FALSE,"","ignore","",FALSE,"git ls-files: not tracked; matched current ignore rules; classified as artifacts; path/type indicates generated output",""
"artifacts/h24-preversion/source/.Rbuildignore",FALSE,TRUE,"artifacts",FALSE,FALSE,FALSE,TRUE,TRUE,FALSE,FALSE,"","ignore","",FALSE,"git ls-files: not tracked; matched current ignore rules; classified as artifacts; path/type indicates generated output",""
"artifacts/h24-preversion/source/_pkgdown.yml",FALSE,TRUE,"artifacts",FALSE,FALSE,FALSE,TRUE,TRUE,FALSE,TRUE,"","ignore","",FALSE,"git ls-files: not tracked; matched current ignore rules; classified as artifacts; path/type indicates generated output",""
"artifacts/h24-preversion/source/auxdata/layer_sp.Rdata",FALSE,TRUE,"RDS",FALSE,FALSE,FALSE,FALSE,FALSE,TRUE,FALSE,"","relocate-later","approved external data store or minimal test fixture; preserve until checksum and provenance are recorded",FALSE,"git ls-files: not tracked; matched current ignore rules; classified as RDS; path/type does not establish generated output; data extension/location may contain operational data","No move or merge is authorized by this decision document alone."
"artifacts/h24-preversion/source/auxdata/PER_ADM0.RData",FALSE,TRUE,"RDS",FALSE,FALSE,FALSE,FALSE,FALSE,TRUE,FALSE,"","relocate-later","approved external data store or minimal test fixture; preserve until checksum and provenance are recorded",FALSE,"git ls-files: not tracked; matched current ignore rules; classified as RDS; path/type does not establish generated output; data extension/location may contain operational data","No move or merge is authorized by this decision document alone."
"artifacts/h24-preversion/source/CITATION.cff",FALSE,TRUE,"artifacts",FALSE,FALSE,FALSE,TRUE,TRUE,FALSE,FALSE,"","ignore","",FALSE,"git ls-files: not tracked; matched current ignore rules; classified as artifacts; path/type indicates generated output",""
"artifacts/h24-preversion/source/CODE_OF_CONDUCT.md",FALSE,TRUE,"artifacts",FALSE,FALSE,FALSE,TRUE,TRUE,FALSE,FALSE,"","ignore","",FALSE,"git ls-files: not tracked; matched current ignore rules; classified as artifacts; path/type indicates generated output",""
"artifacts/h24-preversion/source/CONTRIBUTING.md",FALSE,TRUE,"artifacts",FALSE,FALSE,FALSE,TRUE,TRUE,FALSE,FALSE,"","ignore","",FALSE,"git ls-files: not tracked; matched current ignore rules; classified as artifacts; path/type indicates generated output",""
"artifacts/h24-preversion/source/cran-comments.md",FALSE,TRUE,"artifacts",FALSE,FALSE,FALSE,TRUE,TRUE,FALSE,FALSE,"","ignore","",FALSE,"git ls-files: not tracked; matched current ignore rules; classified as artifacts; path/type indicates generated output",""
"artifacts/h24-preversion/source/data-raw/make-toy-ocean.R",FALSE,TRUE,"artifacts",FALSE,FALSE,FALSE,TRUE,TRUE,FALSE,FALSE,"","ignore","",FALSE,"git ls-files: not tracked; matched current ignore rules; classified as artifacts; path/type indicates generated output",""
"artifacts/h24-preversion/source/DESCRIPTION",FALSE,TRUE,"artifacts",FALSE,FALSE,FALSE,TRUE,TRUE,FALSE,FALSE,"","ignore","",FALSE,"git ls-files: not tracked; matched current ignore rules; classified as artifacts; path/type indicates generated output",""
"artifacts/h24-preversion/source/dev/architecture/netcdf-backend-contract.md",FALSE,TRUE,"artifacts",FALSE,FALSE,FALSE,TRUE,TRUE,FALSE,FALSE,"","ignore","",FALSE,"git ls-files: not tracked; matched current ignore rules; classified as artifacts; path/type indicates generated output",""
"artifacts/h24-preversion/source/dev/diagnostics/netcdf_backend_contract.R",FALSE,TRUE,"artifacts",FALSE,FALSE,FALSE,TRUE,TRUE,FALSE,FALSE,"","ignore","",FALSE,"git ls-files: not tracked; matched current ignore rules; classified as artifacts; path/type indicates generated output",""
"artifacts/h24-preversion/source/inst/architecture/oceancube-spatind-boundary.md",FALSE,TRUE,"artifacts",FALSE,FALSE,FALSE,TRUE,TRUE,FALSE,FALSE,"","ignore","",FALSE,"git ls-files: not tracked; matched current ignore rules; classified as artifacts; path/type indicates generated output",""
"artifacts/h24-preversion/source/inst/CITATION",FALSE,TRUE,"artifacts",FALSE,FALSE,FALSE,TRUE,TRUE,FALSE,FALSE,"","ignore","",FALSE,"git ls-files: not tracked; matched current ignore rules; classified as artifacts; path/type indicates generated output",""
"artifacts/h24-preversion/source/inst/examples/backend_memory.R",FALSE,TRUE,"artifacts",FALSE,FALSE,FALSE,TRUE,TRUE,FALSE,FALSE,"","ignore","",FALSE,"git ls-files: not tracked; matched current ignore rules; classified as artifacts; path/type indicates generated output",""
"artifacts/h24-preversion/source/inst/examples/backend_netcdf_descriptor.R",FALSE,TRUE,"artifacts",FALSE,FALSE,FALSE,TRUE,TRUE,FALSE,FALSE,"","ignore","",FALSE,"git ls-files: not tracked; matched current ignore rules; classified as artifacts; path/type indicates generated output",""
"artifacts/h24-preversion/source/inst/examples/backend_netcdf_read_block.R",FALSE,TRUE,"artifacts",FALSE,FALSE,FALSE,TRUE,TRUE,FALSE,FALSE,"","ignore","",FALSE,"git ls-files: not tracked; matched current ignore rules; classified as artifacts; path/type indicates generated output",""
"artifacts/h24-preversion/source/inst/examples/baseline_ocean_cube.R",FALSE,TRUE,"artifacts",FALSE,FALSE,FALSE,TRUE,TRUE,FALSE,FALSE,"","ignore","",FALSE,"git ls-files: not tracked; matched current ignore rules; classified as artifacts; path/type indicates generated output",""
"artifacts/h24-preversion/source/inst/examples/cube_crop.R",FALSE,TRUE,"artifacts",FALSE,FALSE,FALSE,TRUE,TRUE,FALSE,FALSE,"","ignore","",FALSE,"git ls-files: not tracked; matched current ignore rules; classified as artifacts; path/type indicates generated output",""
"artifacts/h24-preversion/source/inst/examples/cube_extract.R",FALSE,TRUE,"artifacts",FALSE,FALSE,FALSE,TRUE,TRUE,FALSE,FALSE,"","ignore","",FALSE,"git ls-files: not tracked; matched current ignore rules; classified as artifacts; path/type indicates generated output",""
"artifacts/h24-preversion/source/inst/examples/cube_geometry_weights.R",FALSE,TRUE,"artifacts",FALSE,FALSE,FALSE,TRUE,TRUE,FALSE,FALSE,"","ignore","",FALSE,"git ls-files: not tracked; matched current ignore rules; classified as artifacts; path/type indicates generated output",""
"artifacts/h24-preversion/source/inst/examples/cube_mask.R",FALSE,TRUE,"artifacts",FALSE,FALSE,FALSE,TRUE,TRUE,FALSE,FALSE,"","ignore","",FALSE,"git ls-files: not tracked; matched current ignore rules; classified as artifacts; path/type indicates generated output",""
"artifacts/h24-preversion/source/inst/examples/cube_slice.R",FALSE,TRUE,"artifacts",FALSE,FALSE,FALSE,TRUE,TRUE,FALSE,FALSE,"","ignore","",FALSE,"git ls-files: not tracked; matched current ignore rules; classified as artifacts; path/type indicates generated output",""
"artifacts/h24-preversion/source/inst/examples/cube_transect.R",FALSE,TRUE,"artifacts",FALSE,FALSE,FALSE,TRUE,TRUE,FALSE,FALSE,"","ignore","",FALSE,"git ls-files: not tracked; matched current ignore rules; classified as artifacts; path/type indicates generated output",""
"artifacts/h24-preversion/source/inst/examples/noncontiguous_collect.R",FALSE,TRUE,"artifacts",FALSE,FALSE,FALSE,TRUE,TRUE,FALSE,FALSE,"","ignore","",FALSE,"git ls-files: not tracked; matched current ignore rules; classified as artifacts; path/type indicates generated output",""
"artifacts/h24-preversion/source/inst/examples/ocean_cube_contract.R",FALSE,TRUE,"artifacts",FALSE,FALSE,FALSE,TRUE,TRUE,FALSE,FALSE,"","ignore","",FALSE,"git ls-files: not tracked; matched current ignore rules; classified as artifacts; path/type indicates generated output",""
"artifacts/h24-preversion/source/inst/examples/refactor_coast_dist_backend.R",FALSE,TRUE,"artifacts",FALSE,FALSE,FALSE,TRUE,TRUE,FALSE,FALSE,"","ignore","",FALSE,"git ls-files: not tracked; matched current ignore rules; classified as artifacts; path/type indicates generated output",""
"artifacts/h24-preversion/source/inst/examples/refactor_layer_annual_backend.R",FALSE,TRUE,"artifacts",FALSE,FALSE,FALSE,TRUE,TRUE,FALSE,FALSE,"","ignore","",FALSE,"git ls-files: not tracked; matched current ignore rules; classified as artifacts; path/type indicates generated output",""
"artifacts/h24-preversion/source/inst/examples/refactor_link_events_backend.R",FALSE,TRUE,"artifacts",FALSE,FALSE,FALSE,TRUE,TRUE,FALSE,FALSE,"","ignore","",FALSE,"git ls-files: not tracked; matched current ignore rules; classified as artifacts; path/type indicates generated output",""
"artifacts/h24-preversion/source/inst/examples/refactor_temporal_backend.R",FALSE,TRUE,"artifacts",FALSE,FALSE,FALSE,TRUE,TRUE,FALSE,FALSE,"","ignore","",FALSE,"git ls-files: not tracked; matched current ignore rules; classified as artifacts; path/type indicates generated output",""
"artifacts/h24-preversion/source/LICENSE",FALSE,TRUE,"artifacts",FALSE,FALSE,FALSE,TRUE,TRUE,FALSE,FALSE,"","ignore","",FALSE,"git ls-files: not tracked; matched current ignore rules; classified as artifacts; path/type indicates generated output",""
"artifacts/h24-preversion/source/man/annual_index.Rd",FALSE,TRUE,"artifacts",FALSE,FALSE,FALSE,TRUE,TRUE,FALSE,FALSE,"","ignore","",FALSE,"git ls-files: not tracked; matched current ignore rules; classified as artifacts; path/type indicates generated output",""
"artifacts/h24-preversion/source/man/anom_diff.Rd",FALSE,TRUE,"artifacts",FALSE,FALSE,FALSE,TRUE,TRUE,FALSE,FALSE,"","ignore","",FALSE,"git ls-files: not tracked; matched current ignore rules; classified as artifacts; path/type indicates generated output",""
"artifacts/h24-preversion/source/man/anom_z.Rd",FALSE,TRUE,"artifacts",FALSE,FALSE,FALSE,TRUE,TRUE,FALSE,FALSE,"","ignore","",FALSE,"git ls-files: not tracked; matched current ignore rules; classified as artifacts; path/type indicates generated output",""
"artifacts/h24-preversion/source/man/clim_day.Rd",FALSE,TRUE,"artifacts",FALSE,FALSE,FALSE,TRUE,TRUE,FALSE,FALSE,"","ignore","",FALSE,"git ls-files: not tracked; matched current ignore rules; classified as artifacts; path/type indicates generated output",""
"artifacts/h24-preversion/source/man/clim_month.Rd",FALSE,TRUE,"artifacts",FALSE,FALSE,FALSE,TRUE,TRUE,FALSE,FALSE,"","ignore","",FALSE,"git ls-files: not tracked; matched current ignore rules; classified as artifacts; path/type indicates generated output",""
"artifacts/h24-preversion/source/man/cm_connect.Rd",FALSE,TRUE,"artifacts",FALSE,FALSE,FALSE,TRUE,TRUE,FALSE,FALSE,"","ignore","",FALSE,"git ls-files: not tracked; matched current ignore rules; classified as artifacts; path/type indicates generated output",""
"artifacts/h24-preversion/source/man/cm_setup.Rd",FALSE,TRUE,"artifacts",FALSE,FALSE,FALSE,TRUE,TRUE,FALSE,FALSE,"","ignore","",FALSE,"git ls-files: not tracked; matched current ignore rules; classified as artifacts; path/type indicates generated output",""
"artifacts/h24-preversion/source/man/coast_dist.Rd",FALSE,TRUE,"artifacts",FALSE,FALSE,FALSE,TRUE,TRUE,FALSE,FALSE,"","ignore","",FALSE,"git ls-files: not tracked; matched current ignore rules; classified as artifacts; path/type indicates generated output",""
"artifacts/h24-preversion/source/man/crop_stock.Rd",FALSE,TRUE,"artifacts",FALSE,FALSE,FALSE,TRUE,TRUE,FALSE,FALSE,"","ignore","",FALSE,"git ls-files: not tracked; matched current ignore rules; classified as artifacts; path/type indicates generated output",""
"artifacts/h24-preversion/source/man/cube_cell_area.Rd",FALSE,TRUE,"artifacts",FALSE,FALSE,FALSE,TRUE,TRUE,FALSE,FALSE,"","ignore","",FALSE,"git ls-files: not tracked; matched current ignore rules; classified as artifacts; path/type indicates generated output",""
"artifacts/h24-preversion/source/man/cube_cell_volume.Rd",FALSE,TRUE,"artifacts",FALSE,FALSE,FALSE,TRUE,TRUE,FALSE,FALSE,"","ignore","",FALSE,"git ls-files: not tracked; matched current ignore rules; classified as artifacts; path/type indicates generated output",""
"artifacts/h24-preversion/source/man/cube_collect.Rd",FALSE,TRUE,"artifacts",FALSE,FALSE,FALSE,TRUE,TRUE,FALSE,FALSE,"","ignore","",FALSE,"git ls-files: not tracked; matched current ignore rules; classified as artifacts; path/type indicates generated output",""
"artifacts/h24-preversion/source/man/cube_crop.Rd",FALSE,TRUE,"artifacts",FALSE,FALSE,FALSE,TRUE,TRUE,FALSE,FALSE,"","ignore","",FALSE,"git ls-files: not tracked; matched current ignore rules; classified as artifacts; path/type indicates generated output",""
"artifacts/h24-preversion/source/man/cube_extract.Rd",FALSE,TRUE,"artifacts",FALSE,FALSE,FALSE,TRUE,TRUE,FALSE,FALSE,"","ignore","",FALSE,"git ls-files: not tracked; matched current ignore rules; classified as artifacts; path/type indicates generated output",""
"artifacts/h24-preversion/source/man/cube_layer_thickness.Rd",FALSE,TRUE,"artifacts",FALSE,FALSE,FALSE,TRUE,TRUE,FALSE,FALSE,"","ignore","",FALSE,"git ls-files: not tracked; matched current ignore rules; classified as artifacts; path/type indicates generated output",""
"artifacts/h24-preversion/source/man/cube_mask.Rd",FALSE,TRUE,"artifacts",FALSE,FALSE,FALSE,TRUE,TRUE,FALSE,FALSE,"","ignore","",FALSE,"git ls-files: not tracked; matched current ignore rules; classified as artifacts; path/type indicates generated output",""
"artifacts/h24-preversion/source/man/cube_polygon_weights.Rd",FALSE,TRUE,"artifacts",FALSE,FALSE,FALSE,TRUE,TRUE,FALSE,FALSE,"","ignore","",FALSE,"git ls-files: not tracked; matched current ignore rules; classified as artifacts; path/type indicates generated output",""
"artifacts/h24-preversion/source/man/cube_slice.Rd",FALSE,TRUE,"artifacts",FALSE,FALSE,FALSE,TRUE,TRUE,FALSE,FALSE,"","ignore","",FALSE,"git ls-files: not tracked; matched current ignore rules; classified as artifacts; path/type indicates generated output",""
"artifacts/h24-preversion/source/man/cube_transect.Rd",FALSE,TRUE,"artifacts",FALSE,FALSE,FALSE,TRUE,TRUE,FALSE,TRUE,"","ignore","",FALSE,"git ls-files: not tracked; matched current ignore rules; classified as artifacts; path/type indicates generated output",""
"artifacts/h24-preversion/source/man/download_nc.Rd",FALSE,TRUE,"artifacts",FALSE,FALSE,FALSE,TRUE,TRUE,FALSE,FALSE,"","ignore","",FALSE,"git ls-files: not tracked; matched current ignore rules; classified as artifacts; path/type indicates generated output",""
"artifacts/h24-preversion/source/man/layer_mean.Rd",FALSE,TRUE,"artifacts",FALSE,FALSE,FALSE,TRUE,TRUE,FALSE,FALSE,"","ignore","",FALSE,"git ls-files: not tracked; matched current ignore rules; classified as artifacts; path/type indicates generated output",""
"artifacts/h24-preversion/source/man/link_events.Rd",FALSE,TRUE,"artifacts",FALSE,FALSE,FALSE,TRUE,TRUE,FALSE,FALSE,"","ignore","",FALSE,"git ls-files: not tracked; matched current ignore rules; classified as artifacts; path/type indicates generated output",""
"artifacts/h24-preversion/source/man/ocean_cube.Rd",FALSE,TRUE,"artifacts",FALSE,FALSE,FALSE,TRUE,TRUE,FALSE,FALSE,"","ignore","",FALSE,"git ls-files: not tracked; matched current ignore rules; classified as artifacts; path/type indicates generated output",""
"artifacts/h24-preversion/source/man/read_nc.Rd",FALSE,TRUE,"artifacts",FALSE,FALSE,FALSE,TRUE,TRUE,FALSE,FALSE,"","ignore","",FALSE,"git ls-files: not tracked; matched current ignore rules; classified as artifacts; path/type indicates generated output",""
"artifacts/h24-preversion/source/man/signal_noise.Rd",FALSE,TRUE,"artifacts",FALSE,FALSE,FALSE,TRUE,TRUE,FALSE,FALSE,"","ignore","",FALSE,"git ls-files: not tracked; matched current ignore rules; classified as artifacts; path/type indicates generated output",""
"artifacts/h24-preversion/source/man/stock_mask.Rd",FALSE,TRUE,"artifacts",FALSE,FALSE,FALSE,TRUE,TRUE,FALSE,FALSE,"","ignore","",FALSE,"git ls-files: not tracked; matched current ignore rules; classified as artifacts; path/type indicates generated output",""
"artifacts/h24-preversion/source/man/to_month.Rd",FALSE,TRUE,"artifacts",FALSE,FALSE,FALSE,TRUE,TRUE,FALSE,FALSE,"","ignore","",FALSE,"git ls-files: not tracked; matched current ignore rules; classified as artifacts; path/type indicates generated output",""
"artifacts/h24-preversion/source/NAMESPACE",FALSE,TRUE,"artifacts",FALSE,FALSE,FALSE,TRUE,TRUE,FALSE,FALSE,"","ignore","",FALSE,"git ls-files: not tracked; matched current ignore rules; classified as artifacts; path/type indicates generated output",""
"artifacts/h24-preversion/source/NEWS.md",FALSE,TRUE,"artifacts",FALSE,FALSE,FALSE,TRUE,TRUE,FALSE,FALSE,"","ignore","",FALSE,"git ls-files: not tracked; matched current ignore rules; classified as artifacts; path/type indicates generated output",""
"artifacts/h24-preversion/source/oceancube.Rproj",FALSE,TRUE,"artifacts",FALSE,FALSE,FALSE,TRUE,TRUE,FALSE,FALSE,"","ignore","",FALSE,"git ls-files: not tracked; matched current ignore rules; classified as artifacts; path/type indicates generated output",""
"artifacts/h24-preversion/source/R/annual_index.R",FALSE,TRUE,"artifacts",FALSE,FALSE,FALSE,TRUE,TRUE,FALSE,FALSE,"","ignore","",FALSE,"git ls-files: not tracked; matched current ignore rules; classified as artifacts; path/type indicates generated output",""
"artifacts/h24-preversion/source/R/anom_diff.R",FALSE,TRUE,"artifacts",FALSE,FALSE,FALSE,TRUE,TRUE,FALSE,FALSE,"","ignore","",FALSE,"git ls-files: not tracked; matched current ignore rules; classified as artifacts; path/type indicates generated output",""
"artifacts/h24-preversion/source/R/backend-index.R",FALSE,TRUE,"artifacts",FALSE,FALSE,FALSE,TRUE,TRUE,FALSE,FALSE,"","ignore","",FALSE,"git ls-files: not tracked; matched current ignore rules; classified as artifacts; path/type indicates generated output",""
"artifacts/h24-preversion/source/R/backend-memory.R",FALSE,TRUE,"artifacts",FALSE,FALSE,FALSE,TRUE,TRUE,FALSE,FALSE,"","ignore","",FALSE,"git ls-files: not tracked; matched current ignore rules; classified as artifacts; path/type indicates generated output",""
"artifacts/h24-preversion/source/R/backend-netcdf.R",FALSE,TRUE,"artifacts",FALSE,FALSE,FALSE,TRUE,TRUE,FALSE,FALSE,"","ignore","",FALSE,"git ls-files: not tracked; matched current ignore rules; classified as artifacts; path/type indicates generated output",""
"artifacts/h24-preversion/source/R/clim_day.R",FALSE,TRUE,"artifacts",FALSE,FALSE,FALSE,TRUE,TRUE,FALSE,FALSE,"","ignore","",FALSE,"git ls-files: not tracked; matched current ignore rules; classified as artifacts; path/type indicates generated output",""
"artifacts/h24-preversion/source/R/clim_month.R",FALSE,TRUE,"artifacts",FALSE,FALSE,FALSE,TRUE,TRUE,FALSE,FALSE,"","ignore","",FALSE,"git ls-files: not tracked; matched current ignore rules; classified as artifacts; path/type indicates generated output",""
"artifacts/h24-preversion/source/R/cm_setup.R",FALSE,TRUE,"artifacts",FALSE,FALSE,FALSE,TRUE,TRUE,FALSE,FALSE,"","ignore","",FALSE,"git ls-files: not tracked; matched current ignore rules; classified as artifacts; path/type indicates generated output",""
"artifacts/h24-preversion/source/R/coast_dist.R",FALSE,TRUE,"artifacts",FALSE,FALSE,FALSE,TRUE,TRUE,FALSE,FALSE,"","ignore","",FALSE,"git ls-files: not tracked; matched current ignore rules; classified as artifacts; path/type indicates generated output",""
"artifacts/h24-preversion/source/R/cube_collect.R",FALSE,TRUE,"artifacts",FALSE,FALSE,FALSE,TRUE,TRUE,FALSE,FALSE,"","ignore","",FALSE,"git ls-files: not tracked; matched current ignore rules; classified as artifacts; path/type indicates generated output",""
"artifacts/h24-preversion/source/R/cube_crop.R",FALSE,TRUE,"artifacts",FALSE,FALSE,FALSE,TRUE,TRUE,FALSE,FALSE,"","ignore","",FALSE,"git ls-files: not tracked; matched current ignore rules; classified as artifacts; path/type indicates generated output",""
"artifacts/h24-preversion/source/R/cube_extract.R",FALSE,TRUE,"artifacts",FALSE,FALSE,FALSE,TRUE,TRUE,FALSE,FALSE,"","ignore","",FALSE,"git ls-files: not tracked; matched current ignore rules; classified as artifacts; path/type indicates generated output",""
"artifacts/h24-preversion/source/R/cube_grid_geometry.R",FALSE,TRUE,"artifacts",FALSE,FALSE,FALSE,TRUE,TRUE,FALSE,FALSE,"","ignore","",FALSE,"git ls-files: not tracked; matched current ignore rules; classified as artifacts; path/type indicates generated output",""
"artifacts/h24-preversion/source/R/cube_mask.R",FALSE,TRUE,"artifacts",FALSE,FALSE,FALSE,TRUE,TRUE,FALSE,FALSE,"","ignore","",FALSE,"git ls-files: not tracked; matched current ignore rules; classified as artifacts; path/type indicates generated output",""
"artifacts/h24-preversion/source/R/cube_polygon_weights.R",FALSE,TRUE,"artifacts",FALSE,FALSE,FALSE,TRUE,TRUE,FALSE,FALSE,"","ignore","",FALSE,"git ls-files: not tracked; matched current ignore rules; classified as artifacts; path/type indicates generated output",""
"artifacts/h24-preversion/source/R/cube_slice.R",FALSE,TRUE,"artifacts",FALSE,FALSE,FALSE,TRUE,TRUE,FALSE,FALSE,"","ignore","",FALSE,"git ls-files: not tracked; matched current ignore rules; classified as artifacts; path/type indicates generated output",""
"artifacts/h24-preversion/source/R/cube_transect.R",FALSE,TRUE,"artifacts",FALSE,FALSE,FALSE,TRUE,TRUE,FALSE,FALSE,"","ignore","",FALSE,"git ls-files: not tracked; matched current ignore rules; classified as artifacts; path/type indicates generated output",""
"artifacts/h24-preversion/source/R/download_nc.R",FALSE,TRUE,"artifacts",FALSE,FALSE,FALSE,TRUE,TRUE,FALSE,FALSE,"","ignore","",FALSE,"git ls-files: not tracked; matched current ignore rules; classified as artifacts; path/type indicates generated output",""
"artifacts/h24-preversion/source/R/layer_mean.R",FALSE,TRUE,"artifacts",FALSE,FALSE,FALSE,TRUE,TRUE,FALSE,FALSE,"","ignore","",FALSE,"git ls-files: not tracked; matched current ignore rules; classified as artifacts; path/type indicates generated output",""
"artifacts/h24-preversion/source/R/link_events.R",FALSE,TRUE,"artifacts",FALSE,FALSE,FALSE,TRUE,TRUE,FALSE,FALSE,"","ignore","",FALSE,"git ls-files: not tracked; matched current ignore rules; classified as artifacts; path/type indicates generated output",""
"artifacts/h24-preversion/source/R/ocean_cube.R",FALSE,TRUE,"artifacts",FALSE,FALSE,FALSE,TRUE,TRUE,FALSE,FALSE,"","ignore","",FALSE,"git ls-files: not tracked; matched current ignore rules; classified as artifacts; path/type indicates generated output",""
"artifacts/h24-preversion/source/R/read_nc.R",FALSE,TRUE,"artifacts",FALSE,FALSE,FALSE,TRUE,TRUE,FALSE,FALSE,"","ignore","",FALSE,"git ls-files: not tracked; matched current ignore rules; classified as artifacts; path/type indicates generated output",""
"artifacts/h24-preversion/source/R/stock_mask.R",FALSE,TRUE,"artifacts",FALSE,FALSE,FALSE,TRUE,TRUE,FALSE,FALSE,"","ignore","",FALSE,"git ls-files: not tracked; matched current ignore rules; classified as artifacts; path/type indicates generated output",""
"artifacts/h24-preversion/source/R/to_month.R",FALSE,TRUE,"artifacts",FALSE,FALSE,FALSE,TRUE,TRUE,FALSE,FALSE,"","ignore","",FALSE,"git ls-files: not tracked; matched current ignore rules; classified as artifacts; path/type indicates generated output",""
"artifacts/h24-preversion/source/R/utils-internal.R",FALSE,TRUE,"artifacts",FALSE,FALSE,FALSE,TRUE,TRUE,FALSE,FALSE,"","ignore","",FALSE,"git ls-files: not tracked; matched current ignore rules; classified as artifacts; path/type indicates generated output",""
"artifacts/h24-preversion/source/README.md",FALSE,TRUE,"artifacts",FALSE,FALSE,FALSE,TRUE,TRUE,FALSE,FALSE,"","ignore","",FALSE,"git ls-files: not tracked; matched current ignore rules; classified as artifacts; path/type indicates generated output",""
"artifacts/h24-preversion/source/README.Rmd",FALSE,TRUE,"artifacts",FALSE,FALSE,FALSE,TRUE,TRUE,FALSE,FALSE,"","ignore","",FALSE,"git ls-files: not tracked; matched current ignore rules; classified as artifacts; path/type indicates generated output",""
"artifacts/h24-preversion/source/tests/testthat.R",FALSE,TRUE,"artifacts",FALSE,FALSE,FALSE,TRUE,TRUE,FALSE,FALSE,"","ignore","",FALSE,"git ls-files: not tracked; matched current ignore rules; classified as artifacts; path/type indicates generated output",""
"artifacts/h24-preversion/source/tests/testthat/helper-architecture.R",FALSE,TRUE,"artifacts",FALSE,FALSE,FALSE,TRUE,TRUE,FALSE,FALSE,"","ignore","",FALSE,"git ls-files: not tracked; matched current ignore rules; classified as artifacts; path/type indicates generated output",""
"artifacts/h24-preversion/source/tests/testthat/helper-baseline-cube.R",FALSE,TRUE,"artifacts",FALSE,FALSE,FALSE,TRUE,TRUE,FALSE,FALSE,"","ignore","",FALSE,"git ls-files: not tracked; matched current ignore rules; classified as artifacts; path/type indicates generated output",""
"artifacts/h24-preversion/source/tests/testthat/helper-geometry.R",FALSE,TRUE,"artifacts",FALSE,FALSE,FALSE,TRUE,TRUE,FALSE,FALSE,"","ignore","",FALSE,"git ls-files: not tracked; matched current ignore rules; classified as artifacts; path/type indicates generated output",""
"artifacts/h24-preversion/source/tests/testthat/helper-netcdf-backend.R",FALSE,TRUE,"artifacts",FALSE,FALSE,FALSE,TRUE,TRUE,FALSE,FALSE,"","ignore","",FALSE,"git ls-files: not tracked; matched current ignore rules; classified as artifacts; path/type indicates generated output",""
"artifacts/h24-preversion/source/tests/testthat/test-backend-memory.R",FALSE,TRUE,"artifacts",FALSE,FALSE,FALSE,TRUE,TRUE,FALSE,FALSE,"","ignore","",FALSE,"git ls-files: not tracked; matched current ignore rules; classified as artifacts; path/type indicates generated output",""
"artifacts/h24-preversion/source/tests/testthat/test-backend-netcdf-descriptor.R",FALSE,TRUE,"artifacts",FALSE,FALSE,FALSE,TRUE,TRUE,FALSE,TRUE,"","ignore","",FALSE,"git ls-files: not tracked; matched current ignore rules; classified as artifacts; path/type indicates generated output",""
"artifacts/h24-preversion/source/tests/testthat/test-backend-netcdf-noncontiguous.R",FALSE,TRUE,"artifacts",FALSE,FALSE,FALSE,TRUE,TRUE,FALSE,FALSE,"","ignore","",FALSE,"git ls-files: not tracked; matched current ignore rules; classified as artifacts; path/type indicates generated output",""
"artifacts/h24-preversion/source/tests/testthat/test-backend-netcdf-read-block.R",FALSE,TRUE,"artifacts",FALSE,FALSE,FALSE,TRUE,TRUE,FALSE,FALSE,"","ignore","",FALSE,"git ls-files: not tracked; matched current ignore rules; classified as artifacts; path/type indicates generated output",""
"artifacts/h24-preversion/source/tests/testthat/test-clim-anom.R",FALSE,TRUE,"artifacts",FALSE,FALSE,FALSE,TRUE,TRUE,FALSE,FALSE,"","ignore","",FALSE,"git ls-files: not tracked; matched current ignore rules; classified as artifacts; path/type indicates generated output",""
"artifacts/h24-preversion/source/tests/testthat/test-cube-collect.R",FALSE,TRUE,"artifacts",FALSE,FALSE,FALSE,TRUE,TRUE,FALSE,FALSE,"","ignore","",FALSE,"git ls-files: not tracked; matched current ignore rules; classified as artifacts; path/type indicates generated output",""
"artifacts/h24-preversion/source/tests/testthat/test-cube-crop.R",FALSE,TRUE,"artifacts",FALSE,FALSE,FALSE,TRUE,TRUE,FALSE,FALSE,"","ignore","",FALSE,"git ls-files: not tracked; matched current ignore rules; classified as artifacts; path/type indicates generated output",""
"artifacts/h24-preversion/source/tests/testthat/test-cube-extract.R",FALSE,TRUE,"artifacts",FALSE,FALSE,FALSE,TRUE,TRUE,FALSE,FALSE,"","ignore","",FALSE,"git ls-files: not tracked; matched current ignore rules; classified as artifacts; path/type indicates generated output",""
"artifacts/h24-preversion/source/tests/testthat/test-cube-grid-geometry.R",FALSE,TRUE,"artifacts",FALSE,FALSE,FALSE,TRUE,TRUE,FALSE,FALSE,"","ignore","",FALSE,"git ls-files: not tracked; matched current ignore rules; classified as artifacts; path/type indicates generated output",""
"artifacts/h24-preversion/source/tests/testthat/test-cube-mask.R",FALSE,TRUE,"artifacts",FALSE,FALSE,FALSE,TRUE,TRUE,FALSE,FALSE,"","ignore","",FALSE,"git ls-files: not tracked; matched current ignore rules; classified as artifacts; path/type indicates generated output",""
"artifacts/h24-preversion/source/tests/testthat/test-cube-polygon-weights.R",FALSE,TRUE,"artifacts",FALSE,FALSE,FALSE,TRUE,TRUE,FALSE,FALSE,"","ignore","",FALSE,"git ls-files: not tracked; matched current ignore rules; classified as artifacts; path/type indicates generated output",""
"artifacts/h24-preversion/source/tests/testthat/test-cube-slice.R",FALSE,TRUE,"artifacts",FALSE,FALSE,FALSE,TRUE,TRUE,FALSE,FALSE,"","ignore","",FALSE,"git ls-files: not tracked; matched current ignore rules; classified as artifacts; path/type indicates generated output",""
"artifacts/h24-preversion/source/tests/testthat/test-cube-transect.R",FALSE,TRUE,"artifacts",FALSE,FALSE,FALSE,TRUE,TRUE,FALSE,FALSE,"","ignore","",FALSE,"git ls-files: not tracked; matched current ignore rules; classified as artifacts; path/type indicates generated output",""
"artifacts/h24-preversion/source/tests/testthat/test-daily-link.R",FALSE,TRUE,"artifacts",FALSE,FALSE,FALSE,TRUE,TRUE,FALSE,FALSE,"","ignore","",FALSE,"git ls-files: not tracked; matched current ignore rules; classified as artifacts; path/type indicates generated output",""
"artifacts/h24-preversion/source/tests/testthat/test-layer-time-mask.R",FALSE,TRUE,"artifacts",FALSE,FALSE,FALSE,TRUE,TRUE,FALSE,FALSE,"","ignore","",FALSE,"git ls-files: not tracked; matched current ignore rules; classified as artifacts; path/type indicates generated output",""
"artifacts/h24-preversion/source/tests/testthat/test-no-direct-data-access.R",FALSE,TRUE,"artifacts",FALSE,FALSE,FALSE,TRUE,TRUE,FALSE,FALSE,"","ignore","",FALSE,"git ls-files: not tracked; matched current ignore rules; classified as artifacts; path/type indicates generated output",""
"artifacts/h24-preversion/source/tests/testthat/test-ocean-cube-baseline.R",FALSE,TRUE,"artifacts",FALSE,FALSE,FALSE,TRUE,TRUE,FALSE,FALSE,"","ignore","",FALSE,"git ls-files: not tracked; matched current ignore rules; classified as artifacts; path/type indicates generated output",""
"artifacts/h24-preversion/source/tests/testthat/test-ocean-cube-contract.R",FALSE,TRUE,"artifacts",FALSE,FALSE,FALSE,TRUE,TRUE,FALSE,FALSE,"","ignore","",FALSE,"git ls-files: not tracked; matched current ignore rules; classified as artifacts; path/type indicates generated output",""
"artifacts/h24-preversion/source/tests/testthat/test-ocean-cube.R",FALSE,TRUE,"artifacts",FALSE,FALSE,FALSE,TRUE,TRUE,FALSE,FALSE,"","ignore","",FALSE,"git ls-files: not tracked; matched current ignore rules; classified as artifacts; path/type indicates generated output",""
"artifacts/h24-preversion/source/tests/testthat/test-package-boundary-spatind.R",FALSE,TRUE,"artifacts",FALSE,FALSE,FALSE,TRUE,TRUE,FALSE,FALSE,"","ignore","",FALSE,"git ls-files: not tracked; matched current ignore rules; classified as artifacts; path/type indicates generated output",""
"artifacts/h24-preversion/source/tests/testthat/test-read-nc-baseline.R",FALSE,TRUE,"artifacts",FALSE,FALSE,FALSE,TRUE,TRUE,FALSE,FALSE,"","ignore","",FALSE,"git ls-files: not tracked; matched current ignore rules; classified as artifacts; path/type indicates generated output",""
"artifacts/h24-preversion/source/tests/testthat/test-refactor-coast-dist-backend.R",FALSE,TRUE,"artifacts",FALSE,FALSE,FALSE,TRUE,TRUE,FALSE,FALSE,"","ignore","",FALSE,"git ls-files: not tracked; matched current ignore rules; classified as artifacts; path/type indicates generated output",""
"artifacts/h24-preversion/source/tests/testthat/test-refactor-layer-annual-backend.R",FALSE,TRUE,"artifacts",FALSE,FALSE,FALSE,TRUE,TRUE,FALSE,FALSE,"","ignore","",FALSE,"git ls-files: not tracked; matched current ignore rules; classified as artifacts; path/type indicates generated output",""
"artifacts/h24-preversion/source/tests/testthat/test-refactor-link-events-backend.R",FALSE,TRUE,"artifacts",FALSE,FALSE,FALSE,TRUE,TRUE,FALSE,FALSE,"","ignore","",FALSE,"git ls-files: not tracked; matched current ignore rules; classified as artifacts; path/type indicates generated output",""
"artifacts/h24-preversion/source/tests/testthat/test-refactor-temporal-backend.R",FALSE,TRUE,"artifacts",FALSE,FALSE,FALSE,TRUE,TRUE,FALSE,FALSE,"","ignore","",FALSE,"git ls-files: not tracked; matched current ignore rules; classified as artifacts; path/type indicates generated output",""
"artifacts/h24-preversion/source/tests/testthat/test-release-contract.R",FALSE,TRUE,"artifacts",FALSE,FALSE,FALSE,TRUE,TRUE,FALSE,FALSE,"","ignore","",FALSE,"git ls-files: not tracked; matched current ignore rules; classified as artifacts; path/type indicates generated output",""
"artifacts/h24-preversion/source/tests/testthat/test-scientific-baseline.R",FALSE,TRUE,"artifacts",FALSE,FALSE,FALSE,TRUE,TRUE,FALSE,FALSE,"","ignore","",FALSE,"git ls-files: not tracked; matched current ignore rules; classified as artifacts; path/type indicates generated output",""
"artifacts/h24-preversion/source/vignettes/get-started.Rmd",FALSE,TRUE,"artifacts",FALSE,FALSE,FALSE,TRUE,TRUE,FALSE,FALSE,"","ignore","",FALSE,"git ls-files: not tracked; matched current ignore rules; classified as artifacts; path/type indicates generated output",""
"artifacts/h24-preversion/source/vignettes/oceancube-architecture.Rmd",FALSE,TRUE,"artifacts",FALSE,FALSE,FALSE,TRUE,TRUE,FALSE,FALSE,"","ignore","",FALSE,"git ls-files: not tracked; matched current ignore rules; classified as artifacts; path/type indicates generated output",""
"artifacts/h24-preversion/source/vignettes/oceancube-geometry-weights.Rmd",FALSE,TRUE,"artifacts",FALSE,FALSE,FALSE,TRUE,TRUE,FALSE,FALSE,"","ignore","",FALSE,"git ls-files: not tracked; matched current ignore rules; classified as artifacts; path/type indicates generated output",""
"artifacts/h24-preversion/source/vignettes/oceancube-introduction.Rmd",FALSE,TRUE,"artifacts",FALSE,FALSE,FALSE,TRUE,TRUE,FALSE,FALSE,"","ignore","",FALSE,"git ls-files: not tracked; matched current ignore rules; classified as artifacts; path/type indicates generated output",""
"artifacts/h24-release-force/oceancube.Rcheck/00_pkg_src/oceancube/build/vignette.rds",FALSE,TRUE,"RDS",FALSE,FALSE,FALSE,FALSE,FALSE,TRUE,FALSE,"","relocate-later","approved external data store or minimal test fixture; preserve until checksum and provenance are recorded",FALSE,"git ls-files: not tracked; matched current ignore rules; classified as RDS; path/type does not establish generated output; data extension/location may contain operational data","No move or merge is authorized by this decision document alone."
"artifacts/h24-release-force/oceancube.Rcheck/00_pkg_src/oceancube/CODE_OF_CONDUCT.md",FALSE,TRUE,"artifacts",FALSE,FALSE,FALSE,TRUE,TRUE,FALSE,FALSE,"","ignore","",FALSE,"git ls-files: not tracked; matched current ignore rules; classified as artifacts; path/type indicates generated output",""
"artifacts/h24-release-force/oceancube.Rcheck/00_pkg_src/oceancube/CONTRIBUTING.md",FALSE,TRUE,"artifacts",FALSE,FALSE,FALSE,TRUE,TRUE,FALSE,FALSE,"","ignore","",FALSE,"git ls-files: not tracked; matched current ignore rules; classified as artifacts; path/type indicates generated output",""
"artifacts/h24-release-force/oceancube.Rcheck/00_pkg_src/oceancube/DESCRIPTION",FALSE,TRUE,"artifacts",FALSE,FALSE,FALSE,TRUE,TRUE,FALSE,FALSE,"","ignore","",FALSE,"git ls-files: not tracked; matched current ignore rules; classified as artifacts; path/type indicates generated output",""
"artifacts/h24-release-force/oceancube.Rcheck/00_pkg_src/oceancube/inst/architecture/oceancube-spatind-boundary.md",FALSE,TRUE,"artifacts",FALSE,FALSE,FALSE,TRUE,TRUE,FALSE,FALSE,"","ignore","",FALSE,"git ls-files: not tracked; matched current ignore rules; classified as artifacts; path/type indicates generated output",""
"artifacts/h24-release-force/oceancube.Rcheck/00_pkg_src/oceancube/inst/CITATION",FALSE,TRUE,"artifacts",FALSE,FALSE,FALSE,TRUE,TRUE,FALSE,FALSE,"","ignore","",FALSE,"git ls-files: not tracked; matched current ignore rules; classified as artifacts; path/type indicates generated output",""
"artifacts/h24-release-force/oceancube.Rcheck/00_pkg_src/oceancube/inst/doc/get-started.html",FALSE,TRUE,"rendered HTML",FALSE,FALSE,FALSE,TRUE,TRUE,FALSE,TRUE,"","ignore","",FALSE,"git ls-files: not tracked; matched current ignore rules; classified as rendered HTML; path/type indicates generated output",""
"artifacts/h24-release-force/oceancube.Rcheck/00_pkg_src/oceancube/inst/doc/get-started.R",FALSE,TRUE,"artifacts",FALSE,FALSE,FALSE,TRUE,TRUE,FALSE,FALSE,"","ignore","",FALSE,"git ls-files: not tracked; matched current ignore rules; classified as artifacts; path/type indicates generated output",""
"artifacts/h24-release-force/oceancube.Rcheck/00_pkg_src/oceancube/inst/doc/get-started.Rmd",FALSE,TRUE,"artifacts",FALSE,FALSE,FALSE,TRUE,TRUE,FALSE,FALSE,"","ignore","",FALSE,"git ls-files: not tracked; matched current ignore rules; classified as artifacts; path/type indicates generated output",""
"artifacts/h24-release-force/oceancube.Rcheck/00_pkg_src/oceancube/inst/doc/oceancube-architecture.html",FALSE,TRUE,"rendered HTML",FALSE,FALSE,FALSE,TRUE,TRUE,FALSE,TRUE,"","ignore","",FALSE,"git ls-files: not tracked; matched current ignore rules; classified as rendered HTML; path/type indicates generated output",""
"artifacts/h24-release-force/oceancube.Rcheck/00_pkg_src/oceancube/inst/doc/oceancube-architecture.R",FALSE,TRUE,"artifacts",FALSE,FALSE,FALSE,TRUE,TRUE,FALSE,FALSE,"","ignore","",FALSE,"git ls-files: not tracked; matched current ignore rules; classified as artifacts; path/type indicates generated output",""
"artifacts/h24-release-force/oceancube.Rcheck/00_pkg_src/oceancube/inst/doc/oceancube-architecture.Rmd",FALSE,TRUE,"artifacts",FALSE,FALSE,FALSE,TRUE,TRUE,FALSE,FALSE,"","ignore","",FALSE,"git ls-files: not tracked; matched current ignore rules; classified as artifacts; path/type indicates generated output",""
"artifacts/h24-release-force/oceancube.Rcheck/00_pkg_src/oceancube/inst/doc/oceancube-geometry-weights.html",FALSE,TRUE,"rendered HTML",FALSE,FALSE,FALSE,TRUE,TRUE,FALSE,TRUE,"","ignore","",FALSE,"git ls-files: not tracked; matched current ignore rules; classified as rendered HTML; path/type indicates generated output",""
"artifacts/h24-release-force/oceancube.Rcheck/00_pkg_src/oceancube/inst/doc/oceancube-geometry-weights.R",FALSE,TRUE,"artifacts",FALSE,FALSE,FALSE,TRUE,TRUE,FALSE,FALSE,"","ignore","",FALSE,"git ls-files: not tracked; matched current ignore rules; classified as artifacts; path/type indicates generated output",""
"artifacts/h24-release-force/oceancube.Rcheck/00_pkg_src/oceancube/inst/doc/oceancube-geometry-weights.Rmd",FALSE,TRUE,"artifacts",FALSE,FALSE,FALSE,TRUE,TRUE,FALSE,FALSE,"","ignore","",FALSE,"git ls-files: not tracked; matched current ignore rules; classified as artifacts; path/type indicates generated output",""
"artifacts/h24-release-force/oceancube.Rcheck/00_pkg_src/oceancube/inst/doc/oceancube-introduction.html",FALSE,TRUE,"rendered HTML",FALSE,FALSE,FALSE,TRUE,TRUE,FALSE,TRUE,"","ignore","",FALSE,"git ls-files: not tracked; matched current ignore rules; classified as rendered HTML; path/type indicates generated output",""
"artifacts/h24-release-force/oceancube.Rcheck/00_pkg_src/oceancube/inst/doc/oceancube-introduction.R",FALSE,TRUE,"artifacts",FALSE,FALSE,FALSE,TRUE,TRUE,FALSE,FALSE,"","ignore","",FALSE,"git ls-files: not tracked; matched current ignore rules; classified as artifacts; path/type indicates generated output",""
"artifacts/h24-release-force/oceancube.Rcheck/00_pkg_src/oceancube/inst/doc/oceancube-introduction.Rmd",FALSE,TRUE,"artifacts",FALSE,FALSE,FALSE,TRUE,TRUE,FALSE,FALSE,"","ignore","",FALSE,"git ls-files: not tracked; matched current ignore rules; classified as artifacts; path/type indicates generated output",""
"artifacts/h24-release-force/oceancube.Rcheck/00_pkg_src/oceancube/inst/examples/backend_memory.R",FALSE,TRUE,"artifacts",FALSE,FALSE,FALSE,TRUE,TRUE,FALSE,FALSE,"","ignore","",FALSE,"git ls-files: not tracked; matched current ignore rules; classified as artifacts; path/type indicates generated output",""
"artifacts/h24-release-force/oceancube.Rcheck/00_pkg_src/oceancube/inst/examples/backend_netcdf_descriptor.R",FALSE,TRUE,"artifacts",FALSE,FALSE,FALSE,TRUE,TRUE,FALSE,FALSE,"","ignore","",FALSE,"git ls-files: not tracked; matched current ignore rules; classified as artifacts; path/type indicates generated output",""
"artifacts/h24-release-force/oceancube.Rcheck/00_pkg_src/oceancube/inst/examples/backend_netcdf_read_block.R",FALSE,TRUE,"artifacts",FALSE,FALSE,FALSE,TRUE,TRUE,FALSE,FALSE,"","ignore","",FALSE,"git ls-files: not tracked; matched current ignore rules; classified as artifacts; path/type indicates generated output",""
"artifacts/h24-release-force/oceancube.Rcheck/00_pkg_src/oceancube/inst/examples/baseline_ocean_cube.R",FALSE,TRUE,"artifacts",FALSE,FALSE,FALSE,TRUE,TRUE,FALSE,FALSE,"","ignore","",FALSE,"git ls-files: not tracked; matched current ignore rules; classified as artifacts; path/type indicates generated output",""
"artifacts/h24-release-force/oceancube.Rcheck/00_pkg_src/oceancube/inst/examples/cube_crop.R",FALSE,TRUE,"artifacts",FALSE,FALSE,FALSE,TRUE,TRUE,FALSE,FALSE,"","ignore","",FALSE,"git ls-files: not tracked; matched current ignore rules; classified as artifacts; path/type indicates generated output",""
"artifacts/h24-release-force/oceancube.Rcheck/00_pkg_src/oceancube/inst/examples/cube_extract.R",FALSE,TRUE,"artifacts",FALSE,FALSE,FALSE,TRUE,TRUE,FALSE,FALSE,"","ignore","",FALSE,"git ls-files: not tracked; matched current ignore rules; classified as artifacts; path/type indicates generated output",""
"artifacts/h24-release-force/oceancube.Rcheck/00_pkg_src/oceancube/inst/examples/cube_geometry_weights.R",FALSE,TRUE,"artifacts",FALSE,FALSE,FALSE,TRUE,TRUE,FALSE,FALSE,"","ignore","",FALSE,"git ls-files: not tracked; matched current ignore rules; classified as artifacts; path/type indicates generated output",""
"artifacts/h24-release-force/oceancube.Rcheck/00_pkg_src/oceancube/inst/examples/cube_mask.R",FALSE,TRUE,"artifacts",FALSE,FALSE,FALSE,TRUE,TRUE,FALSE,FALSE,"","ignore","",FALSE,"git ls-files: not tracked; matched current ignore rules; classified as artifacts; path/type indicates generated output",""
"artifacts/h24-release-force/oceancube.Rcheck/00_pkg_src/oceancube/inst/examples/cube_slice.R",FALSE,TRUE,"artifacts",FALSE,FALSE,FALSE,TRUE,TRUE,FALSE,FALSE,"","ignore","",FALSE,"git ls-files: not tracked; matched current ignore rules; classified as artifacts; path/type indicates generated output",""
"artifacts/h24-release-force/oceancube.Rcheck/00_pkg_src/oceancube/inst/examples/cube_transect.R",FALSE,TRUE,"artifacts",FALSE,FALSE,FALSE,TRUE,TRUE,FALSE,FALSE,"","ignore","",FALSE,"git ls-files: not tracked; matched current ignore rules; classified as artifacts; path/type indicates generated output",""
"artifacts/h24-release-force/oceancube.Rcheck/00_pkg_src/oceancube/inst/examples/noncontiguous_collect.R",FALSE,TRUE,"artifacts",FALSE,FALSE,FALSE,TRUE,TRUE,FALSE,FALSE,"","ignore","",FALSE,"git ls-files: not tracked; matched current ignore rules; classified as artifacts; path/type indicates generated output",""
"artifacts/h24-release-force/oceancube.Rcheck/00_pkg_src/oceancube/inst/examples/ocean_cube_contract.R",FALSE,TRUE,"artifacts",FALSE,FALSE,FALSE,TRUE,TRUE,FALSE,FALSE,"","ignore","",FALSE,"git ls-files: not tracked; matched current ignore rules; classified as artifacts; path/type indicates generated output",""
"artifacts/h24-release-force/oceancube.Rcheck/00_pkg_src/oceancube/inst/examples/refactor_coast_dist_backend.R",FALSE,TRUE,"artifacts",FALSE,FALSE,FALSE,TRUE,TRUE,FALSE,FALSE,"","ignore","",FALSE,"git ls-files: not tracked; matched current ignore rules; classified as artifacts; path/type indicates generated output",""
"artifacts/h24-release-force/oceancube.Rcheck/00_pkg_src/oceancube/inst/examples/refactor_layer_annual_backend.R",FALSE,TRUE,"artifacts",FALSE,FALSE,FALSE,TRUE,TRUE,FALSE,FALSE,"","ignore","",FALSE,"git ls-files: not tracked; matched current ignore rules; classified as artifacts; path/type indicates generated output",""
"artifacts/h24-release-force/oceancube.Rcheck/00_pkg_src/oceancube/inst/examples/refactor_link_events_backend.R",FALSE,TRUE,"artifacts",FALSE,FALSE,FALSE,TRUE,TRUE,FALSE,FALSE,"","ignore","",FALSE,"git ls-files: not tracked; matched current ignore rules; classified as artifacts; path/type indicates generated output",""
"artifacts/h24-release-force/oceancube.Rcheck/00_pkg_src/oceancube/inst/examples/refactor_temporal_backend.R",FALSE,TRUE,"artifacts",FALSE,FALSE,FALSE,TRUE,TRUE,FALSE,FALSE,"","ignore","",FALSE,"git ls-files: not tracked; matched current ignore rules; classified as artifacts; path/type indicates generated output",""
"artifacts/h24-release-force/oceancube.Rcheck/00_pkg_src/oceancube/LICENSE",FALSE,TRUE,"artifacts",FALSE,FALSE,FALSE,TRUE,TRUE,FALSE,FALSE,"","ignore","",FALSE,"git ls-files: not tracked; matched current ignore rules; classified as artifacts; path/type indicates generated output",""
"artifacts/h24-release-force/oceancube.Rcheck/00_pkg_src/oceancube/man/annual_index.Rd",FALSE,TRUE,"artifacts",FALSE,FALSE,FALSE,TRUE,TRUE,FALSE,FALSE,"","ignore","",FALSE,"git ls-files: not tracked; matched current ignore rules; classified as artifacts; path/type indicates generated output",""
"artifacts/h24-release-force/oceancube.Rcheck/00_pkg_src/oceancube/man/anom_diff.Rd",FALSE,TRUE,"artifacts",FALSE,FALSE,FALSE,TRUE,TRUE,FALSE,FALSE,"","ignore","",FALSE,"git ls-files: not tracked; matched current ignore rules; classified as artifacts; path/type indicates generated output",""
"artifacts/h24-release-force/oceancube.Rcheck/00_pkg_src/oceancube/man/anom_z.Rd",FALSE,TRUE,"artifacts",FALSE,FALSE,FALSE,TRUE,TRUE,FALSE,FALSE,"","ignore","",FALSE,"git ls-files: not tracked; matched current ignore rules; classified as artifacts; path/type indicates generated output",""
"artifacts/h24-release-force/oceancube.Rcheck/00_pkg_src/oceancube/man/clim_day.Rd",FALSE,TRUE,"artifacts",FALSE,FALSE,FALSE,TRUE,TRUE,FALSE,FALSE,"","ignore","",FALSE,"git ls-files: not tracked; matched current ignore rules; classified as artifacts; path/type indicates generated output",""
"artifacts/h24-release-force/oceancube.Rcheck/00_pkg_src/oceancube/man/clim_month.Rd",FALSE,TRUE,"artifacts",FALSE,FALSE,FALSE,TRUE,TRUE,FALSE,FALSE,"","ignore","",FALSE,"git ls-files: not tracked; matched current ignore rules; classified as artifacts; path/type indicates generated output",""
"artifacts/h24-release-force/oceancube.Rcheck/00_pkg_src/oceancube/man/cm_connect.Rd",FALSE,TRUE,"artifacts",FALSE,FALSE,FALSE,TRUE,TRUE,FALSE,FALSE,"","ignore","",FALSE,"git ls-files: not tracked; matched current ignore rules; classified as artifacts; path/type indicates generated output",""
"artifacts/h24-release-force/oceancube.Rcheck/00_pkg_src/oceancube/man/cm_setup.Rd",FALSE,TRUE,"artifacts",FALSE,FALSE,FALSE,TRUE,TRUE,FALSE,FALSE,"","ignore","",FALSE,"git ls-files: not tracked; matched current ignore rules; classified as artifacts; path/type indicates generated output",""
"artifacts/h24-release-force/oceancube.Rcheck/00_pkg_src/oceancube/man/coast_dist.Rd",FALSE,TRUE,"artifacts",FALSE,FALSE,FALSE,TRUE,TRUE,FALSE,FALSE,"","ignore","",FALSE,"git ls-files: not tracked; matched current ignore rules; classified as artifacts; path/type indicates generated output",""
"artifacts/h24-release-force/oceancube.Rcheck/00_pkg_src/oceancube/man/crop_stock.Rd",FALSE,TRUE,"artifacts",FALSE,FALSE,FALSE,TRUE,TRUE,FALSE,FALSE,"","ignore","",FALSE,"git ls-files: not tracked; matched current ignore rules; classified as artifacts; path/type indicates generated output",""
"artifacts/h24-release-force/oceancube.Rcheck/00_pkg_src/oceancube/man/cube_cell_area.Rd",FALSE,TRUE,"artifacts",FALSE,FALSE,FALSE,TRUE,TRUE,FALSE,FALSE,"","ignore","",FALSE,"git ls-files: not tracked; matched current ignore rules; classified as artifacts; path/type indicates generated output",""
"artifacts/h24-release-force/oceancube.Rcheck/00_pkg_src/oceancube/man/cube_cell_volume.Rd",FALSE,TRUE,"artifacts",FALSE,FALSE,FALSE,TRUE,TRUE,FALSE,FALSE,"","ignore","",FALSE,"git ls-files: not tracked; matched current ignore rules; classified as artifacts; path/type indicates generated output",""
"artifacts/h24-release-force/oceancube.Rcheck/00_pkg_src/oceancube/man/cube_collect.Rd",FALSE,TRUE,"artifacts",FALSE,FALSE,FALSE,TRUE,TRUE,FALSE,FALSE,"","ignore","",FALSE,"git ls-files: not tracked; matched current ignore rules; classified as artifacts; path/type indicates generated output",""
"artifacts/h24-release-force/oceancube.Rcheck/00_pkg_src/oceancube/man/cube_crop.Rd",FALSE,TRUE,"artifacts",FALSE,FALSE,FALSE,TRUE,TRUE,FALSE,FALSE,"","ignore","",FALSE,"git ls-files: not tracked; matched current ignore rules; classified as artifacts; path/type indicates generated output",""
"artifacts/h24-release-force/oceancube.Rcheck/00_pkg_src/oceancube/man/cube_extract.Rd",FALSE,TRUE,"artifacts",FALSE,FALSE,FALSE,TRUE,TRUE,FALSE,FALSE,"","ignore","",FALSE,"git ls-files: not tracked; matched current ignore rules; classified as artifacts; path/type indicates generated output",""
"artifacts/h24-release-force/oceancube.Rcheck/00_pkg_src/oceancube/man/cube_layer_thickness.Rd",FALSE,TRUE,"artifacts",FALSE,FALSE,FALSE,TRUE,TRUE,FALSE,FALSE,"","ignore","",FALSE,"git ls-files: not tracked; matched current ignore rules; classified as artifacts; path/type indicates generated output",""
"artifacts/h24-release-force/oceancube.Rcheck/00_pkg_src/oceancube/man/cube_mask.Rd",FALSE,TRUE,"artifacts",FALSE,FALSE,FALSE,TRUE,TRUE,FALSE,FALSE,"","ignore","",FALSE,"git ls-files: not tracked; matched current ignore rules; classified as artifacts; path/type indicates generated output",""
"artifacts/h24-release-force/oceancube.Rcheck/00_pkg_src/oceancube/man/cube_polygon_weights.Rd",FALSE,TRUE,"artifacts",FALSE,FALSE,FALSE,TRUE,TRUE,FALSE,FALSE,"","ignore","",FALSE,"git ls-files: not tracked; matched current ignore rules; classified as artifacts; path/type indicates generated output",""
"artifacts/h24-release-force/oceancube.Rcheck/00_pkg_src/oceancube/man/cube_slice.Rd",FALSE,TRUE,"artifacts",FALSE,FALSE,FALSE,TRUE,TRUE,FALSE,FALSE,"","ignore","",FALSE,"git ls-files: not tracked; matched current ignore rules; classified as artifacts; path/type indicates generated output",""
"artifacts/h24-release-force/oceancube.Rcheck/00_pkg_src/oceancube/man/cube_transect.Rd",FALSE,TRUE,"artifacts",FALSE,FALSE,FALSE,TRUE,TRUE,FALSE,TRUE,"","ignore","",FALSE,"git ls-files: not tracked; matched current ignore rules; classified as artifacts; path/type indicates generated output",""
"artifacts/h24-release-force/oceancube.Rcheck/00_pkg_src/oceancube/man/download_nc.Rd",FALSE,TRUE,"artifacts",FALSE,FALSE,FALSE,TRUE,TRUE,FALSE,FALSE,"","ignore","",FALSE,"git ls-files: not tracked; matched current ignore rules; classified as artifacts; path/type indicates generated output",""
"artifacts/h24-release-force/oceancube.Rcheck/00_pkg_src/oceancube/man/layer_mean.Rd",FALSE,TRUE,"artifacts",FALSE,FALSE,FALSE,TRUE,TRUE,FALSE,FALSE,"","ignore","",FALSE,"git ls-files: not tracked; matched current ignore rules; classified as artifacts; path/type indicates generated output",""
"artifacts/h24-release-force/oceancube.Rcheck/00_pkg_src/oceancube/man/link_events.Rd",FALSE,TRUE,"artifacts",FALSE,FALSE,FALSE,TRUE,TRUE,FALSE,FALSE,"","ignore","",FALSE,"git ls-files: not tracked; matched current ignore rules; classified as artifacts; path/type indicates generated output",""
"artifacts/h24-release-force/oceancube.Rcheck/00_pkg_src/oceancube/man/ocean_cube.Rd",FALSE,TRUE,"artifacts",FALSE,FALSE,FALSE,TRUE,TRUE,FALSE,FALSE,"","ignore","",FALSE,"git ls-files: not tracked; matched current ignore rules; classified as artifacts; path/type indicates generated output",""
"artifacts/h24-release-force/oceancube.Rcheck/00_pkg_src/oceancube/man/read_nc.Rd",FALSE,TRUE,"artifacts",FALSE,FALSE,FALSE,TRUE,TRUE,FALSE,FALSE,"","ignore","",FALSE,"git ls-files: not tracked; matched current ignore rules; classified as artifacts; path/type indicates generated output",""
"artifacts/h24-release-force/oceancube.Rcheck/00_pkg_src/oceancube/man/signal_noise.Rd",FALSE,TRUE,"artifacts",FALSE,FALSE,FALSE,TRUE,TRUE,FALSE,FALSE,"","ignore","",FALSE,"git ls-files: not tracked; matched current ignore rules; classified as artifacts; path/type indicates generated output",""
"artifacts/h24-release-force/oceancube.Rcheck/00_pkg_src/oceancube/man/stock_mask.Rd",FALSE,TRUE,"artifacts",FALSE,FALSE,FALSE,TRUE,TRUE,FALSE,FALSE,"","ignore","",FALSE,"git ls-files: not tracked; matched current ignore rules; classified as artifacts; path/type indicates generated output",""
"artifacts/h24-release-force/oceancube.Rcheck/00_pkg_src/oceancube/man/to_month.Rd",FALSE,TRUE,"artifacts",FALSE,FALSE,FALSE,TRUE,TRUE,FALSE,FALSE,"","ignore","",FALSE,"git ls-files: not tracked; matched current ignore rules; classified as artifacts; path/type indicates generated output",""
"artifacts/h24-release-force/oceancube.Rcheck/00_pkg_src/oceancube/NAMESPACE",FALSE,TRUE,"artifacts",FALSE,FALSE,FALSE,TRUE,TRUE,FALSE,FALSE,"","ignore","",FALSE,"git ls-files: not tracked; matched current ignore rules; classified as artifacts; path/type indicates generated output",""
"artifacts/h24-release-force/oceancube.Rcheck/00_pkg_src/oceancube/NEWS.md",FALSE,TRUE,"artifacts",FALSE,FALSE,FALSE,TRUE,TRUE,FALSE,FALSE,"","ignore","",FALSE,"git ls-files: not tracked; matched current ignore rules; classified as artifacts; path/type indicates generated output",""
"artifacts/h24-release-force/oceancube.Rcheck/00_pkg_src/oceancube/R/annual_index.R",FALSE,TRUE,"artifacts",FALSE,FALSE,FALSE,TRUE,TRUE,FALSE,FALSE,"","ignore","",FALSE,"git ls-files: not tracked; matched current ignore rules; classified as artifacts; path/type indicates generated output",""
"artifacts/h24-release-force/oceancube.Rcheck/00_pkg_src/oceancube/R/anom_diff.R",FALSE,TRUE,"artifacts",FALSE,FALSE,FALSE,TRUE,TRUE,FALSE,FALSE,"","ignore","",FALSE,"git ls-files: not tracked; matched current ignore rules; classified as artifacts; path/type indicates generated output",""
"artifacts/h24-release-force/oceancube.Rcheck/00_pkg_src/oceancube/R/backend-index.R",FALSE,TRUE,"artifacts",FALSE,FALSE,FALSE,TRUE,TRUE,FALSE,FALSE,"","ignore","",FALSE,"git ls-files: not tracked; matched current ignore rules; classified as artifacts; path/type indicates generated output",""
"artifacts/h24-release-force/oceancube.Rcheck/00_pkg_src/oceancube/R/backend-memory.R",FALSE,TRUE,"artifacts",FALSE,FALSE,FALSE,TRUE,TRUE,FALSE,FALSE,"","ignore","",FALSE,"git ls-files: not tracked; matched current ignore rules; classified as artifacts; path/type indicates generated output",""
"artifacts/h24-release-force/oceancube.Rcheck/00_pkg_src/oceancube/R/backend-netcdf.R",FALSE,TRUE,"artifacts",FALSE,FALSE,FALSE,TRUE,TRUE,FALSE,FALSE,"","ignore","",FALSE,"git ls-files: not tracked; matched current ignore rules; classified as artifacts; path/type indicates generated output",""
"artifacts/h24-release-force/oceancube.Rcheck/00_pkg_src/oceancube/R/clim_day.R",FALSE,TRUE,"artifacts",FALSE,FALSE,FALSE,TRUE,TRUE,FALSE,FALSE,"","ignore","",FALSE,"git ls-files: not tracked; matched current ignore rules; classified as artifacts; path/type indicates generated output",""
"artifacts/h24-release-force/oceancube.Rcheck/00_pkg_src/oceancube/R/clim_month.R",FALSE,TRUE,"artifacts",FALSE,FALSE,FALSE,TRUE,TRUE,FALSE,FALSE,"","ignore","",FALSE,"git ls-files: not tracked; matched current ignore rules; classified as artifacts; path/type indicates generated output",""
"artifacts/h24-release-force/oceancube.Rcheck/00_pkg_src/oceancube/R/cm_setup.R",FALSE,TRUE,"artifacts",FALSE,FALSE,FALSE,TRUE,TRUE,FALSE,FALSE,"","ignore","",FALSE,"git ls-files: not tracked; matched current ignore rules; classified as artifacts; path/type indicates generated output",""
"artifacts/h24-release-force/oceancube.Rcheck/00_pkg_src/oceancube/R/coast_dist.R",FALSE,TRUE,"artifacts",FALSE,FALSE,FALSE,TRUE,TRUE,FALSE,FALSE,"","ignore","",FALSE,"git ls-files: not tracked; matched current ignore rules; classified as artifacts; path/type indicates generated output",""
"artifacts/h24-release-force/oceancube.Rcheck/00_pkg_src/oceancube/R/cube_collect.R",FALSE,TRUE,"artifacts",FALSE,FALSE,FALSE,TRUE,TRUE,FALSE,FALSE,"","ignore","",FALSE,"git ls-files: not tracked; matched current ignore rules; classified as artifacts; path/type indicates generated output",""
"artifacts/h24-release-force/oceancube.Rcheck/00_pkg_src/oceancube/R/cube_crop.R",FALSE,TRUE,"artifacts",FALSE,FALSE,FALSE,TRUE,TRUE,FALSE,FALSE,"","ignore","",FALSE,"git ls-files: not tracked; matched current ignore rules; classified as artifacts; path/type indicates generated output",""
"artifacts/h24-release-force/oceancube.Rcheck/00_pkg_src/oceancube/R/cube_extract.R",FALSE,TRUE,"artifacts",FALSE,FALSE,FALSE,TRUE,TRUE,FALSE,FALSE,"","ignore","",FALSE,"git ls-files: not tracked; matched current ignore rules; classified as artifacts; path/type indicates generated output",""
"artifacts/h24-release-force/oceancube.Rcheck/00_pkg_src/oceancube/R/cube_grid_geometry.R",FALSE,TRUE,"artifacts",FALSE,FALSE,FALSE,TRUE,TRUE,FALSE,FALSE,"","ignore","",FALSE,"git ls-files: not tracked; matched current ignore rules; classified as artifacts; path/type indicates generated output",""
"artifacts/h24-release-force/oceancube.Rcheck/00_pkg_src/oceancube/R/cube_mask.R",FALSE,TRUE,"artifacts",FALSE,FALSE,FALSE,TRUE,TRUE,FALSE,FALSE,"","ignore","",FALSE,"git ls-files: not tracked; matched current ignore rules; classified as artifacts; path/type indicates generated output",""
"artifacts/h24-release-force/oceancube.Rcheck/00_pkg_src/oceancube/R/cube_polygon_weights.R",FALSE,TRUE,"artifacts",FALSE,FALSE,FALSE,TRUE,TRUE,FALSE,FALSE,"","ignore","",FALSE,"git ls-files: not tracked; matched current ignore rules; classified as artifacts; path/type indicates generated output",""
"artifacts/h24-release-force/oceancube.Rcheck/00_pkg_src/oceancube/R/cube_slice.R",FALSE,TRUE,"artifacts",FALSE,FALSE,FALSE,TRUE,TRUE,FALSE,FALSE,"","ignore","",FALSE,"git ls-files: not tracked; matched current ignore rules; classified as artifacts; path/type indicates generated output",""
"artifacts/h24-release-force/oceancube.Rcheck/00_pkg_src/oceancube/R/cube_transect.R",FALSE,TRUE,"artifacts",FALSE,FALSE,FALSE,TRUE,TRUE,FALSE,FALSE,"","ignore","",FALSE,"git ls-files: not tracked; matched current ignore rules; classified as artifacts; path/type indicates generated output",""
"artifacts/h24-release-force/oceancube.Rcheck/00_pkg_src/oceancube/R/download_nc.R",FALSE,TRUE,"artifacts",FALSE,FALSE,FALSE,TRUE,TRUE,FALSE,FALSE,"","ignore","",FALSE,"git ls-files: not tracked; matched current ignore rules; classified as artifacts; path/type indicates generated output",""
"artifacts/h24-release-force/oceancube.Rcheck/00_pkg_src/oceancube/R/layer_mean.R",FALSE,TRUE,"artifacts",FALSE,FALSE,FALSE,TRUE,TRUE,FALSE,FALSE,"","ignore","",FALSE,"git ls-files: not tracked; matched current ignore rules; classified as artifacts; path/type indicates generated output",""
"artifacts/h24-release-force/oceancube.Rcheck/00_pkg_src/oceancube/R/link_events.R",FALSE,TRUE,"artifacts",FALSE,FALSE,FALSE,TRUE,TRUE,FALSE,FALSE,"","ignore","",FALSE,"git ls-files: not tracked; matched current ignore rules; classified as artifacts; path/type indicates generated output",""
"artifacts/h24-release-force/oceancube.Rcheck/00_pkg_src/oceancube/R/ocean_cube.R",FALSE,TRUE,"artifacts",FALSE,FALSE,FALSE,TRUE,TRUE,FALSE,FALSE,"","ignore","",FALSE,"git ls-files: not tracked; matched current ignore rules; classified as artifacts; path/type indicates generated output",""
"artifacts/h24-release-force/oceancube.Rcheck/00_pkg_src/oceancube/R/read_nc.R",FALSE,TRUE,"artifacts",FALSE,FALSE,FALSE,TRUE,TRUE,FALSE,FALSE,"","ignore","",FALSE,"git ls-files: not tracked; matched current ignore rules; classified as artifacts; path/type indicates generated output",""
"artifacts/h24-release-force/oceancube.Rcheck/00_pkg_src/oceancube/R/stock_mask.R",FALSE,TRUE,"artifacts",FALSE,FALSE,FALSE,TRUE,TRUE,FALSE,FALSE,"","ignore","",FALSE,"git ls-files: not tracked; matched current ignore rules; classified as artifacts; path/type indicates generated output",""
"artifacts/h24-release-force/oceancube.Rcheck/00_pkg_src/oceancube/R/to_month.R",FALSE,TRUE,"artifacts",FALSE,FALSE,FALSE,TRUE,TRUE,FALSE,FALSE,"","ignore","",FALSE,"git ls-files: not tracked; matched current ignore rules; classified as artifacts; path/type indicates generated output",""
"artifacts/h24-release-force/oceancube.Rcheck/00_pkg_src/oceancube/R/utils-internal.R",FALSE,TRUE,"artifacts",FALSE,FALSE,FALSE,TRUE,TRUE,FALSE,FALSE,"","ignore","",FALSE,"git ls-files: not tracked; matched current ignore rules; classified as artifacts; path/type indicates generated output",""
"artifacts/h24-release-force/oceancube.Rcheck/00_pkg_src/oceancube/README.md",FALSE,TRUE,"artifacts",FALSE,FALSE,FALSE,TRUE,TRUE,FALSE,FALSE,"","ignore","",FALSE,"git ls-files: not tracked; matched current ignore rules; classified as artifacts; path/type indicates generated output",""
"artifacts/h24-release-force/oceancube.Rcheck/00_pkg_src/oceancube/README.Rmd",FALSE,TRUE,"artifacts",FALSE,FALSE,FALSE,TRUE,TRUE,FALSE,FALSE,"","ignore","",FALSE,"git ls-files: not tracked; matched current ignore rules; classified as artifacts; path/type indicates generated output",""
"artifacts/h24-release-force/oceancube.Rcheck/00_pkg_src/oceancube/tests/testthat.R",FALSE,TRUE,"artifacts",FALSE,FALSE,FALSE,TRUE,TRUE,FALSE,FALSE,"","ignore","",FALSE,"git ls-files: not tracked; matched current ignore rules; classified as artifacts; path/type indicates generated output",""
"artifacts/h24-release-force/oceancube.Rcheck/00_pkg_src/oceancube/tests/testthat/helper-architecture.R",FALSE,TRUE,"artifacts",FALSE,FALSE,FALSE,TRUE,TRUE,FALSE,FALSE,"","ignore","",FALSE,"git ls-files: not tracked; matched current ignore rules; classified as artifacts; path/type indicates generated output",""
"artifacts/h24-release-force/oceancube.Rcheck/00_pkg_src/oceancube/tests/testthat/helper-baseline-cube.R",FALSE,TRUE,"artifacts",FALSE,FALSE,FALSE,TRUE,TRUE,FALSE,FALSE,"","ignore","",FALSE,"git ls-files: not tracked; matched current ignore rules; classified as artifacts; path/type indicates generated output",""
"artifacts/h24-release-force/oceancube.Rcheck/00_pkg_src/oceancube/tests/testthat/helper-geometry.R",FALSE,TRUE,"artifacts",FALSE,FALSE,FALSE,TRUE,TRUE,FALSE,FALSE,"","ignore","",FALSE,"git ls-files: not tracked; matched current ignore rules; classified as artifacts; path/type indicates generated output",""
"artifacts/h24-release-force/oceancube.Rcheck/00_pkg_src/oceancube/tests/testthat/helper-netcdf-backend.R",FALSE,TRUE,"artifacts",FALSE,FALSE,FALSE,TRUE,TRUE,FALSE,FALSE,"","ignore","",FALSE,"git ls-files: not tracked; matched current ignore rules; classified as artifacts; path/type indicates generated output",""
"artifacts/h24-release-force/oceancube.Rcheck/00_pkg_src/oceancube/tests/testthat/test-backend-memory.R",FALSE,TRUE,"artifacts",FALSE,FALSE,FALSE,TRUE,TRUE,FALSE,FALSE,"","ignore","",FALSE,"git ls-files: not tracked; matched current ignore rules; classified as artifacts; path/type indicates generated output",""
"artifacts/h24-release-force/oceancube.Rcheck/00_pkg_src/oceancube/tests/testthat/test-backend-netcdf-descriptor.R",FALSE,TRUE,"artifacts",FALSE,FALSE,FALSE,TRUE,TRUE,FALSE,TRUE,"","ignore","",FALSE,"git ls-files: not tracked; matched current ignore rules; classified as artifacts; path/type indicates generated output",""
"artifacts/h24-release-force/oceancube.Rcheck/00_pkg_src/oceancube/tests/testthat/test-backend-netcdf-noncontiguous.R",FALSE,TRUE,"artifacts",FALSE,FALSE,FALSE,TRUE,TRUE,FALSE,FALSE,"","ignore","",FALSE,"git ls-files: not tracked; matched current ignore rules; classified as artifacts; path/type indicates generated output",""
"artifacts/h24-release-force/oceancube.Rcheck/00_pkg_src/oceancube/tests/testthat/test-backend-netcdf-read-block.R",FALSE,TRUE,"artifacts",FALSE,FALSE,FALSE,TRUE,TRUE,FALSE,FALSE,"","ignore","",FALSE,"git ls-files: not tracked; matched current ignore rules; classified as artifacts; path/type indicates generated output",""
"artifacts/h24-release-force/oceancube.Rcheck/00_pkg_src/oceancube/tests/testthat/test-clim-anom.R",FALSE,TRUE,"artifacts",FALSE,FALSE,FALSE,TRUE,TRUE,FALSE,FALSE,"","ignore","",FALSE,"git ls-files: not tracked; matched current ignore rules; classified as artifacts; path/type indicates generated output",""
"artifacts/h24-release-force/oceancube.Rcheck/00_pkg_src/oceancube/tests/testthat/test-cube-collect.R",FALSE,TRUE,"artifacts",FALSE,FALSE,FALSE,TRUE,TRUE,FALSE,FALSE,"","ignore","",FALSE,"git ls-files: not tracked; matched current ignore rules; classified as artifacts; path/type indicates generated output",""
"artifacts/h24-release-force/oceancube.Rcheck/00_pkg_src/oceancube/tests/testthat/test-cube-crop.R",FALSE,TRUE,"artifacts",FALSE,FALSE,FALSE,TRUE,TRUE,FALSE,FALSE,"","ignore","",FALSE,"git ls-files: not tracked; matched current ignore rules; classified as artifacts; path/type indicates generated output",""
"artifacts/h24-release-force/oceancube.Rcheck/00_pkg_src/oceancube/tests/testthat/test-cube-extract.R",FALSE,TRUE,"artifacts",FALSE,FALSE,FALSE,TRUE,TRUE,FALSE,FALSE,"","ignore","",FALSE,"git ls-files: not tracked; matched current ignore rules; classified as artifacts; path/type indicates generated output",""
"artifacts/h24-release-force/oceancube.Rcheck/00_pkg_src/oceancube/tests/testthat/test-cube-grid-geometry.R",FALSE,TRUE,"artifacts",FALSE,FALSE,FALSE,TRUE,TRUE,FALSE,FALSE,"","ignore","",FALSE,"git ls-files: not tracked; matched current ignore rules; classified as artifacts; path/type indicates generated output",""
"artifacts/h24-release-force/oceancube.Rcheck/00_pkg_src/oceancube/tests/testthat/test-cube-mask.R",FALSE,TRUE,"artifacts",FALSE,FALSE,FALSE,TRUE,TRUE,FALSE,FALSE,"","ignore","",FALSE,"git ls-files: not tracked; matched current ignore rules; classified as artifacts; path/type indicates generated output",""
"artifacts/h24-release-force/oceancube.Rcheck/00_pkg_src/oceancube/tests/testthat/test-cube-polygon-weights.R",FALSE,TRUE,"artifacts",FALSE,FALSE,FALSE,TRUE,TRUE,FALSE,FALSE,"","ignore","",FALSE,"git ls-files: not tracked; matched current ignore rules; classified as artifacts; path/type indicates generated output",""
"artifacts/h24-release-force/oceancube.Rcheck/00_pkg_src/oceancube/tests/testthat/test-cube-slice.R",FALSE,TRUE,"artifacts",FALSE,FALSE,FALSE,TRUE,TRUE,FALSE,FALSE,"","ignore","",FALSE,"git ls-files: not tracked; matched current ignore rules; classified as artifacts; path/type indicates generated output",""
"artifacts/h24-release-force/oceancube.Rcheck/00_pkg_src/oceancube/tests/testthat/test-cube-transect.R",FALSE,TRUE,"artifacts",FALSE,FALSE,FALSE,TRUE,TRUE,FALSE,FALSE,"","ignore","",FALSE,"git ls-files: not tracked; matched current ignore rules; classified as artifacts; path/type indicates generated output",""
"artifacts/h24-release-force/oceancube.Rcheck/00_pkg_src/oceancube/tests/testthat/test-daily-link.R",FALSE,TRUE,"artifacts",FALSE,FALSE,FALSE,TRUE,TRUE,FALSE,FALSE,"","ignore","",FALSE,"git ls-files: not tracked; matched current ignore rules; classified as artifacts; path/type indicates generated output",""
"artifacts/h24-release-force/oceancube.Rcheck/00_pkg_src/oceancube/tests/testthat/test-layer-time-mask.R",FALSE,TRUE,"artifacts",FALSE,FALSE,FALSE,TRUE,TRUE,FALSE,FALSE,"","ignore","",FALSE,"git ls-files: not tracked; matched current ignore rules; classified as artifacts; path/type indicates generated output",""
"artifacts/h24-release-force/oceancube.Rcheck/00_pkg_src/oceancube/tests/testthat/test-no-direct-data-access.R",FALSE,TRUE,"artifacts",FALSE,FALSE,FALSE,TRUE,TRUE,FALSE,FALSE,"","ignore","",FALSE,"git ls-files: not tracked; matched current ignore rules; classified as artifacts; path/type indicates generated output",""
"artifacts/h24-release-force/oceancube.Rcheck/00_pkg_src/oceancube/tests/testthat/test-ocean-cube-baseline.R",FALSE,TRUE,"artifacts",FALSE,FALSE,FALSE,TRUE,TRUE,FALSE,FALSE,"","ignore","",FALSE,"git ls-files: not tracked; matched current ignore rules; classified as artifacts; path/type indicates generated output",""
"artifacts/h24-release-force/oceancube.Rcheck/00_pkg_src/oceancube/tests/testthat/test-ocean-cube-contract.R",FALSE,TRUE,"artifacts",FALSE,FALSE,FALSE,TRUE,TRUE,FALSE,FALSE,"","ignore","",FALSE,"git ls-files: not tracked; matched current ignore rules; classified as artifacts; path/type indicates generated output",""
"artifacts/h24-release-force/oceancube.Rcheck/00_pkg_src/oceancube/tests/testthat/test-ocean-cube.R",FALSE,TRUE,"artifacts",FALSE,FALSE,FALSE,TRUE,TRUE,FALSE,FALSE,"","ignore","",FALSE,"git ls-files: not tracked; matched current ignore rules; classified as artifacts; path/type indicates generated output",""
"artifacts/h24-release-force/oceancube.Rcheck/00_pkg_src/oceancube/tests/testthat/test-package-boundary-spatind.R",FALSE,TRUE,"artifacts",FALSE,FALSE,FALSE,TRUE,TRUE,FALSE,FALSE,"","ignore","",FALSE,"git ls-files: not tracked; matched current ignore rules; classified as artifacts; path/type indicates generated output",""
"artifacts/h24-release-force/oceancube.Rcheck/00_pkg_src/oceancube/tests/testthat/test-read-nc-baseline.R",FALSE,TRUE,"artifacts",FALSE,FALSE,FALSE,TRUE,TRUE,FALSE,FALSE,"","ignore","",FALSE,"git ls-files: not tracked; matched current ignore rules; classified as artifacts; path/type indicates generated output",""
"artifacts/h24-release-force/oceancube.Rcheck/00_pkg_src/oceancube/tests/testthat/test-refactor-coast-dist-backend.R",FALSE,TRUE,"artifacts",FALSE,FALSE,FALSE,TRUE,TRUE,FALSE,FALSE,"","ignore","",FALSE,"git ls-files: not tracked; matched current ignore rules; classified as artifacts; path/type indicates generated output",""
"artifacts/h24-release-force/oceancube.Rcheck/00_pkg_src/oceancube/tests/testthat/test-refactor-layer-annual-backend.R",FALSE,TRUE,"artifacts",FALSE,FALSE,FALSE,TRUE,TRUE,FALSE,FALSE,"","ignore","",FALSE,"git ls-files: not tracked; matched current ignore rules; classified as artifacts; path/type indicates generated output",""
"artifacts/h24-release-force/oceancube.Rcheck/00_pkg_src/oceancube/tests/testthat/test-refactor-link-events-backend.R",FALSE,TRUE,"artifacts",FALSE,FALSE,FALSE,TRUE,TRUE,FALSE,FALSE,"","ignore","",FALSE,"git ls-files: not tracked; matched current ignore rules; classified as artifacts; path/type indicates generated output",""
"artifacts/h24-release-force/oceancube.Rcheck/00_pkg_src/oceancube/tests/testthat/test-refactor-temporal-backend.R",FALSE,TRUE,"artifacts",FALSE,FALSE,FALSE,TRUE,TRUE,FALSE,FALSE,"","ignore","",FALSE,"git ls-files: not tracked; matched current ignore rules; classified as artifacts; path/type indicates generated output",""
"artifacts/h24-release-force/oceancube.Rcheck/00_pkg_src/oceancube/tests/testthat/test-release-contract.R",FALSE,TRUE,"artifacts",FALSE,FALSE,FALSE,TRUE,TRUE,FALSE,FALSE,"","ignore","",FALSE,"git ls-files: not tracked; matched current ignore rules; classified as artifacts; path/type indicates generated output",""
"artifacts/h24-release-force/oceancube.Rcheck/00_pkg_src/oceancube/tests/testthat/test-scientific-baseline.R",FALSE,TRUE,"artifacts",FALSE,FALSE,FALSE,TRUE,TRUE,FALSE,FALSE,"","ignore","",FALSE,"git ls-files: not tracked; matched current ignore rules; classified as artifacts; path/type indicates generated output",""
"artifacts/h24-release-force/oceancube.Rcheck/00_pkg_src/oceancube/vignettes/get-started.Rmd",FALSE,TRUE,"artifacts",FALSE,FALSE,FALSE,TRUE,TRUE,FALSE,FALSE,"","ignore","",FALSE,"git ls-files: not tracked; matched current ignore rules; classified as artifacts; path/type indicates generated output",""
"artifacts/h24-release-force/oceancube.Rcheck/00_pkg_src/oceancube/vignettes/oceancube-architecture.Rmd",FALSE,TRUE,"artifacts",FALSE,FALSE,FALSE,TRUE,TRUE,FALSE,FALSE,"","ignore","",FALSE,"git ls-files: not tracked; matched current ignore rules; classified as artifacts; path/type indicates generated output",""
"artifacts/h24-release-force/oceancube.Rcheck/00_pkg_src/oceancube/vignettes/oceancube-geometry-weights.Rmd",FALSE,TRUE,"artifacts",FALSE,FALSE,FALSE,TRUE,TRUE,FALSE,FALSE,"","ignore","",FALSE,"git ls-files: not tracked; matched current ignore rules; classified as artifacts; path/type indicates generated output",""
"artifacts/h24-release-force/oceancube.Rcheck/00_pkg_src/oceancube/vignettes/oceancube-introduction.Rmd",FALSE,TRUE,"artifacts",FALSE,FALSE,FALSE,TRUE,TRUE,FALSE,FALSE,"","ignore","",FALSE,"git ls-files: not tracked; matched current ignore rules; classified as artifacts; path/type indicates generated output",""
"artifacts/h24-release-force/oceancube.Rcheck/00check.log",FALSE,TRUE,"logs",FALSE,FALSE,FALSE,TRUE,TRUE,FALSE,TRUE,"","ignore","",FALSE,"git ls-files: not tracked; matched current ignore rules; classified as logs; path/type indicates generated output",""
"artifacts/h24-release-force/oceancube.Rcheck/00install.out",FALSE,TRUE,"logs",FALSE,FALSE,FALSE,TRUE,TRUE,FALSE,FALSE,"","ignore","",FALSE,"git ls-files: not tracked; matched current ignore rules; classified as logs; path/type indicates generated output",""
"artifacts/h24-release-force/oceancube.Rcheck/oceancube-Ex.pdf",FALSE,TRUE,"artifacts",FALSE,FALSE,FALSE,TRUE,TRUE,FALSE,FALSE,"","ignore","",FALSE,"git ls-files: not tracked; matched current ignore rules; classified as artifacts; path/type indicates generated output",""
"artifacts/h24-release-force/oceancube.Rcheck/oceancube-Ex.R",FALSE,TRUE,"artifacts",FALSE,FALSE,FALSE,TRUE,TRUE,FALSE,FALSE,"","ignore","",FALSE,"git ls-files: not tracked; matched current ignore rules; classified as artifacts; path/type indicates generated output",""
"artifacts/h24-release-force/oceancube.Rcheck/oceancube-Ex.Rout",FALSE,TRUE,"artifacts",FALSE,FALSE,FALSE,TRUE,TRUE,FALSE,FALSE,"","ignore","",FALSE,"git ls-files: not tracked; matched current ignore rules; classified as artifacts; path/type indicates generated output",""
"artifacts/h24-release-force/oceancube.Rcheck/oceancube/architecture/oceancube-spatind-boundary.md",FALSE,TRUE,"artifacts",FALSE,FALSE,FALSE,TRUE,TRUE,FALSE,FALSE,"","ignore","",FALSE,"git ls-files: not tracked; matched current ignore rules; classified as artifacts; path/type indicates generated output",""
"artifacts/h24-release-force/oceancube.Rcheck/oceancube/CITATION",FALSE,TRUE,"artifacts",FALSE,FALSE,FALSE,TRUE,TRUE,FALSE,FALSE,"","ignore","",FALSE,"git ls-files: not tracked; matched current ignore rules; classified as artifacts; path/type indicates generated output",""
"artifacts/h24-release-force/oceancube.Rcheck/oceancube/DESCRIPTION",FALSE,TRUE,"artifacts",FALSE,FALSE,FALSE,TRUE,TRUE,FALSE,FALSE,"","ignore","",FALSE,"git ls-files: not tracked; matched current ignore rules; classified as artifacts; path/type indicates generated output",""
"artifacts/h24-release-force/oceancube.Rcheck/oceancube/doc/get-started.html",FALSE,TRUE,"rendered HTML",FALSE,FALSE,FALSE,TRUE,TRUE,FALSE,TRUE,"","ignore","",FALSE,"git ls-files: not tracked; matched current ignore rules; classified as rendered HTML; path/type indicates generated output",""
"artifacts/h24-release-force/oceancube.Rcheck/oceancube/doc/get-started.R",FALSE,TRUE,"artifacts",FALSE,FALSE,FALSE,TRUE,TRUE,FALSE,FALSE,"","ignore","",FALSE,"git ls-files: not tracked; matched current ignore rules; classified as artifacts; path/type indicates generated output",""
"artifacts/h24-release-force/oceancube.Rcheck/oceancube/doc/get-started.Rmd",FALSE,TRUE,"artifacts",FALSE,FALSE,FALSE,TRUE,TRUE,FALSE,FALSE,"","ignore","",FALSE,"git ls-files: not tracked; matched current ignore rules; classified as artifacts; path/type indicates generated output",""
"artifacts/h24-release-force/oceancube.Rcheck/oceancube/doc/index.html",FALSE,TRUE,"rendered HTML",FALSE,FALSE,FALSE,TRUE,TRUE,FALSE,FALSE,"","ignore","",FALSE,"git ls-files: not tracked; matched current ignore rules; classified as rendered HTML; path/type indicates generated output",""
"artifacts/h24-release-force/oceancube.Rcheck/oceancube/doc/oceancube-architecture.html",FALSE,TRUE,"rendered HTML",FALSE,FALSE,FALSE,TRUE,TRUE,FALSE,TRUE,"","ignore","",FALSE,"git ls-files: not tracked; matched current ignore rules; classified as rendered HTML; path/type indicates generated output",""
"artifacts/h24-release-force/oceancube.Rcheck/oceancube/doc/oceancube-architecture.R",FALSE,TRUE,"artifacts",FALSE,FALSE,FALSE,TRUE,TRUE,FALSE,FALSE,"","ignore","",FALSE,"git ls-files: not tracked; matched current ignore rules; classified as artifacts; path/type indicates generated output",""
"artifacts/h24-release-force/oceancube.Rcheck/oceancube/doc/oceancube-architecture.Rmd",FALSE,TRUE,"artifacts",FALSE,FALSE,FALSE,TRUE,TRUE,FALSE,FALSE,"","ignore","",FALSE,"git ls-files: not tracked; matched current ignore rules; classified as artifacts; path/type indicates generated output",""
"artifacts/h24-release-force/oceancube.Rcheck/oceancube/doc/oceancube-geometry-weights.html",FALSE,TRUE,"rendered HTML",FALSE,FALSE,FALSE,TRUE,TRUE,FALSE,TRUE,"","ignore","",FALSE,"git ls-files: not tracked; matched current ignore rules; classified as rendered HTML; path/type indicates generated output",""
"artifacts/h24-release-force/oceancube.Rcheck/oceancube/doc/oceancube-geometry-weights.R",FALSE,TRUE,"artifacts",FALSE,FALSE,FALSE,TRUE,TRUE,FALSE,FALSE,"","ignore","",FALSE,"git ls-files: not tracked; matched current ignore rules; classified as artifacts; path/type indicates generated output",""
"artifacts/h24-release-force/oceancube.Rcheck/oceancube/doc/oceancube-geometry-weights.Rmd",FALSE,TRUE,"artifacts",FALSE,FALSE,FALSE,TRUE,TRUE,FALSE,FALSE,"","ignore","",FALSE,"git ls-files: not tracked; matched current ignore rules; classified as artifacts; path/type indicates generated output",""
"artifacts/h24-release-force/oceancube.Rcheck/oceancube/doc/oceancube-introduction.html",FALSE,TRUE,"rendered HTML",FALSE,FALSE,FALSE,TRUE,TRUE,FALSE,TRUE,"","ignore","",FALSE,"git ls-files: not tracked; matched current ignore rules; classified as rendered HTML; path/type indicates generated output",""
"artifacts/h24-release-force/oceancube.Rcheck/oceancube/doc/oceancube-introduction.R",FALSE,TRUE,"artifacts",FALSE,FALSE,FALSE,TRUE,TRUE,FALSE,FALSE,"","ignore","",FALSE,"git ls-files: not tracked; matched current ignore rules; classified as artifacts; path/type indicates generated output",""
"artifacts/h24-release-force/oceancube.Rcheck/oceancube/doc/oceancube-introduction.Rmd",FALSE,TRUE,"artifacts",FALSE,FALSE,FALSE,TRUE,TRUE,FALSE,FALSE,"","ignore","",FALSE,"git ls-files: not tracked; matched current ignore rules; classified as artifacts; path/type indicates generated output",""
"artifacts/h24-release-force/oceancube.Rcheck/oceancube/examples/backend_memory.R",FALSE,TRUE,"artifacts",FALSE,FALSE,FALSE,TRUE,TRUE,FALSE,FALSE,"","ignore","",FALSE,"git ls-files: not tracked; matched current ignore rules; classified as artifacts; path/type indicates generated output",""
"artifacts/h24-release-force/oceancube.Rcheck/oceancube/examples/backend_netcdf_descriptor.R",FALSE,TRUE,"artifacts",FALSE,FALSE,FALSE,TRUE,TRUE,FALSE,FALSE,"","ignore","",FALSE,"git ls-files: not tracked; matched current ignore rules; classified as artifacts; path/type indicates generated output",""
"artifacts/h24-release-force/oceancube.Rcheck/oceancube/examples/backend_netcdf_read_block.R",FALSE,TRUE,"artifacts",FALSE,FALSE,FALSE,TRUE,TRUE,FALSE,FALSE,"","ignore","",FALSE,"git ls-files: not tracked; matched current ignore rules; classified as artifacts; path/type indicates generated output",""
"artifacts/h24-release-force/oceancube.Rcheck/oceancube/examples/baseline_ocean_cube.R",FALSE,TRUE,"artifacts",FALSE,FALSE,FALSE,TRUE,TRUE,FALSE,FALSE,"","ignore","",FALSE,"git ls-files: not tracked; matched current ignore rules; classified as artifacts; path/type indicates generated output",""
"artifacts/h24-release-force/oceancube.Rcheck/oceancube/examples/cube_crop.R",FALSE,TRUE,"artifacts",FALSE,FALSE,FALSE,TRUE,TRUE,FALSE,FALSE,"","ignore","",FALSE,"git ls-files: not tracked; matched current ignore rules; classified as artifacts; path/type indicates generated output",""
"artifacts/h24-release-force/oceancube.Rcheck/oceancube/examples/cube_extract.R",FALSE,TRUE,"artifacts",FALSE,FALSE,FALSE,TRUE,TRUE,FALSE,FALSE,"","ignore","",FALSE,"git ls-files: not tracked; matched current ignore rules; classified as artifacts; path/type indicates generated output",""
"artifacts/h24-release-force/oceancube.Rcheck/oceancube/examples/cube_geometry_weights.R",FALSE,TRUE,"artifacts",FALSE,FALSE,FALSE,TRUE,TRUE,FALSE,FALSE,"","ignore","",FALSE,"git ls-files: not tracked; matched current ignore rules; classified as artifacts; path/type indicates generated output",""
"artifacts/h24-release-force/oceancube.Rcheck/oceancube/examples/cube_mask.R",FALSE,TRUE,"artifacts",FALSE,FALSE,FALSE,TRUE,TRUE,FALSE,FALSE,"","ignore","",FALSE,"git ls-files: not tracked; matched current ignore rules; classified as artifacts; path/type indicates generated output",""
"artifacts/h24-release-force/oceancube.Rcheck/oceancube/examples/cube_slice.R",FALSE,TRUE,"artifacts",FALSE,FALSE,FALSE,TRUE,TRUE,FALSE,FALSE,"","ignore","",FALSE,"git ls-files: not tracked; matched current ignore rules; classified as artifacts; path/type indicates generated output",""
"artifacts/h24-release-force/oceancube.Rcheck/oceancube/examples/cube_transect.R",FALSE,TRUE,"artifacts",FALSE,FALSE,FALSE,TRUE,TRUE,FALSE,FALSE,"","ignore","",FALSE,"git ls-files: not tracked; matched current ignore rules; classified as artifacts; path/type indicates generated output",""
"artifacts/h24-release-force/oceancube.Rcheck/oceancube/examples/noncontiguous_collect.R",FALSE,TRUE,"artifacts",FALSE,FALSE,FALSE,TRUE,TRUE,FALSE,FALSE,"","ignore","",FALSE,"git ls-files: not tracked; matched current ignore rules; classified as artifacts; path/type indicates generated output",""
"artifacts/h24-release-force/oceancube.Rcheck/oceancube/examples/ocean_cube_contract.R",FALSE,TRUE,"artifacts",FALSE,FALSE,FALSE,TRUE,TRUE,FALSE,FALSE,"","ignore","",FALSE,"git ls-files: not tracked; matched current ignore rules; classified as artifacts; path/type indicates generated output",""
"artifacts/h24-release-force/oceancube.Rcheck/oceancube/examples/refactor_coast_dist_backend.R",FALSE,TRUE,"artifacts",FALSE,FALSE,FALSE,TRUE,TRUE,FALSE,FALSE,"","ignore","",FALSE,"git ls-files: not tracked; matched current ignore rules; classified as artifacts; path/type indicates generated output",""
"artifacts/h24-release-force/oceancube.Rcheck/oceancube/examples/refactor_layer_annual_backend.R",FALSE,TRUE,"artifacts",FALSE,FALSE,FALSE,TRUE,TRUE,FALSE,FALSE,"","ignore","",FALSE,"git ls-files: not tracked; matched current ignore rules; classified as artifacts; path/type indicates generated output",""
"artifacts/h24-release-force/oceancube.Rcheck/oceancube/examples/refactor_link_events_backend.R",FALSE,TRUE,"artifacts",FALSE,FALSE,FALSE,TRUE,TRUE,FALSE,FALSE,"","ignore","",FALSE,"git ls-files: not tracked; matched current ignore rules; classified as artifacts; path/type indicates generated output",""
"artifacts/h24-release-force/oceancube.Rcheck/oceancube/examples/refactor_temporal_backend.R",FALSE,TRUE,"artifacts",FALSE,FALSE,FALSE,TRUE,TRUE,FALSE,FALSE,"","ignore","",FALSE,"git ls-files: not tracked; matched current ignore rules; classified as artifacts; path/type indicates generated output",""
"artifacts/h24-release-force/oceancube.Rcheck/oceancube/help/aliases.rds",FALSE,TRUE,"RDS",FALSE,FALSE,FALSE,FALSE,FALSE,TRUE,FALSE,"","relocate-later","approved external data store or minimal test fixture; preserve until checksum and provenance are recorded",FALSE,"git ls-files: not tracked; matched current ignore rules; classified as RDS; path/type does not establish generated output; data extension/location may contain operational data","No move or merge is authorized by this decision document alone."
"artifacts/h24-release-force/oceancube.Rcheck/oceancube/help/AnIndex",FALSE,TRUE,"artifacts",FALSE,FALSE,FALSE,TRUE,TRUE,FALSE,FALSE,"","ignore","",FALSE,"git ls-files: not tracked; matched current ignore rules; classified as artifacts; path/type indicates generated output",""
"artifacts/h24-release-force/oceancube.Rcheck/oceancube/help/oceancube.rdb",FALSE,TRUE,"artifacts",FALSE,FALSE,FALSE,TRUE,TRUE,FALSE,FALSE,"","ignore","",FALSE,"git ls-files: not tracked; matched current ignore rules; classified as artifacts; path/type indicates generated output",""
"artifacts/h24-release-force/oceancube.Rcheck/oceancube/help/oceancube.rdx",FALSE,TRUE,"artifacts",FALSE,FALSE,FALSE,TRUE,TRUE,FALSE,FALSE,"","ignore","",FALSE,"git ls-files: not tracked; matched current ignore rules; classified as artifacts; path/type indicates generated output",""
"artifacts/h24-release-force/oceancube.Rcheck/oceancube/help/paths.rds",FALSE,TRUE,"RDS",FALSE,FALSE,FALSE,FALSE,FALSE,TRUE,FALSE,"","relocate-later","approved external data store or minimal test fixture; preserve until checksum and provenance are recorded",FALSE,"git ls-files: not tracked; matched current ignore rules; classified as RDS; path/type does not establish generated output; data extension/location may contain operational data","No move or merge is authorized by this decision document alone."
"artifacts/h24-release-force/oceancube.Rcheck/oceancube/html/00Index.html",FALSE,TRUE,"rendered HTML",FALSE,FALSE,FALSE,TRUE,TRUE,FALSE,FALSE,"","ignore","",FALSE,"git ls-files: not tracked; matched current ignore rules; classified as rendered HTML; path/type indicates generated output",""
"artifacts/h24-release-force/oceancube.Rcheck/oceancube/html/R.css",FALSE,TRUE,"artifacts",FALSE,FALSE,FALSE,TRUE,TRUE,FALSE,FALSE,"","ignore","",FALSE,"git ls-files: not tracked; matched current ignore rules; classified as artifacts; path/type indicates generated output",""
"artifacts/h24-release-force/oceancube.Rcheck/oceancube/INDEX",FALSE,TRUE,"artifacts",FALSE,FALSE,FALSE,TRUE,TRUE,FALSE,FALSE,"","ignore","",FALSE,"git ls-files: not tracked; matched current ignore rules; classified as artifacts; path/type indicates generated output",""
"artifacts/h24-release-force/oceancube.Rcheck/oceancube/LICENSE",FALSE,TRUE,"artifacts",FALSE,FALSE,FALSE,TRUE,TRUE,FALSE,FALSE,"","ignore","",FALSE,"git ls-files: not tracked; matched current ignore rules; classified as artifacts; path/type indicates generated output",""
"artifacts/h24-release-force/oceancube.Rcheck/oceancube/Meta/features.rds",FALSE,TRUE,"RDS",FALSE,FALSE,FALSE,TRUE,FALSE,TRUE,FALSE,"","relocate-later","approved external data store or minimal test fixture; preserve until checksum and provenance are recorded",FALSE,"git ls-files: not tracked; matched current ignore rules; classified as RDS; path/type indicates generated output; data extension/location may contain operational data","No move or merge is authorized by this decision document alone."
"artifacts/h24-release-force/oceancube.Rcheck/oceancube/Meta/hsearch.rds",FALSE,TRUE,"RDS",FALSE,FALSE,FALSE,TRUE,FALSE,TRUE,FALSE,"","relocate-later","approved external data store or minimal test fixture; preserve until checksum and provenance are recorded",FALSE,"git ls-files: not tracked; matched current ignore rules; classified as RDS; path/type indicates generated output; data extension/location may contain operational data","No move or merge is authorized by this decision document alone."
"artifacts/h24-release-force/oceancube.Rcheck/oceancube/Meta/links.rds",FALSE,TRUE,"RDS",FALSE,FALSE,FALSE,TRUE,FALSE,TRUE,FALSE,"","relocate-later","approved external data store or minimal test fixture; preserve until checksum and provenance are recorded",FALSE,"git ls-files: not tracked; matched current ignore rules; classified as RDS; path/type indicates generated output; data extension/location may contain operational data","No move or merge is authorized by this decision document alone."
"artifacts/h24-release-force/oceancube.Rcheck/oceancube/Meta/nsInfo.rds",FALSE,TRUE,"RDS",FALSE,FALSE,FALSE,TRUE,FALSE,TRUE,FALSE,"","relocate-later","approved external data store or minimal test fixture; preserve until checksum and provenance are recorded",FALSE,"git ls-files: not tracked; matched current ignore rules; classified as RDS; path/type indicates generated output; data extension/location may contain operational data","No move or merge is authorized by this decision document alone."
"artifacts/h24-release-force/oceancube.Rcheck/oceancube/Meta/package.rds",FALSE,TRUE,"RDS",FALSE,FALSE,FALSE,TRUE,FALSE,TRUE,FALSE,"","relocate-later","approved external data store or minimal test fixture; preserve until checksum and provenance are recorded",FALSE,"git ls-files: not tracked; matched current ignore rules; classified as RDS; path/type indicates generated output; data extension/location may contain operational data","No move or merge is authorized by this decision document alone."
"artifacts/h24-release-force/oceancube.Rcheck/oceancube/Meta/Rd.rds",FALSE,TRUE,"RDS",FALSE,FALSE,FALSE,TRUE,FALSE,TRUE,FALSE,"","relocate-later","approved external data store or minimal test fixture; preserve until checksum and provenance are recorded",FALSE,"git ls-files: not tracked; matched current ignore rules; classified as RDS; path/type indicates generated output; data extension/location may contain operational data","No move or merge is authorized by this decision document alone."
"artifacts/h24-release-force/oceancube.Rcheck/oceancube/Meta/vignette.rds",FALSE,TRUE,"RDS",FALSE,FALSE,FALSE,TRUE,FALSE,TRUE,FALSE,"","relocate-later","approved external data store or minimal test fixture; preserve until checksum and provenance are recorded",FALSE,"git ls-files: not tracked; matched current ignore rules; classified as RDS; path/type indicates generated output; data extension/location may contain operational data","No move or merge is authorized by this decision document alone."
"artifacts/h24-release-force/oceancube.Rcheck/oceancube/NAMESPACE",FALSE,TRUE,"artifacts",FALSE,FALSE,FALSE,TRUE,TRUE,FALSE,FALSE,"","ignore","",FALSE,"git ls-files: not tracked; matched current ignore rules; classified as artifacts; path/type indicates generated output",""
"artifacts/h24-release-force/oceancube.Rcheck/oceancube/NEWS.md",FALSE,TRUE,"artifacts",FALSE,FALSE,FALSE,TRUE,TRUE,FALSE,FALSE,"","ignore","",FALSE,"git ls-files: not tracked; matched current ignore rules; classified as artifacts; path/type indicates generated output",""
"artifacts/h24-release-force/oceancube.Rcheck/oceancube/R/oceancube",FALSE,TRUE,"artifacts",FALSE,FALSE,FALSE,TRUE,TRUE,FALSE,FALSE,"","ignore","",FALSE,"git ls-files: not tracked; matched current ignore rules; classified as artifacts; path/type indicates generated output",""
"artifacts/h24-release-force/oceancube.Rcheck/oceancube/R/oceancube.rdb",FALSE,TRUE,"artifacts",FALSE,FALSE,FALSE,TRUE,TRUE,FALSE,FALSE,"","ignore","",FALSE,"git ls-files: not tracked; matched current ignore rules; classified as artifacts; path/type indicates generated output",""
"artifacts/h24-release-force/oceancube.Rcheck/oceancube/R/oceancube.rdx",FALSE,TRUE,"artifacts",FALSE,FALSE,FALSE,TRUE,TRUE,FALSE,FALSE,"","ignore","",FALSE,"git ls-files: not tracked; matched current ignore rules; classified as artifacts; path/type indicates generated output",""
"artifacts/h24-release-force/oceancube.Rcheck/tests/startup.Rs",FALSE,TRUE,"artifacts",FALSE,FALSE,FALSE,TRUE,TRUE,FALSE,FALSE,"","ignore","",FALSE,"git ls-files: not tracked; matched current ignore rules; classified as artifacts; path/type indicates generated output",""
"artifacts/h24-release-force/oceancube.Rcheck/tests/testthat.R",FALSE,TRUE,"artifacts",FALSE,FALSE,FALSE,TRUE,TRUE,FALSE,FALSE,"","ignore","",FALSE,"git ls-files: not tracked; matched current ignore rules; classified as artifacts; path/type indicates generated output",""
"artifacts/h24-release-force/oceancube.Rcheck/tests/testthat.Rout",FALSE,TRUE,"artifacts",FALSE,FALSE,FALSE,TRUE,TRUE,FALSE,FALSE,"","ignore","",FALSE,"git ls-files: not tracked; matched current ignore rules; classified as artifacts; path/type indicates generated output",""
"artifacts/h24-release-force/oceancube.Rcheck/tests/testthat/helper-architecture.R",FALSE,TRUE,"artifacts",FALSE,FALSE,FALSE,TRUE,TRUE,FALSE,FALSE,"","ignore","",FALSE,"git ls-files: not tracked; matched current ignore rules; classified as artifacts; path/type indicates generated output",""
"artifacts/h24-release-force/oceancube.Rcheck/tests/testthat/helper-baseline-cube.R",FALSE,TRUE,"artifacts",FALSE,FALSE,FALSE,TRUE,TRUE,FALSE,FALSE,"","ignore","",FALSE,"git ls-files: not tracked; matched current ignore rules; classified as artifacts; path/type indicates generated output",""
"artifacts/h24-release-force/oceancube.Rcheck/tests/testthat/helper-geometry.R",FALSE,TRUE,"artifacts",FALSE,FALSE,FALSE,TRUE,TRUE,FALSE,FALSE,"","ignore","",FALSE,"git ls-files: not tracked; matched current ignore rules; classified as artifacts; path/type indicates generated output",""
"artifacts/h24-release-force/oceancube.Rcheck/tests/testthat/helper-netcdf-backend.R",FALSE,TRUE,"artifacts",FALSE,FALSE,FALSE,TRUE,TRUE,FALSE,FALSE,"","ignore","",FALSE,"git ls-files: not tracked; matched current ignore rules; classified as artifacts; path/type indicates generated output",""
"artifacts/h24-release-force/oceancube.Rcheck/tests/testthat/test-backend-memory.R",FALSE,TRUE,"artifacts",FALSE,FALSE,FALSE,TRUE,TRUE,FALSE,FALSE,"","ignore","",FALSE,"git ls-files: not tracked; matched current ignore rules; classified as artifacts; path/type indicates generated output",""
"artifacts/h24-release-force/oceancube.Rcheck/tests/testthat/test-backend-netcdf-descriptor.R",FALSE,TRUE,"artifacts",FALSE,FALSE,FALSE,TRUE,TRUE,FALSE,TRUE,"","ignore","",FALSE,"git ls-files: not tracked; matched current ignore rules; classified as artifacts; path/type indicates generated output",""
"artifacts/h24-release-force/oceancube.Rcheck/tests/testthat/test-backend-netcdf-noncontiguous.R",FALSE,TRUE,"artifacts",FALSE,FALSE,FALSE,TRUE,TRUE,FALSE,FALSE,"","ignore","",FALSE,"git ls-files: not tracked; matched current ignore rules; classified as artifacts; path/type indicates generated output",""
"artifacts/h24-release-force/oceancube.Rcheck/tests/testthat/test-backend-netcdf-read-block.R",FALSE,TRUE,"artifacts",FALSE,FALSE,FALSE,TRUE,TRUE,FALSE,FALSE,"","ignore","",FALSE,"git ls-files: not tracked; matched current ignore rules; classified as artifacts; path/type indicates generated output",""
"artifacts/h24-release-force/oceancube.Rcheck/tests/testthat/test-clim-anom.R",FALSE,TRUE,"artifacts",FALSE,FALSE,FALSE,TRUE,TRUE,FALSE,FALSE,"","ignore","",FALSE,"git ls-files: not tracked; matched current ignore rules; classified as artifacts; path/type indicates generated output",""
"artifacts/h24-release-force/oceancube.Rcheck/tests/testthat/test-cube-collect.R",FALSE,TRUE,"artifacts",FALSE,FALSE,FALSE,TRUE,TRUE,FALSE,FALSE,"","ignore","",FALSE,"git ls-files: not tracked; matched current ignore rules; classified as artifacts; path/type indicates generated output",""
"artifacts/h24-release-force/oceancube.Rcheck/tests/testthat/test-cube-crop.R",FALSE,TRUE,"artifacts",FALSE,FALSE,FALSE,TRUE,TRUE,FALSE,FALSE,"","ignore","",FALSE,"git ls-files: not tracked; matched current ignore rules; classified as artifacts; path/type indicates generated output",""
"artifacts/h24-release-force/oceancube.Rcheck/tests/testthat/test-cube-extract.R",FALSE,TRUE,"artifacts",FALSE,FALSE,FALSE,TRUE,TRUE,FALSE,FALSE,"","ignore","",FALSE,"git ls-files: not tracked; matched current ignore rules; classified as artifacts; path/type indicates generated output",""
"artifacts/h24-release-force/oceancube.Rcheck/tests/testthat/test-cube-grid-geometry.R",FALSE,TRUE,"artifacts",FALSE,FALSE,FALSE,TRUE,TRUE,FALSE,FALSE,"","ignore","",FALSE,"git ls-files: not tracked; matched current ignore rules; classified as artifacts; path/type indicates generated output",""
"artifacts/h24-release-force/oceancube.Rcheck/tests/testthat/test-cube-mask.R",FALSE,TRUE,"artifacts",FALSE,FALSE,FALSE,TRUE,TRUE,FALSE,FALSE,"","ignore","",FALSE,"git ls-files: not tracked; matched current ignore rules; classified as artifacts; path/type indicates generated output",""
"artifacts/h24-release-force/oceancube.Rcheck/tests/testthat/test-cube-polygon-weights.R",FALSE,TRUE,"artifacts",FALSE,FALSE,FALSE,TRUE,TRUE,FALSE,FALSE,"","ignore","",FALSE,"git ls-files: not tracked; matched current ignore rules; classified as artifacts; path/type indicates generated output",""
"artifacts/h24-release-force/oceancube.Rcheck/tests/testthat/test-cube-slice.R",FALSE,TRUE,"artifacts",FALSE,FALSE,FALSE,TRUE,TRUE,FALSE,FALSE,"","ignore","",FALSE,"git ls-files: not tracked; matched current ignore rules; classified as artifacts; path/type indicates generated output",""
"artifacts/h24-release-force/oceancube.Rcheck/tests/testthat/test-cube-transect.R",FALSE,TRUE,"artifacts",FALSE,FALSE,FALSE,TRUE,TRUE,FALSE,FALSE,"","ignore","",FALSE,"git ls-files: not tracked; matched current ignore rules; classified as artifacts; path/type indicates generated output",""
"artifacts/h24-release-force/oceancube.Rcheck/tests/testthat/test-daily-link.R",FALSE,TRUE,"artifacts",FALSE,FALSE,FALSE,TRUE,TRUE,FALSE,FALSE,"","ignore","",FALSE,"git ls-files: not tracked; matched current ignore rules; classified as artifacts; path/type indicates generated output",""
"artifacts/h24-release-force/oceancube.Rcheck/tests/testthat/test-layer-time-mask.R",FALSE,TRUE,"artifacts",FALSE,FALSE,FALSE,TRUE,TRUE,FALSE,FALSE,"","ignore","",FALSE,"git ls-files: not tracked; matched current ignore rules; classified as artifacts; path/type indicates generated output",""
"artifacts/h24-release-force/oceancube.Rcheck/tests/testthat/test-no-direct-data-access.R",FALSE,TRUE,"artifacts",FALSE,FALSE,FALSE,TRUE,TRUE,FALSE,FALSE,"","ignore","",FALSE,"git ls-files: not tracked; matched current ignore rules; classified as artifacts; path/type indicates generated output",""
"artifacts/h24-release-force/oceancube.Rcheck/tests/testthat/test-ocean-cube-baseline.R",FALSE,TRUE,"artifacts",FALSE,FALSE,FALSE,TRUE,TRUE,FALSE,FALSE,"","ignore","",FALSE,"git ls-files: not tracked; matched current ignore rules; classified as artifacts; path/type indicates generated output",""
"artifacts/h24-release-force/oceancube.Rcheck/tests/testthat/test-ocean-cube-contract.R",FALSE,TRUE,"artifacts",FALSE,FALSE,FALSE,TRUE,TRUE,FALSE,FALSE,"","ignore","",FALSE,"git ls-files: not tracked; matched current ignore rules; classified as artifacts; path/type indicates generated output",""
"artifacts/h24-release-force/oceancube.Rcheck/tests/testthat/test-ocean-cube.R",FALSE,TRUE,"artifacts",FALSE,FALSE,FALSE,TRUE,TRUE,FALSE,FALSE,"","ignore","",FALSE,"git ls-files: not tracked; matched current ignore rules; classified as artifacts; path/type indicates generated output",""
"artifacts/h24-release-force/oceancube.Rcheck/tests/testthat/test-package-boundary-spatind.R",FALSE,TRUE,"artifacts",FALSE,FALSE,FALSE,TRUE,TRUE,FALSE,FALSE,"","ignore","",FALSE,"git ls-files: not tracked; matched current ignore rules; classified as artifacts; path/type indicates generated output",""
"artifacts/h24-release-force/oceancube.Rcheck/tests/testthat/test-read-nc-baseline.R",FALSE,TRUE,"artifacts",FALSE,FALSE,FALSE,TRUE,TRUE,FALSE,FALSE,"","ignore","",FALSE,"git ls-files: not tracked; matched current ignore rules; classified as artifacts; path/type indicates generated output",""
"artifacts/h24-release-force/oceancube.Rcheck/tests/testthat/test-refactor-coast-dist-backend.R",FALSE,TRUE,"artifacts",FALSE,FALSE,FALSE,TRUE,TRUE,FALSE,FALSE,"","ignore","",FALSE,"git ls-files: not tracked; matched current ignore rules; classified as artifacts; path/type indicates generated output",""
"artifacts/h24-release-force/oceancube.Rcheck/tests/testthat/test-refactor-layer-annual-backend.R",FALSE,TRUE,"artifacts",FALSE,FALSE,FALSE,TRUE,TRUE,FALSE,FALSE,"","ignore","",FALSE,"git ls-files: not tracked; matched current ignore rules; classified as artifacts; path/type indicates generated output",""
"artifacts/h24-release-force/oceancube.Rcheck/tests/testthat/test-refactor-link-events-backend.R",FALSE,TRUE,"artifacts",FALSE,FALSE,FALSE,TRUE,TRUE,FALSE,FALSE,"","ignore","",FALSE,"git ls-files: not tracked; matched current ignore rules; classified as artifacts; path/type indicates generated output",""
"artifacts/h24-release-force/oceancube.Rcheck/tests/testthat/test-refactor-temporal-backend.R",FALSE,TRUE,"artifacts",FALSE,FALSE,FALSE,TRUE,TRUE,FALSE,FALSE,"","ignore","",FALSE,"git ls-files: not tracked; matched current ignore rules; classified as artifacts; path/type indicates generated output",""
"artifacts/h24-release-force/oceancube.Rcheck/tests/testthat/test-release-contract.R",FALSE,TRUE,"artifacts",FALSE,FALSE,FALSE,TRUE,TRUE,FALSE,FALSE,"","ignore","",FALSE,"git ls-files: not tracked; matched current ignore rules; classified as artifacts; path/type indicates generated output",""
"artifacts/h24-release-force/oceancube.Rcheck/tests/testthat/test-scientific-baseline.R",FALSE,TRUE,"artifacts",FALSE,FALSE,FALSE,TRUE,TRUE,FALSE,FALSE,"","ignore","",FALSE,"git ls-files: not tracked; matched current ignore rules; classified as artifacts; path/type indicates generated output",""
"artifacts/h24-release-force/oceancube_0.1.0.tar.gz",FALSE,TRUE,"artifacts",FALSE,FALSE,FALSE,TRUE,TRUE,FALSE,FALSE,"","ignore","",FALSE,"git ls-files: not tracked; matched current ignore rules; classified as artifacts; path/type indicates generated output",""
"artifacts/h24-release/library/oceancube/architecture/oceancube-spatind-boundary.md",FALSE,TRUE,"artifacts",FALSE,FALSE,FALSE,TRUE,TRUE,FALSE,FALSE,"","ignore","",FALSE,"git ls-files: not tracked; matched current ignore rules; classified as artifacts; path/type indicates generated output",""
"artifacts/h24-release/library/oceancube/CITATION",FALSE,TRUE,"artifacts",FALSE,FALSE,FALSE,TRUE,TRUE,FALSE,FALSE,"","ignore","",FALSE,"git ls-files: not tracked; matched current ignore rules; classified as artifacts; path/type indicates generated output",""
"artifacts/h24-release/library/oceancube/DESCRIPTION",FALSE,TRUE,"artifacts",FALSE,FALSE,FALSE,TRUE,TRUE,FALSE,FALSE,"","ignore","",FALSE,"git ls-files: not tracked; matched current ignore rules; classified as artifacts; path/type indicates generated output",""
"artifacts/h24-release/library/oceancube/doc/get-started.html",FALSE,TRUE,"rendered HTML",FALSE,FALSE,FALSE,TRUE,TRUE,FALSE,TRUE,"","ignore","",FALSE,"git ls-files: not tracked; matched current ignore rules; classified as rendered HTML; path/type indicates generated output",""
"artifacts/h24-release/library/oceancube/doc/get-started.R",FALSE,TRUE,"artifacts",FALSE,FALSE,FALSE,TRUE,TRUE,FALSE,FALSE,"","ignore","",FALSE,"git ls-files: not tracked; matched current ignore rules; classified as artifacts; path/type indicates generated output",""
"artifacts/h24-release/library/oceancube/doc/get-started.Rmd",FALSE,TRUE,"artifacts",FALSE,FALSE,FALSE,TRUE,TRUE,FALSE,FALSE,"","ignore","",FALSE,"git ls-files: not tracked; matched current ignore rules; classified as artifacts; path/type indicates generated output",""
"artifacts/h24-release/library/oceancube/doc/index.html",FALSE,TRUE,"rendered HTML",FALSE,FALSE,FALSE,TRUE,TRUE,FALSE,FALSE,"","ignore","",FALSE,"git ls-files: not tracked; matched current ignore rules; classified as rendered HTML; path/type indicates generated output",""
"artifacts/h24-release/library/oceancube/doc/oceancube-architecture.html",FALSE,TRUE,"rendered HTML",FALSE,FALSE,FALSE,TRUE,TRUE,FALSE,TRUE,"","ignore","",FALSE,"git ls-files: not tracked; matched current ignore rules; classified as rendered HTML; path/type indicates generated output",""
"artifacts/h24-release/library/oceancube/doc/oceancube-architecture.R",FALSE,TRUE,"artifacts",FALSE,FALSE,FALSE,TRUE,TRUE,FALSE,FALSE,"","ignore","",FALSE,"git ls-files: not tracked; matched current ignore rules; classified as artifacts; path/type indicates generated output",""
"artifacts/h24-release/library/oceancube/doc/oceancube-architecture.Rmd",FALSE,TRUE,"artifacts",FALSE,FALSE,FALSE,TRUE,TRUE,FALSE,FALSE,"","ignore","",FALSE,"git ls-files: not tracked; matched current ignore rules; classified as artifacts; path/type indicates generated output",""
"artifacts/h24-release/library/oceancube/doc/oceancube-geometry-weights.html",FALSE,TRUE,"rendered HTML",FALSE,FALSE,FALSE,TRUE,TRUE,FALSE,TRUE,"","ignore","",FALSE,"git ls-files: not tracked; matched current ignore rules; classified as rendered HTML; path/type indicates generated output",""
"artifacts/h24-release/library/oceancube/doc/oceancube-geometry-weights.R",FALSE,TRUE,"artifacts",FALSE,FALSE,FALSE,TRUE,TRUE,FALSE,FALSE,"","ignore","",FALSE,"git ls-files: not tracked; matched current ignore rules; classified as artifacts; path/type indicates generated output",""
"artifacts/h24-release/library/oceancube/doc/oceancube-geometry-weights.Rmd",FALSE,TRUE,"artifacts",FALSE,FALSE,FALSE,TRUE,TRUE,FALSE,FALSE,"","ignore","",FALSE,"git ls-files: not tracked; matched current ignore rules; classified as artifacts; path/type indicates generated output",""
"artifacts/h24-release/library/oceancube/doc/oceancube-introduction.html",FALSE,TRUE,"rendered HTML",FALSE,FALSE,FALSE,TRUE,TRUE,FALSE,TRUE,"","ignore","",FALSE,"git ls-files: not tracked; matched current ignore rules; classified as rendered HTML; path/type indicates generated output",""
"artifacts/h24-release/library/oceancube/doc/oceancube-introduction.R",FALSE,TRUE,"artifacts",FALSE,FALSE,FALSE,TRUE,TRUE,FALSE,FALSE,"","ignore","",FALSE,"git ls-files: not tracked; matched current ignore rules; classified as artifacts; path/type indicates generated output",""
"artifacts/h24-release/library/oceancube/doc/oceancube-introduction.Rmd",FALSE,TRUE,"artifacts",FALSE,FALSE,FALSE,TRUE,TRUE,FALSE,FALSE,"","ignore","",FALSE,"git ls-files: not tracked; matched current ignore rules; classified as artifacts; path/type indicates generated output",""
"artifacts/h24-release/library/oceancube/examples/backend_memory.R",FALSE,TRUE,"artifacts",FALSE,FALSE,FALSE,TRUE,TRUE,FALSE,FALSE,"","ignore","",FALSE,"git ls-files: not tracked; matched current ignore rules; classified as artifacts; path/type indicates generated output",""
"artifacts/h24-release/library/oceancube/examples/backend_netcdf_descriptor.R",FALSE,TRUE,"artifacts",FALSE,FALSE,FALSE,TRUE,TRUE,FALSE,FALSE,"","ignore","",FALSE,"git ls-files: not tracked; matched current ignore rules; classified as artifacts; path/type indicates generated output",""
"artifacts/h24-release/library/oceancube/examples/backend_netcdf_read_block.R",FALSE,TRUE,"artifacts",FALSE,FALSE,FALSE,TRUE,TRUE,FALSE,FALSE,"","ignore","",FALSE,"git ls-files: not tracked; matched current ignore rules; classified as artifacts; path/type indicates generated output",""
"artifacts/h24-release/library/oceancube/examples/baseline_ocean_cube.R",FALSE,TRUE,"artifacts",FALSE,FALSE,FALSE,TRUE,TRUE,FALSE,FALSE,"","ignore","",FALSE,"git ls-files: not tracked; matched current ignore rules; classified as artifacts; path/type indicates generated output",""
"artifacts/h24-release/library/oceancube/examples/cube_crop.R",FALSE,TRUE,"artifacts",FALSE,FALSE,FALSE,TRUE,TRUE,FALSE,FALSE,"","ignore","",FALSE,"git ls-files: not tracked; matched current ignore rules; classified as artifacts; path/type indicates generated output",""
"artifacts/h24-release/library/oceancube/examples/cube_extract.R",FALSE,TRUE,"artifacts",FALSE,FALSE,FALSE,TRUE,TRUE,FALSE,FALSE,"","ignore","",FALSE,"git ls-files: not tracked; matched current ignore rules; classified as artifacts; path/type indicates generated output",""
"artifacts/h24-release/library/oceancube/examples/cube_geometry_weights.R",FALSE,TRUE,"artifacts",FALSE,FALSE,FALSE,TRUE,TRUE,FALSE,FALSE,"","ignore","",FALSE,"git ls-files: not tracked; matched current ignore rules; classified as artifacts; path/type indicates generated output",""
"artifacts/h24-release/library/oceancube/examples/cube_mask.R",FALSE,TRUE,"artifacts",FALSE,FALSE,FALSE,TRUE,TRUE,FALSE,FALSE,"","ignore","",FALSE,"git ls-files: not tracked; matched current ignore rules; classified as artifacts; path/type indicates generated output",""
"artifacts/h24-release/library/oceancube/examples/cube_slice.R",FALSE,TRUE,"artifacts",FALSE,FALSE,FALSE,TRUE,TRUE,FALSE,FALSE,"","ignore","",FALSE,"git ls-files: not tracked; matched current ignore rules; classified as artifacts; path/type indicates generated output",""
"artifacts/h24-release/library/oceancube/examples/cube_transect.R",FALSE,TRUE,"artifacts",FALSE,FALSE,FALSE,TRUE,TRUE,FALSE,FALSE,"","ignore","",FALSE,"git ls-files: not tracked; matched current ignore rules; classified as artifacts; path/type indicates generated output",""
"artifacts/h24-release/library/oceancube/examples/noncontiguous_collect.R",FALSE,TRUE,"artifacts",FALSE,FALSE,FALSE,TRUE,TRUE,FALSE,FALSE,"","ignore","",FALSE,"git ls-files: not tracked; matched current ignore rules; classified as artifacts; path/type indicates generated output",""
"artifacts/h24-release/library/oceancube/examples/ocean_cube_contract.R",FALSE,TRUE,"artifacts",FALSE,FALSE,FALSE,TRUE,TRUE,FALSE,FALSE,"","ignore","",FALSE,"git ls-files: not tracked; matched current ignore rules; classified as artifacts; path/type indicates generated output",""
"artifacts/h24-release/library/oceancube/examples/refactor_coast_dist_backend.R",FALSE,TRUE,"artifacts",FALSE,FALSE,FALSE,TRUE,TRUE,FALSE,FALSE,"","ignore","",FALSE,"git ls-files: not tracked; matched current ignore rules; classified as artifacts; path/type indicates generated output",""
"artifacts/h24-release/library/oceancube/examples/refactor_layer_annual_backend.R",FALSE,TRUE,"artifacts",FALSE,FALSE,FALSE,TRUE,TRUE,FALSE,FALSE,"","ignore","",FALSE,"git ls-files: not tracked; matched current ignore rules; classified as artifacts; path/type indicates generated output",""
"artifacts/h24-release/library/oceancube/examples/refactor_link_events_backend.R",FALSE,TRUE,"artifacts",FALSE,FALSE,FALSE,TRUE,TRUE,FALSE,FALSE,"","ignore","",FALSE,"git ls-files: not tracked; matched current ignore rules; classified as artifacts; path/type indicates generated output",""
"artifacts/h24-release/library/oceancube/examples/refactor_temporal_backend.R",FALSE,TRUE,"artifacts",FALSE,FALSE,FALSE,TRUE,TRUE,FALSE,FALSE,"","ignore","",FALSE,"git ls-files: not tracked; matched current ignore rules; classified as artifacts; path/type indicates generated output",""
"artifacts/h24-release/library/oceancube/help/aliases.rds",FALSE,TRUE,"RDS",FALSE,FALSE,FALSE,FALSE,FALSE,TRUE,FALSE,"","relocate-later","approved external data store or minimal test fixture; preserve until checksum and provenance are recorded",FALSE,"git ls-files: not tracked; matched current ignore rules; classified as RDS; path/type does not establish generated output; data extension/location may contain operational data","No move or merge is authorized by this decision document alone."
"artifacts/h24-release/library/oceancube/help/AnIndex",FALSE,TRUE,"artifacts",FALSE,FALSE,FALSE,TRUE,TRUE,FALSE,FALSE,"","ignore","",FALSE,"git ls-files: not tracked; matched current ignore rules; classified as artifacts; path/type indicates generated output",""
"artifacts/h24-release/library/oceancube/help/oceancube.rdb",FALSE,TRUE,"artifacts",FALSE,FALSE,FALSE,TRUE,TRUE,FALSE,FALSE,"","ignore","",FALSE,"git ls-files: not tracked; matched current ignore rules; classified as artifacts; path/type indicates generated output",""
"artifacts/h24-release/library/oceancube/help/oceancube.rdx",FALSE,TRUE,"artifacts",FALSE,FALSE,FALSE,TRUE,TRUE,FALSE,FALSE,"","ignore","",FALSE,"git ls-files: not tracked; matched current ignore rules; classified as artifacts; path/type indicates generated output",""
"artifacts/h24-release/library/oceancube/help/paths.rds",FALSE,TRUE,"RDS",FALSE,FALSE,FALSE,FALSE,FALSE,TRUE,FALSE,"","relocate-later","approved external data store or minimal test fixture; preserve until checksum and provenance are recorded",FALSE,"git ls-files: not tracked; matched current ignore rules; classified as RDS; path/type does not establish generated output; data extension/location may contain operational data","No move or merge is authorized by this decision document alone."
"artifacts/h24-release/library/oceancube/html/00Index.html",FALSE,TRUE,"rendered HTML",FALSE,FALSE,FALSE,TRUE,TRUE,FALSE,FALSE,"","ignore","",FALSE,"git ls-files: not tracked; matched current ignore rules; classified as rendered HTML; path/type indicates generated output",""
"artifacts/h24-release/library/oceancube/html/R.css",FALSE,TRUE,"artifacts",FALSE,FALSE,FALSE,TRUE,TRUE,FALSE,FALSE,"","ignore","",FALSE,"git ls-files: not tracked; matched current ignore rules; classified as artifacts; path/type indicates generated output",""
"artifacts/h24-release/library/oceancube/INDEX",FALSE,TRUE,"artifacts",FALSE,FALSE,FALSE,TRUE,TRUE,FALSE,FALSE,"","ignore","",FALSE,"git ls-files: not tracked; matched current ignore rules; classified as artifacts; path/type indicates generated output",""
"artifacts/h24-release/library/oceancube/LICENSE",FALSE,TRUE,"artifacts",FALSE,FALSE,FALSE,TRUE,TRUE,FALSE,FALSE,"","ignore","",FALSE,"git ls-files: not tracked; matched current ignore rules; classified as artifacts; path/type indicates generated output",""
"artifacts/h24-release/library/oceancube/Meta/features.rds",FALSE,TRUE,"RDS",FALSE,FALSE,FALSE,TRUE,FALSE,TRUE,FALSE,"","relocate-later","approved external data store or minimal test fixture; preserve until checksum and provenance are recorded",FALSE,"git ls-files: not tracked; matched current ignore rules; classified as RDS; path/type indicates generated output; data extension/location may contain operational data","No move or merge is authorized by this decision document alone."
"artifacts/h24-release/library/oceancube/Meta/hsearch.rds",FALSE,TRUE,"RDS",FALSE,FALSE,FALSE,TRUE,FALSE,TRUE,FALSE,"","relocate-later","approved external data store or minimal test fixture; preserve until checksum and provenance are recorded",FALSE,"git ls-files: not tracked; matched current ignore rules; classified as RDS; path/type indicates generated output; data extension/location may contain operational data","No move or merge is authorized by this decision document alone."
"artifacts/h24-release/library/oceancube/Meta/links.rds",FALSE,TRUE,"RDS",FALSE,FALSE,FALSE,TRUE,FALSE,TRUE,FALSE,"","relocate-later","approved external data store or minimal test fixture; preserve until checksum and provenance are recorded",FALSE,"git ls-files: not tracked; matched current ignore rules; classified as RDS; path/type indicates generated output; data extension/location may contain operational data","No move or merge is authorized by this decision document alone."
"artifacts/h24-release/library/oceancube/Meta/nsInfo.rds",FALSE,TRUE,"RDS",FALSE,FALSE,FALSE,TRUE,FALSE,TRUE,FALSE,"","relocate-later","approved external data store or minimal test fixture; preserve until checksum and provenance are recorded",FALSE,"git ls-files: not tracked; matched current ignore rules; classified as RDS; path/type indicates generated output; data extension/location may contain operational data","No move or merge is authorized by this decision document alone."
"artifacts/h24-release/library/oceancube/Meta/package.rds",FALSE,TRUE,"RDS",FALSE,FALSE,FALSE,TRUE,FALSE,TRUE,FALSE,"","relocate-later","approved external data store or minimal test fixture; preserve until checksum and provenance are recorded",FALSE,"git ls-files: not tracked; matched current ignore rules; classified as RDS; path/type indicates generated output; data extension/location may contain operational data","No move or merge is authorized by this decision document alone."
"artifacts/h24-release/library/oceancube/Meta/Rd.rds",FALSE,TRUE,"RDS",FALSE,FALSE,FALSE,TRUE,FALSE,TRUE,FALSE,"","relocate-later","approved external data store or minimal test fixture; preserve until checksum and provenance are recorded",FALSE,"git ls-files: not tracked; matched current ignore rules; classified as RDS; path/type indicates generated output; data extension/location may contain operational data","No move or merge is authorized by this decision document alone."
"artifacts/h24-release/library/oceancube/Meta/vignette.rds",FALSE,TRUE,"RDS",FALSE,FALSE,FALSE,TRUE,FALSE,TRUE,FALSE,"","relocate-later","approved external data store or minimal test fixture; preserve until checksum and provenance are recorded",FALSE,"git ls-files: not tracked; matched current ignore rules; classified as RDS; path/type indicates generated output; data extension/location may contain operational data","No move or merge is authorized by this decision document alone."
"artifacts/h24-release/library/oceancube/NAMESPACE",FALSE,TRUE,"artifacts",FALSE,FALSE,FALSE,TRUE,TRUE,FALSE,FALSE,"","ignore","",FALSE,"git ls-files: not tracked; matched current ignore rules; classified as artifacts; path/type indicates generated output",""
"artifacts/h24-release/library/oceancube/NEWS.md",FALSE,TRUE,"artifacts",FALSE,FALSE,FALSE,TRUE,TRUE,FALSE,FALSE,"","ignore","",FALSE,"git ls-files: not tracked; matched current ignore rules; classified as artifacts; path/type indicates generated output",""
"artifacts/h24-release/library/oceancube/R/oceancube",FALSE,TRUE,"artifacts",FALSE,FALSE,FALSE,TRUE,TRUE,FALSE,FALSE,"","ignore","",FALSE,"git ls-files: not tracked; matched current ignore rules; classified as artifacts; path/type indicates generated output",""
"artifacts/h24-release/library/oceancube/R/oceancube.rdb",FALSE,TRUE,"artifacts",FALSE,FALSE,FALSE,TRUE,TRUE,FALSE,FALSE,"","ignore","",FALSE,"git ls-files: not tracked; matched current ignore rules; classified as artifacts; path/type indicates generated output",""
"artifacts/h24-release/library/oceancube/R/oceancube.rdx",FALSE,TRUE,"artifacts",FALSE,FALSE,FALSE,TRUE,TRUE,FALSE,FALSE,"","ignore","",FALSE,"git ls-files: not tracked; matched current ignore rules; classified as artifacts; path/type indicates generated output",""
"artifacts/h24-release/oceancube.Rcheck/00_pkg_src/oceancube/build/vignette.rds",FALSE,TRUE,"RDS",FALSE,FALSE,FALSE,FALSE,FALSE,TRUE,FALSE,"","relocate-later","approved external data store or minimal test fixture; preserve until checksum and provenance are recorded",FALSE,"git ls-files: not tracked; matched current ignore rules; classified as RDS; path/type does not establish generated output; data extension/location may contain operational data","No move or merge is authorized by this decision document alone."
"artifacts/h24-release/oceancube.Rcheck/00_pkg_src/oceancube/CODE_OF_CONDUCT.md",FALSE,TRUE,"artifacts",FALSE,FALSE,FALSE,TRUE,TRUE,FALSE,FALSE,"","ignore","",FALSE,"git ls-files: not tracked; matched current ignore rules; classified as artifacts; path/type indicates generated output",""
"artifacts/h24-release/oceancube.Rcheck/00_pkg_src/oceancube/CONTRIBUTING.md",FALSE,TRUE,"artifacts",FALSE,FALSE,FALSE,TRUE,TRUE,FALSE,FALSE,"","ignore","",FALSE,"git ls-files: not tracked; matched current ignore rules; classified as artifacts; path/type indicates generated output",""
"artifacts/h24-release/oceancube.Rcheck/00_pkg_src/oceancube/DESCRIPTION",FALSE,TRUE,"artifacts",FALSE,FALSE,FALSE,TRUE,TRUE,FALSE,FALSE,"","ignore","",FALSE,"git ls-files: not tracked; matched current ignore rules; classified as artifacts; path/type indicates generated output",""
"artifacts/h24-release/oceancube.Rcheck/00_pkg_src/oceancube/inst/architecture/oceancube-spatind-boundary.md",FALSE,TRUE,"artifacts",FALSE,FALSE,FALSE,TRUE,TRUE,FALSE,FALSE,"","ignore","",FALSE,"git ls-files: not tracked; matched current ignore rules; classified as artifacts; path/type indicates generated output",""
"artifacts/h24-release/oceancube.Rcheck/00_pkg_src/oceancube/inst/CITATION",FALSE,TRUE,"artifacts",FALSE,FALSE,FALSE,TRUE,TRUE,FALSE,FALSE,"","ignore","",FALSE,"git ls-files: not tracked; matched current ignore rules; classified as artifacts; path/type indicates generated output",""
"artifacts/h24-release/oceancube.Rcheck/00_pkg_src/oceancube/inst/doc/get-started.html",FALSE,TRUE,"rendered HTML",FALSE,FALSE,FALSE,TRUE,TRUE,FALSE,TRUE,"","ignore","",FALSE,"git ls-files: not tracked; matched current ignore rules; classified as rendered HTML; path/type indicates generated output",""
"artifacts/h24-release/oceancube.Rcheck/00_pkg_src/oceancube/inst/doc/get-started.R",FALSE,TRUE,"artifacts",FALSE,FALSE,FALSE,TRUE,TRUE,FALSE,FALSE,"","ignore","",FALSE,"git ls-files: not tracked; matched current ignore rules; classified as artifacts; path/type indicates generated output",""
"artifacts/h24-release/oceancube.Rcheck/00_pkg_src/oceancube/inst/doc/get-started.Rmd",FALSE,TRUE,"artifacts",FALSE,FALSE,FALSE,TRUE,TRUE,FALSE,FALSE,"","ignore","",FALSE,"git ls-files: not tracked; matched current ignore rules; classified as artifacts; path/type indicates generated output",""
"artifacts/h24-release/oceancube.Rcheck/00_pkg_src/oceancube/inst/doc/oceancube-architecture.html",FALSE,TRUE,"rendered HTML",FALSE,FALSE,FALSE,TRUE,TRUE,FALSE,TRUE,"","ignore","",FALSE,"git ls-files: not tracked; matched current ignore rules; classified as rendered HTML; path/type indicates generated output",""
"artifacts/h24-release/oceancube.Rcheck/00_pkg_src/oceancube/inst/doc/oceancube-architecture.R",FALSE,TRUE,"artifacts",FALSE,FALSE,FALSE,TRUE,TRUE,FALSE,FALSE,"","ignore","",FALSE,"git ls-files: not tracked; matched current ignore rules; classified as artifacts; path/type indicates generated output",""
"artifacts/h24-release/oceancube.Rcheck/00_pkg_src/oceancube/inst/doc/oceancube-architecture.Rmd",FALSE,TRUE,"artifacts",FALSE,FALSE,FALSE,TRUE,TRUE,FALSE,FALSE,"","ignore","",FALSE,"git ls-files: not tracked; matched current ignore rules; classified as artifacts; path/type indicates generated output",""
"artifacts/h24-release/oceancube.Rcheck/00_pkg_src/oceancube/inst/doc/oceancube-geometry-weights.html",FALSE,TRUE,"rendered HTML",FALSE,FALSE,FALSE,TRUE,TRUE,FALSE,TRUE,"","ignore","",FALSE,"git ls-files: not tracked; matched current ignore rules; classified as rendered HTML; path/type indicates generated output",""
"artifacts/h24-release/oceancube.Rcheck/00_pkg_src/oceancube/inst/doc/oceancube-geometry-weights.R",FALSE,TRUE,"artifacts",FALSE,FALSE,FALSE,TRUE,TRUE,FALSE,FALSE,"","ignore","",FALSE,"git ls-files: not tracked; matched current ignore rules; classified as artifacts; path/type indicates generated output",""
"artifacts/h24-release/oceancube.Rcheck/00_pkg_src/oceancube/inst/doc/oceancube-geometry-weights.Rmd",FALSE,TRUE,"artifacts",FALSE,FALSE,FALSE,TRUE,TRUE,FALSE,FALSE,"","ignore","",FALSE,"git ls-files: not tracked; matched current ignore rules; classified as artifacts; path/type indicates generated output",""
"artifacts/h24-release/oceancube.Rcheck/00_pkg_src/oceancube/inst/doc/oceancube-introduction.html",FALSE,TRUE,"rendered HTML",FALSE,FALSE,FALSE,TRUE,TRUE,FALSE,TRUE,"","ignore","",FALSE,"git ls-files: not tracked; matched current ignore rules; classified as rendered HTML; path/type indicates generated output",""
"artifacts/h24-release/oceancube.Rcheck/00_pkg_src/oceancube/inst/doc/oceancube-introduction.R",FALSE,TRUE,"artifacts",FALSE,FALSE,FALSE,TRUE,TRUE,FALSE,FALSE,"","ignore","",FALSE,"git ls-files: not tracked; matched current ignore rules; classified as artifacts; path/type indicates generated output",""
"artifacts/h24-release/oceancube.Rcheck/00_pkg_src/oceancube/inst/doc/oceancube-introduction.Rmd",FALSE,TRUE,"artifacts",FALSE,FALSE,FALSE,TRUE,TRUE,FALSE,FALSE,"","ignore","",FALSE,"git ls-files: not tracked; matched current ignore rules; classified as artifacts; path/type indicates generated output",""
"artifacts/h24-release/oceancube.Rcheck/00_pkg_src/oceancube/inst/examples/backend_memory.R",FALSE,TRUE,"artifacts",FALSE,FALSE,FALSE,TRUE,TRUE,FALSE,FALSE,"","ignore","",FALSE,"git ls-files: not tracked; matched current ignore rules; classified as artifacts; path/type indicates generated output",""
"artifacts/h24-release/oceancube.Rcheck/00_pkg_src/oceancube/inst/examples/backend_netcdf_descriptor.R",FALSE,TRUE,"artifacts",FALSE,FALSE,FALSE,TRUE,TRUE,FALSE,FALSE,"","ignore","",FALSE,"git ls-files: not tracked; matched current ignore rules; classified as artifacts; path/type indicates generated output",""
"artifacts/h24-release/oceancube.Rcheck/00_pkg_src/oceancube/inst/examples/backend_netcdf_read_block.R",FALSE,TRUE,"artifacts",FALSE,FALSE,FALSE,TRUE,TRUE,FALSE,FALSE,"","ignore","",FALSE,"git ls-files: not tracked; matched current ignore rules; classified as artifacts; path/type indicates generated output",""
"artifacts/h24-release/oceancube.Rcheck/00_pkg_src/oceancube/inst/examples/baseline_ocean_cube.R",FALSE,TRUE,"artifacts",FALSE,FALSE,FALSE,TRUE,TRUE,FALSE,FALSE,"","ignore","",FALSE,"git ls-files: not tracked; matched current ignore rules; classified as artifacts; path/type indicates generated output",""
"artifacts/h24-release/oceancube.Rcheck/00_pkg_src/oceancube/inst/examples/cube_crop.R",FALSE,TRUE,"artifacts",FALSE,FALSE,FALSE,TRUE,TRUE,FALSE,FALSE,"","ignore","",FALSE,"git ls-files: not tracked; matched current ignore rules; classified as artifacts; path/type indicates generated output",""
"artifacts/h24-release/oceancube.Rcheck/00_pkg_src/oceancube/inst/examples/cube_extract.R",FALSE,TRUE,"artifacts",FALSE,FALSE,FALSE,TRUE,TRUE,FALSE,FALSE,"","ignore","",FALSE,"git ls-files: not tracked; matched current ignore rules; classified as artifacts; path/type indicates generated output",""
"artifacts/h24-release/oceancube.Rcheck/00_pkg_src/oceancube/inst/examples/cube_geometry_weights.R",FALSE,TRUE,"artifacts",FALSE,FALSE,FALSE,TRUE,TRUE,FALSE,FALSE,"","ignore","",FALSE,"git ls-files: not tracked; matched current ignore rules; classified as artifacts; path/type indicates generated output",""
"artifacts/h24-release/oceancube.Rcheck/00_pkg_src/oceancube/inst/examples/cube_mask.R",FALSE,TRUE,"artifacts",FALSE,FALSE,FALSE,TRUE,TRUE,FALSE,FALSE,"","ignore","",FALSE,"git ls-files: not tracked; matched current ignore rules; classified as artifacts; path/type indicates generated output",""
"artifacts/h24-release/oceancube.Rcheck/00_pkg_src/oceancube/inst/examples/cube_slice.R",FALSE,TRUE,"artifacts",FALSE,FALSE,FALSE,TRUE,TRUE,FALSE,FALSE,"","ignore","",FALSE,"git ls-files: not tracked; matched current ignore rules; classified as artifacts; path/type indicates generated output",""
"artifacts/h24-release/oceancube.Rcheck/00_pkg_src/oceancube/inst/examples/cube_transect.R",FALSE,TRUE,"artifacts",FALSE,FALSE,FALSE,TRUE,TRUE,FALSE,FALSE,"","ignore","",FALSE,"git ls-files: not tracked; matched current ignore rules; classified as artifacts; path/type indicates generated output",""
"artifacts/h24-release/oceancube.Rcheck/00_pkg_src/oceancube/inst/examples/noncontiguous_collect.R",FALSE,TRUE,"artifacts",FALSE,FALSE,FALSE,TRUE,TRUE,FALSE,FALSE,"","ignore","",FALSE,"git ls-files: not tracked; matched current ignore rules; classified as artifacts; path/type indicates generated output",""
"artifacts/h24-release/oceancube.Rcheck/00_pkg_src/oceancube/inst/examples/ocean_cube_contract.R",FALSE,TRUE,"artifacts",FALSE,FALSE,FALSE,TRUE,TRUE,FALSE,FALSE,"","ignore","",FALSE,"git ls-files: not tracked; matched current ignore rules; classified as artifacts; path/type indicates generated output",""
"artifacts/h24-release/oceancube.Rcheck/00_pkg_src/oceancube/inst/examples/refactor_coast_dist_backend.R",FALSE,TRUE,"artifacts",FALSE,FALSE,FALSE,TRUE,TRUE,FALSE,FALSE,"","ignore","",FALSE,"git ls-files: not tracked; matched current ignore rules; classified as artifacts; path/type indicates generated output",""
"artifacts/h24-release/oceancube.Rcheck/00_pkg_src/oceancube/inst/examples/refactor_layer_annual_backend.R",FALSE,TRUE,"artifacts",FALSE,FALSE,FALSE,TRUE,TRUE,FALSE,FALSE,"","ignore","",FALSE,"git ls-files: not tracked; matched current ignore rules; classified as artifacts; path/type indicates generated output",""
"artifacts/h24-release/oceancube.Rcheck/00_pkg_src/oceancube/inst/examples/refactor_link_events_backend.R",FALSE,TRUE,"artifacts",FALSE,FALSE,FALSE,TRUE,TRUE,FALSE,FALSE,"","ignore","",FALSE,"git ls-files: not tracked; matched current ignore rules; classified as artifacts; path/type indicates generated output",""
"artifacts/h24-release/oceancube.Rcheck/00_pkg_src/oceancube/inst/examples/refactor_temporal_backend.R",FALSE,TRUE,"artifacts",FALSE,FALSE,FALSE,TRUE,TRUE,FALSE,FALSE,"","ignore","",FALSE,"git ls-files: not tracked; matched current ignore rules; classified as artifacts; path/type indicates generated output",""
"artifacts/h24-release/oceancube.Rcheck/00_pkg_src/oceancube/LICENSE",FALSE,TRUE,"artifacts",FALSE,FALSE,FALSE,TRUE,TRUE,FALSE,FALSE,"","ignore","",FALSE,"git ls-files: not tracked; matched current ignore rules; classified as artifacts; path/type indicates generated output",""
"artifacts/h24-release/oceancube.Rcheck/00_pkg_src/oceancube/man/annual_index.Rd",FALSE,TRUE,"artifacts",FALSE,FALSE,FALSE,TRUE,TRUE,FALSE,FALSE,"","ignore","",FALSE,"git ls-files: not tracked; matched current ignore rules; classified as artifacts; path/type indicates generated output",""
"artifacts/h24-release/oceancube.Rcheck/00_pkg_src/oceancube/man/anom_diff.Rd",FALSE,TRUE,"artifacts",FALSE,FALSE,FALSE,TRUE,TRUE,FALSE,FALSE,"","ignore","",FALSE,"git ls-files: not tracked; matched current ignore rules; classified as artifacts; path/type indicates generated output",""
"artifacts/h24-release/oceancube.Rcheck/00_pkg_src/oceancube/man/anom_z.Rd",FALSE,TRUE,"artifacts",FALSE,FALSE,FALSE,TRUE,TRUE,FALSE,FALSE,"","ignore","",FALSE,"git ls-files: not tracked; matched current ignore rules; classified as artifacts; path/type indicates generated output",""
"artifacts/h24-release/oceancube.Rcheck/00_pkg_src/oceancube/man/clim_day.Rd",FALSE,TRUE,"artifacts",FALSE,FALSE,FALSE,TRUE,TRUE,FALSE,FALSE,"","ignore","",FALSE,"git ls-files: not tracked; matched current ignore rules; classified as artifacts; path/type indicates generated output",""
"artifacts/h24-release/oceancube.Rcheck/00_pkg_src/oceancube/man/clim_month.Rd",FALSE,TRUE,"artifacts",FALSE,FALSE,FALSE,TRUE,TRUE,FALSE,FALSE,"","ignore","",FALSE,"git ls-files: not tracked; matched current ignore rules; classified as artifacts; path/type indicates generated output",""
"artifacts/h24-release/oceancube.Rcheck/00_pkg_src/oceancube/man/cm_connect.Rd",FALSE,TRUE,"artifacts",FALSE,FALSE,FALSE,TRUE,TRUE,FALSE,FALSE,"","ignore","",FALSE,"git ls-files: not tracked; matched current ignore rules; classified as artifacts; path/type indicates generated output",""
"artifacts/h24-release/oceancube.Rcheck/00_pkg_src/oceancube/man/cm_setup.Rd",FALSE,TRUE,"artifacts",FALSE,FALSE,FALSE,TRUE,TRUE,FALSE,FALSE,"","ignore","",FALSE,"git ls-files: not tracked; matched current ignore rules; classified as artifacts; path/type indicates generated output",""
"artifacts/h24-release/oceancube.Rcheck/00_pkg_src/oceancube/man/coast_dist.Rd",FALSE,TRUE,"artifacts",FALSE,FALSE,FALSE,TRUE,TRUE,FALSE,FALSE,"","ignore","",FALSE,"git ls-files: not tracked; matched current ignore rules; classified as artifacts; path/type indicates generated output",""
"artifacts/h24-release/oceancube.Rcheck/00_pkg_src/oceancube/man/crop_stock.Rd",FALSE,TRUE,"artifacts",FALSE,FALSE,FALSE,TRUE,TRUE,FALSE,FALSE,"","ignore","",FALSE,"git ls-files: not tracked; matched current ignore rules; classified as artifacts; path/type indicates generated output",""
"artifacts/h24-release/oceancube.Rcheck/00_pkg_src/oceancube/man/cube_cell_area.Rd",FALSE,TRUE,"artifacts",FALSE,FALSE,FALSE,TRUE,TRUE,FALSE,FALSE,"","ignore","",FALSE,"git ls-files: not tracked; matched current ignore rules; classified as artifacts; path/type indicates generated output",""
"artifacts/h24-release/oceancube.Rcheck/00_pkg_src/oceancube/man/cube_cell_volume.Rd",FALSE,TRUE,"artifacts",FALSE,FALSE,FALSE,TRUE,TRUE,FALSE,FALSE,"","ignore","",FALSE,"git ls-files: not tracked; matched current ignore rules; classified as artifacts; path/type indicates generated output",""
"artifacts/h24-release/oceancube.Rcheck/00_pkg_src/oceancube/man/cube_collect.Rd",FALSE,TRUE,"artifacts",FALSE,FALSE,FALSE,TRUE,TRUE,FALSE,FALSE,"","ignore","",FALSE,"git ls-files: not tracked; matched current ignore rules; classified as artifacts; path/type indicates generated output",""
"artifacts/h24-release/oceancube.Rcheck/00_pkg_src/oceancube/man/cube_crop.Rd",FALSE,TRUE,"artifacts",FALSE,FALSE,FALSE,TRUE,TRUE,FALSE,FALSE,"","ignore","",FALSE,"git ls-files: not tracked; matched current ignore rules; classified as artifacts; path/type indicates generated output",""
"artifacts/h24-release/oceancube.Rcheck/00_pkg_src/oceancube/man/cube_extract.Rd",FALSE,TRUE,"artifacts",FALSE,FALSE,FALSE,TRUE,TRUE,FALSE,FALSE,"","ignore","",FALSE,"git ls-files: not tracked; matched current ignore rules; classified as artifacts; path/type indicates generated output",""
"artifacts/h24-release/oceancube.Rcheck/00_pkg_src/oceancube/man/cube_layer_thickness.Rd",FALSE,TRUE,"artifacts",FALSE,FALSE,FALSE,TRUE,TRUE,FALSE,FALSE,"","ignore","",FALSE,"git ls-files: not tracked; matched current ignore rules; classified as artifacts; path/type indicates generated output",""
"artifacts/h24-release/oceancube.Rcheck/00_pkg_src/oceancube/man/cube_mask.Rd",FALSE,TRUE,"artifacts",FALSE,FALSE,FALSE,TRUE,TRUE,FALSE,FALSE,"","ignore","",FALSE,"git ls-files: not tracked; matched current ignore rules; classified as artifacts; path/type indicates generated output",""
"artifacts/h24-release/oceancube.Rcheck/00_pkg_src/oceancube/man/cube_polygon_weights.Rd",FALSE,TRUE,"artifacts",FALSE,FALSE,FALSE,TRUE,TRUE,FALSE,FALSE,"","ignore","",FALSE,"git ls-files: not tracked; matched current ignore rules; classified as artifacts; path/type indicates generated output",""
"artifacts/h24-release/oceancube.Rcheck/00_pkg_src/oceancube/man/cube_slice.Rd",FALSE,TRUE,"artifacts",FALSE,FALSE,FALSE,TRUE,TRUE,FALSE,FALSE,"","ignore","",FALSE,"git ls-files: not tracked; matched current ignore rules; classified as artifacts; path/type indicates generated output",""
"artifacts/h24-release/oceancube.Rcheck/00_pkg_src/oceancube/man/cube_transect.Rd",FALSE,TRUE,"artifacts",FALSE,FALSE,FALSE,TRUE,TRUE,FALSE,TRUE,"","ignore","",FALSE,"git ls-files: not tracked; matched current ignore rules; classified as artifacts; path/type indicates generated output",""
"artifacts/h24-release/oceancube.Rcheck/00_pkg_src/oceancube/man/download_nc.Rd",FALSE,TRUE,"artifacts",FALSE,FALSE,FALSE,TRUE,TRUE,FALSE,FALSE,"","ignore","",FALSE,"git ls-files: not tracked; matched current ignore rules; classified as artifacts; path/type indicates generated output",""
"artifacts/h24-release/oceancube.Rcheck/00_pkg_src/oceancube/man/layer_mean.Rd",FALSE,TRUE,"artifacts",FALSE,FALSE,FALSE,TRUE,TRUE,FALSE,FALSE,"","ignore","",FALSE,"git ls-files: not tracked; matched current ignore rules; classified as artifacts; path/type indicates generated output",""
"artifacts/h24-release/oceancube.Rcheck/00_pkg_src/oceancube/man/link_events.Rd",FALSE,TRUE,"artifacts",FALSE,FALSE,FALSE,TRUE,TRUE,FALSE,FALSE,"","ignore","",FALSE,"git ls-files: not tracked; matched current ignore rules; classified as artifacts; path/type indicates generated output",""
"artifacts/h24-release/oceancube.Rcheck/00_pkg_src/oceancube/man/ocean_cube.Rd",FALSE,TRUE,"artifacts",FALSE,FALSE,FALSE,TRUE,TRUE,FALSE,FALSE,"","ignore","",FALSE,"git ls-files: not tracked; matched current ignore rules; classified as artifacts; path/type indicates generated output",""
"artifacts/h24-release/oceancube.Rcheck/00_pkg_src/oceancube/man/read_nc.Rd",FALSE,TRUE,"artifacts",FALSE,FALSE,FALSE,TRUE,TRUE,FALSE,FALSE,"","ignore","",FALSE,"git ls-files: not tracked; matched current ignore rules; classified as artifacts; path/type indicates generated output",""
"artifacts/h24-release/oceancube.Rcheck/00_pkg_src/oceancube/man/signal_noise.Rd",FALSE,TRUE,"artifacts",FALSE,FALSE,FALSE,TRUE,TRUE,FALSE,FALSE,"","ignore","",FALSE,"git ls-files: not tracked; matched current ignore rules; classified as artifacts; path/type indicates generated output",""
"artifacts/h24-release/oceancube.Rcheck/00_pkg_src/oceancube/man/stock_mask.Rd",FALSE,TRUE,"artifacts",FALSE,FALSE,FALSE,TRUE,TRUE,FALSE,FALSE,"","ignore","",FALSE,"git ls-files: not tracked; matched current ignore rules; classified as artifacts; path/type indicates generated output",""
"artifacts/h24-release/oceancube.Rcheck/00_pkg_src/oceancube/man/to_month.Rd",FALSE,TRUE,"artifacts",FALSE,FALSE,FALSE,TRUE,TRUE,FALSE,FALSE,"","ignore","",FALSE,"git ls-files: not tracked; matched current ignore rules; classified as artifacts; path/type indicates generated output",""
"artifacts/h24-release/oceancube.Rcheck/00_pkg_src/oceancube/NAMESPACE",FALSE,TRUE,"artifacts",FALSE,FALSE,FALSE,TRUE,TRUE,FALSE,FALSE,"","ignore","",FALSE,"git ls-files: not tracked; matched current ignore rules; classified as artifacts; path/type indicates generated output",""
"artifacts/h24-release/oceancube.Rcheck/00_pkg_src/oceancube/NEWS.md",FALSE,TRUE,"artifacts",FALSE,FALSE,FALSE,TRUE,TRUE,FALSE,FALSE,"","ignore","",FALSE,"git ls-files: not tracked; matched current ignore rules; classified as artifacts; path/type indicates generated output",""
"artifacts/h24-release/oceancube.Rcheck/00_pkg_src/oceancube/R/annual_index.R",FALSE,TRUE,"artifacts",FALSE,FALSE,FALSE,TRUE,TRUE,FALSE,FALSE,"","ignore","",FALSE,"git ls-files: not tracked; matched current ignore rules; classified as artifacts; path/type indicates generated output",""
"artifacts/h24-release/oceancube.Rcheck/00_pkg_src/oceancube/R/anom_diff.R",FALSE,TRUE,"artifacts",FALSE,FALSE,FALSE,TRUE,TRUE,FALSE,FALSE,"","ignore","",FALSE,"git ls-files: not tracked; matched current ignore rules; classified as artifacts; path/type indicates generated output",""
"artifacts/h24-release/oceancube.Rcheck/00_pkg_src/oceancube/R/backend-index.R",FALSE,TRUE,"artifacts",FALSE,FALSE,FALSE,TRUE,TRUE,FALSE,FALSE,"","ignore","",FALSE,"git ls-files: not tracked; matched current ignore rules; classified as artifacts; path/type indicates generated output",""
"artifacts/h24-release/oceancube.Rcheck/00_pkg_src/oceancube/R/backend-memory.R",FALSE,TRUE,"artifacts",FALSE,FALSE,FALSE,TRUE,TRUE,FALSE,FALSE,"","ignore","",FALSE,"git ls-files: not tracked; matched current ignore rules; classified as artifacts; path/type indicates generated output",""
"artifacts/h24-release/oceancube.Rcheck/00_pkg_src/oceancube/R/backend-netcdf.R",FALSE,TRUE,"artifacts",FALSE,FALSE,FALSE,TRUE,TRUE,FALSE,FALSE,"","ignore","",FALSE,"git ls-files: not tracked; matched current ignore rules; classified as artifacts; path/type indicates generated output",""
"artifacts/h24-release/oceancube.Rcheck/00_pkg_src/oceancube/R/clim_day.R",FALSE,TRUE,"artifacts",FALSE,FALSE,FALSE,TRUE,TRUE,FALSE,FALSE,"","ignore","",FALSE,"git ls-files: not tracked; matched current ignore rules; classified as artifacts; path/type indicates generated output",""
"artifacts/h24-release/oceancube.Rcheck/00_pkg_src/oceancube/R/clim_month.R",FALSE,TRUE,"artifacts",FALSE,FALSE,FALSE,TRUE,TRUE,FALSE,FALSE,"","ignore","",FALSE,"git ls-files: not tracked; matched current ignore rules; classified as artifacts; path/type indicates generated output",""
"artifacts/h24-release/oceancube.Rcheck/00_pkg_src/oceancube/R/cm_setup.R",FALSE,TRUE,"artifacts",FALSE,FALSE,FALSE,TRUE,TRUE,FALSE,FALSE,"","ignore","",FALSE,"git ls-files: not tracked; matched current ignore rules; classified as artifacts; path/type indicates generated output",""
"artifacts/h24-release/oceancube.Rcheck/00_pkg_src/oceancube/R/coast_dist.R",FALSE,TRUE,"artifacts",FALSE,FALSE,FALSE,TRUE,TRUE,FALSE,FALSE,"","ignore","",FALSE,"git ls-files: not tracked; matched current ignore rules; classified as artifacts; path/type indicates generated output",""
"artifacts/h24-release/oceancube.Rcheck/00_pkg_src/oceancube/R/cube_collect.R",FALSE,TRUE,"artifacts",FALSE,FALSE,FALSE,TRUE,TRUE,FALSE,FALSE,"","ignore","",FALSE,"git ls-files: not tracked; matched current ignore rules; classified as artifacts; path/type indicates generated output",""
"artifacts/h24-release/oceancube.Rcheck/00_pkg_src/oceancube/R/cube_crop.R",FALSE,TRUE,"artifacts",FALSE,FALSE,FALSE,TRUE,TRUE,FALSE,FALSE,"","ignore","",FALSE,"git ls-files: not tracked; matched current ignore rules; classified as artifacts; path/type indicates generated output",""
"artifacts/h24-release/oceancube.Rcheck/00_pkg_src/oceancube/R/cube_extract.R",FALSE,TRUE,"artifacts",FALSE,FALSE,FALSE,TRUE,TRUE,FALSE,FALSE,"","ignore","",FALSE,"git ls-files: not tracked; matched current ignore rules; classified as artifacts; path/type indicates generated output",""
"artifacts/h24-release/oceancube.Rcheck/00_pkg_src/oceancube/R/cube_grid_geometry.R",FALSE,TRUE,"artifacts",FALSE,FALSE,FALSE,TRUE,TRUE,FALSE,FALSE,"","ignore","",FALSE,"git ls-files: not tracked; matched current ignore rules; classified as artifacts; path/type indicates generated output",""
"artifacts/h24-release/oceancube.Rcheck/00_pkg_src/oceancube/R/cube_mask.R",FALSE,TRUE,"artifacts",FALSE,FALSE,FALSE,TRUE,TRUE,FALSE,FALSE,"","ignore","",FALSE,"git ls-files: not tracked; matched current ignore rules; classified as artifacts; path/type indicates generated output",""
"artifacts/h24-release/oceancube.Rcheck/00_pkg_src/oceancube/R/cube_polygon_weights.R",FALSE,TRUE,"artifacts",FALSE,FALSE,FALSE,TRUE,TRUE,FALSE,FALSE,"","ignore","",FALSE,"git ls-files: not tracked; matched current ignore rules; classified as artifacts; path/type indicates generated output",""
"artifacts/h24-release/oceancube.Rcheck/00_pkg_src/oceancube/R/cube_slice.R",FALSE,TRUE,"artifacts",FALSE,FALSE,FALSE,TRUE,TRUE,FALSE,FALSE,"","ignore","",FALSE,"git ls-files: not tracked; matched current ignore rules; classified as artifacts; path/type indicates generated output",""
"artifacts/h24-release/oceancube.Rcheck/00_pkg_src/oceancube/R/cube_transect.R",FALSE,TRUE,"artifacts",FALSE,FALSE,FALSE,TRUE,TRUE,FALSE,FALSE,"","ignore","",FALSE,"git ls-files: not tracked; matched current ignore rules; classified as artifacts; path/type indicates generated output",""
"artifacts/h24-release/oceancube.Rcheck/00_pkg_src/oceancube/R/download_nc.R",FALSE,TRUE,"artifacts",FALSE,FALSE,FALSE,TRUE,TRUE,FALSE,FALSE,"","ignore","",FALSE,"git ls-files: not tracked; matched current ignore rules; classified as artifacts; path/type indicates generated output",""
"artifacts/h24-release/oceancube.Rcheck/00_pkg_src/oceancube/R/layer_mean.R",FALSE,TRUE,"artifacts",FALSE,FALSE,FALSE,TRUE,TRUE,FALSE,FALSE,"","ignore","",FALSE,"git ls-files: not tracked; matched current ignore rules; classified as artifacts; path/type indicates generated output",""
"artifacts/h24-release/oceancube.Rcheck/00_pkg_src/oceancube/R/link_events.R",FALSE,TRUE,"artifacts",FALSE,FALSE,FALSE,TRUE,TRUE,FALSE,FALSE,"","ignore","",FALSE,"git ls-files: not tracked; matched current ignore rules; classified as artifacts; path/type indicates generated output",""
"artifacts/h24-release/oceancube.Rcheck/00_pkg_src/oceancube/R/ocean_cube.R",FALSE,TRUE,"artifacts",FALSE,FALSE,FALSE,TRUE,TRUE,FALSE,FALSE,"","ignore","",FALSE,"git ls-files: not tracked; matched current ignore rules; classified as artifacts; path/type indicates generated output",""
"artifacts/h24-release/oceancube.Rcheck/00_pkg_src/oceancube/R/read_nc.R",FALSE,TRUE,"artifacts",FALSE,FALSE,FALSE,TRUE,TRUE,FALSE,FALSE,"","ignore","",FALSE,"git ls-files: not tracked; matched current ignore rules; classified as artifacts; path/type indicates generated output",""
"artifacts/h24-release/oceancube.Rcheck/00_pkg_src/oceancube/R/stock_mask.R",FALSE,TRUE,"artifacts",FALSE,FALSE,FALSE,TRUE,TRUE,FALSE,FALSE,"","ignore","",FALSE,"git ls-files: not tracked; matched current ignore rules; classified as artifacts; path/type indicates generated output",""
"artifacts/h24-release/oceancube.Rcheck/00_pkg_src/oceancube/R/to_month.R",FALSE,TRUE,"artifacts",FALSE,FALSE,FALSE,TRUE,TRUE,FALSE,FALSE,"","ignore","",FALSE,"git ls-files: not tracked; matched current ignore rules; classified as artifacts; path/type indicates generated output",""
"artifacts/h24-release/oceancube.Rcheck/00_pkg_src/oceancube/R/utils-internal.R",FALSE,TRUE,"artifacts",FALSE,FALSE,FALSE,TRUE,TRUE,FALSE,FALSE,"","ignore","",FALSE,"git ls-files: not tracked; matched current ignore rules; classified as artifacts; path/type indicates generated output",""
"artifacts/h24-release/oceancube.Rcheck/00_pkg_src/oceancube/README.md",FALSE,TRUE,"artifacts",FALSE,FALSE,FALSE,TRUE,TRUE,FALSE,FALSE,"","ignore","",FALSE,"git ls-files: not tracked; matched current ignore rules; classified as artifacts; path/type indicates generated output",""
"artifacts/h24-release/oceancube.Rcheck/00_pkg_src/oceancube/README.Rmd",FALSE,TRUE,"artifacts",FALSE,FALSE,FALSE,TRUE,TRUE,FALSE,FALSE,"","ignore","",FALSE,"git ls-files: not tracked; matched current ignore rules; classified as artifacts; path/type indicates generated output",""
"artifacts/h24-release/oceancube.Rcheck/00_pkg_src/oceancube/tests/testthat.R",FALSE,TRUE,"artifacts",FALSE,FALSE,FALSE,TRUE,TRUE,FALSE,FALSE,"","ignore","",FALSE,"git ls-files: not tracked; matched current ignore rules; classified as artifacts; path/type indicates generated output",""
"artifacts/h24-release/oceancube.Rcheck/00_pkg_src/oceancube/tests/testthat/helper-architecture.R",FALSE,TRUE,"artifacts",FALSE,FALSE,FALSE,TRUE,TRUE,FALSE,FALSE,"","ignore","",FALSE,"git ls-files: not tracked; matched current ignore rules; classified as artifacts; path/type indicates generated output",""
"artifacts/h24-release/oceancube.Rcheck/00_pkg_src/oceancube/tests/testthat/helper-baseline-cube.R",FALSE,TRUE,"artifacts",FALSE,FALSE,FALSE,TRUE,TRUE,FALSE,FALSE,"","ignore","",FALSE,"git ls-files: not tracked; matched current ignore rules; classified as artifacts; path/type indicates generated output",""
"artifacts/h24-release/oceancube.Rcheck/00_pkg_src/oceancube/tests/testthat/helper-geometry.R",FALSE,TRUE,"artifacts",FALSE,FALSE,FALSE,TRUE,TRUE,FALSE,FALSE,"","ignore","",FALSE,"git ls-files: not tracked; matched current ignore rules; classified as artifacts; path/type indicates generated output",""
"artifacts/h24-release/oceancube.Rcheck/00_pkg_src/oceancube/tests/testthat/helper-netcdf-backend.R",FALSE,TRUE,"artifacts",FALSE,FALSE,FALSE,TRUE,TRUE,FALSE,FALSE,"","ignore","",FALSE,"git ls-files: not tracked; matched current ignore rules; classified as artifacts; path/type indicates generated output",""
"artifacts/h24-release/oceancube.Rcheck/00_pkg_src/oceancube/tests/testthat/test-backend-memory.R",FALSE,TRUE,"artifacts",FALSE,FALSE,FALSE,TRUE,TRUE,FALSE,FALSE,"","ignore","",FALSE,"git ls-files: not tracked; matched current ignore rules; classified as artifacts; path/type indicates generated output",""
"artifacts/h24-release/oceancube.Rcheck/00_pkg_src/oceancube/tests/testthat/test-backend-netcdf-descriptor.R",FALSE,TRUE,"artifacts",FALSE,FALSE,FALSE,TRUE,TRUE,FALSE,TRUE,"","ignore","",FALSE,"git ls-files: not tracked; matched current ignore rules; classified as artifacts; path/type indicates generated output",""
"artifacts/h24-release/oceancube.Rcheck/00_pkg_src/oceancube/tests/testthat/test-backend-netcdf-noncontiguous.R",FALSE,TRUE,"artifacts",FALSE,FALSE,FALSE,TRUE,TRUE,FALSE,FALSE,"","ignore","",FALSE,"git ls-files: not tracked; matched current ignore rules; classified as artifacts; path/type indicates generated output",""
"artifacts/h24-release/oceancube.Rcheck/00_pkg_src/oceancube/tests/testthat/test-backend-netcdf-read-block.R",FALSE,TRUE,"artifacts",FALSE,FALSE,FALSE,TRUE,TRUE,FALSE,FALSE,"","ignore","",FALSE,"git ls-files: not tracked; matched current ignore rules; classified as artifacts; path/type indicates generated output",""
"artifacts/h24-release/oceancube.Rcheck/00_pkg_src/oceancube/tests/testthat/test-clim-anom.R",FALSE,TRUE,"artifacts",FALSE,FALSE,FALSE,TRUE,TRUE,FALSE,FALSE,"","ignore","",FALSE,"git ls-files: not tracked; matched current ignore rules; classified as artifacts; path/type indicates generated output",""
"artifacts/h24-release/oceancube.Rcheck/00_pkg_src/oceancube/tests/testthat/test-cube-collect.R",FALSE,TRUE,"artifacts",FALSE,FALSE,FALSE,TRUE,TRUE,FALSE,FALSE,"","ignore","",FALSE,"git ls-files: not tracked; matched current ignore rules; classified as artifacts; path/type indicates generated output",""
"artifacts/h24-release/oceancube.Rcheck/00_pkg_src/oceancube/tests/testthat/test-cube-crop.R",FALSE,TRUE,"artifacts",FALSE,FALSE,FALSE,TRUE,TRUE,FALSE,FALSE,"","ignore","",FALSE,"git ls-files: not tracked; matched current ignore rules; classified as artifacts; path/type indicates generated output",""
"artifacts/h24-release/oceancube.Rcheck/00_pkg_src/oceancube/tests/testthat/test-cube-extract.R",FALSE,TRUE,"artifacts",FALSE,FALSE,FALSE,TRUE,TRUE,FALSE,FALSE,"","ignore","",FALSE,"git ls-files: not tracked; matched current ignore rules; classified as artifacts; path/type indicates generated output",""
"artifacts/h24-release/oceancube.Rcheck/00_pkg_src/oceancube/tests/testthat/test-cube-grid-geometry.R",FALSE,TRUE,"artifacts",FALSE,FALSE,FALSE,TRUE,TRUE,FALSE,FALSE,"","ignore","",FALSE,"git ls-files: not tracked; matched current ignore rules; classified as artifacts; path/type indicates generated output",""
"artifacts/h24-release/oceancube.Rcheck/00_pkg_src/oceancube/tests/testthat/test-cube-mask.R",FALSE,TRUE,"artifacts",FALSE,FALSE,FALSE,TRUE,TRUE,FALSE,FALSE,"","ignore","",FALSE,"git ls-files: not tracked; matched current ignore rules; classified as artifacts; path/type indicates generated output",""
"artifacts/h24-release/oceancube.Rcheck/00_pkg_src/oceancube/tests/testthat/test-cube-polygon-weights.R",FALSE,TRUE,"artifacts",FALSE,FALSE,FALSE,TRUE,TRUE,FALSE,FALSE,"","ignore","",FALSE,"git ls-files: not tracked; matched current ignore rules; classified as artifacts; path/type indicates generated output",""
"artifacts/h24-release/oceancube.Rcheck/00_pkg_src/oceancube/tests/testthat/test-cube-slice.R",FALSE,TRUE,"artifacts",FALSE,FALSE,FALSE,TRUE,TRUE,FALSE,FALSE,"","ignore","",FALSE,"git ls-files: not tracked; matched current ignore rules; classified as artifacts; path/type indicates generated output",""
"artifacts/h24-release/oceancube.Rcheck/00_pkg_src/oceancube/tests/testthat/test-cube-transect.R",FALSE,TRUE,"artifacts",FALSE,FALSE,FALSE,TRUE,TRUE,FALSE,FALSE,"","ignore","",FALSE,"git ls-files: not tracked; matched current ignore rules; classified as artifacts; path/type indicates generated output",""
"artifacts/h24-release/oceancube.Rcheck/00_pkg_src/oceancube/tests/testthat/test-daily-link.R",FALSE,TRUE,"artifacts",FALSE,FALSE,FALSE,TRUE,TRUE,FALSE,FALSE,"","ignore","",FALSE,"git ls-files: not tracked; matched current ignore rules; classified as artifacts; path/type indicates generated output",""
"artifacts/h24-release/oceancube.Rcheck/00_pkg_src/oceancube/tests/testthat/test-layer-time-mask.R",FALSE,TRUE,"artifacts",FALSE,FALSE,FALSE,TRUE,TRUE,FALSE,FALSE,"","ignore","",FALSE,"git ls-files: not tracked; matched current ignore rules; classified as artifacts; path/type indicates generated output",""
"artifacts/h24-release/oceancube.Rcheck/00_pkg_src/oceancube/tests/testthat/test-no-direct-data-access.R",FALSE,TRUE,"artifacts",FALSE,FALSE,FALSE,TRUE,TRUE,FALSE,FALSE,"","ignore","",FALSE,"git ls-files: not tracked; matched current ignore rules; classified as artifacts; path/type indicates generated output",""
"artifacts/h24-release/oceancube.Rcheck/00_pkg_src/oceancube/tests/testthat/test-ocean-cube-baseline.R",FALSE,TRUE,"artifacts",FALSE,FALSE,FALSE,TRUE,TRUE,FALSE,FALSE,"","ignore","",FALSE,"git ls-files: not tracked; matched current ignore rules; classified as artifacts; path/type indicates generated output",""
"artifacts/h24-release/oceancube.Rcheck/00_pkg_src/oceancube/tests/testthat/test-ocean-cube-contract.R",FALSE,TRUE,"artifacts",FALSE,FALSE,FALSE,TRUE,TRUE,FALSE,FALSE,"","ignore","",FALSE,"git ls-files: not tracked; matched current ignore rules; classified as artifacts; path/type indicates generated output",""
"artifacts/h24-release/oceancube.Rcheck/00_pkg_src/oceancube/tests/testthat/test-ocean-cube.R",FALSE,TRUE,"artifacts",FALSE,FALSE,FALSE,TRUE,TRUE,FALSE,FALSE,"","ignore","",FALSE,"git ls-files: not tracked; matched current ignore rules; classified as artifacts; path/type indicates generated output",""
"artifacts/h24-release/oceancube.Rcheck/00_pkg_src/oceancube/tests/testthat/test-package-boundary-spatind.R",FALSE,TRUE,"artifacts",FALSE,FALSE,FALSE,TRUE,TRUE,FALSE,FALSE,"","ignore","",FALSE,"git ls-files: not tracked; matched current ignore rules; classified as artifacts; path/type indicates generated output",""
"artifacts/h24-release/oceancube.Rcheck/00_pkg_src/oceancube/tests/testthat/test-read-nc-baseline.R",FALSE,TRUE,"artifacts",FALSE,FALSE,FALSE,TRUE,TRUE,FALSE,FALSE,"","ignore","",FALSE,"git ls-files: not tracked; matched current ignore rules; classified as artifacts; path/type indicates generated output",""
"artifacts/h24-release/oceancube.Rcheck/00_pkg_src/oceancube/tests/testthat/test-refactor-coast-dist-backend.R",FALSE,TRUE,"artifacts",FALSE,FALSE,FALSE,TRUE,TRUE,FALSE,FALSE,"","ignore","",FALSE,"git ls-files: not tracked; matched current ignore rules; classified as artifacts; path/type indicates generated output",""
"artifacts/h24-release/oceancube.Rcheck/00_pkg_src/oceancube/tests/testthat/test-refactor-layer-annual-backend.R",FALSE,TRUE,"artifacts",FALSE,FALSE,FALSE,TRUE,TRUE,FALSE,FALSE,"","ignore","",FALSE,"git ls-files: not tracked; matched current ignore rules; classified as artifacts; path/type indicates generated output",""
"artifacts/h24-release/oceancube.Rcheck/00_pkg_src/oceancube/tests/testthat/test-refactor-link-events-backend.R",FALSE,TRUE,"artifacts",FALSE,FALSE,FALSE,TRUE,TRUE,FALSE,FALSE,"","ignore","",FALSE,"git ls-files: not tracked; matched current ignore rules; classified as artifacts; path/type indicates generated output",""
"artifacts/h24-release/oceancube.Rcheck/00_pkg_src/oceancube/tests/testthat/test-refactor-temporal-backend.R",FALSE,TRUE,"artifacts",FALSE,FALSE,FALSE,TRUE,TRUE,FALSE,FALSE,"","ignore","",FALSE,"git ls-files: not tracked; matched current ignore rules; classified as artifacts; path/type indicates generated output",""
"artifacts/h24-release/oceancube.Rcheck/00_pkg_src/oceancube/tests/testthat/test-release-contract.R",FALSE,TRUE,"artifacts",FALSE,FALSE,FALSE,TRUE,TRUE,FALSE,FALSE,"","ignore","",FALSE,"git ls-files: not tracked; matched current ignore rules; classified as artifacts; path/type indicates generated output",""
"artifacts/h24-release/oceancube.Rcheck/00_pkg_src/oceancube/tests/testthat/test-scientific-baseline.R",FALSE,TRUE,"artifacts",FALSE,FALSE,FALSE,TRUE,TRUE,FALSE,FALSE,"","ignore","",FALSE,"git ls-files: not tracked; matched current ignore rules; classified as artifacts; path/type indicates generated output",""
"artifacts/h24-release/oceancube.Rcheck/00_pkg_src/oceancube/vignettes/get-started.Rmd",FALSE,TRUE,"artifacts",FALSE,FALSE,FALSE,TRUE,TRUE,FALSE,FALSE,"","ignore","",FALSE,"git ls-files: not tracked; matched current ignore rules; classified as artifacts; path/type indicates generated output",""
"artifacts/h24-release/oceancube.Rcheck/00_pkg_src/oceancube/vignettes/oceancube-architecture.Rmd",FALSE,TRUE,"artifacts",FALSE,FALSE,FALSE,TRUE,TRUE,FALSE,FALSE,"","ignore","",FALSE,"git ls-files: not tracked; matched current ignore rules; classified as artifacts; path/type indicates generated output",""
"artifacts/h24-release/oceancube.Rcheck/00_pkg_src/oceancube/vignettes/oceancube-geometry-weights.Rmd",FALSE,TRUE,"artifacts",FALSE,FALSE,FALSE,TRUE,TRUE,FALSE,FALSE,"","ignore","",FALSE,"git ls-files: not tracked; matched current ignore rules; classified as artifacts; path/type indicates generated output",""
"artifacts/h24-release/oceancube.Rcheck/00_pkg_src/oceancube/vignettes/oceancube-introduction.Rmd",FALSE,TRUE,"artifacts",FALSE,FALSE,FALSE,TRUE,TRUE,FALSE,FALSE,"","ignore","",FALSE,"git ls-files: not tracked; matched current ignore rules; classified as artifacts; path/type indicates generated output",""
"artifacts/h24-release/oceancube.Rcheck/00check.log",FALSE,TRUE,"logs",FALSE,FALSE,FALSE,TRUE,TRUE,FALSE,TRUE,"","ignore","",FALSE,"git ls-files: not tracked; matched current ignore rules; classified as logs; path/type indicates generated output",""
"artifacts/h24-release/oceancube.Rcheck/00install.out",FALSE,TRUE,"logs",FALSE,FALSE,FALSE,TRUE,TRUE,FALSE,FALSE,"","ignore","",FALSE,"git ls-files: not tracked; matched current ignore rules; classified as logs; path/type indicates generated output",""
"artifacts/h24-release/oceancube.Rcheck/oceancube-Ex.pdf",FALSE,TRUE,"artifacts",FALSE,FALSE,FALSE,TRUE,TRUE,FALSE,FALSE,"","ignore","",FALSE,"git ls-files: not tracked; matched current ignore rules; classified as artifacts; path/type indicates generated output",""
"artifacts/h24-release/oceancube.Rcheck/oceancube-Ex.R",FALSE,TRUE,"artifacts",FALSE,FALSE,FALSE,TRUE,TRUE,FALSE,FALSE,"","ignore","",FALSE,"git ls-files: not tracked; matched current ignore rules; classified as artifacts; path/type indicates generated output",""
"artifacts/h24-release/oceancube.Rcheck/oceancube-Ex.Rout",FALSE,TRUE,"artifacts",FALSE,FALSE,FALSE,TRUE,TRUE,FALSE,FALSE,"","ignore","",FALSE,"git ls-files: not tracked; matched current ignore rules; classified as artifacts; path/type indicates generated output",""
"artifacts/h24-release/oceancube.Rcheck/oceancube/architecture/oceancube-spatind-boundary.md",FALSE,TRUE,"artifacts",FALSE,FALSE,FALSE,TRUE,TRUE,FALSE,FALSE,"","ignore","",FALSE,"git ls-files: not tracked; matched current ignore rules; classified as artifacts; path/type indicates generated output",""
"artifacts/h24-release/oceancube.Rcheck/oceancube/CITATION",FALSE,TRUE,"artifacts",FALSE,FALSE,FALSE,TRUE,TRUE,FALSE,FALSE,"","ignore","",FALSE,"git ls-files: not tracked; matched current ignore rules; classified as artifacts; path/type indicates generated output",""
"artifacts/h24-release/oceancube.Rcheck/oceancube/DESCRIPTION",FALSE,TRUE,"artifacts",FALSE,FALSE,FALSE,TRUE,TRUE,FALSE,FALSE,"","ignore","",FALSE,"git ls-files: not tracked; matched current ignore rules; classified as artifacts; path/type indicates generated output",""
"artifacts/h24-release/oceancube.Rcheck/oceancube/doc/get-started.html",FALSE,TRUE,"rendered HTML",FALSE,FALSE,FALSE,TRUE,TRUE,FALSE,TRUE,"","ignore","",FALSE,"git ls-files: not tracked; matched current ignore rules; classified as rendered HTML; path/type indicates generated output",""
"artifacts/h24-release/oceancube.Rcheck/oceancube/doc/get-started.R",FALSE,TRUE,"artifacts",FALSE,FALSE,FALSE,TRUE,TRUE,FALSE,FALSE,"","ignore","",FALSE,"git ls-files: not tracked; matched current ignore rules; classified as artifacts; path/type indicates generated output",""
"artifacts/h24-release/oceancube.Rcheck/oceancube/doc/get-started.Rmd",FALSE,TRUE,"artifacts",FALSE,FALSE,FALSE,TRUE,TRUE,FALSE,FALSE,"","ignore","",FALSE,"git ls-files: not tracked; matched current ignore rules; classified as artifacts; path/type indicates generated output",""
"artifacts/h24-release/oceancube.Rcheck/oceancube/doc/index.html",FALSE,TRUE,"rendered HTML",FALSE,FALSE,FALSE,TRUE,TRUE,FALSE,FALSE,"","ignore","",FALSE,"git ls-files: not tracked; matched current ignore rules; classified as rendered HTML; path/type indicates generated output",""
"artifacts/h24-release/oceancube.Rcheck/oceancube/doc/oceancube-architecture.html",FALSE,TRUE,"rendered HTML",FALSE,FALSE,FALSE,TRUE,TRUE,FALSE,TRUE,"","ignore","",FALSE,"git ls-files: not tracked; matched current ignore rules; classified as rendered HTML; path/type indicates generated output",""
"artifacts/h24-release/oceancube.Rcheck/oceancube/doc/oceancube-architecture.R",FALSE,TRUE,"artifacts",FALSE,FALSE,FALSE,TRUE,TRUE,FALSE,FALSE,"","ignore","",FALSE,"git ls-files: not tracked; matched current ignore rules; classified as artifacts; path/type indicates generated output",""
"artifacts/h24-release/oceancube.Rcheck/oceancube/doc/oceancube-architecture.Rmd",FALSE,TRUE,"artifacts",FALSE,FALSE,FALSE,TRUE,TRUE,FALSE,FALSE,"","ignore","",FALSE,"git ls-files: not tracked; matched current ignore rules; classified as artifacts; path/type indicates generated output",""
"artifacts/h24-release/oceancube.Rcheck/oceancube/doc/oceancube-geometry-weights.html",FALSE,TRUE,"rendered HTML",FALSE,FALSE,FALSE,TRUE,TRUE,FALSE,TRUE,"","ignore","",FALSE,"git ls-files: not tracked; matched current ignore rules; classified as rendered HTML; path/type indicates generated output",""
"artifacts/h24-release/oceancube.Rcheck/oceancube/doc/oceancube-geometry-weights.R",FALSE,TRUE,"artifacts",FALSE,FALSE,FALSE,TRUE,TRUE,FALSE,FALSE,"","ignore","",FALSE,"git ls-files: not tracked; matched current ignore rules; classified as artifacts; path/type indicates generated output",""
"artifacts/h24-release/oceancube.Rcheck/oceancube/doc/oceancube-geometry-weights.Rmd",FALSE,TRUE,"artifacts",FALSE,FALSE,FALSE,TRUE,TRUE,FALSE,FALSE,"","ignore","",FALSE,"git ls-files: not tracked; matched current ignore rules; classified as artifacts; path/type indicates generated output",""
"artifacts/h24-release/oceancube.Rcheck/oceancube/doc/oceancube-introduction.html",FALSE,TRUE,"rendered HTML",FALSE,FALSE,FALSE,TRUE,TRUE,FALSE,TRUE,"","ignore","",FALSE,"git ls-files: not tracked; matched current ignore rules; classified as rendered HTML; path/type indicates generated output",""
"artifacts/h24-release/oceancube.Rcheck/oceancube/doc/oceancube-introduction.R",FALSE,TRUE,"artifacts",FALSE,FALSE,FALSE,TRUE,TRUE,FALSE,FALSE,"","ignore","",FALSE,"git ls-files: not tracked; matched current ignore rules; classified as artifacts; path/type indicates generated output",""
"artifacts/h24-release/oceancube.Rcheck/oceancube/doc/oceancube-introduction.Rmd",FALSE,TRUE,"artifacts",FALSE,FALSE,FALSE,TRUE,TRUE,FALSE,FALSE,"","ignore","",FALSE,"git ls-files: not tracked; matched current ignore rules; classified as artifacts; path/type indicates generated output",""
"artifacts/h24-release/oceancube.Rcheck/oceancube/examples/backend_memory.R",FALSE,TRUE,"artifacts",FALSE,FALSE,FALSE,TRUE,TRUE,FALSE,FALSE,"","ignore","",FALSE,"git ls-files: not tracked; matched current ignore rules; classified as artifacts; path/type indicates generated output",""
"artifacts/h24-release/oceancube.Rcheck/oceancube/examples/backend_netcdf_descriptor.R",FALSE,TRUE,"artifacts",FALSE,FALSE,FALSE,TRUE,TRUE,FALSE,FALSE,"","ignore","",FALSE,"git ls-files: not tracked; matched current ignore rules; classified as artifacts; path/type indicates generated output",""
"artifacts/h24-release/oceancube.Rcheck/oceancube/examples/backend_netcdf_read_block.R",FALSE,TRUE,"artifacts",FALSE,FALSE,FALSE,TRUE,TRUE,FALSE,FALSE,"","ignore","",FALSE,"git ls-files: not tracked; matched current ignore rules; classified as artifacts; path/type indicates generated output",""
"artifacts/h24-release/oceancube.Rcheck/oceancube/examples/baseline_ocean_cube.R",FALSE,TRUE,"artifacts",FALSE,FALSE,FALSE,TRUE,TRUE,FALSE,FALSE,"","ignore","",FALSE,"git ls-files: not tracked; matched current ignore rules; classified as artifacts; path/type indicates generated output",""
"artifacts/h24-release/oceancube.Rcheck/oceancube/examples/cube_crop.R",FALSE,TRUE,"artifacts",FALSE,FALSE,FALSE,TRUE,TRUE,FALSE,FALSE,"","ignore","",FALSE,"git ls-files: not tracked; matched current ignore rules; classified as artifacts; path/type indicates generated output",""
"artifacts/h24-release/oceancube.Rcheck/oceancube/examples/cube_extract.R",FALSE,TRUE,"artifacts",FALSE,FALSE,FALSE,TRUE,TRUE,FALSE,FALSE,"","ignore","",FALSE,"git ls-files: not tracked; matched current ignore rules; classified as artifacts; path/type indicates generated output",""
"artifacts/h24-release/oceancube.Rcheck/oceancube/examples/cube_geometry_weights.R",FALSE,TRUE,"artifacts",FALSE,FALSE,FALSE,TRUE,TRUE,FALSE,FALSE,"","ignore","",FALSE,"git ls-files: not tracked; matched current ignore rules; classified as artifacts; path/type indicates generated output",""
"artifacts/h24-release/oceancube.Rcheck/oceancube/examples/cube_mask.R",FALSE,TRUE,"artifacts",FALSE,FALSE,FALSE,TRUE,TRUE,FALSE,FALSE,"","ignore","",FALSE,"git ls-files: not tracked; matched current ignore rules; classified as artifacts; path/type indicates generated output",""
"artifacts/h24-release/oceancube.Rcheck/oceancube/examples/cube_slice.R",FALSE,TRUE,"artifacts",FALSE,FALSE,FALSE,TRUE,TRUE,FALSE,FALSE,"","ignore","",FALSE,"git ls-files: not tracked; matched current ignore rules; classified as artifacts; path/type indicates generated output",""
"artifacts/h24-release/oceancube.Rcheck/oceancube/examples/cube_transect.R",FALSE,TRUE,"artifacts",FALSE,FALSE,FALSE,TRUE,TRUE,FALSE,FALSE,"","ignore","",FALSE,"git ls-files: not tracked; matched current ignore rules; classified as artifacts; path/type indicates generated output",""
"artifacts/h24-release/oceancube.Rcheck/oceancube/examples/noncontiguous_collect.R",FALSE,TRUE,"artifacts",FALSE,FALSE,FALSE,TRUE,TRUE,FALSE,FALSE,"","ignore","",FALSE,"git ls-files: not tracked; matched current ignore rules; classified as artifacts; path/type indicates generated output",""
"artifacts/h24-release/oceancube.Rcheck/oceancube/examples/ocean_cube_contract.R",FALSE,TRUE,"artifacts",FALSE,FALSE,FALSE,TRUE,TRUE,FALSE,FALSE,"","ignore","",FALSE,"git ls-files: not tracked; matched current ignore rules; classified as artifacts; path/type indicates generated output",""
"artifacts/h24-release/oceancube.Rcheck/oceancube/examples/refactor_coast_dist_backend.R",FALSE,TRUE,"artifacts",FALSE,FALSE,FALSE,TRUE,TRUE,FALSE,FALSE,"","ignore","",FALSE,"git ls-files: not tracked; matched current ignore rules; classified as artifacts; path/type indicates generated output",""
"artifacts/h24-release/oceancube.Rcheck/oceancube/examples/refactor_layer_annual_backend.R",FALSE,TRUE,"artifacts",FALSE,FALSE,FALSE,TRUE,TRUE,FALSE,FALSE,"","ignore","",FALSE,"git ls-files: not tracked; matched current ignore rules; classified as artifacts; path/type indicates generated output",""
"artifacts/h24-release/oceancube.Rcheck/oceancube/examples/refactor_link_events_backend.R",FALSE,TRUE,"artifacts",FALSE,FALSE,FALSE,TRUE,TRUE,FALSE,FALSE,"","ignore","",FALSE,"git ls-files: not tracked; matched current ignore rules; classified as artifacts; path/type indicates generated output",""
"artifacts/h24-release/oceancube.Rcheck/oceancube/examples/refactor_temporal_backend.R",FALSE,TRUE,"artifacts",FALSE,FALSE,FALSE,TRUE,TRUE,FALSE,FALSE,"","ignore","",FALSE,"git ls-files: not tracked; matched current ignore rules; classified as artifacts; path/type indicates generated output",""
"artifacts/h24-release/oceancube.Rcheck/oceancube/help/aliases.rds",FALSE,TRUE,"RDS",FALSE,FALSE,FALSE,FALSE,FALSE,TRUE,FALSE,"","relocate-later","approved external data store or minimal test fixture; preserve until checksum and provenance are recorded",FALSE,"git ls-files: not tracked; matched current ignore rules; classified as RDS; path/type does not establish generated output; data extension/location may contain operational data","No move or merge is authorized by this decision document alone."
"artifacts/h24-release/oceancube.Rcheck/oceancube/help/AnIndex",FALSE,TRUE,"artifacts",FALSE,FALSE,FALSE,TRUE,TRUE,FALSE,FALSE,"","ignore","",FALSE,"git ls-files: not tracked; matched current ignore rules; classified as artifacts; path/type indicates generated output",""
"artifacts/h24-release/oceancube.Rcheck/oceancube/help/oceancube.rdb",FALSE,TRUE,"artifacts",FALSE,FALSE,FALSE,TRUE,TRUE,FALSE,FALSE,"","ignore","",FALSE,"git ls-files: not tracked; matched current ignore rules; classified as artifacts; path/type indicates generated output",""
"artifacts/h24-release/oceancube.Rcheck/oceancube/help/oceancube.rdx",FALSE,TRUE,"artifacts",FALSE,FALSE,FALSE,TRUE,TRUE,FALSE,FALSE,"","ignore","",FALSE,"git ls-files: not tracked; matched current ignore rules; classified as artifacts; path/type indicates generated output",""
"artifacts/h24-release/oceancube.Rcheck/oceancube/help/paths.rds",FALSE,TRUE,"RDS",FALSE,FALSE,FALSE,FALSE,FALSE,TRUE,FALSE,"","relocate-later","approved external data store or minimal test fixture; preserve until checksum and provenance are recorded",FALSE,"git ls-files: not tracked; matched current ignore rules; classified as RDS; path/type does not establish generated output; data extension/location may contain operational data","No move or merge is authorized by this decision document alone."
"artifacts/h24-release/oceancube.Rcheck/oceancube/html/00Index.html",FALSE,TRUE,"rendered HTML",FALSE,FALSE,FALSE,TRUE,TRUE,FALSE,FALSE,"","ignore","",FALSE,"git ls-files: not tracked; matched current ignore rules; classified as rendered HTML; path/type indicates generated output",""
"artifacts/h24-release/oceancube.Rcheck/oceancube/html/R.css",FALSE,TRUE,"artifacts",FALSE,FALSE,FALSE,TRUE,TRUE,FALSE,FALSE,"","ignore","",FALSE,"git ls-files: not tracked; matched current ignore rules; classified as artifacts; path/type indicates generated output",""
"artifacts/h24-release/oceancube.Rcheck/oceancube/INDEX",FALSE,TRUE,"artifacts",FALSE,FALSE,FALSE,TRUE,TRUE,FALSE,FALSE,"","ignore","",FALSE,"git ls-files: not tracked; matched current ignore rules; classified as artifacts; path/type indicates generated output",""
"artifacts/h24-release/oceancube.Rcheck/oceancube/LICENSE",FALSE,TRUE,"artifacts",FALSE,FALSE,FALSE,TRUE,TRUE,FALSE,FALSE,"","ignore","",FALSE,"git ls-files: not tracked; matched current ignore rules; classified as artifacts; path/type indicates generated output",""
"artifacts/h24-release/oceancube.Rcheck/oceancube/Meta/features.rds",FALSE,TRUE,"RDS",FALSE,FALSE,FALSE,TRUE,FALSE,TRUE,FALSE,"","relocate-later","approved external data store or minimal test fixture; preserve until checksum and provenance are recorded",FALSE,"git ls-files: not tracked; matched current ignore rules; classified as RDS; path/type indicates generated output; data extension/location may contain operational data","No move or merge is authorized by this decision document alone."
"artifacts/h24-release/oceancube.Rcheck/oceancube/Meta/hsearch.rds",FALSE,TRUE,"RDS",FALSE,FALSE,FALSE,TRUE,FALSE,TRUE,FALSE,"","relocate-later","approved external data store or minimal test fixture; preserve until checksum and provenance are recorded",FALSE,"git ls-files: not tracked; matched current ignore rules; classified as RDS; path/type indicates generated output; data extension/location may contain operational data","No move or merge is authorized by this decision document alone."
"artifacts/h24-release/oceancube.Rcheck/oceancube/Meta/links.rds",FALSE,TRUE,"RDS",FALSE,FALSE,FALSE,TRUE,FALSE,TRUE,FALSE,"","relocate-later","approved external data store or minimal test fixture; preserve until checksum and provenance are recorded",FALSE,"git ls-files: not tracked; matched current ignore rules; classified as RDS; path/type indicates generated output; data extension/location may contain operational data","No move or merge is authorized by this decision document alone."
"artifacts/h24-release/oceancube.Rcheck/oceancube/Meta/nsInfo.rds",FALSE,TRUE,"RDS",FALSE,FALSE,FALSE,TRUE,FALSE,TRUE,FALSE,"","relocate-later","approved external data store or minimal test fixture; preserve until checksum and provenance are recorded",FALSE,"git ls-files: not tracked; matched current ignore rules; classified as RDS; path/type indicates generated output; data extension/location may contain operational data","No move or merge is authorized by this decision document alone."
"artifacts/h24-release/oceancube.Rcheck/oceancube/Meta/package.rds",FALSE,TRUE,"RDS",FALSE,FALSE,FALSE,TRUE,FALSE,TRUE,FALSE,"","relocate-later","approved external data store or minimal test fixture; preserve until checksum and provenance are recorded",FALSE,"git ls-files: not tracked; matched current ignore rules; classified as RDS; path/type indicates generated output; data extension/location may contain operational data","No move or merge is authorized by this decision document alone."
"artifacts/h24-release/oceancube.Rcheck/oceancube/Meta/Rd.rds",FALSE,TRUE,"RDS",FALSE,FALSE,FALSE,TRUE,FALSE,TRUE,FALSE,"","relocate-later","approved external data store or minimal test fixture; preserve until checksum and provenance are recorded",FALSE,"git ls-files: not tracked; matched current ignore rules; classified as RDS; path/type indicates generated output; data extension/location may contain operational data","No move or merge is authorized by this decision document alone."
"artifacts/h24-release/oceancube.Rcheck/oceancube/Meta/vignette.rds",FALSE,TRUE,"RDS",FALSE,FALSE,FALSE,TRUE,FALSE,TRUE,FALSE,"","relocate-later","approved external data store or minimal test fixture; preserve until checksum and provenance are recorded",FALSE,"git ls-files: not tracked; matched current ignore rules; classified as RDS; path/type indicates generated output; data extension/location may contain operational data","No move or merge is authorized by this decision document alone."
"artifacts/h24-release/oceancube.Rcheck/oceancube/NAMESPACE",FALSE,TRUE,"artifacts",FALSE,FALSE,FALSE,TRUE,TRUE,FALSE,FALSE,"","ignore","",FALSE,"git ls-files: not tracked; matched current ignore rules; classified as artifacts; path/type indicates generated output",""
"artifacts/h24-release/oceancube.Rcheck/oceancube/NEWS.md",FALSE,TRUE,"artifacts",FALSE,FALSE,FALSE,TRUE,TRUE,FALSE,FALSE,"","ignore","",FALSE,"git ls-files: not tracked; matched current ignore rules; classified as artifacts; path/type indicates generated output",""
"artifacts/h24-release/oceancube.Rcheck/oceancube/R/oceancube",FALSE,TRUE,"artifacts",FALSE,FALSE,FALSE,TRUE,TRUE,FALSE,FALSE,"","ignore","",FALSE,"git ls-files: not tracked; matched current ignore rules; classified as artifacts; path/type indicates generated output",""
"artifacts/h24-release/oceancube.Rcheck/oceancube/R/oceancube.rdb",FALSE,TRUE,"artifacts",FALSE,FALSE,FALSE,TRUE,TRUE,FALSE,FALSE,"","ignore","",FALSE,"git ls-files: not tracked; matched current ignore rules; classified as artifacts; path/type indicates generated output",""
"artifacts/h24-release/oceancube.Rcheck/oceancube/R/oceancube.rdx",FALSE,TRUE,"artifacts",FALSE,FALSE,FALSE,TRUE,TRUE,FALSE,FALSE,"","ignore","",FALSE,"git ls-files: not tracked; matched current ignore rules; classified as artifacts; path/type indicates generated output",""
"artifacts/h24-release/oceancube.Rcheck/tests/startup.Rs",FALSE,TRUE,"artifacts",FALSE,FALSE,FALSE,TRUE,TRUE,FALSE,FALSE,"","ignore","",FALSE,"git ls-files: not tracked; matched current ignore rules; classified as artifacts; path/type indicates generated output",""
"artifacts/h24-release/oceancube.Rcheck/tests/testthat.R",FALSE,TRUE,"artifacts",FALSE,FALSE,FALSE,TRUE,TRUE,FALSE,FALSE,"","ignore","",FALSE,"git ls-files: not tracked; matched current ignore rules; classified as artifacts; path/type indicates generated output",""
"artifacts/h24-release/oceancube.Rcheck/tests/testthat.Rout",FALSE,TRUE,"artifacts",FALSE,FALSE,FALSE,TRUE,TRUE,FALSE,FALSE,"","ignore","",FALSE,"git ls-files: not tracked; matched current ignore rules; classified as artifacts; path/type indicates generated output",""
"artifacts/h24-release/oceancube.Rcheck/tests/testthat/helper-architecture.R",FALSE,TRUE,"artifacts",FALSE,FALSE,FALSE,TRUE,TRUE,FALSE,FALSE,"","ignore","",FALSE,"git ls-files: not tracked; matched current ignore rules; classified as artifacts; path/type indicates generated output",""
"artifacts/h24-release/oceancube.Rcheck/tests/testthat/helper-baseline-cube.R",FALSE,TRUE,"artifacts",FALSE,FALSE,FALSE,TRUE,TRUE,FALSE,FALSE,"","ignore","",FALSE,"git ls-files: not tracked; matched current ignore rules; classified as artifacts; path/type indicates generated output",""
"artifacts/h24-release/oceancube.Rcheck/tests/testthat/helper-geometry.R",FALSE,TRUE,"artifacts",FALSE,FALSE,FALSE,TRUE,TRUE,FALSE,FALSE,"","ignore","",FALSE,"git ls-files: not tracked; matched current ignore rules; classified as artifacts; path/type indicates generated output",""
"artifacts/h24-release/oceancube.Rcheck/tests/testthat/helper-netcdf-backend.R",FALSE,TRUE,"artifacts",FALSE,FALSE,FALSE,TRUE,TRUE,FALSE,FALSE,"","ignore","",FALSE,"git ls-files: not tracked; matched current ignore rules; classified as artifacts; path/type indicates generated output",""
"artifacts/h24-release/oceancube.Rcheck/tests/testthat/test-backend-memory.R",FALSE,TRUE,"artifacts",FALSE,FALSE,FALSE,TRUE,TRUE,FALSE,FALSE,"","ignore","",FALSE,"git ls-files: not tracked; matched current ignore rules; classified as artifacts; path/type indicates generated output",""
"artifacts/h24-release/oceancube.Rcheck/tests/testthat/test-backend-netcdf-descriptor.R",FALSE,TRUE,"artifacts",FALSE,FALSE,FALSE,TRUE,TRUE,FALSE,TRUE,"","ignore","",FALSE,"git ls-files: not tracked; matched current ignore rules; classified as artifacts; path/type indicates generated output",""
"artifacts/h24-release/oceancube.Rcheck/tests/testthat/test-backend-netcdf-noncontiguous.R",FALSE,TRUE,"artifacts",FALSE,FALSE,FALSE,TRUE,TRUE,FALSE,FALSE,"","ignore","",FALSE,"git ls-files: not tracked; matched current ignore rules; classified as artifacts; path/type indicates generated output",""
"artifacts/h24-release/oceancube.Rcheck/tests/testthat/test-backend-netcdf-read-block.R",FALSE,TRUE,"artifacts",FALSE,FALSE,FALSE,TRUE,TRUE,FALSE,FALSE,"","ignore","",FALSE,"git ls-files: not tracked; matched current ignore rules; classified as artifacts; path/type indicates generated output",""
"artifacts/h24-release/oceancube.Rcheck/tests/testthat/test-clim-anom.R",FALSE,TRUE,"artifacts",FALSE,FALSE,FALSE,TRUE,TRUE,FALSE,FALSE,"","ignore","",FALSE,"git ls-files: not tracked; matched current ignore rules; classified as artifacts; path/type indicates generated output",""
"artifacts/h24-release/oceancube.Rcheck/tests/testthat/test-cube-collect.R",FALSE,TRUE,"artifacts",FALSE,FALSE,FALSE,TRUE,TRUE,FALSE,FALSE,"","ignore","",FALSE,"git ls-files: not tracked; matched current ignore rules; classified as artifacts; path/type indicates generated output",""
"artifacts/h24-release/oceancube.Rcheck/tests/testthat/test-cube-crop.R",FALSE,TRUE,"artifacts",FALSE,FALSE,FALSE,TRUE,TRUE,FALSE,FALSE,"","ignore","",FALSE,"git ls-files: not tracked; matched current ignore rules; classified as artifacts; path/type indicates generated output",""
"artifacts/h24-release/oceancube.Rcheck/tests/testthat/test-cube-extract.R",FALSE,TRUE,"artifacts",FALSE,FALSE,FALSE,TRUE,TRUE,FALSE,FALSE,"","ignore","",FALSE,"git ls-files: not tracked; matched current ignore rules; classified as artifacts; path/type indicates generated output",""
"artifacts/h24-release/oceancube.Rcheck/tests/testthat/test-cube-grid-geometry.R",FALSE,TRUE,"artifacts",FALSE,FALSE,FALSE,TRUE,TRUE,FALSE,FALSE,"","ignore","",FALSE,"git ls-files: not tracked; matched current ignore rules; classified as artifacts; path/type indicates generated output",""
"artifacts/h24-release/oceancube.Rcheck/tests/testthat/test-cube-mask.R",FALSE,TRUE,"artifacts",FALSE,FALSE,FALSE,TRUE,TRUE,FALSE,FALSE,"","ignore","",FALSE,"git ls-files: not tracked; matched current ignore rules; classified as artifacts; path/type indicates generated output",""
"artifacts/h24-release/oceancube.Rcheck/tests/testthat/test-cube-polygon-weights.R",FALSE,TRUE,"artifacts",FALSE,FALSE,FALSE,TRUE,TRUE,FALSE,FALSE,"","ignore","",FALSE,"git ls-files: not tracked; matched current ignore rules; classified as artifacts; path/type indicates generated output",""
"artifacts/h24-release/oceancube.Rcheck/tests/testthat/test-cube-slice.R",FALSE,TRUE,"artifacts",FALSE,FALSE,FALSE,TRUE,TRUE,FALSE,FALSE,"","ignore","",FALSE,"git ls-files: not tracked; matched current ignore rules; classified as artifacts; path/type indicates generated output",""
"artifacts/h24-release/oceancube.Rcheck/tests/testthat/test-cube-transect.R",FALSE,TRUE,"artifacts",FALSE,FALSE,FALSE,TRUE,TRUE,FALSE,FALSE,"","ignore","",FALSE,"git ls-files: not tracked; matched current ignore rules; classified as artifacts; path/type indicates generated output",""
"artifacts/h24-release/oceancube.Rcheck/tests/testthat/test-daily-link.R",FALSE,TRUE,"artifacts",FALSE,FALSE,FALSE,TRUE,TRUE,FALSE,FALSE,"","ignore","",FALSE,"git ls-files: not tracked; matched current ignore rules; classified as artifacts; path/type indicates generated output",""
"artifacts/h24-release/oceancube.Rcheck/tests/testthat/test-layer-time-mask.R",FALSE,TRUE,"artifacts",FALSE,FALSE,FALSE,TRUE,TRUE,FALSE,FALSE,"","ignore","",FALSE,"git ls-files: not tracked; matched current ignore rules; classified as artifacts; path/type indicates generated output",""
"artifacts/h24-release/oceancube.Rcheck/tests/testthat/test-no-direct-data-access.R",FALSE,TRUE,"artifacts",FALSE,FALSE,FALSE,TRUE,TRUE,FALSE,FALSE,"","ignore","",FALSE,"git ls-files: not tracked; matched current ignore rules; classified as artifacts; path/type indicates generated output",""
"artifacts/h24-release/oceancube.Rcheck/tests/testthat/test-ocean-cube-baseline.R",FALSE,TRUE,"artifacts",FALSE,FALSE,FALSE,TRUE,TRUE,FALSE,FALSE,"","ignore","",FALSE,"git ls-files: not tracked; matched current ignore rules; classified as artifacts; path/type indicates generated output",""
"artifacts/h24-release/oceancube.Rcheck/tests/testthat/test-ocean-cube-contract.R",FALSE,TRUE,"artifacts",FALSE,FALSE,FALSE,TRUE,TRUE,FALSE,FALSE,"","ignore","",FALSE,"git ls-files: not tracked; matched current ignore rules; classified as artifacts; path/type indicates generated output",""
"artifacts/h24-release/oceancube.Rcheck/tests/testthat/test-ocean-cube.R",FALSE,TRUE,"artifacts",FALSE,FALSE,FALSE,TRUE,TRUE,FALSE,FALSE,"","ignore","",FALSE,"git ls-files: not tracked; matched current ignore rules; classified as artifacts; path/type indicates generated output",""
"artifacts/h24-release/oceancube.Rcheck/tests/testthat/test-package-boundary-spatind.R",FALSE,TRUE,"artifacts",FALSE,FALSE,FALSE,TRUE,TRUE,FALSE,FALSE,"","ignore","",FALSE,"git ls-files: not tracked; matched current ignore rules; classified as artifacts; path/type indicates generated output",""
"artifacts/h24-release/oceancube.Rcheck/tests/testthat/test-read-nc-baseline.R",FALSE,TRUE,"artifacts",FALSE,FALSE,FALSE,TRUE,TRUE,FALSE,FALSE,"","ignore","",FALSE,"git ls-files: not tracked; matched current ignore rules; classified as artifacts; path/type indicates generated output",""
"artifacts/h24-release/oceancube.Rcheck/tests/testthat/test-refactor-coast-dist-backend.R",FALSE,TRUE,"artifacts",FALSE,FALSE,FALSE,TRUE,TRUE,FALSE,FALSE,"","ignore","",FALSE,"git ls-files: not tracked; matched current ignore rules; classified as artifacts; path/type indicates generated output",""
"artifacts/h24-release/oceancube.Rcheck/tests/testthat/test-refactor-layer-annual-backend.R",FALSE,TRUE,"artifacts",FALSE,FALSE,FALSE,TRUE,TRUE,FALSE,FALSE,"","ignore","",FALSE,"git ls-files: not tracked; matched current ignore rules; classified as artifacts; path/type indicates generated output",""
"artifacts/h24-release/oceancube.Rcheck/tests/testthat/test-refactor-link-events-backend.R",FALSE,TRUE,"artifacts",FALSE,FALSE,FALSE,TRUE,TRUE,FALSE,FALSE,"","ignore","",FALSE,"git ls-files: not tracked; matched current ignore rules; classified as artifacts; path/type indicates generated output",""
"artifacts/h24-release/oceancube.Rcheck/tests/testthat/test-refactor-temporal-backend.R",FALSE,TRUE,"artifacts",FALSE,FALSE,FALSE,TRUE,TRUE,FALSE,FALSE,"","ignore","",FALSE,"git ls-files: not tracked; matched current ignore rules; classified as artifacts; path/type indicates generated output",""
"artifacts/h24-release/oceancube.Rcheck/tests/testthat/test-release-contract.R",FALSE,TRUE,"artifacts",FALSE,FALSE,FALSE,TRUE,TRUE,FALSE,FALSE,"","ignore","",FALSE,"git ls-files: not tracked; matched current ignore rules; classified as artifacts; path/type indicates generated output",""
"artifacts/h24-release/oceancube.Rcheck/tests/testthat/test-scientific-baseline.R",FALSE,TRUE,"artifacts",FALSE,FALSE,FALSE,TRUE,TRUE,FALSE,FALSE,"","ignore","",FALSE,"git ls-files: not tracked; matched current ignore rules; classified as artifacts; path/type indicates generated output",""
"artifacts/h24-release/oceancube_0.1.0.tar.gz",FALSE,TRUE,"artifacts",FALSE,FALSE,FALSE,TRUE,TRUE,FALSE,FALSE,"","ignore","",FALSE,"git ls-files: not tracked; matched current ignore rules; classified as artifacts; path/type indicates generated output",""
"artifacts/h24-release/source/.gitattributes",FALSE,TRUE,"artifacts",FALSE,FALSE,FALSE,TRUE,TRUE,FALSE,FALSE,"","ignore","",FALSE,"git ls-files: not tracked; matched current ignore rules; classified as artifacts; path/type indicates generated output",""
"artifacts/h24-release/source/.github/workflows/R-CMD-check.yaml",FALSE,TRUE,"artifacts",FALSE,FALSE,FALSE,TRUE,TRUE,FALSE,FALSE,"","ignore","",FALSE,"git ls-files: not tracked; matched current ignore rules; classified as artifacts; path/type indicates generated output",""
"artifacts/h24-release/source/.gitignore",FALSE,TRUE,"artifacts",FALSE,FALSE,FALSE,TRUE,TRUE,FALSE,FALSE,"","ignore","",FALSE,"git ls-files: not tracked; matched current ignore rules; classified as artifacts; path/type indicates generated output",""
"artifacts/h24-release/source/.lintr",FALSE,TRUE,"artifacts",FALSE,FALSE,FALSE,TRUE,TRUE,FALSE,FALSE,"","ignore","",FALSE,"git ls-files: not tracked; matched current ignore rules; classified as artifacts; path/type indicates generated output",""
"artifacts/h24-release/source/.Rbuildignore",FALSE,TRUE,"artifacts",FALSE,FALSE,FALSE,TRUE,TRUE,FALSE,FALSE,"","ignore","",FALSE,"git ls-files: not tracked; matched current ignore rules; classified as artifacts; path/type indicates generated output",""
"artifacts/h24-release/source/_pkgdown.yml",FALSE,TRUE,"artifacts",FALSE,FALSE,FALSE,TRUE,TRUE,FALSE,TRUE,"","ignore","",FALSE,"git ls-files: not tracked; matched current ignore rules; classified as artifacts; path/type indicates generated output",""
"artifacts/h24-release/source/auxdata/layer_sp.Rdata",FALSE,TRUE,"RDS",FALSE,FALSE,FALSE,FALSE,FALSE,TRUE,FALSE,"","relocate-later","approved external data store or minimal test fixture; preserve until checksum and provenance are recorded",FALSE,"git ls-files: not tracked; matched current ignore rules; classified as RDS; path/type does not establish generated output; data extension/location may contain operational data","No move or merge is authorized by this decision document alone."
"artifacts/h24-release/source/auxdata/PER_ADM0.RData",FALSE,TRUE,"RDS",FALSE,FALSE,FALSE,FALSE,FALSE,TRUE,FALSE,"","relocate-later","approved external data store or minimal test fixture; preserve until checksum and provenance are recorded",FALSE,"git ls-files: not tracked; matched current ignore rules; classified as RDS; path/type does not establish generated output; data extension/location may contain operational data","No move or merge is authorized by this decision document alone."
"artifacts/h24-release/source/CITATION.cff",FALSE,TRUE,"artifacts",FALSE,FALSE,FALSE,TRUE,TRUE,FALSE,FALSE,"","ignore","",FALSE,"git ls-files: not tracked; matched current ignore rules; classified as artifacts; path/type indicates generated output",""
"artifacts/h24-release/source/CODE_OF_CONDUCT.md",FALSE,TRUE,"artifacts",FALSE,FALSE,FALSE,TRUE,TRUE,FALSE,FALSE,"","ignore","",FALSE,"git ls-files: not tracked; matched current ignore rules; classified as artifacts; path/type indicates generated output",""
"artifacts/h24-release/source/CONTRIBUTING.md",FALSE,TRUE,"artifacts",FALSE,FALSE,FALSE,TRUE,TRUE,FALSE,FALSE,"","ignore","",FALSE,"git ls-files: not tracked; matched current ignore rules; classified as artifacts; path/type indicates generated output",""
"artifacts/h24-release/source/cran-comments.md",FALSE,TRUE,"artifacts",FALSE,FALSE,FALSE,TRUE,TRUE,FALSE,FALSE,"","ignore","",FALSE,"git ls-files: not tracked; matched current ignore rules; classified as artifacts; path/type indicates generated output",""
"artifacts/h24-release/source/data-raw/make-toy-ocean.R",FALSE,TRUE,"artifacts",FALSE,FALSE,FALSE,TRUE,TRUE,FALSE,FALSE,"","ignore","",FALSE,"git ls-files: not tracked; matched current ignore rules; classified as artifacts; path/type indicates generated output",""
"artifacts/h24-release/source/DESCRIPTION",FALSE,TRUE,"artifacts",FALSE,FALSE,FALSE,TRUE,TRUE,FALSE,FALSE,"","ignore","",FALSE,"git ls-files: not tracked; matched current ignore rules; classified as artifacts; path/type indicates generated output",""
"artifacts/h24-release/source/dev/architecture/netcdf-backend-contract.md",FALSE,TRUE,"artifacts",FALSE,FALSE,FALSE,TRUE,TRUE,FALSE,FALSE,"","ignore","",FALSE,"git ls-files: not tracked; matched current ignore rules; classified as artifacts; path/type indicates generated output",""
"artifacts/h24-release/source/dev/diagnostics/netcdf_backend_contract.R",FALSE,TRUE,"artifacts",FALSE,FALSE,FALSE,TRUE,TRUE,FALSE,FALSE,"","ignore","",FALSE,"git ls-files: not tracked; matched current ignore rules; classified as artifacts; path/type indicates generated output",""
"artifacts/h24-release/source/inst/architecture/oceancube-spatind-boundary.md",FALSE,TRUE,"artifacts",FALSE,FALSE,FALSE,TRUE,TRUE,FALSE,FALSE,"","ignore","",FALSE,"git ls-files: not tracked; matched current ignore rules; classified as artifacts; path/type indicates generated output",""
"artifacts/h24-release/source/inst/CITATION",FALSE,TRUE,"artifacts",FALSE,FALSE,FALSE,TRUE,TRUE,FALSE,FALSE,"","ignore","",FALSE,"git ls-files: not tracked; matched current ignore rules; classified as artifacts; path/type indicates generated output",""
"artifacts/h24-release/source/inst/examples/backend_memory.R",FALSE,TRUE,"artifacts",FALSE,FALSE,FALSE,TRUE,TRUE,FALSE,FALSE,"","ignore","",FALSE,"git ls-files: not tracked; matched current ignore rules; classified as artifacts; path/type indicates generated output",""
"artifacts/h24-release/source/inst/examples/backend_netcdf_descriptor.R",FALSE,TRUE,"artifacts",FALSE,FALSE,FALSE,TRUE,TRUE,FALSE,FALSE,"","ignore","",FALSE,"git ls-files: not tracked; matched current ignore rules; classified as artifacts; path/type indicates generated output",""
"artifacts/h24-release/source/inst/examples/backend_netcdf_read_block.R",FALSE,TRUE,"artifacts",FALSE,FALSE,FALSE,TRUE,TRUE,FALSE,FALSE,"","ignore","",FALSE,"git ls-files: not tracked; matched current ignore rules; classified as artifacts; path/type indicates generated output",""
"artifacts/h24-release/source/inst/examples/baseline_ocean_cube.R",FALSE,TRUE,"artifacts",FALSE,FALSE,FALSE,TRUE,TRUE,FALSE,FALSE,"","ignore","",FALSE,"git ls-files: not tracked; matched current ignore rules; classified as artifacts; path/type indicates generated output",""
"artifacts/h24-release/source/inst/examples/cube_crop.R",FALSE,TRUE,"artifacts",FALSE,FALSE,FALSE,TRUE,TRUE,FALSE,FALSE,"","ignore","",FALSE,"git ls-files: not tracked; matched current ignore rules; classified as artifacts; path/type indicates generated output",""
"artifacts/h24-release/source/inst/examples/cube_extract.R",FALSE,TRUE,"artifacts",FALSE,FALSE,FALSE,TRUE,TRUE,FALSE,FALSE,"","ignore","",FALSE,"git ls-files: not tracked; matched current ignore rules; classified as artifacts; path/type indicates generated output",""
"artifacts/h24-release/source/inst/examples/cube_geometry_weights.R",FALSE,TRUE,"artifacts",FALSE,FALSE,FALSE,TRUE,TRUE,FALSE,FALSE,"","ignore","",FALSE,"git ls-files: not tracked; matched current ignore rules; classified as artifacts; path/type indicates generated output",""
"artifacts/h24-release/source/inst/examples/cube_mask.R",FALSE,TRUE,"artifacts",FALSE,FALSE,FALSE,TRUE,TRUE,FALSE,FALSE,"","ignore","",FALSE,"git ls-files: not tracked; matched current ignore rules; classified as artifacts; path/type indicates generated output",""
"artifacts/h24-release/source/inst/examples/cube_slice.R",FALSE,TRUE,"artifacts",FALSE,FALSE,FALSE,TRUE,TRUE,FALSE,FALSE,"","ignore","",FALSE,"git ls-files: not tracked; matched current ignore rules; classified as artifacts; path/type indicates generated output",""
"artifacts/h24-release/source/inst/examples/cube_transect.R",FALSE,TRUE,"artifacts",FALSE,FALSE,FALSE,TRUE,TRUE,FALSE,FALSE,"","ignore","",FALSE,"git ls-files: not tracked; matched current ignore rules; classified as artifacts; path/type indicates generated output",""
"artifacts/h24-release/source/inst/examples/noncontiguous_collect.R",FALSE,TRUE,"artifacts",FALSE,FALSE,FALSE,TRUE,TRUE,FALSE,FALSE,"","ignore","",FALSE,"git ls-files: not tracked; matched current ignore rules; classified as artifacts; path/type indicates generated output",""
"artifacts/h24-release/source/inst/examples/ocean_cube_contract.R",FALSE,TRUE,"artifacts",FALSE,FALSE,FALSE,TRUE,TRUE,FALSE,FALSE,"","ignore","",FALSE,"git ls-files: not tracked; matched current ignore rules; classified as artifacts; path/type indicates generated output",""
"artifacts/h24-release/source/inst/examples/refactor_coast_dist_backend.R",FALSE,TRUE,"artifacts",FALSE,FALSE,FALSE,TRUE,TRUE,FALSE,FALSE,"","ignore","",FALSE,"git ls-files: not tracked; matched current ignore rules; classified as artifacts; path/type indicates generated output",""
"artifacts/h24-release/source/inst/examples/refactor_layer_annual_backend.R",FALSE,TRUE,"artifacts",FALSE,FALSE,FALSE,TRUE,TRUE,FALSE,FALSE,"","ignore","",FALSE,"git ls-files: not tracked; matched current ignore rules; classified as artifacts; path/type indicates generated output",""
"artifacts/h24-release/source/inst/examples/refactor_link_events_backend.R",FALSE,TRUE,"artifacts",FALSE,FALSE,FALSE,TRUE,TRUE,FALSE,FALSE,"","ignore","",FALSE,"git ls-files: not tracked; matched current ignore rules; classified as artifacts; path/type indicates generated output",""
"artifacts/h24-release/source/inst/examples/refactor_temporal_backend.R",FALSE,TRUE,"artifacts",FALSE,FALSE,FALSE,TRUE,TRUE,FALSE,FALSE,"","ignore","",FALSE,"git ls-files: not tracked; matched current ignore rules; classified as artifacts; path/type indicates generated output",""
"artifacts/h24-release/source/LICENSE",FALSE,TRUE,"artifacts",FALSE,FALSE,FALSE,TRUE,TRUE,FALSE,FALSE,"","ignore","",FALSE,"git ls-files: not tracked; matched current ignore rules; classified as artifacts; path/type indicates generated output",""
"artifacts/h24-release/source/man/annual_index.Rd",FALSE,TRUE,"artifacts",FALSE,FALSE,FALSE,TRUE,TRUE,FALSE,FALSE,"","ignore","",FALSE,"git ls-files: not tracked; matched current ignore rules; classified as artifacts; path/type indicates generated output",""
"artifacts/h24-release/source/man/anom_diff.Rd",FALSE,TRUE,"artifacts",FALSE,FALSE,FALSE,TRUE,TRUE,FALSE,FALSE,"","ignore","",FALSE,"git ls-files: not tracked; matched current ignore rules; classified as artifacts; path/type indicates generated output",""
"artifacts/h24-release/source/man/anom_z.Rd",FALSE,TRUE,"artifacts",FALSE,FALSE,FALSE,TRUE,TRUE,FALSE,FALSE,"","ignore","",FALSE,"git ls-files: not tracked; matched current ignore rules; classified as artifacts; path/type indicates generated output",""
"artifacts/h24-release/source/man/clim_day.Rd",FALSE,TRUE,"artifacts",FALSE,FALSE,FALSE,TRUE,TRUE,FALSE,FALSE,"","ignore","",FALSE,"git ls-files: not tracked; matched current ignore rules; classified as artifacts; path/type indicates generated output",""
"artifacts/h24-release/source/man/clim_month.Rd",FALSE,TRUE,"artifacts",FALSE,FALSE,FALSE,TRUE,TRUE,FALSE,FALSE,"","ignore","",FALSE,"git ls-files: not tracked; matched current ignore rules; classified as artifacts; path/type indicates generated output",""
"artifacts/h24-release/source/man/cm_connect.Rd",FALSE,TRUE,"artifacts",FALSE,FALSE,FALSE,TRUE,TRUE,FALSE,FALSE,"","ignore","",FALSE,"git ls-files: not tracked; matched current ignore rules; classified as artifacts; path/type indicates generated output",""
"artifacts/h24-release/source/man/cm_setup.Rd",FALSE,TRUE,"artifacts",FALSE,FALSE,FALSE,TRUE,TRUE,FALSE,FALSE,"","ignore","",FALSE,"git ls-files: not tracked; matched current ignore rules; classified as artifacts; path/type indicates generated output",""
"artifacts/h24-release/source/man/coast_dist.Rd",FALSE,TRUE,"artifacts",FALSE,FALSE,FALSE,TRUE,TRUE,FALSE,FALSE,"","ignore","",FALSE,"git ls-files: not tracked; matched current ignore rules; classified as artifacts; path/type indicates generated output",""
"artifacts/h24-release/source/man/crop_stock.Rd",FALSE,TRUE,"artifacts",FALSE,FALSE,FALSE,TRUE,TRUE,FALSE,FALSE,"","ignore","",FALSE,"git ls-files: not tracked; matched current ignore rules; classified as artifacts; path/type indicates generated output",""
"artifacts/h24-release/source/man/cube_cell_area.Rd",FALSE,TRUE,"artifacts",FALSE,FALSE,FALSE,TRUE,TRUE,FALSE,FALSE,"","ignore","",FALSE,"git ls-files: not tracked; matched current ignore rules; classified as artifacts; path/type indicates generated output",""
"artifacts/h24-release/source/man/cube_cell_volume.Rd",FALSE,TRUE,"artifacts",FALSE,FALSE,FALSE,TRUE,TRUE,FALSE,FALSE,"","ignore","",FALSE,"git ls-files: not tracked; matched current ignore rules; classified as artifacts; path/type indicates generated output",""
"artifacts/h24-release/source/man/cube_collect.Rd",FALSE,TRUE,"artifacts",FALSE,FALSE,FALSE,TRUE,TRUE,FALSE,FALSE,"","ignore","",FALSE,"git ls-files: not tracked; matched current ignore rules; classified as artifacts; path/type indicates generated output",""
"artifacts/h24-release/source/man/cube_crop.Rd",FALSE,TRUE,"artifacts",FALSE,FALSE,FALSE,TRUE,TRUE,FALSE,FALSE,"","ignore","",FALSE,"git ls-files: not tracked; matched current ignore rules; classified as artifacts; path/type indicates generated output",""
"artifacts/h24-release/source/man/cube_extract.Rd",FALSE,TRUE,"artifacts",FALSE,FALSE,FALSE,TRUE,TRUE,FALSE,FALSE,"","ignore","",FALSE,"git ls-files: not tracked; matched current ignore rules; classified as artifacts; path/type indicates generated output",""
"artifacts/h24-release/source/man/cube_layer_thickness.Rd",FALSE,TRUE,"artifacts",FALSE,FALSE,FALSE,TRUE,TRUE,FALSE,FALSE,"","ignore","",FALSE,"git ls-files: not tracked; matched current ignore rules; classified as artifacts; path/type indicates generated output",""
"artifacts/h24-release/source/man/cube_mask.Rd",FALSE,TRUE,"artifacts",FALSE,FALSE,FALSE,TRUE,TRUE,FALSE,FALSE,"","ignore","",FALSE,"git ls-files: not tracked; matched current ignore rules; classified as artifacts; path/type indicates generated output",""
"artifacts/h24-release/source/man/cube_polygon_weights.Rd",FALSE,TRUE,"artifacts",FALSE,FALSE,FALSE,TRUE,TRUE,FALSE,FALSE,"","ignore","",FALSE,"git ls-files: not tracked; matched current ignore rules; classified as artifacts; path/type indicates generated output",""
"artifacts/h24-release/source/man/cube_slice.Rd",FALSE,TRUE,"artifacts",FALSE,FALSE,FALSE,TRUE,TRUE,FALSE,FALSE,"","ignore","",FALSE,"git ls-files: not tracked; matched current ignore rules; classified as artifacts; path/type indicates generated output",""
"artifacts/h24-release/source/man/cube_transect.Rd",FALSE,TRUE,"artifacts",FALSE,FALSE,FALSE,TRUE,TRUE,FALSE,TRUE,"","ignore","",FALSE,"git ls-files: not tracked; matched current ignore rules; classified as artifacts; path/type indicates generated output",""
"artifacts/h24-release/source/man/download_nc.Rd",FALSE,TRUE,"artifacts",FALSE,FALSE,FALSE,TRUE,TRUE,FALSE,FALSE,"","ignore","",FALSE,"git ls-files: not tracked; matched current ignore rules; classified as artifacts; path/type indicates generated output",""
"artifacts/h24-release/source/man/layer_mean.Rd",FALSE,TRUE,"artifacts",FALSE,FALSE,FALSE,TRUE,TRUE,FALSE,FALSE,"","ignore","",FALSE,"git ls-files: not tracked; matched current ignore rules; classified as artifacts; path/type indicates generated output",""
"artifacts/h24-release/source/man/link_events.Rd",FALSE,TRUE,"artifacts",FALSE,FALSE,FALSE,TRUE,TRUE,FALSE,FALSE,"","ignore","",FALSE,"git ls-files: not tracked; matched current ignore rules; classified as artifacts; path/type indicates generated output",""
"artifacts/h24-release/source/man/ocean_cube.Rd",FALSE,TRUE,"artifacts",FALSE,FALSE,FALSE,TRUE,TRUE,FALSE,FALSE,"","ignore","",FALSE,"git ls-files: not tracked; matched current ignore rules; classified as artifacts; path/type indicates generated output",""
"artifacts/h24-release/source/man/read_nc.Rd",FALSE,TRUE,"artifacts",FALSE,FALSE,FALSE,TRUE,TRUE,FALSE,FALSE,"","ignore","",FALSE,"git ls-files: not tracked; matched current ignore rules; classified as artifacts; path/type indicates generated output",""
"artifacts/h24-release/source/man/signal_noise.Rd",FALSE,TRUE,"artifacts",FALSE,FALSE,FALSE,TRUE,TRUE,FALSE,FALSE,"","ignore","",FALSE,"git ls-files: not tracked; matched current ignore rules; classified as artifacts; path/type indicates generated output",""
"artifacts/h24-release/source/man/stock_mask.Rd",FALSE,TRUE,"artifacts",FALSE,FALSE,FALSE,TRUE,TRUE,FALSE,FALSE,"","ignore","",FALSE,"git ls-files: not tracked; matched current ignore rules; classified as artifacts; path/type indicates generated output",""
"artifacts/h24-release/source/man/to_month.Rd",FALSE,TRUE,"artifacts",FALSE,FALSE,FALSE,TRUE,TRUE,FALSE,FALSE,"","ignore","",FALSE,"git ls-files: not tracked; matched current ignore rules; classified as artifacts; path/type indicates generated output",""
"artifacts/h24-release/source/NAMESPACE",FALSE,TRUE,"artifacts",FALSE,FALSE,FALSE,TRUE,TRUE,FALSE,FALSE,"","ignore","",FALSE,"git ls-files: not tracked; matched current ignore rules; classified as artifacts; path/type indicates generated output",""
"artifacts/h24-release/source/NEWS.md",FALSE,TRUE,"artifacts",FALSE,FALSE,FALSE,TRUE,TRUE,FALSE,FALSE,"","ignore","",FALSE,"git ls-files: not tracked; matched current ignore rules; classified as artifacts; path/type indicates generated output",""
"artifacts/h24-release/source/oceancube.Rproj",FALSE,TRUE,"artifacts",FALSE,FALSE,FALSE,TRUE,TRUE,FALSE,FALSE,"","ignore","",FALSE,"git ls-files: not tracked; matched current ignore rules; classified as artifacts; path/type indicates generated output",""
"artifacts/h24-release/source/R/annual_index.R",FALSE,TRUE,"artifacts",FALSE,FALSE,FALSE,TRUE,TRUE,FALSE,FALSE,"","ignore","",FALSE,"git ls-files: not tracked; matched current ignore rules; classified as artifacts; path/type indicates generated output",""
"artifacts/h24-release/source/R/anom_diff.R",FALSE,TRUE,"artifacts",FALSE,FALSE,FALSE,TRUE,TRUE,FALSE,FALSE,"","ignore","",FALSE,"git ls-files: not tracked; matched current ignore rules; classified as artifacts; path/type indicates generated output",""
"artifacts/h24-release/source/R/backend-index.R",FALSE,TRUE,"artifacts",FALSE,FALSE,FALSE,TRUE,TRUE,FALSE,FALSE,"","ignore","",FALSE,"git ls-files: not tracked; matched current ignore rules; classified as artifacts; path/type indicates generated output",""
"artifacts/h24-release/source/R/backend-memory.R",FALSE,TRUE,"artifacts",FALSE,FALSE,FALSE,TRUE,TRUE,FALSE,FALSE,"","ignore","",FALSE,"git ls-files: not tracked; matched current ignore rules; classified as artifacts; path/type indicates generated output",""
"artifacts/h24-release/source/R/backend-netcdf.R",FALSE,TRUE,"artifacts",FALSE,FALSE,FALSE,TRUE,TRUE,FALSE,FALSE,"","ignore","",FALSE,"git ls-files: not tracked; matched current ignore rules; classified as artifacts; path/type indicates generated output",""
"artifacts/h24-release/source/R/clim_day.R",FALSE,TRUE,"artifacts",FALSE,FALSE,FALSE,TRUE,TRUE,FALSE,FALSE,"","ignore","",FALSE,"git ls-files: not tracked; matched current ignore rules; classified as artifacts; path/type indicates generated output",""
"artifacts/h24-release/source/R/clim_month.R",FALSE,TRUE,"artifacts",FALSE,FALSE,FALSE,TRUE,TRUE,FALSE,FALSE,"","ignore","",FALSE,"git ls-files: not tracked; matched current ignore rules; classified as artifacts; path/type indicates generated output",""
"artifacts/h24-release/source/R/cm_setup.R",FALSE,TRUE,"artifacts",FALSE,FALSE,FALSE,TRUE,TRUE,FALSE,FALSE,"","ignore","",FALSE,"git ls-files: not tracked; matched current ignore rules; classified as artifacts; path/type indicates generated output",""
"artifacts/h24-release/source/R/coast_dist.R",FALSE,TRUE,"artifacts",FALSE,FALSE,FALSE,TRUE,TRUE,FALSE,FALSE,"","ignore","",FALSE,"git ls-files: not tracked; matched current ignore rules; classified as artifacts; path/type indicates generated output",""
"artifacts/h24-release/source/R/cube_collect.R",FALSE,TRUE,"artifacts",FALSE,FALSE,FALSE,TRUE,TRUE,FALSE,FALSE,"","ignore","",FALSE,"git ls-files: not tracked; matched current ignore rules; classified as artifacts; path/type indicates generated output",""
"artifacts/h24-release/source/R/cube_crop.R",FALSE,TRUE,"artifacts",FALSE,FALSE,FALSE,TRUE,TRUE,FALSE,FALSE,"","ignore","",FALSE,"git ls-files: not tracked; matched current ignore rules; classified as artifacts; path/type indicates generated output",""
"artifacts/h24-release/source/R/cube_extract.R",FALSE,TRUE,"artifacts",FALSE,FALSE,FALSE,TRUE,TRUE,FALSE,FALSE,"","ignore","",FALSE,"git ls-files: not tracked; matched current ignore rules; classified as artifacts; path/type indicates generated output",""
"artifacts/h24-release/source/R/cube_grid_geometry.R",FALSE,TRUE,"artifacts",FALSE,FALSE,FALSE,TRUE,TRUE,FALSE,FALSE,"","ignore","",FALSE,"git ls-files: not tracked; matched current ignore rules; classified as artifacts; path/type indicates generated output",""
"artifacts/h24-release/source/R/cube_mask.R",FALSE,TRUE,"artifacts",FALSE,FALSE,FALSE,TRUE,TRUE,FALSE,FALSE,"","ignore","",FALSE,"git ls-files: not tracked; matched current ignore rules; classified as artifacts; path/type indicates generated output",""
"artifacts/h24-release/source/R/cube_polygon_weights.R",FALSE,TRUE,"artifacts",FALSE,FALSE,FALSE,TRUE,TRUE,FALSE,FALSE,"","ignore","",FALSE,"git ls-files: not tracked; matched current ignore rules; classified as artifacts; path/type indicates generated output",""
"artifacts/h24-release/source/R/cube_slice.R",FALSE,TRUE,"artifacts",FALSE,FALSE,FALSE,TRUE,TRUE,FALSE,FALSE,"","ignore","",FALSE,"git ls-files: not tracked; matched current ignore rules; classified as artifacts; path/type indicates generated output",""
"artifacts/h24-release/source/R/cube_transect.R",FALSE,TRUE,"artifacts",FALSE,FALSE,FALSE,TRUE,TRUE,FALSE,FALSE,"","ignore","",FALSE,"git ls-files: not tracked; matched current ignore rules; classified as artifacts; path/type indicates generated output",""
"artifacts/h24-release/source/R/download_nc.R",FALSE,TRUE,"artifacts",FALSE,FALSE,FALSE,TRUE,TRUE,FALSE,FALSE,"","ignore","",FALSE,"git ls-files: not tracked; matched current ignore rules; classified as artifacts; path/type indicates generated output",""
"artifacts/h24-release/source/R/layer_mean.R",FALSE,TRUE,"artifacts",FALSE,FALSE,FALSE,TRUE,TRUE,FALSE,FALSE,"","ignore","",FALSE,"git ls-files: not tracked; matched current ignore rules; classified as artifacts; path/type indicates generated output",""
"artifacts/h24-release/source/R/link_events.R",FALSE,TRUE,"artifacts",FALSE,FALSE,FALSE,TRUE,TRUE,FALSE,FALSE,"","ignore","",FALSE,"git ls-files: not tracked; matched current ignore rules; classified as artifacts; path/type indicates generated output",""
"artifacts/h24-release/source/R/ocean_cube.R",FALSE,TRUE,"artifacts",FALSE,FALSE,FALSE,TRUE,TRUE,FALSE,FALSE,"","ignore","",FALSE,"git ls-files: not tracked; matched current ignore rules; classified as artifacts; path/type indicates generated output",""
"artifacts/h24-release/source/R/read_nc.R",FALSE,TRUE,"artifacts",FALSE,FALSE,FALSE,TRUE,TRUE,FALSE,FALSE,"","ignore","",FALSE,"git ls-files: not tracked; matched current ignore rules; classified as artifacts; path/type indicates generated output",""
"artifacts/h24-release/source/R/stock_mask.R",FALSE,TRUE,"artifacts",FALSE,FALSE,FALSE,TRUE,TRUE,FALSE,FALSE,"","ignore","",FALSE,"git ls-files: not tracked; matched current ignore rules; classified as artifacts; path/type indicates generated output",""
"artifacts/h24-release/source/R/to_month.R",FALSE,TRUE,"artifacts",FALSE,FALSE,FALSE,TRUE,TRUE,FALSE,FALSE,"","ignore","",FALSE,"git ls-files: not tracked; matched current ignore rules; classified as artifacts; path/type indicates generated output",""
"artifacts/h24-release/source/R/utils-internal.R",FALSE,TRUE,"artifacts",FALSE,FALSE,FALSE,TRUE,TRUE,FALSE,FALSE,"","ignore","",FALSE,"git ls-files: not tracked; matched current ignore rules; classified as artifacts; path/type indicates generated output",""
"artifacts/h24-release/source/README.md",FALSE,TRUE,"artifacts",FALSE,FALSE,FALSE,TRUE,TRUE,FALSE,FALSE,"","ignore","",FALSE,"git ls-files: not tracked; matched current ignore rules; classified as artifacts; path/type indicates generated output",""
"artifacts/h24-release/source/README.Rmd",FALSE,TRUE,"artifacts",FALSE,FALSE,FALSE,TRUE,TRUE,FALSE,FALSE,"","ignore","",FALSE,"git ls-files: not tracked; matched current ignore rules; classified as artifacts; path/type indicates generated output",""
"artifacts/h24-release/source/tests/testthat.R",FALSE,TRUE,"artifacts",FALSE,FALSE,FALSE,TRUE,TRUE,FALSE,FALSE,"","ignore","",FALSE,"git ls-files: not tracked; matched current ignore rules; classified as artifacts; path/type indicates generated output",""
"artifacts/h24-release/source/tests/testthat/helper-architecture.R",FALSE,TRUE,"artifacts",FALSE,FALSE,FALSE,TRUE,TRUE,FALSE,FALSE,"","ignore","",FALSE,"git ls-files: not tracked; matched current ignore rules; classified as artifacts; path/type indicates generated output",""
"artifacts/h24-release/source/tests/testthat/helper-baseline-cube.R",FALSE,TRUE,"artifacts",FALSE,FALSE,FALSE,TRUE,TRUE,FALSE,FALSE,"","ignore","",FALSE,"git ls-files: not tracked; matched current ignore rules; classified as artifacts; path/type indicates generated output",""
"artifacts/h24-release/source/tests/testthat/helper-geometry.R",FALSE,TRUE,"artifacts",FALSE,FALSE,FALSE,TRUE,TRUE,FALSE,FALSE,"","ignore","",FALSE,"git ls-files: not tracked; matched current ignore rules; classified as artifacts; path/type indicates generated output",""
"artifacts/h24-release/source/tests/testthat/helper-netcdf-backend.R",FALSE,TRUE,"artifacts",FALSE,FALSE,FALSE,TRUE,TRUE,FALSE,FALSE,"","ignore","",FALSE,"git ls-files: not tracked; matched current ignore rules; classified as artifacts; path/type indicates generated output",""
"artifacts/h24-release/source/tests/testthat/test-backend-memory.R",FALSE,TRUE,"artifacts",FALSE,FALSE,FALSE,TRUE,TRUE,FALSE,FALSE,"","ignore","",FALSE,"git ls-files: not tracked; matched current ignore rules; classified as artifacts; path/type indicates generated output",""
"artifacts/h24-release/source/tests/testthat/test-backend-netcdf-descriptor.R",FALSE,TRUE,"artifacts",FALSE,FALSE,FALSE,TRUE,TRUE,FALSE,TRUE,"","ignore","",FALSE,"git ls-files: not tracked; matched current ignore rules; classified as artifacts; path/type indicates generated output",""
"artifacts/h24-release/source/tests/testthat/test-backend-netcdf-noncontiguous.R",FALSE,TRUE,"artifacts",FALSE,FALSE,FALSE,TRUE,TRUE,FALSE,FALSE,"","ignore","",FALSE,"git ls-files: not tracked; matched current ignore rules; classified as artifacts; path/type indicates generated output",""
"artifacts/h24-release/source/tests/testthat/test-backend-netcdf-read-block.R",FALSE,TRUE,"artifacts",FALSE,FALSE,FALSE,TRUE,TRUE,FALSE,FALSE,"","ignore","",FALSE,"git ls-files: not tracked; matched current ignore rules; classified as artifacts; path/type indicates generated output",""
"artifacts/h24-release/source/tests/testthat/test-clim-anom.R",FALSE,TRUE,"artifacts",FALSE,FALSE,FALSE,TRUE,TRUE,FALSE,FALSE,"","ignore","",FALSE,"git ls-files: not tracked; matched current ignore rules; classified as artifacts; path/type indicates generated output",""
"artifacts/h24-release/source/tests/testthat/test-cube-collect.R",FALSE,TRUE,"artifacts",FALSE,FALSE,FALSE,TRUE,TRUE,FALSE,FALSE,"","ignore","",FALSE,"git ls-files: not tracked; matched current ignore rules; classified as artifacts; path/type indicates generated output",""
"artifacts/h24-release/source/tests/testthat/test-cube-crop.R",FALSE,TRUE,"artifacts",FALSE,FALSE,FALSE,TRUE,TRUE,FALSE,FALSE,"","ignore","",FALSE,"git ls-files: not tracked; matched current ignore rules; classified as artifacts; path/type indicates generated output",""
"artifacts/h24-release/source/tests/testthat/test-cube-extract.R",FALSE,TRUE,"artifacts",FALSE,FALSE,FALSE,TRUE,TRUE,FALSE,FALSE,"","ignore","",FALSE,"git ls-files: not tracked; matched current ignore rules; classified as artifacts; path/type indicates generated output",""
"artifacts/h24-release/source/tests/testthat/test-cube-grid-geometry.R",FALSE,TRUE,"artifacts",FALSE,FALSE,FALSE,TRUE,TRUE,FALSE,FALSE,"","ignore","",FALSE,"git ls-files: not tracked; matched current ignore rules; classified as artifacts; path/type indicates generated output",""
"artifacts/h24-release/source/tests/testthat/test-cube-mask.R",FALSE,TRUE,"artifacts",FALSE,FALSE,FALSE,TRUE,TRUE,FALSE,FALSE,"","ignore","",FALSE,"git ls-files: not tracked; matched current ignore rules; classified as artifacts; path/type indicates generated output",""
"artifacts/h24-release/source/tests/testthat/test-cube-polygon-weights.R",FALSE,TRUE,"artifacts",FALSE,FALSE,FALSE,TRUE,TRUE,FALSE,FALSE,"","ignore","",FALSE,"git ls-files: not tracked; matched current ignore rules; classified as artifacts; path/type indicates generated output",""
"artifacts/h24-release/source/tests/testthat/test-cube-slice.R",FALSE,TRUE,"artifacts",FALSE,FALSE,FALSE,TRUE,TRUE,FALSE,FALSE,"","ignore","",FALSE,"git ls-files: not tracked; matched current ignore rules; classified as artifacts; path/type indicates generated output",""
"artifacts/h24-release/source/tests/testthat/test-cube-transect.R",FALSE,TRUE,"artifacts",FALSE,FALSE,FALSE,TRUE,TRUE,FALSE,FALSE,"","ignore","",FALSE,"git ls-files: not tracked; matched current ignore rules; classified as artifacts; path/type indicates generated output",""
"artifacts/h24-release/source/tests/testthat/test-daily-link.R",FALSE,TRUE,"artifacts",FALSE,FALSE,FALSE,TRUE,TRUE,FALSE,FALSE,"","ignore","",FALSE,"git ls-files: not tracked; matched current ignore rules; classified as artifacts; path/type indicates generated output",""
"artifacts/h24-release/source/tests/testthat/test-layer-time-mask.R",FALSE,TRUE,"artifacts",FALSE,FALSE,FALSE,TRUE,TRUE,FALSE,FALSE,"","ignore","",FALSE,"git ls-files: not tracked; matched current ignore rules; classified as artifacts; path/type indicates generated output",""
"artifacts/h24-release/source/tests/testthat/test-no-direct-data-access.R",FALSE,TRUE,"artifacts",FALSE,FALSE,FALSE,TRUE,TRUE,FALSE,FALSE,"","ignore","",FALSE,"git ls-files: not tracked; matched current ignore rules; classified as artifacts; path/type indicates generated output",""
"artifacts/h24-release/source/tests/testthat/test-ocean-cube-baseline.R",FALSE,TRUE,"artifacts",FALSE,FALSE,FALSE,TRUE,TRUE,FALSE,FALSE,"","ignore","",FALSE,"git ls-files: not tracked; matched current ignore rules; classified as artifacts; path/type indicates generated output",""
"artifacts/h24-release/source/tests/testthat/test-ocean-cube-contract.R",FALSE,TRUE,"artifacts",FALSE,FALSE,FALSE,TRUE,TRUE,FALSE,FALSE,"","ignore","",FALSE,"git ls-files: not tracked; matched current ignore rules; classified as artifacts; path/type indicates generated output",""
"artifacts/h24-release/source/tests/testthat/test-ocean-cube.R",FALSE,TRUE,"artifacts",FALSE,FALSE,FALSE,TRUE,TRUE,FALSE,FALSE,"","ignore","",FALSE,"git ls-files: not tracked; matched current ignore rules; classified as artifacts; path/type indicates generated output",""
"artifacts/h24-release/source/tests/testthat/test-package-boundary-spatind.R",FALSE,TRUE,"artifacts",FALSE,FALSE,FALSE,TRUE,TRUE,FALSE,FALSE,"","ignore","",FALSE,"git ls-files: not tracked; matched current ignore rules; classified as artifacts; path/type indicates generated output",""
"artifacts/h24-release/source/tests/testthat/test-read-nc-baseline.R",FALSE,TRUE,"artifacts",FALSE,FALSE,FALSE,TRUE,TRUE,FALSE,FALSE,"","ignore","",FALSE,"git ls-files: not tracked; matched current ignore rules; classified as artifacts; path/type indicates generated output",""
"artifacts/h24-release/source/tests/testthat/test-refactor-coast-dist-backend.R",FALSE,TRUE,"artifacts",FALSE,FALSE,FALSE,TRUE,TRUE,FALSE,FALSE,"","ignore","",FALSE,"git ls-files: not tracked; matched current ignore rules; classified as artifacts; path/type indicates generated output",""
"artifacts/h24-release/source/tests/testthat/test-refactor-layer-annual-backend.R",FALSE,TRUE,"artifacts",FALSE,FALSE,FALSE,TRUE,TRUE,FALSE,FALSE,"","ignore","",FALSE,"git ls-files: not tracked; matched current ignore rules; classified as artifacts; path/type indicates generated output",""
"artifacts/h24-release/source/tests/testthat/test-refactor-link-events-backend.R",FALSE,TRUE,"artifacts",FALSE,FALSE,FALSE,TRUE,TRUE,FALSE,FALSE,"","ignore","",FALSE,"git ls-files: not tracked; matched current ignore rules; classified as artifacts; path/type indicates generated output",""
"artifacts/h24-release/source/tests/testthat/test-refactor-temporal-backend.R",FALSE,TRUE,"artifacts",FALSE,FALSE,FALSE,TRUE,TRUE,FALSE,FALSE,"","ignore","",FALSE,"git ls-files: not tracked; matched current ignore rules; classified as artifacts; path/type indicates generated output",""
"artifacts/h24-release/source/tests/testthat/test-release-contract.R",FALSE,TRUE,"artifacts",FALSE,FALSE,FALSE,TRUE,TRUE,FALSE,FALSE,"","ignore","",FALSE,"git ls-files: not tracked; matched current ignore rules; classified as artifacts; path/type indicates generated output",""
"artifacts/h24-release/source/tests/testthat/test-scientific-baseline.R",FALSE,TRUE,"artifacts",FALSE,FALSE,FALSE,TRUE,TRUE,FALSE,FALSE,"","ignore","",FALSE,"git ls-files: not tracked; matched current ignore rules; classified as artifacts; path/type indicates generated output",""
"artifacts/h24-release/source/vignettes/get-started.Rmd",FALSE,TRUE,"artifacts",FALSE,FALSE,FALSE,TRUE,TRUE,FALSE,FALSE,"","ignore","",FALSE,"git ls-files: not tracked; matched current ignore rules; classified as artifacts; path/type indicates generated output",""
"artifacts/h24-release/source/vignettes/oceancube-architecture.Rmd",FALSE,TRUE,"artifacts",FALSE,FALSE,FALSE,TRUE,TRUE,FALSE,FALSE,"","ignore","",FALSE,"git ls-files: not tracked; matched current ignore rules; classified as artifacts; path/type indicates generated output",""
"artifacts/h24-release/source/vignettes/oceancube-geometry-weights.Rmd",FALSE,TRUE,"artifacts",FALSE,FALSE,FALSE,TRUE,TRUE,FALSE,FALSE,"","ignore","",FALSE,"git ls-files: not tracked; matched current ignore rules; classified as artifacts; path/type indicates generated output",""
"artifacts/h24-release/source/vignettes/oceancube-introduction.Rmd",FALSE,TRUE,"artifacts",FALSE,FALSE,FALSE,TRUE,TRUE,FALSE,FALSE,"","ignore","",FALSE,"git ls-files: not tracked; matched current ignore rules; classified as artifacts; path/type indicates generated output",""
"artifacts/h25-release-preparation/hito-25-informe.md",FALSE,TRUE,"artifacts",FALSE,FALSE,FALSE,TRUE,TRUE,FALSE,TRUE,"","ignore","",FALSE,"git ls-files: not tracked; matched current ignore rules; classified as artifacts; path/type indicates generated output",""
"artifacts/h25-release-preparation/oceancube_0.1.0.tar.gz",FALSE,TRUE,"artifacts",FALSE,FALSE,FALSE,TRUE,TRUE,FALSE,FALSE,"","ignore","",FALSE,"git ls-files: not tracked; matched current ignore rules; classified as artifacts; path/type indicates generated output",""
"artifacts/h25-release-preparation/SHA256SUMS.txt",FALSE,TRUE,"artifacts",FALSE,FALSE,FALSE,TRUE,TRUE,FALSE,FALSE,"","ignore","",FALSE,"git ls-files: not tracked; matched current ignore rules; classified as artifacts; path/type indicates generated output",""
"artifacts/h26-consolidation/branches-before.txt",FALSE,TRUE,"artifacts",FALSE,FALSE,FALSE,TRUE,TRUE,FALSE,FALSE,"","ignore","",FALSE,"git ls-files: not tracked; matched current ignore rules; classified as artifacts; path/type indicates generated output",""
"artifacts/h26-consolidation/dev-build/oceancube_0.1.0.tar.gz",FALSE,TRUE,"artifacts",FALSE,FALSE,FALSE,TRUE,TRUE,FALSE,FALSE,"","ignore","",FALSE,"git ls-files: not tracked; matched current ignore rules; classified as artifacts; path/type indicates generated output",""
"artifacts/h26-consolidation/dev-check/oceancube.Rcheck/00_pkg_src/oceancube/build/vignette.rds",FALSE,TRUE,"RDS",FALSE,FALSE,FALSE,FALSE,FALSE,TRUE,FALSE,"","relocate-later","approved external data store or minimal test fixture; preserve until checksum and provenance are recorded",FALSE,"git ls-files: not tracked; matched current ignore rules; classified as RDS; path/type does not establish generated output; data extension/location may contain operational data","No move or merge is authorized by this decision document alone."
"artifacts/h26-consolidation/dev-check/oceancube.Rcheck/00_pkg_src/oceancube/CODE_OF_CONDUCT.md",FALSE,TRUE,"artifacts",FALSE,FALSE,FALSE,TRUE,TRUE,FALSE,FALSE,"","ignore","",FALSE,"git ls-files: not tracked; matched current ignore rules; classified as artifacts; path/type indicates generated output",""
"artifacts/h26-consolidation/dev-check/oceancube.Rcheck/00_pkg_src/oceancube/CONTRIBUTING.md",FALSE,TRUE,"artifacts",FALSE,FALSE,FALSE,TRUE,TRUE,FALSE,FALSE,"","ignore","",FALSE,"git ls-files: not tracked; matched current ignore rules; classified as artifacts; path/type indicates generated output",""
"artifacts/h26-consolidation/dev-check/oceancube.Rcheck/00_pkg_src/oceancube/DESCRIPTION",FALSE,TRUE,"artifacts",FALSE,FALSE,FALSE,TRUE,TRUE,FALSE,FALSE,"","ignore","",FALSE,"git ls-files: not tracked; matched current ignore rules; classified as artifacts; path/type indicates generated output",""
"artifacts/h26-consolidation/dev-check/oceancube.Rcheck/00_pkg_src/oceancube/inst/architecture/oceancube-spatind-boundary.md",FALSE,TRUE,"artifacts",FALSE,FALSE,FALSE,TRUE,TRUE,FALSE,FALSE,"","ignore","",FALSE,"git ls-files: not tracked; matched current ignore rules; classified as artifacts; path/type indicates generated output",""
"artifacts/h26-consolidation/dev-check/oceancube.Rcheck/00_pkg_src/oceancube/inst/CITATION",FALSE,TRUE,"artifacts",FALSE,FALSE,FALSE,TRUE,TRUE,FALSE,FALSE,"","ignore","",FALSE,"git ls-files: not tracked; matched current ignore rules; classified as artifacts; path/type indicates generated output",""
"artifacts/h26-consolidation/dev-check/oceancube.Rcheck/00_pkg_src/oceancube/inst/doc/get-started.html",FALSE,TRUE,"rendered HTML",FALSE,FALSE,FALSE,TRUE,TRUE,FALSE,TRUE,"","ignore","",FALSE,"git ls-files: not tracked; matched current ignore rules; classified as rendered HTML; path/type indicates generated output",""
"artifacts/h26-consolidation/dev-check/oceancube.Rcheck/00_pkg_src/oceancube/inst/doc/get-started.R",FALSE,TRUE,"artifacts",FALSE,FALSE,FALSE,TRUE,TRUE,FALSE,FALSE,"","ignore","",FALSE,"git ls-files: not tracked; matched current ignore rules; classified as artifacts; path/type indicates generated output",""
"artifacts/h26-consolidation/dev-check/oceancube.Rcheck/00_pkg_src/oceancube/inst/doc/get-started.Rmd",FALSE,TRUE,"artifacts",FALSE,FALSE,FALSE,TRUE,TRUE,FALSE,FALSE,"","ignore","",FALSE,"git ls-files: not tracked; matched current ignore rules; classified as artifacts; path/type indicates generated output",""
"artifacts/h26-consolidation/dev-check/oceancube.Rcheck/00_pkg_src/oceancube/inst/doc/oceancube-architecture.html",FALSE,TRUE,"rendered HTML",FALSE,FALSE,FALSE,TRUE,TRUE,FALSE,TRUE,"","ignore","",FALSE,"git ls-files: not tracked; matched current ignore rules; classified as rendered HTML; path/type indicates generated output",""
"artifacts/h26-consolidation/dev-check/oceancube.Rcheck/00_pkg_src/oceancube/inst/doc/oceancube-architecture.R",FALSE,TRUE,"artifacts",FALSE,FALSE,FALSE,TRUE,TRUE,FALSE,FALSE,"","ignore","",FALSE,"git ls-files: not tracked; matched current ignore rules; classified as artifacts; path/type indicates generated output",""
"artifacts/h26-consolidation/dev-check/oceancube.Rcheck/00_pkg_src/oceancube/inst/doc/oceancube-architecture.Rmd",FALSE,TRUE,"artifacts",FALSE,FALSE,FALSE,TRUE,TRUE,FALSE,FALSE,"","ignore","",FALSE,"git ls-files: not tracked; matched current ignore rules; classified as artifacts; path/type indicates generated output",""
"artifacts/h26-consolidation/dev-check/oceancube.Rcheck/00_pkg_src/oceancube/inst/doc/oceancube-geometry-weights.html",FALSE,TRUE,"rendered HTML",FALSE,FALSE,FALSE,TRUE,TRUE,FALSE,TRUE,"","ignore","",FALSE,"git ls-files: not tracked; matched current ignore rules; classified as rendered HTML; path/type indicates generated output",""
"artifacts/h26-consolidation/dev-check/oceancube.Rcheck/00_pkg_src/oceancube/inst/doc/oceancube-geometry-weights.R",FALSE,TRUE,"artifacts",FALSE,FALSE,FALSE,TRUE,TRUE,FALSE,FALSE,"","ignore","",FALSE,"git ls-files: not tracked; matched current ignore rules; classified as artifacts; path/type indicates generated output",""
"artifacts/h26-consolidation/dev-check/oceancube.Rcheck/00_pkg_src/oceancube/inst/doc/oceancube-geometry-weights.Rmd",FALSE,TRUE,"artifacts",FALSE,FALSE,FALSE,TRUE,TRUE,FALSE,FALSE,"","ignore","",FALSE,"git ls-files: not tracked; matched current ignore rules; classified as artifacts; path/type indicates generated output",""
"artifacts/h26-consolidation/dev-check/oceancube.Rcheck/00_pkg_src/oceancube/inst/doc/oceancube-handbook.html",FALSE,TRUE,"rendered HTML",FALSE,FALSE,FALSE,TRUE,TRUE,FALSE,TRUE,"handbook:oceancube-handbook","ignore","",FALSE,"git ls-files: not tracked; matched current ignore rules; classified as rendered HTML; path/type indicates generated output",""
"artifacts/h26-consolidation/dev-check/oceancube.Rcheck/00_pkg_src/oceancube/inst/doc/oceancube-handbook.R",FALSE,TRUE,"artifacts",FALSE,FALSE,FALSE,TRUE,TRUE,FALSE,FALSE,"","ignore","",FALSE,"git ls-files: not tracked; matched current ignore rules; classified as artifacts; path/type indicates generated output",""
"artifacts/h26-consolidation/dev-check/oceancube.Rcheck/00_pkg_src/oceancube/inst/doc/oceancube-handbook.Rmd",FALSE,TRUE,"artifacts",FALSE,FALSE,FALSE,TRUE,TRUE,FALSE,TRUE,"","ignore","",FALSE,"git ls-files: not tracked; matched current ignore rules; classified as artifacts; path/type indicates generated output",""
"artifacts/h26-consolidation/dev-check/oceancube.Rcheck/00_pkg_src/oceancube/inst/doc/oceancube-introduction.html",FALSE,TRUE,"rendered HTML",FALSE,FALSE,FALSE,TRUE,TRUE,FALSE,TRUE,"","ignore","",FALSE,"git ls-files: not tracked; matched current ignore rules; classified as rendered HTML; path/type indicates generated output",""
"artifacts/h26-consolidation/dev-check/oceancube.Rcheck/00_pkg_src/oceancube/inst/doc/oceancube-introduction.R",FALSE,TRUE,"artifacts",FALSE,FALSE,FALSE,TRUE,TRUE,FALSE,FALSE,"","ignore","",FALSE,"git ls-files: not tracked; matched current ignore rules; classified as artifacts; path/type indicates generated output",""
"artifacts/h26-consolidation/dev-check/oceancube.Rcheck/00_pkg_src/oceancube/inst/doc/oceancube-introduction.Rmd",FALSE,TRUE,"artifacts",FALSE,FALSE,FALSE,TRUE,TRUE,FALSE,FALSE,"","ignore","",FALSE,"git ls-files: not tracked; matched current ignore rules; classified as artifacts; path/type indicates generated output",""
"artifacts/h26-consolidation/dev-check/oceancube.Rcheck/00_pkg_src/oceancube/inst/examples/backend_memory.R",FALSE,TRUE,"artifacts",FALSE,FALSE,FALSE,TRUE,TRUE,FALSE,FALSE,"","ignore","",FALSE,"git ls-files: not tracked; matched current ignore rules; classified as artifacts; path/type indicates generated output",""
"artifacts/h26-consolidation/dev-check/oceancube.Rcheck/00_pkg_src/oceancube/inst/examples/backend_netcdf_descriptor.R",FALSE,TRUE,"artifacts",FALSE,FALSE,FALSE,TRUE,TRUE,FALSE,FALSE,"","ignore","",FALSE,"git ls-files: not tracked; matched current ignore rules; classified as artifacts; path/type indicates generated output",""
"artifacts/h26-consolidation/dev-check/oceancube.Rcheck/00_pkg_src/oceancube/inst/examples/backend_netcdf_read_block.R",FALSE,TRUE,"artifacts",FALSE,FALSE,FALSE,TRUE,TRUE,FALSE,FALSE,"","ignore","",FALSE,"git ls-files: not tracked; matched current ignore rules; classified as artifacts; path/type indicates generated output",""
"artifacts/h26-consolidation/dev-check/oceancube.Rcheck/00_pkg_src/oceancube/inst/examples/baseline_ocean_cube.R",FALSE,TRUE,"artifacts",FALSE,FALSE,FALSE,TRUE,TRUE,FALSE,FALSE,"","ignore","",FALSE,"git ls-files: not tracked; matched current ignore rules; classified as artifacts; path/type indicates generated output",""
"artifacts/h26-consolidation/dev-check/oceancube.Rcheck/00_pkg_src/oceancube/inst/examples/cube_crop.R",FALSE,TRUE,"artifacts",FALSE,FALSE,FALSE,TRUE,TRUE,FALSE,FALSE,"","ignore","",FALSE,"git ls-files: not tracked; matched current ignore rules; classified as artifacts; path/type indicates generated output",""
"artifacts/h26-consolidation/dev-check/oceancube.Rcheck/00_pkg_src/oceancube/inst/examples/cube_extract.R",FALSE,TRUE,"artifacts",FALSE,FALSE,FALSE,TRUE,TRUE,FALSE,FALSE,"","ignore","",FALSE,"git ls-files: not tracked; matched current ignore rules; classified as artifacts; path/type indicates generated output",""
"artifacts/h26-consolidation/dev-check/oceancube.Rcheck/00_pkg_src/oceancube/inst/examples/cube_geometry_weights.R",FALSE,TRUE,"artifacts",FALSE,FALSE,FALSE,TRUE,TRUE,FALSE,FALSE,"","ignore","",FALSE,"git ls-files: not tracked; matched current ignore rules; classified as artifacts; path/type indicates generated output",""
"artifacts/h26-consolidation/dev-check/oceancube.Rcheck/00_pkg_src/oceancube/inst/examples/cube_mask.R",FALSE,TRUE,"artifacts",FALSE,FALSE,FALSE,TRUE,TRUE,FALSE,FALSE,"","ignore","",FALSE,"git ls-files: not tracked; matched current ignore rules; classified as artifacts; path/type indicates generated output",""
"artifacts/h26-consolidation/dev-check/oceancube.Rcheck/00_pkg_src/oceancube/inst/examples/cube_slice.R",FALSE,TRUE,"artifacts",FALSE,FALSE,FALSE,TRUE,TRUE,FALSE,FALSE,"","ignore","",FALSE,"git ls-files: not tracked; matched current ignore rules; classified as artifacts; path/type indicates generated output",""
"artifacts/h26-consolidation/dev-check/oceancube.Rcheck/00_pkg_src/oceancube/inst/examples/cube_transect.R",FALSE,TRUE,"artifacts",FALSE,FALSE,FALSE,TRUE,TRUE,FALSE,FALSE,"","ignore","",FALSE,"git ls-files: not tracked; matched current ignore rules; classified as artifacts; path/type indicates generated output",""
"artifacts/h26-consolidation/dev-check/oceancube.Rcheck/00_pkg_src/oceancube/inst/examples/noncontiguous_collect.R",FALSE,TRUE,"artifacts",FALSE,FALSE,FALSE,TRUE,TRUE,FALSE,FALSE,"","ignore","",FALSE,"git ls-files: not tracked; matched current ignore rules; classified as artifacts; path/type indicates generated output",""
"artifacts/h26-consolidation/dev-check/oceancube.Rcheck/00_pkg_src/oceancube/inst/examples/ocean_cube_contract.R",FALSE,TRUE,"artifacts",FALSE,FALSE,FALSE,TRUE,TRUE,FALSE,FALSE,"","ignore","",FALSE,"git ls-files: not tracked; matched current ignore rules; classified as artifacts; path/type indicates generated output",""
"artifacts/h26-consolidation/dev-check/oceancube.Rcheck/00_pkg_src/oceancube/inst/examples/oceancube-handbook-workflow.R",FALSE,TRUE,"artifacts",FALSE,FALSE,FALSE,TRUE,TRUE,FALSE,FALSE,"","ignore","",FALSE,"git ls-files: not tracked; matched current ignore rules; classified as artifacts; path/type indicates generated output",""
"artifacts/h26-consolidation/dev-check/oceancube.Rcheck/00_pkg_src/oceancube/inst/examples/refactor_coast_dist_backend.R",FALSE,TRUE,"artifacts",FALSE,FALSE,FALSE,TRUE,TRUE,FALSE,FALSE,"","ignore","",FALSE,"git ls-files: not tracked; matched current ignore rules; classified as artifacts; path/type indicates generated output",""
"artifacts/h26-consolidation/dev-check/oceancube.Rcheck/00_pkg_src/oceancube/inst/examples/refactor_layer_annual_backend.R",FALSE,TRUE,"artifacts",FALSE,FALSE,FALSE,TRUE,TRUE,FALSE,FALSE,"","ignore","",FALSE,"git ls-files: not tracked; matched current ignore rules; classified as artifacts; path/type indicates generated output",""
"artifacts/h26-consolidation/dev-check/oceancube.Rcheck/00_pkg_src/oceancube/inst/examples/refactor_link_events_backend.R",FALSE,TRUE,"artifacts",FALSE,FALSE,FALSE,TRUE,TRUE,FALSE,FALSE,"","ignore","",FALSE,"git ls-files: not tracked; matched current ignore rules; classified as artifacts; path/type indicates generated output",""
"artifacts/h26-consolidation/dev-check/oceancube.Rcheck/00_pkg_src/oceancube/inst/examples/refactor_temporal_backend.R",FALSE,TRUE,"artifacts",FALSE,FALSE,FALSE,TRUE,TRUE,FALSE,FALSE,"","ignore","",FALSE,"git ls-files: not tracked; matched current ignore rules; classified as artifacts; path/type indicates generated output",""
"artifacts/h26-consolidation/dev-check/oceancube.Rcheck/00_pkg_src/oceancube/LICENSE",FALSE,TRUE,"artifacts",FALSE,FALSE,FALSE,TRUE,TRUE,FALSE,FALSE,"","ignore","",FALSE,"git ls-files: not tracked; matched current ignore rules; classified as artifacts; path/type indicates generated output",""
"artifacts/h26-consolidation/dev-check/oceancube.Rcheck/00_pkg_src/oceancube/man/annual_index.Rd",FALSE,TRUE,"artifacts",FALSE,FALSE,FALSE,TRUE,TRUE,FALSE,FALSE,"","ignore","",FALSE,"git ls-files: not tracked; matched current ignore rules; classified as artifacts; path/type indicates generated output",""
"artifacts/h26-consolidation/dev-check/oceancube.Rcheck/00_pkg_src/oceancube/man/anom_diff.Rd",FALSE,TRUE,"artifacts",FALSE,FALSE,FALSE,TRUE,TRUE,FALSE,FALSE,"","ignore","",FALSE,"git ls-files: not tracked; matched current ignore rules; classified as artifacts; path/type indicates generated output",""
"artifacts/h26-consolidation/dev-check/oceancube.Rcheck/00_pkg_src/oceancube/man/anom_z.Rd",FALSE,TRUE,"artifacts",FALSE,FALSE,FALSE,TRUE,TRUE,FALSE,FALSE,"","ignore","",FALSE,"git ls-files: not tracked; matched current ignore rules; classified as artifacts; path/type indicates generated output",""
"artifacts/h26-consolidation/dev-check/oceancube.Rcheck/00_pkg_src/oceancube/man/clim_day.Rd",FALSE,TRUE,"artifacts",FALSE,FALSE,FALSE,TRUE,TRUE,FALSE,FALSE,"","ignore","",FALSE,"git ls-files: not tracked; matched current ignore rules; classified as artifacts; path/type indicates generated output",""
"artifacts/h26-consolidation/dev-check/oceancube.Rcheck/00_pkg_src/oceancube/man/clim_month.Rd",FALSE,TRUE,"artifacts",FALSE,FALSE,FALSE,TRUE,TRUE,FALSE,FALSE,"","ignore","",FALSE,"git ls-files: not tracked; matched current ignore rules; classified as artifacts; path/type indicates generated output",""
"artifacts/h26-consolidation/dev-check/oceancube.Rcheck/00_pkg_src/oceancube/man/cm_connect.Rd",FALSE,TRUE,"artifacts",FALSE,FALSE,FALSE,TRUE,TRUE,FALSE,FALSE,"","ignore","",FALSE,"git ls-files: not tracked; matched current ignore rules; classified as artifacts; path/type indicates generated output",""
"artifacts/h26-consolidation/dev-check/oceancube.Rcheck/00_pkg_src/oceancube/man/cm_setup.Rd",FALSE,TRUE,"artifacts",FALSE,FALSE,FALSE,TRUE,TRUE,FALSE,FALSE,"","ignore","",FALSE,"git ls-files: not tracked; matched current ignore rules; classified as artifacts; path/type indicates generated output",""
"artifacts/h26-consolidation/dev-check/oceancube.Rcheck/00_pkg_src/oceancube/man/coast_dist.Rd",FALSE,TRUE,"artifacts",FALSE,FALSE,FALSE,TRUE,TRUE,FALSE,FALSE,"","ignore","",FALSE,"git ls-files: not tracked; matched current ignore rules; classified as artifacts; path/type indicates generated output",""
"artifacts/h26-consolidation/dev-check/oceancube.Rcheck/00_pkg_src/oceancube/man/crop_stock.Rd",FALSE,TRUE,"artifacts",FALSE,FALSE,FALSE,TRUE,TRUE,FALSE,FALSE,"","ignore","",FALSE,"git ls-files: not tracked; matched current ignore rules; classified as artifacts; path/type indicates generated output",""
"artifacts/h26-consolidation/dev-check/oceancube.Rcheck/00_pkg_src/oceancube/man/cube_cell_area.Rd",FALSE,TRUE,"artifacts",FALSE,FALSE,FALSE,TRUE,TRUE,FALSE,FALSE,"","ignore","",FALSE,"git ls-files: not tracked; matched current ignore rules; classified as artifacts; path/type indicates generated output",""
"artifacts/h26-consolidation/dev-check/oceancube.Rcheck/00_pkg_src/oceancube/man/cube_cell_volume.Rd",FALSE,TRUE,"artifacts",FALSE,FALSE,FALSE,TRUE,TRUE,FALSE,FALSE,"","ignore","",FALSE,"git ls-files: not tracked; matched current ignore rules; classified as artifacts; path/type indicates generated output",""
"artifacts/h26-consolidation/dev-check/oceancube.Rcheck/00_pkg_src/oceancube/man/cube_collect.Rd",FALSE,TRUE,"artifacts",FALSE,FALSE,FALSE,TRUE,TRUE,FALSE,FALSE,"","ignore","",FALSE,"git ls-files: not tracked; matched current ignore rules; classified as artifacts; path/type indicates generated output",""
"artifacts/h26-consolidation/dev-check/oceancube.Rcheck/00_pkg_src/oceancube/man/cube_crop.Rd",FALSE,TRUE,"artifacts",FALSE,FALSE,FALSE,TRUE,TRUE,FALSE,FALSE,"","ignore","",FALSE,"git ls-files: not tracked; matched current ignore rules; classified as artifacts; path/type indicates generated output",""
"artifacts/h26-consolidation/dev-check/oceancube.Rcheck/00_pkg_src/oceancube/man/cube_extract.Rd",FALSE,TRUE,"artifacts",FALSE,FALSE,FALSE,TRUE,TRUE,FALSE,FALSE,"","ignore","",FALSE,"git ls-files: not tracked; matched current ignore rules; classified as artifacts; path/type indicates generated output",""
"artifacts/h26-consolidation/dev-check/oceancube.Rcheck/00_pkg_src/oceancube/man/cube_layer_thickness.Rd",FALSE,TRUE,"artifacts",FALSE,FALSE,FALSE,TRUE,TRUE,FALSE,FALSE,"","ignore","",FALSE,"git ls-files: not tracked; matched current ignore rules; classified as artifacts; path/type indicates generated output",""
"artifacts/h26-consolidation/dev-check/oceancube.Rcheck/00_pkg_src/oceancube/man/cube_mask.Rd",FALSE,TRUE,"artifacts",FALSE,FALSE,FALSE,TRUE,TRUE,FALSE,FALSE,"","ignore","",FALSE,"git ls-files: not tracked; matched current ignore rules; classified as artifacts; path/type indicates generated output",""
"artifacts/h26-consolidation/dev-check/oceancube.Rcheck/00_pkg_src/oceancube/man/cube_polygon_weights.Rd",FALSE,TRUE,"artifacts",FALSE,FALSE,FALSE,TRUE,TRUE,FALSE,FALSE,"","ignore","",FALSE,"git ls-files: not tracked; matched current ignore rules; classified as artifacts; path/type indicates generated output",""
"artifacts/h26-consolidation/dev-check/oceancube.Rcheck/00_pkg_src/oceancube/man/cube_slice.Rd",FALSE,TRUE,"artifacts",FALSE,FALSE,FALSE,TRUE,TRUE,FALSE,FALSE,"","ignore","",FALSE,"git ls-files: not tracked; matched current ignore rules; classified as artifacts; path/type indicates generated output",""
"artifacts/h26-consolidation/dev-check/oceancube.Rcheck/00_pkg_src/oceancube/man/cube_transect.Rd",FALSE,TRUE,"artifacts",FALSE,FALSE,FALSE,TRUE,TRUE,FALSE,TRUE,"","ignore","",FALSE,"git ls-files: not tracked; matched current ignore rules; classified as artifacts; path/type indicates generated output",""
"artifacts/h26-consolidation/dev-check/oceancube.Rcheck/00_pkg_src/oceancube/man/download_nc.Rd",FALSE,TRUE,"artifacts",FALSE,FALSE,FALSE,TRUE,TRUE,FALSE,FALSE,"","ignore","",FALSE,"git ls-files: not tracked; matched current ignore rules; classified as artifacts; path/type indicates generated output",""
"artifacts/h26-consolidation/dev-check/oceancube.Rcheck/00_pkg_src/oceancube/man/layer_mean.Rd",FALSE,TRUE,"artifacts",FALSE,FALSE,FALSE,TRUE,TRUE,FALSE,FALSE,"","ignore","",FALSE,"git ls-files: not tracked; matched current ignore rules; classified as artifacts; path/type indicates generated output",""
"artifacts/h26-consolidation/dev-check/oceancube.Rcheck/00_pkg_src/oceancube/man/link_events.Rd",FALSE,TRUE,"artifacts",FALSE,FALSE,FALSE,TRUE,TRUE,FALSE,FALSE,"","ignore","",FALSE,"git ls-files: not tracked; matched current ignore rules; classified as artifacts; path/type indicates generated output",""
"artifacts/h26-consolidation/dev-check/oceancube.Rcheck/00_pkg_src/oceancube/man/ocean_cube.Rd",FALSE,TRUE,"artifacts",FALSE,FALSE,FALSE,TRUE,TRUE,FALSE,FALSE,"","ignore","",FALSE,"git ls-files: not tracked; matched current ignore rules; classified as artifacts; path/type indicates generated output",""
"artifacts/h26-consolidation/dev-check/oceancube.Rcheck/00_pkg_src/oceancube/man/read_nc.Rd",FALSE,TRUE,"artifacts",FALSE,FALSE,FALSE,TRUE,TRUE,FALSE,FALSE,"","ignore","",FALSE,"git ls-files: not tracked; matched current ignore rules; classified as artifacts; path/type indicates generated output",""
"artifacts/h26-consolidation/dev-check/oceancube.Rcheck/00_pkg_src/oceancube/man/signal_noise.Rd",FALSE,TRUE,"artifacts",FALSE,FALSE,FALSE,TRUE,TRUE,FALSE,FALSE,"","ignore","",FALSE,"git ls-files: not tracked; matched current ignore rules; classified as artifacts; path/type indicates generated output",""
"artifacts/h26-consolidation/dev-check/oceancube.Rcheck/00_pkg_src/oceancube/man/stock_mask.Rd",FALSE,TRUE,"artifacts",FALSE,FALSE,FALSE,TRUE,TRUE,FALSE,FALSE,"","ignore","",FALSE,"git ls-files: not tracked; matched current ignore rules; classified as artifacts; path/type indicates generated output",""
"artifacts/h26-consolidation/dev-check/oceancube.Rcheck/00_pkg_src/oceancube/man/to_month.Rd",FALSE,TRUE,"artifacts",FALSE,FALSE,FALSE,TRUE,TRUE,FALSE,FALSE,"","ignore","",FALSE,"git ls-files: not tracked; matched current ignore rules; classified as artifacts; path/type indicates generated output",""
"artifacts/h26-consolidation/dev-check/oceancube.Rcheck/00_pkg_src/oceancube/NAMESPACE",FALSE,TRUE,"artifacts",FALSE,FALSE,FALSE,TRUE,TRUE,FALSE,FALSE,"","ignore","",FALSE,"git ls-files: not tracked; matched current ignore rules; classified as artifacts; path/type indicates generated output",""
"artifacts/h26-consolidation/dev-check/oceancube.Rcheck/00_pkg_src/oceancube/NEWS.md",FALSE,TRUE,"artifacts",FALSE,FALSE,FALSE,TRUE,TRUE,FALSE,FALSE,"","ignore","",FALSE,"git ls-files: not tracked; matched current ignore rules; classified as artifacts; path/type indicates generated output",""
"artifacts/h26-consolidation/dev-check/oceancube.Rcheck/00_pkg_src/oceancube/R/annual_index.R",FALSE,TRUE,"artifacts",FALSE,FALSE,FALSE,TRUE,TRUE,FALSE,FALSE,"","ignore","",FALSE,"git ls-files: not tracked; matched current ignore rules; classified as artifacts; path/type indicates generated output",""
"artifacts/h26-consolidation/dev-check/oceancube.Rcheck/00_pkg_src/oceancube/R/anom_diff.R",FALSE,TRUE,"artifacts",FALSE,FALSE,FALSE,TRUE,TRUE,FALSE,FALSE,"","ignore","",FALSE,"git ls-files: not tracked; matched current ignore rules; classified as artifacts; path/type indicates generated output",""
"artifacts/h26-consolidation/dev-check/oceancube.Rcheck/00_pkg_src/oceancube/R/backend-index.R",FALSE,TRUE,"artifacts",FALSE,FALSE,FALSE,TRUE,TRUE,FALSE,FALSE,"","ignore","",FALSE,"git ls-files: not tracked; matched current ignore rules; classified as artifacts; path/type indicates generated output",""
"artifacts/h26-consolidation/dev-check/oceancube.Rcheck/00_pkg_src/oceancube/R/backend-memory.R",FALSE,TRUE,"artifacts",FALSE,FALSE,FALSE,TRUE,TRUE,FALSE,FALSE,"","ignore","",FALSE,"git ls-files: not tracked; matched current ignore rules; classified as artifacts; path/type indicates generated output",""
"artifacts/h26-consolidation/dev-check/oceancube.Rcheck/00_pkg_src/oceancube/R/backend-netcdf.R",FALSE,TRUE,"artifacts",FALSE,FALSE,FALSE,TRUE,TRUE,FALSE,FALSE,"","ignore","",FALSE,"git ls-files: not tracked; matched current ignore rules; classified as artifacts; path/type indicates generated output",""
"artifacts/h26-consolidation/dev-check/oceancube.Rcheck/00_pkg_src/oceancube/R/clim_day.R",FALSE,TRUE,"artifacts",FALSE,FALSE,FALSE,TRUE,TRUE,FALSE,FALSE,"","ignore","",FALSE,"git ls-files: not tracked; matched current ignore rules; classified as artifacts; path/type indicates generated output",""
"artifacts/h26-consolidation/dev-check/oceancube.Rcheck/00_pkg_src/oceancube/R/clim_month.R",FALSE,TRUE,"artifacts",FALSE,FALSE,FALSE,TRUE,TRUE,FALSE,FALSE,"","ignore","",FALSE,"git ls-files: not tracked; matched current ignore rules; classified as artifacts; path/type indicates generated output",""
"artifacts/h26-consolidation/dev-check/oceancube.Rcheck/00_pkg_src/oceancube/R/cm_setup.R",FALSE,TRUE,"artifacts",FALSE,FALSE,FALSE,TRUE,TRUE,FALSE,FALSE,"","ignore","",FALSE,"git ls-files: not tracked; matched current ignore rules; classified as artifacts; path/type indicates generated output",""
"artifacts/h26-consolidation/dev-check/oceancube.Rcheck/00_pkg_src/oceancube/R/coast_dist.R",FALSE,TRUE,"artifacts",FALSE,FALSE,FALSE,TRUE,TRUE,FALSE,FALSE,"","ignore","",FALSE,"git ls-files: not tracked; matched current ignore rules; classified as artifacts; path/type indicates generated output",""
"artifacts/h26-consolidation/dev-check/oceancube.Rcheck/00_pkg_src/oceancube/R/cube_collect.R",FALSE,TRUE,"artifacts",FALSE,FALSE,FALSE,TRUE,TRUE,FALSE,FALSE,"","ignore","",FALSE,"git ls-files: not tracked; matched current ignore rules; classified as artifacts; path/type indicates generated output",""
"artifacts/h26-consolidation/dev-check/oceancube.Rcheck/00_pkg_src/oceancube/R/cube_crop.R",FALSE,TRUE,"artifacts",FALSE,FALSE,FALSE,TRUE,TRUE,FALSE,FALSE,"","ignore","",FALSE,"git ls-files: not tracked; matched current ignore rules; classified as artifacts; path/type indicates generated output",""
"artifacts/h26-consolidation/dev-check/oceancube.Rcheck/00_pkg_src/oceancube/R/cube_extract.R",FALSE,TRUE,"artifacts",FALSE,FALSE,FALSE,TRUE,TRUE,FALSE,FALSE,"","ignore","",FALSE,"git ls-files: not tracked; matched current ignore rules; classified as artifacts; path/type indicates generated output",""
"artifacts/h26-consolidation/dev-check/oceancube.Rcheck/00_pkg_src/oceancube/R/cube_grid_geometry.R",FALSE,TRUE,"artifacts",FALSE,FALSE,FALSE,TRUE,TRUE,FALSE,FALSE,"","ignore","",FALSE,"git ls-files: not tracked; matched current ignore rules; classified as artifacts; path/type indicates generated output",""
"artifacts/h26-consolidation/dev-check/oceancube.Rcheck/00_pkg_src/oceancube/R/cube_mask.R",FALSE,TRUE,"artifacts",FALSE,FALSE,FALSE,TRUE,TRUE,FALSE,FALSE,"","ignore","",FALSE,"git ls-files: not tracked; matched current ignore rules; classified as artifacts; path/type indicates generated output",""
"artifacts/h26-consolidation/dev-check/oceancube.Rcheck/00_pkg_src/oceancube/R/cube_polygon_weights.R",FALSE,TRUE,"artifacts",FALSE,FALSE,FALSE,TRUE,TRUE,FALSE,FALSE,"","ignore","",FALSE,"git ls-files: not tracked; matched current ignore rules; classified as artifacts; path/type indicates generated output",""
"artifacts/h26-consolidation/dev-check/oceancube.Rcheck/00_pkg_src/oceancube/R/cube_slice.R",FALSE,TRUE,"artifacts",FALSE,FALSE,FALSE,TRUE,TRUE,FALSE,FALSE,"","ignore","",FALSE,"git ls-files: not tracked; matched current ignore rules; classified as artifacts; path/type indicates generated output",""
"artifacts/h26-consolidation/dev-check/oceancube.Rcheck/00_pkg_src/oceancube/R/cube_transect.R",FALSE,TRUE,"artifacts",FALSE,FALSE,FALSE,TRUE,TRUE,FALSE,FALSE,"","ignore","",FALSE,"git ls-files: not tracked; matched current ignore rules; classified as artifacts; path/type indicates generated output",""
"artifacts/h26-consolidation/dev-check/oceancube.Rcheck/00_pkg_src/oceancube/R/download_nc.R",FALSE,TRUE,"artifacts",FALSE,FALSE,FALSE,TRUE,TRUE,FALSE,FALSE,"","ignore","",FALSE,"git ls-files: not tracked; matched current ignore rules; classified as artifacts; path/type indicates generated output",""
"artifacts/h26-consolidation/dev-check/oceancube.Rcheck/00_pkg_src/oceancube/R/layer_mean.R",FALSE,TRUE,"artifacts",FALSE,FALSE,FALSE,TRUE,TRUE,FALSE,FALSE,"","ignore","",FALSE,"git ls-files: not tracked; matched current ignore rules; classified as artifacts; path/type indicates generated output",""
"artifacts/h26-consolidation/dev-check/oceancube.Rcheck/00_pkg_src/oceancube/R/link_events.R",FALSE,TRUE,"artifacts",FALSE,FALSE,FALSE,TRUE,TRUE,FALSE,FALSE,"","ignore","",FALSE,"git ls-files: not tracked; matched current ignore rules; classified as artifacts; path/type indicates generated output",""
"artifacts/h26-consolidation/dev-check/oceancube.Rcheck/00_pkg_src/oceancube/R/ocean_cube.R",FALSE,TRUE,"artifacts",FALSE,FALSE,FALSE,TRUE,TRUE,FALSE,FALSE,"","ignore","",FALSE,"git ls-files: not tracked; matched current ignore rules; classified as artifacts; path/type indicates generated output",""
"artifacts/h26-consolidation/dev-check/oceancube.Rcheck/00_pkg_src/oceancube/R/read_nc.R",FALSE,TRUE,"artifacts",FALSE,FALSE,FALSE,TRUE,TRUE,FALSE,FALSE,"","ignore","",FALSE,"git ls-files: not tracked; matched current ignore rules; classified as artifacts; path/type indicates generated output",""
"artifacts/h26-consolidation/dev-check/oceancube.Rcheck/00_pkg_src/oceancube/R/stock_mask.R",FALSE,TRUE,"artifacts",FALSE,FALSE,FALSE,TRUE,TRUE,FALSE,FALSE,"","ignore","",FALSE,"git ls-files: not tracked; matched current ignore rules; classified as artifacts; path/type indicates generated output",""
"artifacts/h26-consolidation/dev-check/oceancube.Rcheck/00_pkg_src/oceancube/R/to_month.R",FALSE,TRUE,"artifacts",FALSE,FALSE,FALSE,TRUE,TRUE,FALSE,FALSE,"","ignore","",FALSE,"git ls-files: not tracked; matched current ignore rules; classified as artifacts; path/type indicates generated output",""
"artifacts/h26-consolidation/dev-check/oceancube.Rcheck/00_pkg_src/oceancube/R/utils-internal.R",FALSE,TRUE,"artifacts",FALSE,FALSE,FALSE,TRUE,TRUE,FALSE,FALSE,"","ignore","",FALSE,"git ls-files: not tracked; matched current ignore rules; classified as artifacts; path/type indicates generated output",""
"artifacts/h26-consolidation/dev-check/oceancube.Rcheck/00_pkg_src/oceancube/README.md",FALSE,TRUE,"artifacts",FALSE,FALSE,FALSE,TRUE,TRUE,FALSE,TRUE,"","ignore","",FALSE,"git ls-files: not tracked; matched current ignore rules; classified as artifacts; path/type indicates generated output",""
"artifacts/h26-consolidation/dev-check/oceancube.Rcheck/00_pkg_src/oceancube/tests/testthat.R",FALSE,TRUE,"artifacts",FALSE,FALSE,FALSE,TRUE,TRUE,FALSE,FALSE,"","ignore","",FALSE,"git ls-files: not tracked; matched current ignore rules; classified as artifacts; path/type indicates generated output",""
"artifacts/h26-consolidation/dev-check/oceancube.Rcheck/00_pkg_src/oceancube/tests/testthat/helper-architecture.R",FALSE,TRUE,"artifacts",FALSE,FALSE,FALSE,TRUE,TRUE,FALSE,FALSE,"","ignore","",FALSE,"git ls-files: not tracked; matched current ignore rules; classified as artifacts; path/type indicates generated output",""
"artifacts/h26-consolidation/dev-check/oceancube.Rcheck/00_pkg_src/oceancube/tests/testthat/helper-baseline-cube.R",FALSE,TRUE,"artifacts",FALSE,FALSE,FALSE,TRUE,TRUE,FALSE,FALSE,"","ignore","",FALSE,"git ls-files: not tracked; matched current ignore rules; classified as artifacts; path/type indicates generated output",""
"artifacts/h26-consolidation/dev-check/oceancube.Rcheck/00_pkg_src/oceancube/tests/testthat/helper-geometry.R",FALSE,TRUE,"artifacts",FALSE,FALSE,FALSE,TRUE,TRUE,FALSE,FALSE,"","ignore","",FALSE,"git ls-files: not tracked; matched current ignore rules; classified as artifacts; path/type indicates generated output",""
"artifacts/h26-consolidation/dev-check/oceancube.Rcheck/00_pkg_src/oceancube/tests/testthat/helper-netcdf-backend.R",FALSE,TRUE,"artifacts",FALSE,FALSE,FALSE,TRUE,TRUE,FALSE,FALSE,"","ignore","",FALSE,"git ls-files: not tracked; matched current ignore rules; classified as artifacts; path/type indicates generated output",""
"artifacts/h26-consolidation/dev-check/oceancube.Rcheck/00_pkg_src/oceancube/tests/testthat/test-backend-memory.R",FALSE,TRUE,"artifacts",FALSE,FALSE,FALSE,TRUE,TRUE,FALSE,FALSE,"","ignore","",FALSE,"git ls-files: not tracked; matched current ignore rules; classified as artifacts; path/type indicates generated output",""
"artifacts/h26-consolidation/dev-check/oceancube.Rcheck/00_pkg_src/oceancube/tests/testthat/test-backend-netcdf-descriptor.R",FALSE,TRUE,"artifacts",FALSE,FALSE,FALSE,TRUE,TRUE,FALSE,TRUE,"","ignore","",FALSE,"git ls-files: not tracked; matched current ignore rules; classified as artifacts; path/type indicates generated output",""
"artifacts/h26-consolidation/dev-check/oceancube.Rcheck/00_pkg_src/oceancube/tests/testthat/test-backend-netcdf-noncontiguous.R",FALSE,TRUE,"artifacts",FALSE,FALSE,FALSE,TRUE,TRUE,FALSE,FALSE,"","ignore","",FALSE,"git ls-files: not tracked; matched current ignore rules; classified as artifacts; path/type indicates generated output",""
"artifacts/h26-consolidation/dev-check/oceancube.Rcheck/00_pkg_src/oceancube/tests/testthat/test-backend-netcdf-read-block.R",FALSE,TRUE,"artifacts",FALSE,FALSE,FALSE,TRUE,TRUE,FALSE,FALSE,"","ignore","",FALSE,"git ls-files: not tracked; matched current ignore rules; classified as artifacts; path/type indicates generated output",""
"artifacts/h26-consolidation/dev-check/oceancube.Rcheck/00_pkg_src/oceancube/tests/testthat/test-clim-anom.R",FALSE,TRUE,"artifacts",FALSE,FALSE,FALSE,TRUE,TRUE,FALSE,FALSE,"","ignore","",FALSE,"git ls-files: not tracked; matched current ignore rules; classified as artifacts; path/type indicates generated output",""
"artifacts/h26-consolidation/dev-check/oceancube.Rcheck/00_pkg_src/oceancube/tests/testthat/test-cube-collect.R",FALSE,TRUE,"artifacts",FALSE,FALSE,FALSE,TRUE,TRUE,FALSE,FALSE,"","ignore","",FALSE,"git ls-files: not tracked; matched current ignore rules; classified as artifacts; path/type indicates generated output",""
"artifacts/h26-consolidation/dev-check/oceancube.Rcheck/00_pkg_src/oceancube/tests/testthat/test-cube-crop.R",FALSE,TRUE,"artifacts",FALSE,FALSE,FALSE,TRUE,TRUE,FALSE,FALSE,"","ignore","",FALSE,"git ls-files: not tracked; matched current ignore rules; classified as artifacts; path/type indicates generated output",""
"artifacts/h26-consolidation/dev-check/oceancube.Rcheck/00_pkg_src/oceancube/tests/testthat/test-cube-extract.R",FALSE,TRUE,"artifacts",FALSE,FALSE,FALSE,TRUE,TRUE,FALSE,FALSE,"","ignore","",FALSE,"git ls-files: not tracked; matched current ignore rules; classified as artifacts; path/type indicates generated output",""
"artifacts/h26-consolidation/dev-check/oceancube.Rcheck/00_pkg_src/oceancube/tests/testthat/test-cube-grid-geometry.R",FALSE,TRUE,"artifacts",FALSE,FALSE,FALSE,TRUE,TRUE,FALSE,FALSE,"","ignore","",FALSE,"git ls-files: not tracked; matched current ignore rules; classified as artifacts; path/type indicates generated output",""
"artifacts/h26-consolidation/dev-check/oceancube.Rcheck/00_pkg_src/oceancube/tests/testthat/test-cube-mask.R",FALSE,TRUE,"artifacts",FALSE,FALSE,FALSE,TRUE,TRUE,FALSE,FALSE,"","ignore","",FALSE,"git ls-files: not tracked; matched current ignore rules; classified as artifacts; path/type indicates generated output",""
"artifacts/h26-consolidation/dev-check/oceancube.Rcheck/00_pkg_src/oceancube/tests/testthat/test-cube-polygon-weights.R",FALSE,TRUE,"artifacts",FALSE,FALSE,FALSE,TRUE,TRUE,FALSE,FALSE,"","ignore","",FALSE,"git ls-files: not tracked; matched current ignore rules; classified as artifacts; path/type indicates generated output",""
"artifacts/h26-consolidation/dev-check/oceancube.Rcheck/00_pkg_src/oceancube/tests/testthat/test-cube-slice.R",FALSE,TRUE,"artifacts",FALSE,FALSE,FALSE,TRUE,TRUE,FALSE,FALSE,"","ignore","",FALSE,"git ls-files: not tracked; matched current ignore rules; classified as artifacts; path/type indicates generated output",""
"artifacts/h26-consolidation/dev-check/oceancube.Rcheck/00_pkg_src/oceancube/tests/testthat/test-cube-transect.R",FALSE,TRUE,"artifacts",FALSE,FALSE,FALSE,TRUE,TRUE,FALSE,FALSE,"","ignore","",FALSE,"git ls-files: not tracked; matched current ignore rules; classified as artifacts; path/type indicates generated output",""
"artifacts/h26-consolidation/dev-check/oceancube.Rcheck/00_pkg_src/oceancube/tests/testthat/test-daily-link.R",FALSE,TRUE,"artifacts",FALSE,FALSE,FALSE,TRUE,TRUE,FALSE,FALSE,"","ignore","",FALSE,"git ls-files: not tracked; matched current ignore rules; classified as artifacts; path/type indicates generated output",""
"artifacts/h26-consolidation/dev-check/oceancube.Rcheck/00_pkg_src/oceancube/tests/testthat/test-layer-time-mask.R",FALSE,TRUE,"artifacts",FALSE,FALSE,FALSE,TRUE,TRUE,FALSE,FALSE,"","ignore","",FALSE,"git ls-files: not tracked; matched current ignore rules; classified as artifacts; path/type indicates generated output",""
"artifacts/h26-consolidation/dev-check/oceancube.Rcheck/00_pkg_src/oceancube/tests/testthat/test-no-direct-data-access.R",FALSE,TRUE,"artifacts",FALSE,FALSE,FALSE,TRUE,TRUE,FALSE,FALSE,"","ignore","",FALSE,"git ls-files: not tracked; matched current ignore rules; classified as artifacts; path/type indicates generated output",""
"artifacts/h26-consolidation/dev-check/oceancube.Rcheck/00_pkg_src/oceancube/tests/testthat/test-ocean-cube-baseline.R",FALSE,TRUE,"artifacts",FALSE,FALSE,FALSE,TRUE,TRUE,FALSE,FALSE,"","ignore","",FALSE,"git ls-files: not tracked; matched current ignore rules; classified as artifacts; path/type indicates generated output",""
"artifacts/h26-consolidation/dev-check/oceancube.Rcheck/00_pkg_src/oceancube/tests/testthat/test-ocean-cube-contract.R",FALSE,TRUE,"artifacts",FALSE,FALSE,FALSE,TRUE,TRUE,FALSE,FALSE,"","ignore","",FALSE,"git ls-files: not tracked; matched current ignore rules; classified as artifacts; path/type indicates generated output",""
"artifacts/h26-consolidation/dev-check/oceancube.Rcheck/00_pkg_src/oceancube/tests/testthat/test-ocean-cube.R",FALSE,TRUE,"artifacts",FALSE,FALSE,FALSE,TRUE,TRUE,FALSE,FALSE,"","ignore","",FALSE,"git ls-files: not tracked; matched current ignore rules; classified as artifacts; path/type indicates generated output",""
"artifacts/h26-consolidation/dev-check/oceancube.Rcheck/00_pkg_src/oceancube/tests/testthat/test-package-boundary-spatind.R",FALSE,TRUE,"artifacts",FALSE,FALSE,FALSE,TRUE,TRUE,FALSE,FALSE,"","ignore","",FALSE,"git ls-files: not tracked; matched current ignore rules; classified as artifacts; path/type indicates generated output",""
"artifacts/h26-consolidation/dev-check/oceancube.Rcheck/00_pkg_src/oceancube/tests/testthat/test-read-nc-baseline.R",FALSE,TRUE,"artifacts",FALSE,FALSE,FALSE,TRUE,TRUE,FALSE,FALSE,"","ignore","",FALSE,"git ls-files: not tracked; matched current ignore rules; classified as artifacts; path/type indicates generated output",""
"artifacts/h26-consolidation/dev-check/oceancube.Rcheck/00_pkg_src/oceancube/tests/testthat/test-refactor-coast-dist-backend.R",FALSE,TRUE,"artifacts",FALSE,FALSE,FALSE,TRUE,TRUE,FALSE,FALSE,"","ignore","",FALSE,"git ls-files: not tracked; matched current ignore rules; classified as artifacts; path/type indicates generated output",""
"artifacts/h26-consolidation/dev-check/oceancube.Rcheck/00_pkg_src/oceancube/tests/testthat/test-refactor-layer-annual-backend.R",FALSE,TRUE,"artifacts",FALSE,FALSE,FALSE,TRUE,TRUE,FALSE,FALSE,"","ignore","",FALSE,"git ls-files: not tracked; matched current ignore rules; classified as artifacts; path/type indicates generated output",""
"artifacts/h26-consolidation/dev-check/oceancube.Rcheck/00_pkg_src/oceancube/tests/testthat/test-refactor-link-events-backend.R",FALSE,TRUE,"artifacts",FALSE,FALSE,FALSE,TRUE,TRUE,FALSE,FALSE,"","ignore","",FALSE,"git ls-files: not tracked; matched current ignore rules; classified as artifacts; path/type indicates generated output",""
"artifacts/h26-consolidation/dev-check/oceancube.Rcheck/00_pkg_src/oceancube/tests/testthat/test-refactor-temporal-backend.R",FALSE,TRUE,"artifacts",FALSE,FALSE,FALSE,TRUE,TRUE,FALSE,FALSE,"","ignore","",FALSE,"git ls-files: not tracked; matched current ignore rules; classified as artifacts; path/type indicates generated output",""
"artifacts/h26-consolidation/dev-check/oceancube.Rcheck/00_pkg_src/oceancube/tests/testthat/test-release-contract.R",FALSE,TRUE,"artifacts",FALSE,FALSE,FALSE,TRUE,TRUE,FALSE,FALSE,"","ignore","",FALSE,"git ls-files: not tracked; matched current ignore rules; classified as artifacts; path/type indicates generated output",""
"artifacts/h26-consolidation/dev-check/oceancube.Rcheck/00_pkg_src/oceancube/tests/testthat/test-scientific-baseline.R",FALSE,TRUE,"artifacts",FALSE,FALSE,FALSE,TRUE,TRUE,FALSE,FALSE,"","ignore","",FALSE,"git ls-files: not tracked; matched current ignore rules; classified as artifacts; path/type indicates generated output",""
"artifacts/h26-consolidation/dev-check/oceancube.Rcheck/00_pkg_src/oceancube/vignettes/get-started.Rmd",FALSE,TRUE,"artifacts",FALSE,FALSE,FALSE,TRUE,TRUE,FALSE,FALSE,"","ignore","",FALSE,"git ls-files: not tracked; matched current ignore rules; classified as artifacts; path/type indicates generated output",""
"artifacts/h26-consolidation/dev-check/oceancube.Rcheck/00_pkg_src/oceancube/vignettes/oceancube-architecture.Rmd",FALSE,TRUE,"artifacts",FALSE,FALSE,FALSE,TRUE,TRUE,FALSE,FALSE,"","ignore","",FALSE,"git ls-files: not tracked; matched current ignore rules; classified as artifacts; path/type indicates generated output",""
"artifacts/h26-consolidation/dev-check/oceancube.Rcheck/00_pkg_src/oceancube/vignettes/oceancube-geometry-weights.Rmd",FALSE,TRUE,"artifacts",FALSE,FALSE,FALSE,TRUE,TRUE,FALSE,FALSE,"","ignore","",FALSE,"git ls-files: not tracked; matched current ignore rules; classified as artifacts; path/type indicates generated output",""
"artifacts/h26-consolidation/dev-check/oceancube.Rcheck/00_pkg_src/oceancube/vignettes/oceancube-handbook.Rmd",FALSE,TRUE,"artifacts",FALSE,FALSE,FALSE,TRUE,TRUE,FALSE,TRUE,"","ignore","",FALSE,"git ls-files: not tracked; matched current ignore rules; classified as artifacts; path/type indicates generated output",""
"artifacts/h26-consolidation/dev-check/oceancube.Rcheck/00_pkg_src/oceancube/vignettes/oceancube-introduction.Rmd",FALSE,TRUE,"artifacts",FALSE,FALSE,FALSE,TRUE,TRUE,FALSE,FALSE,"","ignore","",FALSE,"git ls-files: not tracked; matched current ignore rules; classified as artifacts; path/type indicates generated output",""
"artifacts/h26-consolidation/dev-check/oceancube.Rcheck/00check.log",FALSE,TRUE,"logs",FALSE,FALSE,FALSE,TRUE,TRUE,FALSE,TRUE,"","ignore","",FALSE,"git ls-files: not tracked; matched current ignore rules; classified as logs; path/type indicates generated output",""
"artifacts/h26-consolidation/dev-check/oceancube.Rcheck/00install.out",FALSE,TRUE,"logs",FALSE,FALSE,FALSE,TRUE,TRUE,FALSE,FALSE,"","ignore","",FALSE,"git ls-files: not tracked; matched current ignore rules; classified as logs; path/type indicates generated output",""
"artifacts/h26-consolidation/dev-check/oceancube.Rcheck/oceancube-Ex.pdf",FALSE,TRUE,"artifacts",FALSE,FALSE,FALSE,TRUE,TRUE,FALSE,FALSE,"","ignore","",FALSE,"git ls-files: not tracked; matched current ignore rules; classified as artifacts; path/type indicates generated output",""
"artifacts/h26-consolidation/dev-check/oceancube.Rcheck/oceancube-Ex.R",FALSE,TRUE,"artifacts",FALSE,FALSE,FALSE,TRUE,TRUE,FALSE,FALSE,"","ignore","",FALSE,"git ls-files: not tracked; matched current ignore rules; classified as artifacts; path/type indicates generated output",""
"artifacts/h26-consolidation/dev-check/oceancube.Rcheck/oceancube-Ex.Rout",FALSE,TRUE,"artifacts",FALSE,FALSE,FALSE,TRUE,TRUE,FALSE,FALSE,"","ignore","",FALSE,"git ls-files: not tracked; matched current ignore rules; classified as artifacts; path/type indicates generated output",""
"artifacts/h26-consolidation/dev-check/oceancube.Rcheck/oceancube/architecture/oceancube-spatind-boundary.md",FALSE,TRUE,"artifacts",FALSE,FALSE,FALSE,TRUE,TRUE,FALSE,FALSE,"","ignore","",FALSE,"git ls-files: not tracked; matched current ignore rules; classified as artifacts; path/type indicates generated output",""
"artifacts/h26-consolidation/dev-check/oceancube.Rcheck/oceancube/CITATION",FALSE,TRUE,"artifacts",FALSE,FALSE,FALSE,TRUE,TRUE,FALSE,FALSE,"","ignore","",FALSE,"git ls-files: not tracked; matched current ignore rules; classified as artifacts; path/type indicates generated output",""
"artifacts/h26-consolidation/dev-check/oceancube.Rcheck/oceancube/DESCRIPTION",FALSE,TRUE,"artifacts",FALSE,FALSE,FALSE,TRUE,TRUE,FALSE,FALSE,"","ignore","",FALSE,"git ls-files: not tracked; matched current ignore rules; classified as artifacts; path/type indicates generated output",""
"artifacts/h26-consolidation/dev-check/oceancube.Rcheck/oceancube/doc/get-started.html",FALSE,TRUE,"rendered HTML",FALSE,FALSE,FALSE,TRUE,TRUE,FALSE,TRUE,"","ignore","",FALSE,"git ls-files: not tracked; matched current ignore rules; classified as rendered HTML; path/type indicates generated output",""
"artifacts/h26-consolidation/dev-check/oceancube.Rcheck/oceancube/doc/get-started.R",FALSE,TRUE,"artifacts",FALSE,FALSE,FALSE,TRUE,TRUE,FALSE,FALSE,"","ignore","",FALSE,"git ls-files: not tracked; matched current ignore rules; classified as artifacts; path/type indicates generated output",""
"artifacts/h26-consolidation/dev-check/oceancube.Rcheck/oceancube/doc/get-started.Rmd",FALSE,TRUE,"artifacts",FALSE,FALSE,FALSE,TRUE,TRUE,FALSE,FALSE,"","ignore","",FALSE,"git ls-files: not tracked; matched current ignore rules; classified as artifacts; path/type indicates generated output",""
"artifacts/h26-consolidation/dev-check/oceancube.Rcheck/oceancube/doc/index.html",FALSE,TRUE,"rendered HTML",FALSE,FALSE,FALSE,TRUE,TRUE,FALSE,FALSE,"","ignore","",FALSE,"git ls-files: not tracked; matched current ignore rules; classified as rendered HTML; path/type indicates generated output",""
"artifacts/h26-consolidation/dev-check/oceancube.Rcheck/oceancube/doc/oceancube-architecture.html",FALSE,TRUE,"rendered HTML",FALSE,FALSE,FALSE,TRUE,TRUE,FALSE,TRUE,"","ignore","",FALSE,"git ls-files: not tracked; matched current ignore rules; classified as rendered HTML; path/type indicates generated output",""
"artifacts/h26-consolidation/dev-check/oceancube.Rcheck/oceancube/doc/oceancube-architecture.R",FALSE,TRUE,"artifacts",FALSE,FALSE,FALSE,TRUE,TRUE,FALSE,FALSE,"","ignore","",FALSE,"git ls-files: not tracked; matched current ignore rules; classified as artifacts; path/type indicates generated output",""
"artifacts/h26-consolidation/dev-check/oceancube.Rcheck/oceancube/doc/oceancube-architecture.Rmd",FALSE,TRUE,"artifacts",FALSE,FALSE,FALSE,TRUE,TRUE,FALSE,FALSE,"","ignore","",FALSE,"git ls-files: not tracked; matched current ignore rules; classified as artifacts; path/type indicates generated output",""
"artifacts/h26-consolidation/dev-check/oceancube.Rcheck/oceancube/doc/oceancube-geometry-weights.html",FALSE,TRUE,"rendered HTML",FALSE,FALSE,FALSE,TRUE,TRUE,FALSE,TRUE,"","ignore","",FALSE,"git ls-files: not tracked; matched current ignore rules; classified as rendered HTML; path/type indicates generated output",""
"artifacts/h26-consolidation/dev-check/oceancube.Rcheck/oceancube/doc/oceancube-geometry-weights.R",FALSE,TRUE,"artifacts",FALSE,FALSE,FALSE,TRUE,TRUE,FALSE,FALSE,"","ignore","",FALSE,"git ls-files: not tracked; matched current ignore rules; classified as artifacts; path/type indicates generated output",""
"artifacts/h26-consolidation/dev-check/oceancube.Rcheck/oceancube/doc/oceancube-geometry-weights.Rmd",FALSE,TRUE,"artifacts",FALSE,FALSE,FALSE,TRUE,TRUE,FALSE,FALSE,"","ignore","",FALSE,"git ls-files: not tracked; matched current ignore rules; classified as artifacts; path/type indicates generated output",""
"artifacts/h26-consolidation/dev-check/oceancube.Rcheck/oceancube/doc/oceancube-handbook.html",FALSE,TRUE,"rendered HTML",FALSE,FALSE,FALSE,TRUE,TRUE,FALSE,TRUE,"handbook:oceancube-handbook","ignore","",FALSE,"git ls-files: not tracked; matched current ignore rules; classified as rendered HTML; path/type indicates generated output",""
"artifacts/h26-consolidation/dev-check/oceancube.Rcheck/oceancube/doc/oceancube-handbook.R",FALSE,TRUE,"artifacts",FALSE,FALSE,FALSE,TRUE,TRUE,FALSE,FALSE,"","ignore","",FALSE,"git ls-files: not tracked; matched current ignore rules; classified as artifacts; path/type indicates generated output",""
"artifacts/h26-consolidation/dev-check/oceancube.Rcheck/oceancube/doc/oceancube-handbook.Rmd",FALSE,TRUE,"artifacts",FALSE,FALSE,FALSE,TRUE,TRUE,FALSE,TRUE,"","ignore","",FALSE,"git ls-files: not tracked; matched current ignore rules; classified as artifacts; path/type indicates generated output",""
"artifacts/h26-consolidation/dev-check/oceancube.Rcheck/oceancube/doc/oceancube-introduction.html",FALSE,TRUE,"rendered HTML",FALSE,FALSE,FALSE,TRUE,TRUE,FALSE,TRUE,"","ignore","",FALSE,"git ls-files: not tracked; matched current ignore rules; classified as rendered HTML; path/type indicates generated output",""
"artifacts/h26-consolidation/dev-check/oceancube.Rcheck/oceancube/doc/oceancube-introduction.R",FALSE,TRUE,"artifacts",FALSE,FALSE,FALSE,TRUE,TRUE,FALSE,FALSE,"","ignore","",FALSE,"git ls-files: not tracked; matched current ignore rules; classified as artifacts; path/type indicates generated output",""
"artifacts/h26-consolidation/dev-check/oceancube.Rcheck/oceancube/doc/oceancube-introduction.Rmd",FALSE,TRUE,"artifacts",FALSE,FALSE,FALSE,TRUE,TRUE,FALSE,FALSE,"","ignore","",FALSE,"git ls-files: not tracked; matched current ignore rules; classified as artifacts; path/type indicates generated output",""
"artifacts/h26-consolidation/dev-check/oceancube.Rcheck/oceancube/examples/backend_memory.R",FALSE,TRUE,"artifacts",FALSE,FALSE,FALSE,TRUE,TRUE,FALSE,FALSE,"","ignore","",FALSE,"git ls-files: not tracked; matched current ignore rules; classified as artifacts; path/type indicates generated output",""
"artifacts/h26-consolidation/dev-check/oceancube.Rcheck/oceancube/examples/backend_netcdf_descriptor.R",FALSE,TRUE,"artifacts",FALSE,FALSE,FALSE,TRUE,TRUE,FALSE,FALSE,"","ignore","",FALSE,"git ls-files: not tracked; matched current ignore rules; classified as artifacts; path/type indicates generated output",""
"artifacts/h26-consolidation/dev-check/oceancube.Rcheck/oceancube/examples/backend_netcdf_read_block.R",FALSE,TRUE,"artifacts",FALSE,FALSE,FALSE,TRUE,TRUE,FALSE,FALSE,"","ignore","",FALSE,"git ls-files: not tracked; matched current ignore rules; classified as artifacts; path/type indicates generated output",""
"artifacts/h26-consolidation/dev-check/oceancube.Rcheck/oceancube/examples/baseline_ocean_cube.R",FALSE,TRUE,"artifacts",FALSE,FALSE,FALSE,TRUE,TRUE,FALSE,FALSE,"","ignore","",FALSE,"git ls-files: not tracked; matched current ignore rules; classified as artifacts; path/type indicates generated output",""
"artifacts/h26-consolidation/dev-check/oceancube.Rcheck/oceancube/examples/cube_crop.R",FALSE,TRUE,"artifacts",FALSE,FALSE,FALSE,TRUE,TRUE,FALSE,FALSE,"","ignore","",FALSE,"git ls-files: not tracked; matched current ignore rules; classified as artifacts; path/type indicates generated output",""
"artifacts/h26-consolidation/dev-check/oceancube.Rcheck/oceancube/examples/cube_extract.R",FALSE,TRUE,"artifacts",FALSE,FALSE,FALSE,TRUE,TRUE,FALSE,FALSE,"","ignore","",FALSE,"git ls-files: not tracked; matched current ignore rules; classified as artifacts; path/type indicates generated output",""
"artifacts/h26-consolidation/dev-check/oceancube.Rcheck/oceancube/examples/cube_geometry_weights.R",FALSE,TRUE,"artifacts",FALSE,FALSE,FALSE,TRUE,TRUE,FALSE,FALSE,"","ignore","",FALSE,"git ls-files: not tracked; matched current ignore rules; classified as artifacts; path/type indicates generated output",""
"artifacts/h26-consolidation/dev-check/oceancube.Rcheck/oceancube/examples/cube_mask.R",FALSE,TRUE,"artifacts",FALSE,FALSE,FALSE,TRUE,TRUE,FALSE,FALSE,"","ignore","",FALSE,"git ls-files: not tracked; matched current ignore rules; classified as artifacts; path/type indicates generated output",""
"artifacts/h26-consolidation/dev-check/oceancube.Rcheck/oceancube/examples/cube_slice.R",FALSE,TRUE,"artifacts",FALSE,FALSE,FALSE,TRUE,TRUE,FALSE,FALSE,"","ignore","",FALSE,"git ls-files: not tracked; matched current ignore rules; classified as artifacts; path/type indicates generated output",""
"artifacts/h26-consolidation/dev-check/oceancube.Rcheck/oceancube/examples/cube_transect.R",FALSE,TRUE,"artifacts",FALSE,FALSE,FALSE,TRUE,TRUE,FALSE,FALSE,"","ignore","",FALSE,"git ls-files: not tracked; matched current ignore rules; classified as artifacts; path/type indicates generated output",""
"artifacts/h26-consolidation/dev-check/oceancube.Rcheck/oceancube/examples/noncontiguous_collect.R",FALSE,TRUE,"artifacts",FALSE,FALSE,FALSE,TRUE,TRUE,FALSE,FALSE,"","ignore","",FALSE,"git ls-files: not tracked; matched current ignore rules; classified as artifacts; path/type indicates generated output",""
"artifacts/h26-consolidation/dev-check/oceancube.Rcheck/oceancube/examples/ocean_cube_contract.R",FALSE,TRUE,"artifacts",FALSE,FALSE,FALSE,TRUE,TRUE,FALSE,FALSE,"","ignore","",FALSE,"git ls-files: not tracked; matched current ignore rules; classified as artifacts; path/type indicates generated output",""
"artifacts/h26-consolidation/dev-check/oceancube.Rcheck/oceancube/examples/oceancube-handbook-workflow.R",FALSE,TRUE,"artifacts",FALSE,FALSE,FALSE,TRUE,TRUE,FALSE,FALSE,"","ignore","",FALSE,"git ls-files: not tracked; matched current ignore rules; classified as artifacts; path/type indicates generated output",""
"artifacts/h26-consolidation/dev-check/oceancube.Rcheck/oceancube/examples/refactor_coast_dist_backend.R",FALSE,TRUE,"artifacts",FALSE,FALSE,FALSE,TRUE,TRUE,FALSE,FALSE,"","ignore","",FALSE,"git ls-files: not tracked; matched current ignore rules; classified as artifacts; path/type indicates generated output",""
"artifacts/h26-consolidation/dev-check/oceancube.Rcheck/oceancube/examples/refactor_layer_annual_backend.R",FALSE,TRUE,"artifacts",FALSE,FALSE,FALSE,TRUE,TRUE,FALSE,FALSE,"","ignore","",FALSE,"git ls-files: not tracked; matched current ignore rules; classified as artifacts; path/type indicates generated output",""
"artifacts/h26-consolidation/dev-check/oceancube.Rcheck/oceancube/examples/refactor_link_events_backend.R",FALSE,TRUE,"artifacts",FALSE,FALSE,FALSE,TRUE,TRUE,FALSE,FALSE,"","ignore","",FALSE,"git ls-files: not tracked; matched current ignore rules; classified as artifacts; path/type indicates generated output",""
"artifacts/h26-consolidation/dev-check/oceancube.Rcheck/oceancube/examples/refactor_temporal_backend.R",FALSE,TRUE,"artifacts",FALSE,FALSE,FALSE,TRUE,TRUE,FALSE,FALSE,"","ignore","",FALSE,"git ls-files: not tracked; matched current ignore rules; classified as artifacts; path/type indicates generated output",""
"artifacts/h26-consolidation/dev-check/oceancube.Rcheck/oceancube/help/aliases.rds",FALSE,TRUE,"RDS",FALSE,FALSE,FALSE,FALSE,FALSE,TRUE,FALSE,"","relocate-later","approved external data store or minimal test fixture; preserve until checksum and provenance are recorded",FALSE,"git ls-files: not tracked; matched current ignore rules; classified as RDS; path/type does not establish generated output; data extension/location may contain operational data","No move or merge is authorized by this decision document alone."
"artifacts/h26-consolidation/dev-check/oceancube.Rcheck/oceancube/help/AnIndex",FALSE,TRUE,"artifacts",FALSE,FALSE,FALSE,TRUE,TRUE,FALSE,FALSE,"","ignore","",FALSE,"git ls-files: not tracked; matched current ignore rules; classified as artifacts; path/type indicates generated output",""
"artifacts/h26-consolidation/dev-check/oceancube.Rcheck/oceancube/help/oceancube.rdb",FALSE,TRUE,"artifacts",FALSE,FALSE,FALSE,TRUE,TRUE,FALSE,FALSE,"","ignore","",FALSE,"git ls-files: not tracked; matched current ignore rules; classified as artifacts; path/type indicates generated output",""
"artifacts/h26-consolidation/dev-check/oceancube.Rcheck/oceancube/help/oceancube.rdx",FALSE,TRUE,"artifacts",FALSE,FALSE,FALSE,TRUE,TRUE,FALSE,FALSE,"","ignore","",FALSE,"git ls-files: not tracked; matched current ignore rules; classified as artifacts; path/type indicates generated output",""
"artifacts/h26-consolidation/dev-check/oceancube.Rcheck/oceancube/help/paths.rds",FALSE,TRUE,"RDS",FALSE,FALSE,FALSE,FALSE,FALSE,TRUE,FALSE,"","relocate-later","approved external data store or minimal test fixture; preserve until checksum and provenance are recorded",FALSE,"git ls-files: not tracked; matched current ignore rules; classified as RDS; path/type does not establish generated output; data extension/location may contain operational data","No move or merge is authorized by this decision document alone."
"artifacts/h26-consolidation/dev-check/oceancube.Rcheck/oceancube/html/00Index.html",FALSE,TRUE,"rendered HTML",FALSE,FALSE,FALSE,TRUE,TRUE,FALSE,FALSE,"","ignore","",FALSE,"git ls-files: not tracked; matched current ignore rules; classified as rendered HTML; path/type indicates generated output",""
"artifacts/h26-consolidation/dev-check/oceancube.Rcheck/oceancube/html/R.css",FALSE,TRUE,"artifacts",FALSE,FALSE,FALSE,TRUE,TRUE,FALSE,FALSE,"","ignore","",FALSE,"git ls-files: not tracked; matched current ignore rules; classified as artifacts; path/type indicates generated output",""
"artifacts/h26-consolidation/dev-check/oceancube.Rcheck/oceancube/INDEX",FALSE,TRUE,"artifacts",FALSE,FALSE,FALSE,TRUE,TRUE,FALSE,FALSE,"","ignore","",FALSE,"git ls-files: not tracked; matched current ignore rules; classified as artifacts; path/type indicates generated output",""
"artifacts/h26-consolidation/dev-check/oceancube.Rcheck/oceancube/LICENSE",FALSE,TRUE,"artifacts",FALSE,FALSE,FALSE,TRUE,TRUE,FALSE,FALSE,"","ignore","",FALSE,"git ls-files: not tracked; matched current ignore rules; classified as artifacts; path/type indicates generated output",""
"artifacts/h26-consolidation/dev-check/oceancube.Rcheck/oceancube/Meta/features.rds",FALSE,TRUE,"RDS",FALSE,FALSE,FALSE,TRUE,FALSE,TRUE,FALSE,"","relocate-later","approved external data store or minimal test fixture; preserve until checksum and provenance are recorded",FALSE,"git ls-files: not tracked; matched current ignore rules; classified as RDS; path/type indicates generated output; data extension/location may contain operational data","No move or merge is authorized by this decision document alone."
"artifacts/h26-consolidation/dev-check/oceancube.Rcheck/oceancube/Meta/hsearch.rds",FALSE,TRUE,"RDS",FALSE,FALSE,FALSE,TRUE,FALSE,TRUE,FALSE,"","relocate-later","approved external data store or minimal test fixture; preserve until checksum and provenance are recorded",FALSE,"git ls-files: not tracked; matched current ignore rules; classified as RDS; path/type indicates generated output; data extension/location may contain operational data","No move or merge is authorized by this decision document alone."
"artifacts/h26-consolidation/dev-check/oceancube.Rcheck/oceancube/Meta/links.rds",FALSE,TRUE,"RDS",FALSE,FALSE,FALSE,TRUE,FALSE,TRUE,FALSE,"","relocate-later","approved external data store or minimal test fixture; preserve until checksum and provenance are recorded",FALSE,"git ls-files: not tracked; matched current ignore rules; classified as RDS; path/type indicates generated output; data extension/location may contain operational data","No move or merge is authorized by this decision document alone."
"artifacts/h26-consolidation/dev-check/oceancube.Rcheck/oceancube/Meta/nsInfo.rds",FALSE,TRUE,"RDS",FALSE,FALSE,FALSE,TRUE,FALSE,TRUE,FALSE,"","relocate-later","approved external data store or minimal test fixture; preserve until checksum and provenance are recorded",FALSE,"git ls-files: not tracked; matched current ignore rules; classified as RDS; path/type indicates generated output; data extension/location may contain operational data","No move or merge is authorized by this decision document alone."
"artifacts/h26-consolidation/dev-check/oceancube.Rcheck/oceancube/Meta/package.rds",FALSE,TRUE,"RDS",FALSE,FALSE,FALSE,TRUE,FALSE,TRUE,FALSE,"","relocate-later","approved external data store or minimal test fixture; preserve until checksum and provenance are recorded",FALSE,"git ls-files: not tracked; matched current ignore rules; classified as RDS; path/type indicates generated output; data extension/location may contain operational data","No move or merge is authorized by this decision document alone."
"artifacts/h26-consolidation/dev-check/oceancube.Rcheck/oceancube/Meta/Rd.rds",FALSE,TRUE,"RDS",FALSE,FALSE,FALSE,TRUE,FALSE,TRUE,FALSE,"","relocate-later","approved external data store or minimal test fixture; preserve until checksum and provenance are recorded",FALSE,"git ls-files: not tracked; matched current ignore rules; classified as RDS; path/type indicates generated output; data extension/location may contain operational data","No move or merge is authorized by this decision document alone."
"artifacts/h26-consolidation/dev-check/oceancube.Rcheck/oceancube/Meta/vignette.rds",FALSE,TRUE,"RDS",FALSE,FALSE,FALSE,TRUE,FALSE,TRUE,FALSE,"","relocate-later","approved external data store or minimal test fixture; preserve until checksum and provenance are recorded",FALSE,"git ls-files: not tracked; matched current ignore rules; classified as RDS; path/type indicates generated output; data extension/location may contain operational data","No move or merge is authorized by this decision document alone."
"artifacts/h26-consolidation/dev-check/oceancube.Rcheck/oceancube/NAMESPACE",FALSE,TRUE,"artifacts",FALSE,FALSE,FALSE,TRUE,TRUE,FALSE,FALSE,"","ignore","",FALSE,"git ls-files: not tracked; matched current ignore rules; classified as artifacts; path/type indicates generated output",""
"artifacts/h26-consolidation/dev-check/oceancube.Rcheck/oceancube/NEWS.md",FALSE,TRUE,"artifacts",FALSE,FALSE,FALSE,TRUE,TRUE,FALSE,FALSE,"","ignore","",FALSE,"git ls-files: not tracked; matched current ignore rules; classified as artifacts; path/type indicates generated output",""
"artifacts/h26-consolidation/dev-check/oceancube.Rcheck/oceancube/R/oceancube",FALSE,TRUE,"artifacts",FALSE,FALSE,FALSE,TRUE,TRUE,FALSE,FALSE,"","ignore","",FALSE,"git ls-files: not tracked; matched current ignore rules; classified as artifacts; path/type indicates generated output",""
"artifacts/h26-consolidation/dev-check/oceancube.Rcheck/oceancube/R/oceancube.rdb",FALSE,TRUE,"artifacts",FALSE,FALSE,FALSE,TRUE,TRUE,FALSE,FALSE,"","ignore","",FALSE,"git ls-files: not tracked; matched current ignore rules; classified as artifacts; path/type indicates generated output",""
"artifacts/h26-consolidation/dev-check/oceancube.Rcheck/oceancube/R/oceancube.rdx",FALSE,TRUE,"artifacts",FALSE,FALSE,FALSE,TRUE,TRUE,FALSE,FALSE,"","ignore","",FALSE,"git ls-files: not tracked; matched current ignore rules; classified as artifacts; path/type indicates generated output",""
"artifacts/h26-consolidation/dev-check/oceancube.Rcheck/tests/startup.Rs",FALSE,TRUE,"artifacts",FALSE,FALSE,FALSE,TRUE,TRUE,FALSE,FALSE,"","ignore","",FALSE,"git ls-files: not tracked; matched current ignore rules; classified as artifacts; path/type indicates generated output",""
"artifacts/h26-consolidation/dev-check/oceancube.Rcheck/tests/testthat.R",FALSE,TRUE,"artifacts",FALSE,FALSE,FALSE,TRUE,TRUE,FALSE,FALSE,"","ignore","",FALSE,"git ls-files: not tracked; matched current ignore rules; classified as artifacts; path/type indicates generated output",""
"artifacts/h26-consolidation/dev-check/oceancube.Rcheck/tests/testthat.Rout",FALSE,TRUE,"artifacts",FALSE,FALSE,FALSE,TRUE,TRUE,FALSE,FALSE,"","ignore","",FALSE,"git ls-files: not tracked; matched current ignore rules; classified as artifacts; path/type indicates generated output",""
"artifacts/h26-consolidation/dev-check/oceancube.Rcheck/tests/testthat/helper-architecture.R",FALSE,TRUE,"artifacts",FALSE,FALSE,FALSE,TRUE,TRUE,FALSE,FALSE,"","ignore","",FALSE,"git ls-files: not tracked; matched current ignore rules; classified as artifacts; path/type indicates generated output",""
"artifacts/h26-consolidation/dev-check/oceancube.Rcheck/tests/testthat/helper-baseline-cube.R",FALSE,TRUE,"artifacts",FALSE,FALSE,FALSE,TRUE,TRUE,FALSE,FALSE,"","ignore","",FALSE,"git ls-files: not tracked; matched current ignore rules; classified as artifacts; path/type indicates generated output",""
"artifacts/h26-consolidation/dev-check/oceancube.Rcheck/tests/testthat/helper-geometry.R",FALSE,TRUE,"artifacts",FALSE,FALSE,FALSE,TRUE,TRUE,FALSE,FALSE,"","ignore","",FALSE,"git ls-files: not tracked; matched current ignore rules; classified as artifacts; path/type indicates generated output",""
"artifacts/h26-consolidation/dev-check/oceancube.Rcheck/tests/testthat/helper-netcdf-backend.R",FALSE,TRUE,"artifacts",FALSE,FALSE,FALSE,TRUE,TRUE,FALSE,FALSE,"","ignore","",FALSE,"git ls-files: not tracked; matched current ignore rules; classified as artifacts; path/type indicates generated output",""
"artifacts/h26-consolidation/dev-check/oceancube.Rcheck/tests/testthat/test-backend-memory.R",FALSE,TRUE,"artifacts",FALSE,FALSE,FALSE,TRUE,TRUE,FALSE,FALSE,"","ignore","",FALSE,"git ls-files: not tracked; matched current ignore rules; classified as artifacts; path/type indicates generated output",""
"artifacts/h26-consolidation/dev-check/oceancube.Rcheck/tests/testthat/test-backend-netcdf-descriptor.R",FALSE,TRUE,"artifacts",FALSE,FALSE,FALSE,TRUE,TRUE,FALSE,TRUE,"","ignore","",FALSE,"git ls-files: not tracked; matched current ignore rules; classified as artifacts; path/type indicates generated output",""
"artifacts/h26-consolidation/dev-check/oceancube.Rcheck/tests/testthat/test-backend-netcdf-noncontiguous.R",FALSE,TRUE,"artifacts",FALSE,FALSE,FALSE,TRUE,TRUE,FALSE,FALSE,"","ignore","",FALSE,"git ls-files: not tracked; matched current ignore rules; classified as artifacts; path/type indicates generated output",""
"artifacts/h26-consolidation/dev-check/oceancube.Rcheck/tests/testthat/test-backend-netcdf-read-block.R",FALSE,TRUE,"artifacts",FALSE,FALSE,FALSE,TRUE,TRUE,FALSE,FALSE,"","ignore","",FALSE,"git ls-files: not tracked; matched current ignore rules; classified as artifacts; path/type indicates generated output",""
"artifacts/h26-consolidation/dev-check/oceancube.Rcheck/tests/testthat/test-clim-anom.R",FALSE,TRUE,"artifacts",FALSE,FALSE,FALSE,TRUE,TRUE,FALSE,FALSE,"","ignore","",FALSE,"git ls-files: not tracked; matched current ignore rules; classified as artifacts; path/type indicates generated output",""
"artifacts/h26-consolidation/dev-check/oceancube.Rcheck/tests/testthat/test-cube-collect.R",FALSE,TRUE,"artifacts",FALSE,FALSE,FALSE,TRUE,TRUE,FALSE,FALSE,"","ignore","",FALSE,"git ls-files: not tracked; matched current ignore rules; classified as artifacts; path/type indicates generated output",""
"artifacts/h26-consolidation/dev-check/oceancube.Rcheck/tests/testthat/test-cube-crop.R",FALSE,TRUE,"artifacts",FALSE,FALSE,FALSE,TRUE,TRUE,FALSE,FALSE,"","ignore","",FALSE,"git ls-files: not tracked; matched current ignore rules; classified as artifacts; path/type indicates generated output",""
"artifacts/h26-consolidation/dev-check/oceancube.Rcheck/tests/testthat/test-cube-extract.R",FALSE,TRUE,"artifacts",FALSE,FALSE,FALSE,TRUE,TRUE,FALSE,FALSE,"","ignore","",FALSE,"git ls-files: not tracked; matched current ignore rules; classified as artifacts; path/type indicates generated output",""
"artifacts/h26-consolidation/dev-check/oceancube.Rcheck/tests/testthat/test-cube-grid-geometry.R",FALSE,TRUE,"artifacts",FALSE,FALSE,FALSE,TRUE,TRUE,FALSE,FALSE,"","ignore","",FALSE,"git ls-files: not tracked; matched current ignore rules; classified as artifacts; path/type indicates generated output",""
"artifacts/h26-consolidation/dev-check/oceancube.Rcheck/tests/testthat/test-cube-mask.R",FALSE,TRUE,"artifacts",FALSE,FALSE,FALSE,TRUE,TRUE,FALSE,FALSE,"","ignore","",FALSE,"git ls-files: not tracked; matched current ignore rules; classified as artifacts; path/type indicates generated output",""
"artifacts/h26-consolidation/dev-check/oceancube.Rcheck/tests/testthat/test-cube-polygon-weights.R",FALSE,TRUE,"artifacts",FALSE,FALSE,FALSE,TRUE,TRUE,FALSE,FALSE,"","ignore","",FALSE,"git ls-files: not tracked; matched current ignore rules; classified as artifacts; path/type indicates generated output",""
"artifacts/h26-consolidation/dev-check/oceancube.Rcheck/tests/testthat/test-cube-slice.R",FALSE,TRUE,"artifacts",FALSE,FALSE,FALSE,TRUE,TRUE,FALSE,FALSE,"","ignore","",FALSE,"git ls-files: not tracked; matched current ignore rules; classified as artifacts; path/type indicates generated output",""
"artifacts/h26-consolidation/dev-check/oceancube.Rcheck/tests/testthat/test-cube-transect.R",FALSE,TRUE,"artifacts",FALSE,FALSE,FALSE,TRUE,TRUE,FALSE,FALSE,"","ignore","",FALSE,"git ls-files: not tracked; matched current ignore rules; classified as artifacts; path/type indicates generated output",""
"artifacts/h26-consolidation/dev-check/oceancube.Rcheck/tests/testthat/test-daily-link.R",FALSE,TRUE,"artifacts",FALSE,FALSE,FALSE,TRUE,TRUE,FALSE,FALSE,"","ignore","",FALSE,"git ls-files: not tracked; matched current ignore rules; classified as artifacts; path/type indicates generated output",""
"artifacts/h26-consolidation/dev-check/oceancube.Rcheck/tests/testthat/test-layer-time-mask.R",FALSE,TRUE,"artifacts",FALSE,FALSE,FALSE,TRUE,TRUE,FALSE,FALSE,"","ignore","",FALSE,"git ls-files: not tracked; matched current ignore rules; classified as artifacts; path/type indicates generated output",""
"artifacts/h26-consolidation/dev-check/oceancube.Rcheck/tests/testthat/test-no-direct-data-access.R",FALSE,TRUE,"artifacts",FALSE,FALSE,FALSE,TRUE,TRUE,FALSE,FALSE,"","ignore","",FALSE,"git ls-files: not tracked; matched current ignore rules; classified as artifacts; path/type indicates generated output",""
"artifacts/h26-consolidation/dev-check/oceancube.Rcheck/tests/testthat/test-ocean-cube-baseline.R",FALSE,TRUE,"artifacts",FALSE,FALSE,FALSE,TRUE,TRUE,FALSE,FALSE,"","ignore","",FALSE,"git ls-files: not tracked; matched current ignore rules; classified as artifacts; path/type indicates generated output",""
"artifacts/h26-consolidation/dev-check/oceancube.Rcheck/tests/testthat/test-ocean-cube-contract.R",FALSE,TRUE,"artifacts",FALSE,FALSE,FALSE,TRUE,TRUE,FALSE,FALSE,"","ignore","",FALSE,"git ls-files: not tracked; matched current ignore rules; classified as artifacts; path/type indicates generated output",""
"artifacts/h26-consolidation/dev-check/oceancube.Rcheck/tests/testthat/test-ocean-cube.R",FALSE,TRUE,"artifacts",FALSE,FALSE,FALSE,TRUE,TRUE,FALSE,FALSE,"","ignore","",FALSE,"git ls-files: not tracked; matched current ignore rules; classified as artifacts; path/type indicates generated output",""
"artifacts/h26-consolidation/dev-check/oceancube.Rcheck/tests/testthat/test-package-boundary-spatind.R",FALSE,TRUE,"artifacts",FALSE,FALSE,FALSE,TRUE,TRUE,FALSE,FALSE,"","ignore","",FALSE,"git ls-files: not tracked; matched current ignore rules; classified as artifacts; path/type indicates generated output",""
"artifacts/h26-consolidation/dev-check/oceancube.Rcheck/tests/testthat/test-read-nc-baseline.R",FALSE,TRUE,"artifacts",FALSE,FALSE,FALSE,TRUE,TRUE,FALSE,FALSE,"","ignore","",FALSE,"git ls-files: not tracked; matched current ignore rules; classified as artifacts; path/type indicates generated output",""
"artifacts/h26-consolidation/dev-check/oceancube.Rcheck/tests/testthat/test-refactor-coast-dist-backend.R",FALSE,TRUE,"artifacts",FALSE,FALSE,FALSE,TRUE,TRUE,FALSE,FALSE,"","ignore","",FALSE,"git ls-files: not tracked; matched current ignore rules; classified as artifacts; path/type indicates generated output",""
"artifacts/h26-consolidation/dev-check/oceancube.Rcheck/tests/testthat/test-refactor-layer-annual-backend.R",FALSE,TRUE,"artifacts",FALSE,FALSE,FALSE,TRUE,TRUE,FALSE,FALSE,"","ignore","",FALSE,"git ls-files: not tracked; matched current ignore rules; classified as artifacts; path/type indicates generated output",""
"artifacts/h26-consolidation/dev-check/oceancube.Rcheck/tests/testthat/test-refactor-link-events-backend.R",FALSE,TRUE,"artifacts",FALSE,FALSE,FALSE,TRUE,TRUE,FALSE,FALSE,"","ignore","",FALSE,"git ls-files: not tracked; matched current ignore rules; classified as artifacts; path/type indicates generated output",""
"artifacts/h26-consolidation/dev-check/oceancube.Rcheck/tests/testthat/test-refactor-temporal-backend.R",FALSE,TRUE,"artifacts",FALSE,FALSE,FALSE,TRUE,TRUE,FALSE,FALSE,"","ignore","",FALSE,"git ls-files: not tracked; matched current ignore rules; classified as artifacts; path/type indicates generated output",""
"artifacts/h26-consolidation/dev-check/oceancube.Rcheck/tests/testthat/test-release-contract.R",FALSE,TRUE,"artifacts",FALSE,FALSE,FALSE,TRUE,TRUE,FALSE,FALSE,"","ignore","",FALSE,"git ls-files: not tracked; matched current ignore rules; classified as artifacts; path/type indicates generated output",""
"artifacts/h26-consolidation/dev-check/oceancube.Rcheck/tests/testthat/test-scientific-baseline.R",FALSE,TRUE,"artifacts",FALSE,FALSE,FALSE,TRUE,TRUE,FALSE,FALSE,"","ignore","",FALSE,"git ls-files: not tracked; matched current ignore rules; classified as artifacts; path/type indicates generated output",""
"artifacts/h26-consolidation/generate-handbook.R",FALSE,TRUE,"artifacts",FALSE,FALSE,FALSE,TRUE,TRUE,FALSE,TRUE,"","ignore","",FALSE,"git ls-files: not tracked; matched current ignore rules; classified as artifacts; path/type indicates generated output",""
"artifacts/h26-consolidation/git-credential-request.txt",FALSE,TRUE,"artifacts",FALSE,FALSE,FALSE,TRUE,TRUE,FALSE,FALSE,"","ignore","",FALSE,"git ls-files: not tracked; matched current ignore rules; classified as artifacts; path/type indicates generated output",""
"artifacts/h26-consolidation/handbook-library/oceancube/architecture/oceancube-spatind-boundary.md",FALSE,TRUE,"artifacts",FALSE,FALSE,FALSE,TRUE,TRUE,FALSE,FALSE,"","ignore","",FALSE,"git ls-files: not tracked; matched current ignore rules; classified as artifacts; path/type indicates generated output",""
"artifacts/h26-consolidation/handbook-library/oceancube/CITATION",FALSE,TRUE,"artifacts",FALSE,FALSE,FALSE,TRUE,TRUE,FALSE,FALSE,"","ignore","",FALSE,"git ls-files: not tracked; matched current ignore rules; classified as artifacts; path/type indicates generated output",""
"artifacts/h26-consolidation/handbook-library/oceancube/DESCRIPTION",FALSE,TRUE,"artifacts",FALSE,FALSE,FALSE,TRUE,TRUE,FALSE,FALSE,"","ignore","",FALSE,"git ls-files: not tracked; matched current ignore rules; classified as artifacts; path/type indicates generated output",""
"artifacts/h26-consolidation/handbook-library/oceancube/doc/get-started.html",FALSE,TRUE,"rendered HTML",FALSE,FALSE,FALSE,TRUE,TRUE,FALSE,TRUE,"handbook:get-started","ignore","",FALSE,"git ls-files: not tracked; matched current ignore rules; classified as rendered HTML; path/type indicates generated output",""
"artifacts/h26-consolidation/handbook-library/oceancube/doc/get-started.R",FALSE,TRUE,"artifacts",FALSE,FALSE,FALSE,TRUE,TRUE,FALSE,FALSE,"","ignore","",FALSE,"git ls-files: not tracked; matched current ignore rules; classified as artifacts; path/type indicates generated output",""
"artifacts/h26-consolidation/handbook-library/oceancube/doc/get-started.Rmd",FALSE,TRUE,"artifacts",FALSE,FALSE,FALSE,TRUE,TRUE,FALSE,FALSE,"","ignore","",FALSE,"git ls-files: not tracked; matched current ignore rules; classified as artifacts; path/type indicates generated output",""
"artifacts/h26-consolidation/handbook-library/oceancube/doc/index.html",FALSE,TRUE,"rendered HTML",FALSE,FALSE,FALSE,TRUE,TRUE,FALSE,FALSE,"handbook:index","ignore","",FALSE,"git ls-files: not tracked; matched current ignore rules; classified as rendered HTML; path/type indicates generated output",""
"artifacts/h26-consolidation/handbook-library/oceancube/doc/oceancube-architecture.html",FALSE,TRUE,"rendered HTML",FALSE,FALSE,FALSE,TRUE,TRUE,FALSE,TRUE,"handbook:oceancube-architecture","ignore","",FALSE,"git ls-files: not tracked; matched current ignore rules; classified as rendered HTML; path/type indicates generated output",""
"artifacts/h26-consolidation/handbook-library/oceancube/doc/oceancube-architecture.R",FALSE,TRUE,"artifacts",FALSE,FALSE,FALSE,TRUE,TRUE,FALSE,FALSE,"","ignore","",FALSE,"git ls-files: not tracked; matched current ignore rules; classified as artifacts; path/type indicates generated output",""
"artifacts/h26-consolidation/handbook-library/oceancube/doc/oceancube-architecture.Rmd",FALSE,TRUE,"artifacts",FALSE,FALSE,FALSE,TRUE,TRUE,FALSE,FALSE,"","ignore","",FALSE,"git ls-files: not tracked; matched current ignore rules; classified as artifacts; path/type indicates generated output",""
"artifacts/h26-consolidation/handbook-library/oceancube/doc/oceancube-geometry-weights.html",FALSE,TRUE,"rendered HTML",FALSE,FALSE,FALSE,TRUE,TRUE,FALSE,TRUE,"handbook:oceancube-geometry-weights","ignore","",FALSE,"git ls-files: not tracked; matched current ignore rules; classified as rendered HTML; path/type indicates generated output",""
"artifacts/h26-consolidation/handbook-library/oceancube/doc/oceancube-geometry-weights.R",FALSE,TRUE,"artifacts",FALSE,FALSE,FALSE,TRUE,TRUE,FALSE,FALSE,"","ignore","",FALSE,"git ls-files: not tracked; matched current ignore rules; classified as artifacts; path/type indicates generated output",""
"artifacts/h26-consolidation/handbook-library/oceancube/doc/oceancube-geometry-weights.Rmd",FALSE,TRUE,"artifacts",FALSE,FALSE,FALSE,TRUE,TRUE,FALSE,FALSE,"","ignore","",FALSE,"git ls-files: not tracked; matched current ignore rules; classified as artifacts; path/type indicates generated output",""
"artifacts/h26-consolidation/handbook-library/oceancube/doc/oceancube-introduction.html",FALSE,TRUE,"rendered HTML",FALSE,FALSE,FALSE,TRUE,TRUE,FALSE,TRUE,"handbook:oceancube-introduction","ignore","",FALSE,"git ls-files: not tracked; matched current ignore rules; classified as rendered HTML; path/type indicates generated output",""
"artifacts/h26-consolidation/handbook-library/oceancube/doc/oceancube-introduction.R",FALSE,TRUE,"artifacts",FALSE,FALSE,FALSE,TRUE,TRUE,FALSE,FALSE,"","ignore","",FALSE,"git ls-files: not tracked; matched current ignore rules; classified as artifacts; path/type indicates generated output",""
"artifacts/h26-consolidation/handbook-library/oceancube/doc/oceancube-introduction.Rmd",FALSE,TRUE,"artifacts",FALSE,FALSE,FALSE,TRUE,TRUE,FALSE,FALSE,"","ignore","",FALSE,"git ls-files: not tracked; matched current ignore rules; classified as artifacts; path/type indicates generated output",""
"artifacts/h26-consolidation/handbook-library/oceancube/examples/backend_memory.R",FALSE,TRUE,"artifacts",FALSE,FALSE,FALSE,TRUE,TRUE,FALSE,FALSE,"","ignore","",FALSE,"git ls-files: not tracked; matched current ignore rules; classified as artifacts; path/type indicates generated output",""
"artifacts/h26-consolidation/handbook-library/oceancube/examples/backend_netcdf_descriptor.R",FALSE,TRUE,"artifacts",FALSE,FALSE,FALSE,TRUE,TRUE,FALSE,FALSE,"","ignore","",FALSE,"git ls-files: not tracked; matched current ignore rules; classified as artifacts; path/type indicates generated output",""
"artifacts/h26-consolidation/handbook-library/oceancube/examples/backend_netcdf_read_block.R",FALSE,TRUE,"artifacts",FALSE,FALSE,FALSE,TRUE,TRUE,FALSE,FALSE,"","ignore","",FALSE,"git ls-files: not tracked; matched current ignore rules; classified as artifacts; path/type indicates generated output",""
"artifacts/h26-consolidation/handbook-library/oceancube/examples/baseline_ocean_cube.R",FALSE,TRUE,"artifacts",FALSE,FALSE,FALSE,TRUE,TRUE,FALSE,FALSE,"","ignore","",FALSE,"git ls-files: not tracked; matched current ignore rules; classified as artifacts; path/type indicates generated output",""
"artifacts/h26-consolidation/handbook-library/oceancube/examples/cube_crop.R",FALSE,TRUE,"artifacts",FALSE,FALSE,FALSE,TRUE,TRUE,FALSE,FALSE,"","ignore","",FALSE,"git ls-files: not tracked; matched current ignore rules; classified as artifacts; path/type indicates generated output",""
"artifacts/h26-consolidation/handbook-library/oceancube/examples/cube_extract.R",FALSE,TRUE,"artifacts",FALSE,FALSE,FALSE,TRUE,TRUE,FALSE,FALSE,"","ignore","",FALSE,"git ls-files: not tracked; matched current ignore rules; classified as artifacts; path/type indicates generated output",""
"artifacts/h26-consolidation/handbook-library/oceancube/examples/cube_geometry_weights.R",FALSE,TRUE,"artifacts",FALSE,FALSE,FALSE,TRUE,TRUE,FALSE,FALSE,"","ignore","",FALSE,"git ls-files: not tracked; matched current ignore rules; classified as artifacts; path/type indicates generated output",""
"artifacts/h26-consolidation/handbook-library/oceancube/examples/cube_mask.R",FALSE,TRUE,"artifacts",FALSE,FALSE,FALSE,TRUE,TRUE,FALSE,FALSE,"","ignore","",FALSE,"git ls-files: not tracked; matched current ignore rules; classified as artifacts; path/type indicates generated output",""
"artifacts/h26-consolidation/handbook-library/oceancube/examples/cube_slice.R",FALSE,TRUE,"artifacts",FALSE,FALSE,FALSE,TRUE,TRUE,FALSE,FALSE,"","ignore","",FALSE,"git ls-files: not tracked; matched current ignore rules; classified as artifacts; path/type indicates generated output",""
"artifacts/h26-consolidation/handbook-library/oceancube/examples/cube_transect.R",FALSE,TRUE,"artifacts",FALSE,FALSE,FALSE,TRUE,TRUE,FALSE,FALSE,"","ignore","",FALSE,"git ls-files: not tracked; matched current ignore rules; classified as artifacts; path/type indicates generated output",""
"artifacts/h26-consolidation/handbook-library/oceancube/examples/noncontiguous_collect.R",FALSE,TRUE,"artifacts",FALSE,FALSE,FALSE,TRUE,TRUE,FALSE,FALSE,"","ignore","",FALSE,"git ls-files: not tracked; matched current ignore rules; classified as artifacts; path/type indicates generated output",""
"artifacts/h26-consolidation/handbook-library/oceancube/examples/ocean_cube_contract.R",FALSE,TRUE,"artifacts",FALSE,FALSE,FALSE,TRUE,TRUE,FALSE,FALSE,"","ignore","",FALSE,"git ls-files: not tracked; matched current ignore rules; classified as artifacts; path/type indicates generated output",""
"artifacts/h26-consolidation/handbook-library/oceancube/examples/refactor_coast_dist_backend.R",FALSE,TRUE,"artifacts",FALSE,FALSE,FALSE,TRUE,TRUE,FALSE,FALSE,"","ignore","",FALSE,"git ls-files: not tracked; matched current ignore rules; classified as artifacts; path/type indicates generated output",""
"artifacts/h26-consolidation/handbook-library/oceancube/examples/refactor_layer_annual_backend.R",FALSE,TRUE,"artifacts",FALSE,FALSE,FALSE,TRUE,TRUE,FALSE,FALSE,"","ignore","",FALSE,"git ls-files: not tracked; matched current ignore rules; classified as artifacts; path/type indicates generated output",""
"artifacts/h26-consolidation/handbook-library/oceancube/examples/refactor_link_events_backend.R",FALSE,TRUE,"artifacts",FALSE,FALSE,FALSE,TRUE,TRUE,FALSE,FALSE,"","ignore","",FALSE,"git ls-files: not tracked; matched current ignore rules; classified as artifacts; path/type indicates generated output",""
"artifacts/h26-consolidation/handbook-library/oceancube/examples/refactor_temporal_backend.R",FALSE,TRUE,"artifacts",FALSE,FALSE,FALSE,TRUE,TRUE,FALSE,FALSE,"","ignore","",FALSE,"git ls-files: not tracked; matched current ignore rules; classified as artifacts; path/type indicates generated output",""
"artifacts/h26-consolidation/handbook-library/oceancube/help/aliases.rds",FALSE,TRUE,"RDS",FALSE,FALSE,FALSE,FALSE,FALSE,TRUE,FALSE,"","relocate-later","approved external data store or minimal test fixture; preserve until checksum and provenance are recorded",FALSE,"git ls-files: not tracked; matched current ignore rules; classified as RDS; path/type does not establish generated output; data extension/location may contain operational data","No move or merge is authorized by this decision document alone."
"artifacts/h26-consolidation/handbook-library/oceancube/help/AnIndex",FALSE,TRUE,"artifacts",FALSE,FALSE,FALSE,TRUE,TRUE,FALSE,FALSE,"","ignore","",FALSE,"git ls-files: not tracked; matched current ignore rules; classified as artifacts; path/type indicates generated output",""
"artifacts/h26-consolidation/handbook-library/oceancube/help/oceancube.rdb",FALSE,TRUE,"artifacts",FALSE,FALSE,FALSE,TRUE,TRUE,FALSE,FALSE,"","ignore","",FALSE,"git ls-files: not tracked; matched current ignore rules; classified as artifacts; path/type indicates generated output",""
"artifacts/h26-consolidation/handbook-library/oceancube/help/oceancube.rdx",FALSE,TRUE,"artifacts",FALSE,FALSE,FALSE,TRUE,TRUE,FALSE,FALSE,"","ignore","",FALSE,"git ls-files: not tracked; matched current ignore rules; classified as artifacts; path/type indicates generated output",""
"artifacts/h26-consolidation/handbook-library/oceancube/help/paths.rds",FALSE,TRUE,"RDS",FALSE,FALSE,FALSE,FALSE,FALSE,TRUE,FALSE,"","relocate-later","approved external data store or minimal test fixture; preserve until checksum and provenance are recorded",FALSE,"git ls-files: not tracked; matched current ignore rules; classified as RDS; path/type does not establish generated output; data extension/location may contain operational data","No move or merge is authorized by this decision document alone."
"artifacts/h26-consolidation/handbook-library/oceancube/html/00Index.html",FALSE,TRUE,"rendered HTML",FALSE,FALSE,FALSE,TRUE,TRUE,FALSE,FALSE,"handbook:00Index","ignore","",FALSE,"git ls-files: not tracked; matched current ignore rules; classified as rendered HTML; path/type indicates generated output",""
"artifacts/h26-consolidation/handbook-library/oceancube/html/R.css",FALSE,TRUE,"artifacts",FALSE,FALSE,FALSE,TRUE,TRUE,FALSE,FALSE,"","ignore","",FALSE,"git ls-files: not tracked; matched current ignore rules; classified as artifacts; path/type indicates generated output",""
"artifacts/h26-consolidation/handbook-library/oceancube/INDEX",FALSE,TRUE,"artifacts",FALSE,FALSE,FALSE,TRUE,TRUE,FALSE,FALSE,"","ignore","",FALSE,"git ls-files: not tracked; matched current ignore rules; classified as artifacts; path/type indicates generated output",""
"artifacts/h26-consolidation/handbook-library/oceancube/LICENSE",FALSE,TRUE,"artifacts",FALSE,FALSE,FALSE,TRUE,TRUE,FALSE,FALSE,"","ignore","",FALSE,"git ls-files: not tracked; matched current ignore rules; classified as artifacts; path/type indicates generated output",""
"artifacts/h26-consolidation/handbook-library/oceancube/Meta/features.rds",FALSE,TRUE,"RDS",FALSE,FALSE,FALSE,TRUE,FALSE,TRUE,FALSE,"","relocate-later","approved external data store or minimal test fixture; preserve until checksum and provenance are recorded",FALSE,"git ls-files: not tracked; matched current ignore rules; classified as RDS; path/type indicates generated output; data extension/location may contain operational data","No move or merge is authorized by this decision document alone."
"artifacts/h26-consolidation/handbook-library/oceancube/Meta/hsearch.rds",FALSE,TRUE,"RDS",FALSE,FALSE,FALSE,TRUE,FALSE,TRUE,FALSE,"","relocate-later","approved external data store or minimal test fixture; preserve until checksum and provenance are recorded",FALSE,"git ls-files: not tracked; matched current ignore rules; classified as RDS; path/type indicates generated output; data extension/location may contain operational data","No move or merge is authorized by this decision document alone."
"artifacts/h26-consolidation/handbook-library/oceancube/Meta/links.rds",FALSE,TRUE,"RDS",FALSE,FALSE,FALSE,TRUE,FALSE,TRUE,FALSE,"","relocate-later","approved external data store or minimal test fixture; preserve until checksum and provenance are recorded",FALSE,"git ls-files: not tracked; matched current ignore rules; classified as RDS; path/type indicates generated output; data extension/location may contain operational data","No move or merge is authorized by this decision document alone."
"artifacts/h26-consolidation/handbook-library/oceancube/Meta/nsInfo.rds",FALSE,TRUE,"RDS",FALSE,FALSE,FALSE,TRUE,FALSE,TRUE,FALSE,"","relocate-later","approved external data store or minimal test fixture; preserve until checksum and provenance are recorded",FALSE,"git ls-files: not tracked; matched current ignore rules; classified as RDS; path/type indicates generated output; data extension/location may contain operational data","No move or merge is authorized by this decision document alone."
"artifacts/h26-consolidation/handbook-library/oceancube/Meta/package.rds",FALSE,TRUE,"RDS",FALSE,FALSE,FALSE,TRUE,FALSE,TRUE,FALSE,"","relocate-later","approved external data store or minimal test fixture; preserve until checksum and provenance are recorded",FALSE,"git ls-files: not tracked; matched current ignore rules; classified as RDS; path/type indicates generated output; data extension/location may contain operational data","No move or merge is authorized by this decision document alone."
"artifacts/h26-consolidation/handbook-library/oceancube/Meta/Rd.rds",FALSE,TRUE,"RDS",FALSE,FALSE,FALSE,TRUE,FALSE,TRUE,FALSE,"","relocate-later","approved external data store or minimal test fixture; preserve until checksum and provenance are recorded",FALSE,"git ls-files: not tracked; matched current ignore rules; classified as RDS; path/type indicates generated output; data extension/location may contain operational data","No move or merge is authorized by this decision document alone."
"artifacts/h26-consolidation/handbook-library/oceancube/Meta/vignette.rds",FALSE,TRUE,"RDS",FALSE,FALSE,FALSE,TRUE,FALSE,TRUE,FALSE,"","relocate-later","approved external data store or minimal test fixture; preserve until checksum and provenance are recorded",FALSE,"git ls-files: not tracked; matched current ignore rules; classified as RDS; path/type indicates generated output; data extension/location may contain operational data","No move or merge is authorized by this decision document alone."
"artifacts/h26-consolidation/handbook-library/oceancube/NAMESPACE",FALSE,TRUE,"artifacts",FALSE,FALSE,FALSE,TRUE,TRUE,FALSE,FALSE,"","ignore","",FALSE,"git ls-files: not tracked; matched current ignore rules; classified as artifacts; path/type indicates generated output",""
"artifacts/h26-consolidation/handbook-library/oceancube/NEWS.md",FALSE,TRUE,"artifacts",FALSE,FALSE,FALSE,TRUE,TRUE,FALSE,FALSE,"","ignore","",FALSE,"git ls-files: not tracked; matched current ignore rules; classified as artifacts; path/type indicates generated output",""
"artifacts/h26-consolidation/handbook-library/oceancube/R/oceancube",FALSE,TRUE,"artifacts",FALSE,FALSE,FALSE,TRUE,TRUE,FALSE,FALSE,"","ignore","",FALSE,"git ls-files: not tracked; matched current ignore rules; classified as artifacts; path/type indicates generated output",""
"artifacts/h26-consolidation/handbook-library/oceancube/R/oceancube.rdb",FALSE,TRUE,"artifacts",FALSE,FALSE,FALSE,TRUE,TRUE,FALSE,FALSE,"","ignore","",FALSE,"git ls-files: not tracked; matched current ignore rules; classified as artifacts; path/type indicates generated output",""
"artifacts/h26-consolidation/handbook-library/oceancube/R/oceancube.rdx",FALSE,TRUE,"artifacts",FALSE,FALSE,FALSE,TRUE,TRUE,FALSE,FALSE,"","ignore","",FALSE,"git ls-files: not tracked; matched current ignore rules; classified as artifacts; path/type indicates generated output",""
"artifacts/h26-consolidation/hito-26-informe.md",FALSE,TRUE,"artifacts",FALSE,FALSE,FALSE,TRUE,TRUE,FALSE,TRUE,"","ignore","",FALSE,"git ls-files: not tracked; matched current ignore rules; classified as artifacts; path/type indicates generated output",""
"artifacts/h26-consolidation/log-before.txt",FALSE,TRUE,"artifacts",FALSE,FALSE,FALSE,TRUE,TRUE,FALSE,FALSE,"","ignore","",FALSE,"git ls-files: not tracked; matched current ignore rules; classified as artifacts; path/type indicates generated output",""
"artifacts/h26-consolidation/main-check/oceancube.Rcheck/00_pkg_src/oceancube/build/vignette.rds",FALSE,TRUE,"RDS",FALSE,FALSE,FALSE,FALSE,FALSE,TRUE,FALSE,"","relocate-later","approved external data store or minimal test fixture; preserve until checksum and provenance are recorded",FALSE,"git ls-files: not tracked; matched current ignore rules; classified as RDS; path/type does not establish generated output; data extension/location may contain operational data","No move or merge is authorized by this decision document alone."
"artifacts/h26-consolidation/main-check/oceancube.Rcheck/00_pkg_src/oceancube/CODE_OF_CONDUCT.md",FALSE,TRUE,"artifacts",FALSE,FALSE,FALSE,TRUE,TRUE,FALSE,FALSE,"","ignore","",FALSE,"git ls-files: not tracked; matched current ignore rules; classified as artifacts; path/type indicates generated output",""
"artifacts/h26-consolidation/main-check/oceancube.Rcheck/00_pkg_src/oceancube/CONTRIBUTING.md",FALSE,TRUE,"artifacts",FALSE,FALSE,FALSE,TRUE,TRUE,FALSE,FALSE,"","ignore","",FALSE,"git ls-files: not tracked; matched current ignore rules; classified as artifacts; path/type indicates generated output",""
"artifacts/h26-consolidation/main-check/oceancube.Rcheck/00_pkg_src/oceancube/DESCRIPTION",FALSE,TRUE,"artifacts",FALSE,FALSE,FALSE,TRUE,TRUE,FALSE,FALSE,"","ignore","",FALSE,"git ls-files: not tracked; matched current ignore rules; classified as artifacts; path/type indicates generated output",""
"artifacts/h26-consolidation/main-check/oceancube.Rcheck/00_pkg_src/oceancube/inst/architecture/oceancube-spatind-boundary.md",FALSE,TRUE,"artifacts",FALSE,FALSE,FALSE,TRUE,TRUE,FALSE,FALSE,"","ignore","",FALSE,"git ls-files: not tracked; matched current ignore rules; classified as artifacts; path/type indicates generated output",""
"artifacts/h26-consolidation/main-check/oceancube.Rcheck/00_pkg_src/oceancube/inst/CITATION",FALSE,TRUE,"artifacts",FALSE,FALSE,FALSE,TRUE,TRUE,FALSE,FALSE,"","ignore","",FALSE,"git ls-files: not tracked; matched current ignore rules; classified as artifacts; path/type indicates generated output",""
"artifacts/h26-consolidation/main-check/oceancube.Rcheck/00_pkg_src/oceancube/inst/doc/get-started.html",FALSE,TRUE,"rendered HTML",FALSE,FALSE,FALSE,TRUE,TRUE,FALSE,TRUE,"","ignore","",FALSE,"git ls-files: not tracked; matched current ignore rules; classified as rendered HTML; path/type indicates generated output",""
"artifacts/h26-consolidation/main-check/oceancube.Rcheck/00_pkg_src/oceancube/inst/doc/get-started.R",FALSE,TRUE,"artifacts",FALSE,FALSE,FALSE,TRUE,TRUE,FALSE,FALSE,"","ignore","",FALSE,"git ls-files: not tracked; matched current ignore rules; classified as artifacts; path/type indicates generated output",""
"artifacts/h26-consolidation/main-check/oceancube.Rcheck/00_pkg_src/oceancube/inst/doc/get-started.Rmd",FALSE,TRUE,"artifacts",FALSE,FALSE,FALSE,TRUE,TRUE,FALSE,FALSE,"","ignore","",FALSE,"git ls-files: not tracked; matched current ignore rules; classified as artifacts; path/type indicates generated output",""
"artifacts/h26-consolidation/main-check/oceancube.Rcheck/00_pkg_src/oceancube/inst/doc/oceancube-architecture.html",FALSE,TRUE,"rendered HTML",FALSE,FALSE,FALSE,TRUE,TRUE,FALSE,TRUE,"","ignore","",FALSE,"git ls-files: not tracked; matched current ignore rules; classified as rendered HTML; path/type indicates generated output",""
"artifacts/h26-consolidation/main-check/oceancube.Rcheck/00_pkg_src/oceancube/inst/doc/oceancube-architecture.R",FALSE,TRUE,"artifacts",FALSE,FALSE,FALSE,TRUE,TRUE,FALSE,FALSE,"","ignore","",FALSE,"git ls-files: not tracked; matched current ignore rules; classified as artifacts; path/type indicates generated output",""
"artifacts/h26-consolidation/main-check/oceancube.Rcheck/00_pkg_src/oceancube/inst/doc/oceancube-architecture.Rmd",FALSE,TRUE,"artifacts",FALSE,FALSE,FALSE,TRUE,TRUE,FALSE,FALSE,"","ignore","",FALSE,"git ls-files: not tracked; matched current ignore rules; classified as artifacts; path/type indicates generated output",""
"artifacts/h26-consolidation/main-check/oceancube.Rcheck/00_pkg_src/oceancube/inst/doc/oceancube-geometry-weights.html",FALSE,TRUE,"rendered HTML",FALSE,FALSE,FALSE,TRUE,TRUE,FALSE,TRUE,"","ignore","",FALSE,"git ls-files: not tracked; matched current ignore rules; classified as rendered HTML; path/type indicates generated output",""
"artifacts/h26-consolidation/main-check/oceancube.Rcheck/00_pkg_src/oceancube/inst/doc/oceancube-geometry-weights.R",FALSE,TRUE,"artifacts",FALSE,FALSE,FALSE,TRUE,TRUE,FALSE,FALSE,"","ignore","",FALSE,"git ls-files: not tracked; matched current ignore rules; classified as artifacts; path/type indicates generated output",""
"artifacts/h26-consolidation/main-check/oceancube.Rcheck/00_pkg_src/oceancube/inst/doc/oceancube-geometry-weights.Rmd",FALSE,TRUE,"artifacts",FALSE,FALSE,FALSE,TRUE,TRUE,FALSE,FALSE,"","ignore","",FALSE,"git ls-files: not tracked; matched current ignore rules; classified as artifacts; path/type indicates generated output",""
"artifacts/h26-consolidation/main-check/oceancube.Rcheck/00_pkg_src/oceancube/inst/doc/oceancube-handbook.html",FALSE,TRUE,"rendered HTML",FALSE,FALSE,FALSE,TRUE,TRUE,FALSE,TRUE,"handbook:oceancube-handbook","ignore","",FALSE,"git ls-files: not tracked; matched current ignore rules; classified as rendered HTML; path/type indicates generated output",""
"artifacts/h26-consolidation/main-check/oceancube.Rcheck/00_pkg_src/oceancube/inst/doc/oceancube-handbook.R",FALSE,TRUE,"artifacts",FALSE,FALSE,FALSE,TRUE,TRUE,FALSE,FALSE,"","ignore","",FALSE,"git ls-files: not tracked; matched current ignore rules; classified as artifacts; path/type indicates generated output",""
"artifacts/h26-consolidation/main-check/oceancube.Rcheck/00_pkg_src/oceancube/inst/doc/oceancube-handbook.Rmd",FALSE,TRUE,"artifacts",FALSE,FALSE,FALSE,TRUE,TRUE,FALSE,TRUE,"","ignore","",FALSE,"git ls-files: not tracked; matched current ignore rules; classified as artifacts; path/type indicates generated output",""
"artifacts/h26-consolidation/main-check/oceancube.Rcheck/00_pkg_src/oceancube/inst/doc/oceancube-introduction.html",FALSE,TRUE,"rendered HTML",FALSE,FALSE,FALSE,TRUE,TRUE,FALSE,TRUE,"","ignore","",FALSE,"git ls-files: not tracked; matched current ignore rules; classified as rendered HTML; path/type indicates generated output",""
"artifacts/h26-consolidation/main-check/oceancube.Rcheck/00_pkg_src/oceancube/inst/doc/oceancube-introduction.R",FALSE,TRUE,"artifacts",FALSE,FALSE,FALSE,TRUE,TRUE,FALSE,FALSE,"","ignore","",FALSE,"git ls-files: not tracked; matched current ignore rules; classified as artifacts; path/type indicates generated output",""
"artifacts/h26-consolidation/main-check/oceancube.Rcheck/00_pkg_src/oceancube/inst/doc/oceancube-introduction.Rmd",FALSE,TRUE,"artifacts",FALSE,FALSE,FALSE,TRUE,TRUE,FALSE,FALSE,"","ignore","",FALSE,"git ls-files: not tracked; matched current ignore rules; classified as artifacts; path/type indicates generated output",""
"artifacts/h26-consolidation/main-check/oceancube.Rcheck/00_pkg_src/oceancube/inst/examples/backend_memory.R",FALSE,TRUE,"artifacts",FALSE,FALSE,FALSE,TRUE,TRUE,FALSE,FALSE,"","ignore","",FALSE,"git ls-files: not tracked; matched current ignore rules; classified as artifacts; path/type indicates generated output",""
"artifacts/h26-consolidation/main-check/oceancube.Rcheck/00_pkg_src/oceancube/inst/examples/backend_netcdf_descriptor.R",FALSE,TRUE,"artifacts",FALSE,FALSE,FALSE,TRUE,TRUE,FALSE,FALSE,"","ignore","",FALSE,"git ls-files: not tracked; matched current ignore rules; classified as artifacts; path/type indicates generated output",""
"artifacts/h26-consolidation/main-check/oceancube.Rcheck/00_pkg_src/oceancube/inst/examples/backend_netcdf_read_block.R",FALSE,TRUE,"artifacts",FALSE,FALSE,FALSE,TRUE,TRUE,FALSE,FALSE,"","ignore","",FALSE,"git ls-files: not tracked; matched current ignore rules; classified as artifacts; path/type indicates generated output",""
"artifacts/h26-consolidation/main-check/oceancube.Rcheck/00_pkg_src/oceancube/inst/examples/baseline_ocean_cube.R",FALSE,TRUE,"artifacts",FALSE,FALSE,FALSE,TRUE,TRUE,FALSE,FALSE,"","ignore","",FALSE,"git ls-files: not tracked; matched current ignore rules; classified as artifacts; path/type indicates generated output",""
"artifacts/h26-consolidation/main-check/oceancube.Rcheck/00_pkg_src/oceancube/inst/examples/cube_crop.R",FALSE,TRUE,"artifacts",FALSE,FALSE,FALSE,TRUE,TRUE,FALSE,FALSE,"","ignore","",FALSE,"git ls-files: not tracked; matched current ignore rules; classified as artifacts; path/type indicates generated output",""
"artifacts/h26-consolidation/main-check/oceancube.Rcheck/00_pkg_src/oceancube/inst/examples/cube_extract.R",FALSE,TRUE,"artifacts",FALSE,FALSE,FALSE,TRUE,TRUE,FALSE,FALSE,"","ignore","",FALSE,"git ls-files: not tracked; matched current ignore rules; classified as artifacts; path/type indicates generated output",""
"artifacts/h26-consolidation/main-check/oceancube.Rcheck/00_pkg_src/oceancube/inst/examples/cube_geometry_weights.R",FALSE,TRUE,"artifacts",FALSE,FALSE,FALSE,TRUE,TRUE,FALSE,FALSE,"","ignore","",FALSE,"git ls-files: not tracked; matched current ignore rules; classified as artifacts; path/type indicates generated output",""
"artifacts/h26-consolidation/main-check/oceancube.Rcheck/00_pkg_src/oceancube/inst/examples/cube_mask.R",FALSE,TRUE,"artifacts",FALSE,FALSE,FALSE,TRUE,TRUE,FALSE,FALSE,"","ignore","",FALSE,"git ls-files: not tracked; matched current ignore rules; classified as artifacts; path/type indicates generated output",""
"artifacts/h26-consolidation/main-check/oceancube.Rcheck/00_pkg_src/oceancube/inst/examples/cube_slice.R",FALSE,TRUE,"artifacts",FALSE,FALSE,FALSE,TRUE,TRUE,FALSE,FALSE,"","ignore","",FALSE,"git ls-files: not tracked; matched current ignore rules; classified as artifacts; path/type indicates generated output",""
"artifacts/h26-consolidation/main-check/oceancube.Rcheck/00_pkg_src/oceancube/inst/examples/cube_transect.R",FALSE,TRUE,"artifacts",FALSE,FALSE,FALSE,TRUE,TRUE,FALSE,FALSE,"","ignore","",FALSE,"git ls-files: not tracked; matched current ignore rules; classified as artifacts; path/type indicates generated output",""
"artifacts/h26-consolidation/main-check/oceancube.Rcheck/00_pkg_src/oceancube/inst/examples/noncontiguous_collect.R",FALSE,TRUE,"artifacts",FALSE,FALSE,FALSE,TRUE,TRUE,FALSE,FALSE,"","ignore","",FALSE,"git ls-files: not tracked; matched current ignore rules; classified as artifacts; path/type indicates generated output",""
"artifacts/h26-consolidation/main-check/oceancube.Rcheck/00_pkg_src/oceancube/inst/examples/ocean_cube_contract.R",FALSE,TRUE,"artifacts",FALSE,FALSE,FALSE,TRUE,TRUE,FALSE,FALSE,"","ignore","",FALSE,"git ls-files: not tracked; matched current ignore rules; classified as artifacts; path/type indicates generated output",""
"artifacts/h26-consolidation/main-check/oceancube.Rcheck/00_pkg_src/oceancube/inst/examples/oceancube-handbook-workflow.R",FALSE,TRUE,"artifacts",FALSE,FALSE,FALSE,TRUE,TRUE,FALSE,FALSE,"","ignore","",FALSE,"git ls-files: not tracked; matched current ignore rules; classified as artifacts; path/type indicates generated output",""
"artifacts/h26-consolidation/main-check/oceancube.Rcheck/00_pkg_src/oceancube/inst/examples/refactor_coast_dist_backend.R",FALSE,TRUE,"artifacts",FALSE,FALSE,FALSE,TRUE,TRUE,FALSE,FALSE,"","ignore","",FALSE,"git ls-files: not tracked; matched current ignore rules; classified as artifacts; path/type indicates generated output",""
"artifacts/h26-consolidation/main-check/oceancube.Rcheck/00_pkg_src/oceancube/inst/examples/refactor_layer_annual_backend.R",FALSE,TRUE,"artifacts",FALSE,FALSE,FALSE,TRUE,TRUE,FALSE,FALSE,"","ignore","",FALSE,"git ls-files: not tracked; matched current ignore rules; classified as artifacts; path/type indicates generated output",""
"artifacts/h26-consolidation/main-check/oceancube.Rcheck/00_pkg_src/oceancube/inst/examples/refactor_link_events_backend.R",FALSE,TRUE,"artifacts",FALSE,FALSE,FALSE,TRUE,TRUE,FALSE,FALSE,"","ignore","",FALSE,"git ls-files: not tracked; matched current ignore rules; classified as artifacts; path/type indicates generated output",""
"artifacts/h26-consolidation/main-check/oceancube.Rcheck/00_pkg_src/oceancube/inst/examples/refactor_temporal_backend.R",FALSE,TRUE,"artifacts",FALSE,FALSE,FALSE,TRUE,TRUE,FALSE,FALSE,"","ignore","",FALSE,"git ls-files: not tracked; matched current ignore rules; classified as artifacts; path/type indicates generated output",""
"artifacts/h26-consolidation/main-check/oceancube.Rcheck/00_pkg_src/oceancube/LICENSE",FALSE,TRUE,"artifacts",FALSE,FALSE,FALSE,TRUE,TRUE,FALSE,FALSE,"","ignore","",FALSE,"git ls-files: not tracked; matched current ignore rules; classified as artifacts; path/type indicates generated output",""
"artifacts/h26-consolidation/main-check/oceancube.Rcheck/00_pkg_src/oceancube/man/annual_index.Rd",FALSE,TRUE,"artifacts",FALSE,FALSE,FALSE,TRUE,TRUE,FALSE,FALSE,"","ignore","",FALSE,"git ls-files: not tracked; matched current ignore rules; classified as artifacts; path/type indicates generated output",""
"artifacts/h26-consolidation/main-check/oceancube.Rcheck/00_pkg_src/oceancube/man/anom_diff.Rd",FALSE,TRUE,"artifacts",FALSE,FALSE,FALSE,TRUE,TRUE,FALSE,FALSE,"","ignore","",FALSE,"git ls-files: not tracked; matched current ignore rules; classified as artifacts; path/type indicates generated output",""
"artifacts/h26-consolidation/main-check/oceancube.Rcheck/00_pkg_src/oceancube/man/anom_z.Rd",FALSE,TRUE,"artifacts",FALSE,FALSE,FALSE,TRUE,TRUE,FALSE,FALSE,"","ignore","",FALSE,"git ls-files: not tracked; matched current ignore rules; classified as artifacts; path/type indicates generated output",""
"artifacts/h26-consolidation/main-check/oceancube.Rcheck/00_pkg_src/oceancube/man/clim_day.Rd",FALSE,TRUE,"artifacts",FALSE,FALSE,FALSE,TRUE,TRUE,FALSE,FALSE,"","ignore","",FALSE,"git ls-files: not tracked; matched current ignore rules; classified as artifacts; path/type indicates generated output",""
"artifacts/h26-consolidation/main-check/oceancube.Rcheck/00_pkg_src/oceancube/man/clim_month.Rd",FALSE,TRUE,"artifacts",FALSE,FALSE,FALSE,TRUE,TRUE,FALSE,FALSE,"","ignore","",FALSE,"git ls-files: not tracked; matched current ignore rules; classified as artifacts; path/type indicates generated output",""
"artifacts/h26-consolidation/main-check/oceancube.Rcheck/00_pkg_src/oceancube/man/cm_connect.Rd",FALSE,TRUE,"artifacts",FALSE,FALSE,FALSE,TRUE,TRUE,FALSE,FALSE,"","ignore","",FALSE,"git ls-files: not tracked; matched current ignore rules; classified as artifacts; path/type indicates generated output",""
"artifacts/h26-consolidation/main-check/oceancube.Rcheck/00_pkg_src/oceancube/man/cm_setup.Rd",FALSE,TRUE,"artifacts",FALSE,FALSE,FALSE,TRUE,TRUE,FALSE,FALSE,"","ignore","",FALSE,"git ls-files: not tracked; matched current ignore rules; classified as artifacts; path/type indicates generated output",""
"artifacts/h26-consolidation/main-check/oceancube.Rcheck/00_pkg_src/oceancube/man/coast_dist.Rd",FALSE,TRUE,"artifacts",FALSE,FALSE,FALSE,TRUE,TRUE,FALSE,FALSE,"","ignore","",FALSE,"git ls-files: not tracked; matched current ignore rules; classified as artifacts; path/type indicates generated output",""
"artifacts/h26-consolidation/main-check/oceancube.Rcheck/00_pkg_src/oceancube/man/crop_stock.Rd",FALSE,TRUE,"artifacts",FALSE,FALSE,FALSE,TRUE,TRUE,FALSE,FALSE,"","ignore","",FALSE,"git ls-files: not tracked; matched current ignore rules; classified as artifacts; path/type indicates generated output",""
"artifacts/h26-consolidation/main-check/oceancube.Rcheck/00_pkg_src/oceancube/man/cube_cell_area.Rd",FALSE,TRUE,"artifacts",FALSE,FALSE,FALSE,TRUE,TRUE,FALSE,FALSE,"","ignore","",FALSE,"git ls-files: not tracked; matched current ignore rules; classified as artifacts; path/type indicates generated output",""
"artifacts/h26-consolidation/main-check/oceancube.Rcheck/00_pkg_src/oceancube/man/cube_cell_volume.Rd",FALSE,TRUE,"artifacts",FALSE,FALSE,FALSE,TRUE,TRUE,FALSE,FALSE,"","ignore","",FALSE,"git ls-files: not tracked; matched current ignore rules; classified as artifacts; path/type indicates generated output",""
"artifacts/h26-consolidation/main-check/oceancube.Rcheck/00_pkg_src/oceancube/man/cube_collect.Rd",FALSE,TRUE,"artifacts",FALSE,FALSE,FALSE,TRUE,TRUE,FALSE,FALSE,"","ignore","",FALSE,"git ls-files: not tracked; matched current ignore rules; classified as artifacts; path/type indicates generated output",""
"artifacts/h26-consolidation/main-check/oceancube.Rcheck/00_pkg_src/oceancube/man/cube_crop.Rd",FALSE,TRUE,"artifacts",FALSE,FALSE,FALSE,TRUE,TRUE,FALSE,FALSE,"","ignore","",FALSE,"git ls-files: not tracked; matched current ignore rules; classified as artifacts; path/type indicates generated output",""
"artifacts/h26-consolidation/main-check/oceancube.Rcheck/00_pkg_src/oceancube/man/cube_extract.Rd",FALSE,TRUE,"artifacts",FALSE,FALSE,FALSE,TRUE,TRUE,FALSE,FALSE,"","ignore","",FALSE,"git ls-files: not tracked; matched current ignore rules; classified as artifacts; path/type indicates generated output",""
"artifacts/h26-consolidation/main-check/oceancube.Rcheck/00_pkg_src/oceancube/man/cube_layer_thickness.Rd",FALSE,TRUE,"artifacts",FALSE,FALSE,FALSE,TRUE,TRUE,FALSE,FALSE,"","ignore","",FALSE,"git ls-files: not tracked; matched current ignore rules; classified as artifacts; path/type indicates generated output",""
"artifacts/h26-consolidation/main-check/oceancube.Rcheck/00_pkg_src/oceancube/man/cube_mask.Rd",FALSE,TRUE,"artifacts",FALSE,FALSE,FALSE,TRUE,TRUE,FALSE,FALSE,"","ignore","",FALSE,"git ls-files: not tracked; matched current ignore rules; classified as artifacts; path/type indicates generated output",""
"artifacts/h26-consolidation/main-check/oceancube.Rcheck/00_pkg_src/oceancube/man/cube_polygon_weights.Rd",FALSE,TRUE,"artifacts",FALSE,FALSE,FALSE,TRUE,TRUE,FALSE,FALSE,"","ignore","",FALSE,"git ls-files: not tracked; matched current ignore rules; classified as artifacts; path/type indicates generated output",""
"artifacts/h26-consolidation/main-check/oceancube.Rcheck/00_pkg_src/oceancube/man/cube_slice.Rd",FALSE,TRUE,"artifacts",FALSE,FALSE,FALSE,TRUE,TRUE,FALSE,FALSE,"","ignore","",FALSE,"git ls-files: not tracked; matched current ignore rules; classified as artifacts; path/type indicates generated output",""
"artifacts/h26-consolidation/main-check/oceancube.Rcheck/00_pkg_src/oceancube/man/cube_transect.Rd",FALSE,TRUE,"artifacts",FALSE,FALSE,FALSE,TRUE,TRUE,FALSE,TRUE,"","ignore","",FALSE,"git ls-files: not tracked; matched current ignore rules; classified as artifacts; path/type indicates generated output",""
"artifacts/h26-consolidation/main-check/oceancube.Rcheck/00_pkg_src/oceancube/man/download_nc.Rd",FALSE,TRUE,"artifacts",FALSE,FALSE,FALSE,TRUE,TRUE,FALSE,FALSE,"","ignore","",FALSE,"git ls-files: not tracked; matched current ignore rules; classified as artifacts; path/type indicates generated output",""
"artifacts/h26-consolidation/main-check/oceancube.Rcheck/00_pkg_src/oceancube/man/layer_mean.Rd",FALSE,TRUE,"artifacts",FALSE,FALSE,FALSE,TRUE,TRUE,FALSE,FALSE,"","ignore","",FALSE,"git ls-files: not tracked; matched current ignore rules; classified as artifacts; path/type indicates generated output",""
"artifacts/h26-consolidation/main-check/oceancube.Rcheck/00_pkg_src/oceancube/man/link_events.Rd",FALSE,TRUE,"artifacts",FALSE,FALSE,FALSE,TRUE,TRUE,FALSE,FALSE,"","ignore","",FALSE,"git ls-files: not tracked; matched current ignore rules; classified as artifacts; path/type indicates generated output",""
"artifacts/h26-consolidation/main-check/oceancube.Rcheck/00_pkg_src/oceancube/man/ocean_cube.Rd",FALSE,TRUE,"artifacts",FALSE,FALSE,FALSE,TRUE,TRUE,FALSE,FALSE,"","ignore","",FALSE,"git ls-files: not tracked; matched current ignore rules; classified as artifacts; path/type indicates generated output",""
"artifacts/h26-consolidation/main-check/oceancube.Rcheck/00_pkg_src/oceancube/man/read_nc.Rd",FALSE,TRUE,"artifacts",FALSE,FALSE,FALSE,TRUE,TRUE,FALSE,FALSE,"","ignore","",FALSE,"git ls-files: not tracked; matched current ignore rules; classified as artifacts; path/type indicates generated output",""
"artifacts/h26-consolidation/main-check/oceancube.Rcheck/00_pkg_src/oceancube/man/signal_noise.Rd",FALSE,TRUE,"artifacts",FALSE,FALSE,FALSE,TRUE,TRUE,FALSE,FALSE,"","ignore","",FALSE,"git ls-files: not tracked; matched current ignore rules; classified as artifacts; path/type indicates generated output",""
"artifacts/h26-consolidation/main-check/oceancube.Rcheck/00_pkg_src/oceancube/man/stock_mask.Rd",FALSE,TRUE,"artifacts",FALSE,FALSE,FALSE,TRUE,TRUE,FALSE,FALSE,"","ignore","",FALSE,"git ls-files: not tracked; matched current ignore rules; classified as artifacts; path/type indicates generated output",""
"artifacts/h26-consolidation/main-check/oceancube.Rcheck/00_pkg_src/oceancube/man/to_month.Rd",FALSE,TRUE,"artifacts",FALSE,FALSE,FALSE,TRUE,TRUE,FALSE,FALSE,"","ignore","",FALSE,"git ls-files: not tracked; matched current ignore rules; classified as artifacts; path/type indicates generated output",""
"artifacts/h26-consolidation/main-check/oceancube.Rcheck/00_pkg_src/oceancube/NAMESPACE",FALSE,TRUE,"artifacts",FALSE,FALSE,FALSE,TRUE,TRUE,FALSE,FALSE,"","ignore","",FALSE,"git ls-files: not tracked; matched current ignore rules; classified as artifacts; path/type indicates generated output",""
"artifacts/h26-consolidation/main-check/oceancube.Rcheck/00_pkg_src/oceancube/NEWS.md",FALSE,TRUE,"artifacts",FALSE,FALSE,FALSE,TRUE,TRUE,FALSE,FALSE,"","ignore","",FALSE,"git ls-files: not tracked; matched current ignore rules; classified as artifacts; path/type indicates generated output",""
"artifacts/h26-consolidation/main-check/oceancube.Rcheck/00_pkg_src/oceancube/R/annual_index.R",FALSE,TRUE,"artifacts",FALSE,FALSE,FALSE,TRUE,TRUE,FALSE,FALSE,"","ignore","",FALSE,"git ls-files: not tracked; matched current ignore rules; classified as artifacts; path/type indicates generated output",""
"artifacts/h26-consolidation/main-check/oceancube.Rcheck/00_pkg_src/oceancube/R/anom_diff.R",FALSE,TRUE,"artifacts",FALSE,FALSE,FALSE,TRUE,TRUE,FALSE,FALSE,"","ignore","",FALSE,"git ls-files: not tracked; matched current ignore rules; classified as artifacts; path/type indicates generated output",""
"artifacts/h26-consolidation/main-check/oceancube.Rcheck/00_pkg_src/oceancube/R/backend-index.R",FALSE,TRUE,"artifacts",FALSE,FALSE,FALSE,TRUE,TRUE,FALSE,FALSE,"","ignore","",FALSE,"git ls-files: not tracked; matched current ignore rules; classified as artifacts; path/type indicates generated output",""
"artifacts/h26-consolidation/main-check/oceancube.Rcheck/00_pkg_src/oceancube/R/backend-memory.R",FALSE,TRUE,"artifacts",FALSE,FALSE,FALSE,TRUE,TRUE,FALSE,FALSE,"","ignore","",FALSE,"git ls-files: not tracked; matched current ignore rules; classified as artifacts; path/type indicates generated output",""
"artifacts/h26-consolidation/main-check/oceancube.Rcheck/00_pkg_src/oceancube/R/backend-netcdf.R",FALSE,TRUE,"artifacts",FALSE,FALSE,FALSE,TRUE,TRUE,FALSE,FALSE,"","ignore","",FALSE,"git ls-files: not tracked; matched current ignore rules; classified as artifacts; path/type indicates generated output",""
"artifacts/h26-consolidation/main-check/oceancube.Rcheck/00_pkg_src/oceancube/R/clim_day.R",FALSE,TRUE,"artifacts",FALSE,FALSE,FALSE,TRUE,TRUE,FALSE,FALSE,"","ignore","",FALSE,"git ls-files: not tracked; matched current ignore rules; classified as artifacts; path/type indicates generated output",""
"artifacts/h26-consolidation/main-check/oceancube.Rcheck/00_pkg_src/oceancube/R/clim_month.R",FALSE,TRUE,"artifacts",FALSE,FALSE,FALSE,TRUE,TRUE,FALSE,FALSE,"","ignore","",FALSE,"git ls-files: not tracked; matched current ignore rules; classified as artifacts; path/type indicates generated output",""
"artifacts/h26-consolidation/main-check/oceancube.Rcheck/00_pkg_src/oceancube/R/cm_setup.R",FALSE,TRUE,"artifacts",FALSE,FALSE,FALSE,TRUE,TRUE,FALSE,FALSE,"","ignore","",FALSE,"git ls-files: not tracked; matched current ignore rules; classified as artifacts; path/type indicates generated output",""
"artifacts/h26-consolidation/main-check/oceancube.Rcheck/00_pkg_src/oceancube/R/coast_dist.R",FALSE,TRUE,"artifacts",FALSE,FALSE,FALSE,TRUE,TRUE,FALSE,FALSE,"","ignore","",FALSE,"git ls-files: not tracked; matched current ignore rules; classified as artifacts; path/type indicates generated output",""
"artifacts/h26-consolidation/main-check/oceancube.Rcheck/00_pkg_src/oceancube/R/cube_collect.R",FALSE,TRUE,"artifacts",FALSE,FALSE,FALSE,TRUE,TRUE,FALSE,FALSE,"","ignore","",FALSE,"git ls-files: not tracked; matched current ignore rules; classified as artifacts; path/type indicates generated output",""
"artifacts/h26-consolidation/main-check/oceancube.Rcheck/00_pkg_src/oceancube/R/cube_crop.R",FALSE,TRUE,"artifacts",FALSE,FALSE,FALSE,TRUE,TRUE,FALSE,FALSE,"","ignore","",FALSE,"git ls-files: not tracked; matched current ignore rules; classified as artifacts; path/type indicates generated output",""
"artifacts/h26-consolidation/main-check/oceancube.Rcheck/00_pkg_src/oceancube/R/cube_extract.R",FALSE,TRUE,"artifacts",FALSE,FALSE,FALSE,TRUE,TRUE,FALSE,FALSE,"","ignore","",FALSE,"git ls-files: not tracked; matched current ignore rules; classified as artifacts; path/type indicates generated output",""
"artifacts/h26-consolidation/main-check/oceancube.Rcheck/00_pkg_src/oceancube/R/cube_grid_geometry.R",FALSE,TRUE,"artifacts",FALSE,FALSE,FALSE,TRUE,TRUE,FALSE,FALSE,"","ignore","",FALSE,"git ls-files: not tracked; matched current ignore rules; classified as artifacts; path/type indicates generated output",""
"artifacts/h26-consolidation/main-check/oceancube.Rcheck/00_pkg_src/oceancube/R/cube_mask.R",FALSE,TRUE,"artifacts",FALSE,FALSE,FALSE,TRUE,TRUE,FALSE,FALSE,"","ignore","",FALSE,"git ls-files: not tracked; matched current ignore rules; classified as artifacts; path/type indicates generated output",""
"artifacts/h26-consolidation/main-check/oceancube.Rcheck/00_pkg_src/oceancube/R/cube_polygon_weights.R",FALSE,TRUE,"artifacts",FALSE,FALSE,FALSE,TRUE,TRUE,FALSE,FALSE,"","ignore","",FALSE,"git ls-files: not tracked; matched current ignore rules; classified as artifacts; path/type indicates generated output",""
"artifacts/h26-consolidation/main-check/oceancube.Rcheck/00_pkg_src/oceancube/R/cube_slice.R",FALSE,TRUE,"artifacts",FALSE,FALSE,FALSE,TRUE,TRUE,FALSE,FALSE,"","ignore","",FALSE,"git ls-files: not tracked; matched current ignore rules; classified as artifacts; path/type indicates generated output",""
"artifacts/h26-consolidation/main-check/oceancube.Rcheck/00_pkg_src/oceancube/R/cube_transect.R",FALSE,TRUE,"artifacts",FALSE,FALSE,FALSE,TRUE,TRUE,FALSE,FALSE,"","ignore","",FALSE,"git ls-files: not tracked; matched current ignore rules; classified as artifacts; path/type indicates generated output",""
"artifacts/h26-consolidation/main-check/oceancube.Rcheck/00_pkg_src/oceancube/R/download_nc.R",FALSE,TRUE,"artifacts",FALSE,FALSE,FALSE,TRUE,TRUE,FALSE,FALSE,"","ignore","",FALSE,"git ls-files: not tracked; matched current ignore rules; classified as artifacts; path/type indicates generated output",""
"artifacts/h26-consolidation/main-check/oceancube.Rcheck/00_pkg_src/oceancube/R/layer_mean.R",FALSE,TRUE,"artifacts",FALSE,FALSE,FALSE,TRUE,TRUE,FALSE,FALSE,"","ignore","",FALSE,"git ls-files: not tracked; matched current ignore rules; classified as artifacts; path/type indicates generated output",""
"artifacts/h26-consolidation/main-check/oceancube.Rcheck/00_pkg_src/oceancube/R/link_events.R",FALSE,TRUE,"artifacts",FALSE,FALSE,FALSE,TRUE,TRUE,FALSE,FALSE,"","ignore","",FALSE,"git ls-files: not tracked; matched current ignore rules; classified as artifacts; path/type indicates generated output",""
"artifacts/h26-consolidation/main-check/oceancube.Rcheck/00_pkg_src/oceancube/R/ocean_cube.R",FALSE,TRUE,"artifacts",FALSE,FALSE,FALSE,TRUE,TRUE,FALSE,FALSE,"","ignore","",FALSE,"git ls-files: not tracked; matched current ignore rules; classified as artifacts; path/type indicates generated output",""
"artifacts/h26-consolidation/main-check/oceancube.Rcheck/00_pkg_src/oceancube/R/read_nc.R",FALSE,TRUE,"artifacts",FALSE,FALSE,FALSE,TRUE,TRUE,FALSE,FALSE,"","ignore","",FALSE,"git ls-files: not tracked; matched current ignore rules; classified as artifacts; path/type indicates generated output",""
"artifacts/h26-consolidation/main-check/oceancube.Rcheck/00_pkg_src/oceancube/R/stock_mask.R",FALSE,TRUE,"artifacts",FALSE,FALSE,FALSE,TRUE,TRUE,FALSE,FALSE,"","ignore","",FALSE,"git ls-files: not tracked; matched current ignore rules; classified as artifacts; path/type indicates generated output",""
"artifacts/h26-consolidation/main-check/oceancube.Rcheck/00_pkg_src/oceancube/R/to_month.R",FALSE,TRUE,"artifacts",FALSE,FALSE,FALSE,TRUE,TRUE,FALSE,FALSE,"","ignore","",FALSE,"git ls-files: not tracked; matched current ignore rules; classified as artifacts; path/type indicates generated output",""
"artifacts/h26-consolidation/main-check/oceancube.Rcheck/00_pkg_src/oceancube/R/utils-internal.R",FALSE,TRUE,"artifacts",FALSE,FALSE,FALSE,TRUE,TRUE,FALSE,FALSE,"","ignore","",FALSE,"git ls-files: not tracked; matched current ignore rules; classified as artifacts; path/type indicates generated output",""
"artifacts/h26-consolidation/main-check/oceancube.Rcheck/00_pkg_src/oceancube/README.md",FALSE,TRUE,"artifacts",FALSE,FALSE,FALSE,TRUE,TRUE,FALSE,TRUE,"","ignore","",FALSE,"git ls-files: not tracked; matched current ignore rules; classified as artifacts; path/type indicates generated output",""
"artifacts/h26-consolidation/main-check/oceancube.Rcheck/00_pkg_src/oceancube/tests/testthat.R",FALSE,TRUE,"artifacts",FALSE,FALSE,FALSE,TRUE,TRUE,FALSE,FALSE,"","ignore","",FALSE,"git ls-files: not tracked; matched current ignore rules; classified as artifacts; path/type indicates generated output",""
"artifacts/h26-consolidation/main-check/oceancube.Rcheck/00_pkg_src/oceancube/tests/testthat/helper-architecture.R",FALSE,TRUE,"artifacts",FALSE,FALSE,FALSE,TRUE,TRUE,FALSE,FALSE,"","ignore","",FALSE,"git ls-files: not tracked; matched current ignore rules; classified as artifacts; path/type indicates generated output",""
"artifacts/h26-consolidation/main-check/oceancube.Rcheck/00_pkg_src/oceancube/tests/testthat/helper-baseline-cube.R",FALSE,TRUE,"artifacts",FALSE,FALSE,FALSE,TRUE,TRUE,FALSE,FALSE,"","ignore","",FALSE,"git ls-files: not tracked; matched current ignore rules; classified as artifacts; path/type indicates generated output",""
"artifacts/h26-consolidation/main-check/oceancube.Rcheck/00_pkg_src/oceancube/tests/testthat/helper-geometry.R",FALSE,TRUE,"artifacts",FALSE,FALSE,FALSE,TRUE,TRUE,FALSE,FALSE,"","ignore","",FALSE,"git ls-files: not tracked; matched current ignore rules; classified as artifacts; path/type indicates generated output",""
"artifacts/h26-consolidation/main-check/oceancube.Rcheck/00_pkg_src/oceancube/tests/testthat/helper-netcdf-backend.R",FALSE,TRUE,"artifacts",FALSE,FALSE,FALSE,TRUE,TRUE,FALSE,FALSE,"","ignore","",FALSE,"git ls-files: not tracked; matched current ignore rules; classified as artifacts; path/type indicates generated output",""
"artifacts/h26-consolidation/main-check/oceancube.Rcheck/00_pkg_src/oceancube/tests/testthat/test-backend-memory.R",FALSE,TRUE,"artifacts",FALSE,FALSE,FALSE,TRUE,TRUE,FALSE,FALSE,"","ignore","",FALSE,"git ls-files: not tracked; matched current ignore rules; classified as artifacts; path/type indicates generated output",""
"artifacts/h26-consolidation/main-check/oceancube.Rcheck/00_pkg_src/oceancube/tests/testthat/test-backend-netcdf-descriptor.R",FALSE,TRUE,"artifacts",FALSE,FALSE,FALSE,TRUE,TRUE,FALSE,TRUE,"","ignore","",FALSE,"git ls-files: not tracked; matched current ignore rules; classified as artifacts; path/type indicates generated output",""
"artifacts/h26-consolidation/main-check/oceancube.Rcheck/00_pkg_src/oceancube/tests/testthat/test-backend-netcdf-noncontiguous.R",FALSE,TRUE,"artifacts",FALSE,FALSE,FALSE,TRUE,TRUE,FALSE,FALSE,"","ignore","",FALSE,"git ls-files: not tracked; matched current ignore rules; classified as artifacts; path/type indicates generated output",""
"artifacts/h26-consolidation/main-check/oceancube.Rcheck/00_pkg_src/oceancube/tests/testthat/test-backend-netcdf-read-block.R",FALSE,TRUE,"artifacts",FALSE,FALSE,FALSE,TRUE,TRUE,FALSE,FALSE,"","ignore","",FALSE,"git ls-files: not tracked; matched current ignore rules; classified as artifacts; path/type indicates generated output",""
"artifacts/h26-consolidation/main-check/oceancube.Rcheck/00_pkg_src/oceancube/tests/testthat/test-clim-anom.R",FALSE,TRUE,"artifacts",FALSE,FALSE,FALSE,TRUE,TRUE,FALSE,FALSE,"","ignore","",FALSE,"git ls-files: not tracked; matched current ignore rules; classified as artifacts; path/type indicates generated output",""
"artifacts/h26-consolidation/main-check/oceancube.Rcheck/00_pkg_src/oceancube/tests/testthat/test-cube-collect.R",FALSE,TRUE,"artifacts",FALSE,FALSE,FALSE,TRUE,TRUE,FALSE,FALSE,"","ignore","",FALSE,"git ls-files: not tracked; matched current ignore rules; classified as artifacts; path/type indicates generated output",""
"artifacts/h26-consolidation/main-check/oceancube.Rcheck/00_pkg_src/oceancube/tests/testthat/test-cube-crop.R",FALSE,TRUE,"artifacts",FALSE,FALSE,FALSE,TRUE,TRUE,FALSE,FALSE,"","ignore","",FALSE,"git ls-files: not tracked; matched current ignore rules; classified as artifacts; path/type indicates generated output",""
"artifacts/h26-consolidation/main-check/oceancube.Rcheck/00_pkg_src/oceancube/tests/testthat/test-cube-extract.R",FALSE,TRUE,"artifacts",FALSE,FALSE,FALSE,TRUE,TRUE,FALSE,FALSE,"","ignore","",FALSE,"git ls-files: not tracked; matched current ignore rules; classified as artifacts; path/type indicates generated output",""
"artifacts/h26-consolidation/main-check/oceancube.Rcheck/00_pkg_src/oceancube/tests/testthat/test-cube-grid-geometry.R",FALSE,TRUE,"artifacts",FALSE,FALSE,FALSE,TRUE,TRUE,FALSE,FALSE,"","ignore","",FALSE,"git ls-files: not tracked; matched current ignore rules; classified as artifacts; path/type indicates generated output",""
"artifacts/h26-consolidation/main-check/oceancube.Rcheck/00_pkg_src/oceancube/tests/testthat/test-cube-mask.R",FALSE,TRUE,"artifacts",FALSE,FALSE,FALSE,TRUE,TRUE,FALSE,FALSE,"","ignore","",FALSE,"git ls-files: not tracked; matched current ignore rules; classified as artifacts; path/type indicates generated output",""
"artifacts/h26-consolidation/main-check/oceancube.Rcheck/00_pkg_src/oceancube/tests/testthat/test-cube-polygon-weights.R",FALSE,TRUE,"artifacts",FALSE,FALSE,FALSE,TRUE,TRUE,FALSE,FALSE,"","ignore","",FALSE,"git ls-files: not tracked; matched current ignore rules; classified as artifacts; path/type indicates generated output",""
"artifacts/h26-consolidation/main-check/oceancube.Rcheck/00_pkg_src/oceancube/tests/testthat/test-cube-slice.R",FALSE,TRUE,"artifacts",FALSE,FALSE,FALSE,TRUE,TRUE,FALSE,FALSE,"","ignore","",FALSE,"git ls-files: not tracked; matched current ignore rules; classified as artifacts; path/type indicates generated output",""
"artifacts/h26-consolidation/main-check/oceancube.Rcheck/00_pkg_src/oceancube/tests/testthat/test-cube-transect.R",FALSE,TRUE,"artifacts",FALSE,FALSE,FALSE,TRUE,TRUE,FALSE,FALSE,"","ignore","",FALSE,"git ls-files: not tracked; matched current ignore rules; classified as artifacts; path/type indicates generated output",""
"artifacts/h26-consolidation/main-check/oceancube.Rcheck/00_pkg_src/oceancube/tests/testthat/test-daily-link.R",FALSE,TRUE,"artifacts",FALSE,FALSE,FALSE,TRUE,TRUE,FALSE,FALSE,"","ignore","",FALSE,"git ls-files: not tracked; matched current ignore rules; classified as artifacts; path/type indicates generated output",""
"artifacts/h26-consolidation/main-check/oceancube.Rcheck/00_pkg_src/oceancube/tests/testthat/test-layer-time-mask.R",FALSE,TRUE,"artifacts",FALSE,FALSE,FALSE,TRUE,TRUE,FALSE,FALSE,"","ignore","",FALSE,"git ls-files: not tracked; matched current ignore rules; classified as artifacts; path/type indicates generated output",""
"artifacts/h26-consolidation/main-check/oceancube.Rcheck/00_pkg_src/oceancube/tests/testthat/test-no-direct-data-access.R",FALSE,TRUE,"artifacts",FALSE,FALSE,FALSE,TRUE,TRUE,FALSE,FALSE,"","ignore","",FALSE,"git ls-files: not tracked; matched current ignore rules; classified as artifacts; path/type indicates generated output",""
"artifacts/h26-consolidation/main-check/oceancube.Rcheck/00_pkg_src/oceancube/tests/testthat/test-ocean-cube-baseline.R",FALSE,TRUE,"artifacts",FALSE,FALSE,FALSE,TRUE,TRUE,FALSE,FALSE,"","ignore","",FALSE,"git ls-files: not tracked; matched current ignore rules; classified as artifacts; path/type indicates generated output",""
"artifacts/h26-consolidation/main-check/oceancube.Rcheck/00_pkg_src/oceancube/tests/testthat/test-ocean-cube-contract.R",FALSE,TRUE,"artifacts",FALSE,FALSE,FALSE,TRUE,TRUE,FALSE,FALSE,"","ignore","",FALSE,"git ls-files: not tracked; matched current ignore rules; classified as artifacts; path/type indicates generated output",""
"artifacts/h26-consolidation/main-check/oceancube.Rcheck/00_pkg_src/oceancube/tests/testthat/test-ocean-cube.R",FALSE,TRUE,"artifacts",FALSE,FALSE,FALSE,TRUE,TRUE,FALSE,FALSE,"","ignore","",FALSE,"git ls-files: not tracked; matched current ignore rules; classified as artifacts; path/type indicates generated output",""
"artifacts/h26-consolidation/main-check/oceancube.Rcheck/00_pkg_src/oceancube/tests/testthat/test-package-boundary-spatind.R",FALSE,TRUE,"artifacts",FALSE,FALSE,FALSE,TRUE,TRUE,FALSE,FALSE,"","ignore","",FALSE,"git ls-files: not tracked; matched current ignore rules; classified as artifacts; path/type indicates generated output",""
"artifacts/h26-consolidation/main-check/oceancube.Rcheck/00_pkg_src/oceancube/tests/testthat/test-read-nc-baseline.R",FALSE,TRUE,"artifacts",FALSE,FALSE,FALSE,TRUE,TRUE,FALSE,FALSE,"","ignore","",FALSE,"git ls-files: not tracked; matched current ignore rules; classified as artifacts; path/type indicates generated output",""
"artifacts/h26-consolidation/main-check/oceancube.Rcheck/00_pkg_src/oceancube/tests/testthat/test-refactor-coast-dist-backend.R",FALSE,TRUE,"artifacts",FALSE,FALSE,FALSE,TRUE,TRUE,FALSE,FALSE,"","ignore","",FALSE,"git ls-files: not tracked; matched current ignore rules; classified as artifacts; path/type indicates generated output",""
"artifacts/h26-consolidation/main-check/oceancube.Rcheck/00_pkg_src/oceancube/tests/testthat/test-refactor-layer-annual-backend.R",FALSE,TRUE,"artifacts",FALSE,FALSE,FALSE,TRUE,TRUE,FALSE,FALSE,"","ignore","",FALSE,"git ls-files: not tracked; matched current ignore rules; classified as artifacts; path/type indicates generated output",""
"artifacts/h26-consolidation/main-check/oceancube.Rcheck/00_pkg_src/oceancube/tests/testthat/test-refactor-link-events-backend.R",FALSE,TRUE,"artifacts",FALSE,FALSE,FALSE,TRUE,TRUE,FALSE,FALSE,"","ignore","",FALSE,"git ls-files: not tracked; matched current ignore rules; classified as artifacts; path/type indicates generated output",""
"artifacts/h26-consolidation/main-check/oceancube.Rcheck/00_pkg_src/oceancube/tests/testthat/test-refactor-temporal-backend.R",FALSE,TRUE,"artifacts",FALSE,FALSE,FALSE,TRUE,TRUE,FALSE,FALSE,"","ignore","",FALSE,"git ls-files: not tracked; matched current ignore rules; classified as artifacts; path/type indicates generated output",""
"artifacts/h26-consolidation/main-check/oceancube.Rcheck/00_pkg_src/oceancube/tests/testthat/test-release-contract.R",FALSE,TRUE,"artifacts",FALSE,FALSE,FALSE,TRUE,TRUE,FALSE,FALSE,"","ignore","",FALSE,"git ls-files: not tracked; matched current ignore rules; classified as artifacts; path/type indicates generated output",""
"artifacts/h26-consolidation/main-check/oceancube.Rcheck/00_pkg_src/oceancube/tests/testthat/test-scientific-baseline.R",FALSE,TRUE,"artifacts",FALSE,FALSE,FALSE,TRUE,TRUE,FALSE,FALSE,"","ignore","",FALSE,"git ls-files: not tracked; matched current ignore rules; classified as artifacts; path/type indicates generated output",""
"artifacts/h26-consolidation/main-check/oceancube.Rcheck/00_pkg_src/oceancube/vignettes/get-started.Rmd",FALSE,TRUE,"artifacts",FALSE,FALSE,FALSE,TRUE,TRUE,FALSE,FALSE,"","ignore","",FALSE,"git ls-files: not tracked; matched current ignore rules; classified as artifacts; path/type indicates generated output",""
"artifacts/h26-consolidation/main-check/oceancube.Rcheck/00_pkg_src/oceancube/vignettes/oceancube-architecture.Rmd",FALSE,TRUE,"artifacts",FALSE,FALSE,FALSE,TRUE,TRUE,FALSE,FALSE,"","ignore","",FALSE,"git ls-files: not tracked; matched current ignore rules; classified as artifacts; path/type indicates generated output",""
"artifacts/h26-consolidation/main-check/oceancube.Rcheck/00_pkg_src/oceancube/vignettes/oceancube-geometry-weights.Rmd",FALSE,TRUE,"artifacts",FALSE,FALSE,FALSE,TRUE,TRUE,FALSE,FALSE,"","ignore","",FALSE,"git ls-files: not tracked; matched current ignore rules; classified as artifacts; path/type indicates generated output",""
"artifacts/h26-consolidation/main-check/oceancube.Rcheck/00_pkg_src/oceancube/vignettes/oceancube-handbook.Rmd",FALSE,TRUE,"artifacts",FALSE,FALSE,FALSE,TRUE,TRUE,FALSE,TRUE,"","ignore","",FALSE,"git ls-files: not tracked; matched current ignore rules; classified as artifacts; path/type indicates generated output",""
"artifacts/h26-consolidation/main-check/oceancube.Rcheck/00_pkg_src/oceancube/vignettes/oceancube-introduction.Rmd",FALSE,TRUE,"artifacts",FALSE,FALSE,FALSE,TRUE,TRUE,FALSE,FALSE,"","ignore","",FALSE,"git ls-files: not tracked; matched current ignore rules; classified as artifacts; path/type indicates generated output",""
"artifacts/h26-consolidation/main-check/oceancube.Rcheck/00check.log",FALSE,TRUE,"logs",FALSE,FALSE,FALSE,TRUE,TRUE,FALSE,TRUE,"","ignore","",FALSE,"git ls-files: not tracked; matched current ignore rules; classified as logs; path/type indicates generated output",""
"artifacts/h26-consolidation/main-check/oceancube.Rcheck/00install.out",FALSE,TRUE,"logs",FALSE,FALSE,FALSE,TRUE,TRUE,FALSE,FALSE,"","ignore","",FALSE,"git ls-files: not tracked; matched current ignore rules; classified as logs; path/type indicates generated output",""
"artifacts/h26-consolidation/main-check/oceancube.Rcheck/oceancube-Ex.pdf",FALSE,TRUE,"artifacts",FALSE,FALSE,FALSE,TRUE,TRUE,FALSE,FALSE,"","ignore","",FALSE,"git ls-files: not tracked; matched current ignore rules; classified as artifacts; path/type indicates generated output",""
"artifacts/h26-consolidation/main-check/oceancube.Rcheck/oceancube-Ex.R",FALSE,TRUE,"artifacts",FALSE,FALSE,FALSE,TRUE,TRUE,FALSE,FALSE,"","ignore","",FALSE,"git ls-files: not tracked; matched current ignore rules; classified as artifacts; path/type indicates generated output",""
"artifacts/h26-consolidation/main-check/oceancube.Rcheck/oceancube-Ex.Rout",FALSE,TRUE,"artifacts",FALSE,FALSE,FALSE,TRUE,TRUE,FALSE,FALSE,"","ignore","",FALSE,"git ls-files: not tracked; matched current ignore rules; classified as artifacts; path/type indicates generated output",""
"artifacts/h26-consolidation/main-check/oceancube.Rcheck/oceancube/architecture/oceancube-spatind-boundary.md",FALSE,TRUE,"artifacts",FALSE,FALSE,FALSE,TRUE,TRUE,FALSE,FALSE,"","ignore","",FALSE,"git ls-files: not tracked; matched current ignore rules; classified as artifacts; path/type indicates generated output",""
"artifacts/h26-consolidation/main-check/oceancube.Rcheck/oceancube/CITATION",FALSE,TRUE,"artifacts",FALSE,FALSE,FALSE,TRUE,TRUE,FALSE,FALSE,"","ignore","",FALSE,"git ls-files: not tracked; matched current ignore rules; classified as artifacts; path/type indicates generated output",""
"artifacts/h26-consolidation/main-check/oceancube.Rcheck/oceancube/DESCRIPTION",FALSE,TRUE,"artifacts",FALSE,FALSE,FALSE,TRUE,TRUE,FALSE,FALSE,"","ignore","",FALSE,"git ls-files: not tracked; matched current ignore rules; classified as artifacts; path/type indicates generated output",""
"artifacts/h26-consolidation/main-check/oceancube.Rcheck/oceancube/doc/get-started.html",FALSE,TRUE,"rendered HTML",FALSE,FALSE,FALSE,TRUE,TRUE,FALSE,TRUE,"","ignore","",FALSE,"git ls-files: not tracked; matched current ignore rules; classified as rendered HTML; path/type indicates generated output",""
"artifacts/h26-consolidation/main-check/oceancube.Rcheck/oceancube/doc/get-started.R",FALSE,TRUE,"artifacts",FALSE,FALSE,FALSE,TRUE,TRUE,FALSE,FALSE,"","ignore","",FALSE,"git ls-files: not tracked; matched current ignore rules; classified as artifacts; path/type indicates generated output",""
"artifacts/h26-consolidation/main-check/oceancube.Rcheck/oceancube/doc/get-started.Rmd",FALSE,TRUE,"artifacts",FALSE,FALSE,FALSE,TRUE,TRUE,FALSE,FALSE,"","ignore","",FALSE,"git ls-files: not tracked; matched current ignore rules; classified as artifacts; path/type indicates generated output",""
"artifacts/h26-consolidation/main-check/oceancube.Rcheck/oceancube/doc/index.html",FALSE,TRUE,"rendered HTML",FALSE,FALSE,FALSE,TRUE,TRUE,FALSE,FALSE,"","ignore","",FALSE,"git ls-files: not tracked; matched current ignore rules; classified as rendered HTML; path/type indicates generated output",""
"artifacts/h26-consolidation/main-check/oceancube.Rcheck/oceancube/doc/oceancube-architecture.html",FALSE,TRUE,"rendered HTML",FALSE,FALSE,FALSE,TRUE,TRUE,FALSE,TRUE,"","ignore","",FALSE,"git ls-files: not tracked; matched current ignore rules; classified as rendered HTML; path/type indicates generated output",""
"artifacts/h26-consolidation/main-check/oceancube.Rcheck/oceancube/doc/oceancube-architecture.R",FALSE,TRUE,"artifacts",FALSE,FALSE,FALSE,TRUE,TRUE,FALSE,FALSE,"","ignore","",FALSE,"git ls-files: not tracked; matched current ignore rules; classified as artifacts; path/type indicates generated output",""
"artifacts/h26-consolidation/main-check/oceancube.Rcheck/oceancube/doc/oceancube-architecture.Rmd",FALSE,TRUE,"artifacts",FALSE,FALSE,FALSE,TRUE,TRUE,FALSE,FALSE,"","ignore","",FALSE,"git ls-files: not tracked; matched current ignore rules; classified as artifacts; path/type indicates generated output",""
"artifacts/h26-consolidation/main-check/oceancube.Rcheck/oceancube/doc/oceancube-geometry-weights.html",FALSE,TRUE,"rendered HTML",FALSE,FALSE,FALSE,TRUE,TRUE,FALSE,TRUE,"","ignore","",FALSE,"git ls-files: not tracked; matched current ignore rules; classified as rendered HTML; path/type indicates generated output",""
"artifacts/h26-consolidation/main-check/oceancube.Rcheck/oceancube/doc/oceancube-geometry-weights.R",FALSE,TRUE,"artifacts",FALSE,FALSE,FALSE,TRUE,TRUE,FALSE,FALSE,"","ignore","",FALSE,"git ls-files: not tracked; matched current ignore rules; classified as artifacts; path/type indicates generated output",""
"artifacts/h26-consolidation/main-check/oceancube.Rcheck/oceancube/doc/oceancube-geometry-weights.Rmd",FALSE,TRUE,"artifacts",FALSE,FALSE,FALSE,TRUE,TRUE,FALSE,FALSE,"","ignore","",FALSE,"git ls-files: not tracked; matched current ignore rules; classified as artifacts; path/type indicates generated output",""
"artifacts/h26-consolidation/main-check/oceancube.Rcheck/oceancube/doc/oceancube-handbook.html",FALSE,TRUE,"rendered HTML",FALSE,FALSE,FALSE,TRUE,TRUE,FALSE,TRUE,"handbook:oceancube-handbook","ignore","",FALSE,"git ls-files: not tracked; matched current ignore rules; classified as rendered HTML; path/type indicates generated output",""
"artifacts/h26-consolidation/main-check/oceancube.Rcheck/oceancube/doc/oceancube-handbook.R",FALSE,TRUE,"artifacts",FALSE,FALSE,FALSE,TRUE,TRUE,FALSE,FALSE,"","ignore","",FALSE,"git ls-files: not tracked; matched current ignore rules; classified as artifacts; path/type indicates generated output",""
"artifacts/h26-consolidation/main-check/oceancube.Rcheck/oceancube/doc/oceancube-handbook.Rmd",FALSE,TRUE,"artifacts",FALSE,FALSE,FALSE,TRUE,TRUE,FALSE,TRUE,"","ignore","",FALSE,"git ls-files: not tracked; matched current ignore rules; classified as artifacts; path/type indicates generated output",""
"artifacts/h26-consolidation/main-check/oceancube.Rcheck/oceancube/doc/oceancube-introduction.html",FALSE,TRUE,"rendered HTML",FALSE,FALSE,FALSE,TRUE,TRUE,FALSE,TRUE,"","ignore","",FALSE,"git ls-files: not tracked; matched current ignore rules; classified as rendered HTML; path/type indicates generated output",""
"artifacts/h26-consolidation/main-check/oceancube.Rcheck/oceancube/doc/oceancube-introduction.R",FALSE,TRUE,"artifacts",FALSE,FALSE,FALSE,TRUE,TRUE,FALSE,FALSE,"","ignore","",FALSE,"git ls-files: not tracked; matched current ignore rules; classified as artifacts; path/type indicates generated output",""
"artifacts/h26-consolidation/main-check/oceancube.Rcheck/oceancube/doc/oceancube-introduction.Rmd",FALSE,TRUE,"artifacts",FALSE,FALSE,FALSE,TRUE,TRUE,FALSE,FALSE,"","ignore","",FALSE,"git ls-files: not tracked; matched current ignore rules; classified as artifacts; path/type indicates generated output",""
"artifacts/h26-consolidation/main-check/oceancube.Rcheck/oceancube/examples/backend_memory.R",FALSE,TRUE,"artifacts",FALSE,FALSE,FALSE,TRUE,TRUE,FALSE,FALSE,"","ignore","",FALSE,"git ls-files: not tracked; matched current ignore rules; classified as artifacts; path/type indicates generated output",""
"artifacts/h26-consolidation/main-check/oceancube.Rcheck/oceancube/examples/backend_netcdf_descriptor.R",FALSE,TRUE,"artifacts",FALSE,FALSE,FALSE,TRUE,TRUE,FALSE,FALSE,"","ignore","",FALSE,"git ls-files: not tracked; matched current ignore rules; classified as artifacts; path/type indicates generated output",""
"artifacts/h26-consolidation/main-check/oceancube.Rcheck/oceancube/examples/backend_netcdf_read_block.R",FALSE,TRUE,"artifacts",FALSE,FALSE,FALSE,TRUE,TRUE,FALSE,FALSE,"","ignore","",FALSE,"git ls-files: not tracked; matched current ignore rules; classified as artifacts; path/type indicates generated output",""
"artifacts/h26-consolidation/main-check/oceancube.Rcheck/oceancube/examples/baseline_ocean_cube.R",FALSE,TRUE,"artifacts",FALSE,FALSE,FALSE,TRUE,TRUE,FALSE,FALSE,"","ignore","",FALSE,"git ls-files: not tracked; matched current ignore rules; classified as artifacts; path/type indicates generated output",""
"artifacts/h26-consolidation/main-check/oceancube.Rcheck/oceancube/examples/cube_crop.R",FALSE,TRUE,"artifacts",FALSE,FALSE,FALSE,TRUE,TRUE,FALSE,FALSE,"","ignore","",FALSE,"git ls-files: not tracked; matched current ignore rules; classified as artifacts; path/type indicates generated output",""
"artifacts/h26-consolidation/main-check/oceancube.Rcheck/oceancube/examples/cube_extract.R",FALSE,TRUE,"artifacts",FALSE,FALSE,FALSE,TRUE,TRUE,FALSE,FALSE,"","ignore","",FALSE,"git ls-files: not tracked; matched current ignore rules; classified as artifacts; path/type indicates generated output",""
"artifacts/h26-consolidation/main-check/oceancube.Rcheck/oceancube/examples/cube_geometry_weights.R",FALSE,TRUE,"artifacts",FALSE,FALSE,FALSE,TRUE,TRUE,FALSE,FALSE,"","ignore","",FALSE,"git ls-files: not tracked; matched current ignore rules; classified as artifacts; path/type indicates generated output",""
"artifacts/h26-consolidation/main-check/oceancube.Rcheck/oceancube/examples/cube_mask.R",FALSE,TRUE,"artifacts",FALSE,FALSE,FALSE,TRUE,TRUE,FALSE,FALSE,"","ignore","",FALSE,"git ls-files: not tracked; matched current ignore rules; classified as artifacts; path/type indicates generated output",""
"artifacts/h26-consolidation/main-check/oceancube.Rcheck/oceancube/examples/cube_slice.R",FALSE,TRUE,"artifacts",FALSE,FALSE,FALSE,TRUE,TRUE,FALSE,FALSE,"","ignore","",FALSE,"git ls-files: not tracked; matched current ignore rules; classified as artifacts; path/type indicates generated output",""
"artifacts/h26-consolidation/main-check/oceancube.Rcheck/oceancube/examples/cube_transect.R",FALSE,TRUE,"artifacts",FALSE,FALSE,FALSE,TRUE,TRUE,FALSE,FALSE,"","ignore","",FALSE,"git ls-files: not tracked; matched current ignore rules; classified as artifacts; path/type indicates generated output",""
"artifacts/h26-consolidation/main-check/oceancube.Rcheck/oceancube/examples/noncontiguous_collect.R",FALSE,TRUE,"artifacts",FALSE,FALSE,FALSE,TRUE,TRUE,FALSE,FALSE,"","ignore","",FALSE,"git ls-files: not tracked; matched current ignore rules; classified as artifacts; path/type indicates generated output",""
"artifacts/h26-consolidation/main-check/oceancube.Rcheck/oceancube/examples/ocean_cube_contract.R",FALSE,TRUE,"artifacts",FALSE,FALSE,FALSE,TRUE,TRUE,FALSE,FALSE,"","ignore","",FALSE,"git ls-files: not tracked; matched current ignore rules; classified as artifacts; path/type indicates generated output",""
"artifacts/h26-consolidation/main-check/oceancube.Rcheck/oceancube/examples/oceancube-handbook-workflow.R",FALSE,TRUE,"artifacts",FALSE,FALSE,FALSE,TRUE,TRUE,FALSE,FALSE,"","ignore","",FALSE,"git ls-files: not tracked; matched current ignore rules; classified as artifacts; path/type indicates generated output",""
"artifacts/h26-consolidation/main-check/oceancube.Rcheck/oceancube/examples/refactor_coast_dist_backend.R",FALSE,TRUE,"artifacts",FALSE,FALSE,FALSE,TRUE,TRUE,FALSE,FALSE,"","ignore","",FALSE,"git ls-files: not tracked; matched current ignore rules; classified as artifacts; path/type indicates generated output",""
"artifacts/h26-consolidation/main-check/oceancube.Rcheck/oceancube/examples/refactor_layer_annual_backend.R",FALSE,TRUE,"artifacts",FALSE,FALSE,FALSE,TRUE,TRUE,FALSE,FALSE,"","ignore","",FALSE,"git ls-files: not tracked; matched current ignore rules; classified as artifacts; path/type indicates generated output",""
"artifacts/h26-consolidation/main-check/oceancube.Rcheck/oceancube/examples/refactor_link_events_backend.R",FALSE,TRUE,"artifacts",FALSE,FALSE,FALSE,TRUE,TRUE,FALSE,FALSE,"","ignore","",FALSE,"git ls-files: not tracked; matched current ignore rules; classified as artifacts; path/type indicates generated output",""
"artifacts/h26-consolidation/main-check/oceancube.Rcheck/oceancube/examples/refactor_temporal_backend.R",FALSE,TRUE,"artifacts",FALSE,FALSE,FALSE,TRUE,TRUE,FALSE,FALSE,"","ignore","",FALSE,"git ls-files: not tracked; matched current ignore rules; classified as artifacts; path/type indicates generated output",""
"artifacts/h26-consolidation/main-check/oceancube.Rcheck/oceancube/help/aliases.rds",FALSE,TRUE,"RDS",FALSE,FALSE,FALSE,FALSE,FALSE,TRUE,FALSE,"","relocate-later","approved external data store or minimal test fixture; preserve until checksum and provenance are recorded",FALSE,"git ls-files: not tracked; matched current ignore rules; classified as RDS; path/type does not establish generated output; data extension/location may contain operational data","No move or merge is authorized by this decision document alone."
"artifacts/h26-consolidation/main-check/oceancube.Rcheck/oceancube/help/AnIndex",FALSE,TRUE,"artifacts",FALSE,FALSE,FALSE,TRUE,TRUE,FALSE,FALSE,"","ignore","",FALSE,"git ls-files: not tracked; matched current ignore rules; classified as artifacts; path/type indicates generated output",""
"artifacts/h26-consolidation/main-check/oceancube.Rcheck/oceancube/help/oceancube.rdb",FALSE,TRUE,"artifacts",FALSE,FALSE,FALSE,TRUE,TRUE,FALSE,FALSE,"","ignore","",FALSE,"git ls-files: not tracked; matched current ignore rules; classified as artifacts; path/type indicates generated output",""
"artifacts/h26-consolidation/main-check/oceancube.Rcheck/oceancube/help/oceancube.rdx",FALSE,TRUE,"artifacts",FALSE,FALSE,FALSE,TRUE,TRUE,FALSE,FALSE,"","ignore","",FALSE,"git ls-files: not tracked; matched current ignore rules; classified as artifacts; path/type indicates generated output",""
"artifacts/h26-consolidation/main-check/oceancube.Rcheck/oceancube/help/paths.rds",FALSE,TRUE,"RDS",FALSE,FALSE,FALSE,FALSE,FALSE,TRUE,FALSE,"","relocate-later","approved external data store or minimal test fixture; preserve until checksum and provenance are recorded",FALSE,"git ls-files: not tracked; matched current ignore rules; classified as RDS; path/type does not establish generated output; data extension/location may contain operational data","No move or merge is authorized by this decision document alone."
"artifacts/h26-consolidation/main-check/oceancube.Rcheck/oceancube/html/00Index.html",FALSE,TRUE,"rendered HTML",FALSE,FALSE,FALSE,TRUE,TRUE,FALSE,FALSE,"","ignore","",FALSE,"git ls-files: not tracked; matched current ignore rules; classified as rendered HTML; path/type indicates generated output",""
"artifacts/h26-consolidation/main-check/oceancube.Rcheck/oceancube/html/R.css",FALSE,TRUE,"artifacts",FALSE,FALSE,FALSE,TRUE,TRUE,FALSE,FALSE,"","ignore","",FALSE,"git ls-files: not tracked; matched current ignore rules; classified as artifacts; path/type indicates generated output",""
"artifacts/h26-consolidation/main-check/oceancube.Rcheck/oceancube/INDEX",FALSE,TRUE,"artifacts",FALSE,FALSE,FALSE,TRUE,TRUE,FALSE,FALSE,"","ignore","",FALSE,"git ls-files: not tracked; matched current ignore rules; classified as artifacts; path/type indicates generated output",""
"artifacts/h26-consolidation/main-check/oceancube.Rcheck/oceancube/LICENSE",FALSE,TRUE,"artifacts",FALSE,FALSE,FALSE,TRUE,TRUE,FALSE,FALSE,"","ignore","",FALSE,"git ls-files: not tracked; matched current ignore rules; classified as artifacts; path/type indicates generated output",""
"artifacts/h26-consolidation/main-check/oceancube.Rcheck/oceancube/Meta/features.rds",FALSE,TRUE,"RDS",FALSE,FALSE,FALSE,TRUE,FALSE,TRUE,FALSE,"","relocate-later","approved external data store or minimal test fixture; preserve until checksum and provenance are recorded",FALSE,"git ls-files: not tracked; matched current ignore rules; classified as RDS; path/type indicates generated output; data extension/location may contain operational data","No move or merge is authorized by this decision document alone."
"artifacts/h26-consolidation/main-check/oceancube.Rcheck/oceancube/Meta/hsearch.rds",FALSE,TRUE,"RDS",FALSE,FALSE,FALSE,TRUE,FALSE,TRUE,FALSE,"","relocate-later","approved external data store or minimal test fixture; preserve until checksum and provenance are recorded",FALSE,"git ls-files: not tracked; matched current ignore rules; classified as RDS; path/type indicates generated output; data extension/location may contain operational data","No move or merge is authorized by this decision document alone."
"artifacts/h26-consolidation/main-check/oceancube.Rcheck/oceancube/Meta/links.rds",FALSE,TRUE,"RDS",FALSE,FALSE,FALSE,TRUE,FALSE,TRUE,FALSE,"","relocate-later","approved external data store or minimal test fixture; preserve until checksum and provenance are recorded",FALSE,"git ls-files: not tracked; matched current ignore rules; classified as RDS; path/type indicates generated output; data extension/location may contain operational data","No move or merge is authorized by this decision document alone."
"artifacts/h26-consolidation/main-check/oceancube.Rcheck/oceancube/Meta/nsInfo.rds",FALSE,TRUE,"RDS",FALSE,FALSE,FALSE,TRUE,FALSE,TRUE,FALSE,"","relocate-later","approved external data store or minimal test fixture; preserve until checksum and provenance are recorded",FALSE,"git ls-files: not tracked; matched current ignore rules; classified as RDS; path/type indicates generated output; data extension/location may contain operational data","No move or merge is authorized by this decision document alone."
"artifacts/h26-consolidation/main-check/oceancube.Rcheck/oceancube/Meta/package.rds",FALSE,TRUE,"RDS",FALSE,FALSE,FALSE,TRUE,FALSE,TRUE,FALSE,"","relocate-later","approved external data store or minimal test fixture; preserve until checksum and provenance are recorded",FALSE,"git ls-files: not tracked; matched current ignore rules; classified as RDS; path/type indicates generated output; data extension/location may contain operational data","No move or merge is authorized by this decision document alone."
"artifacts/h26-consolidation/main-check/oceancube.Rcheck/oceancube/Meta/Rd.rds",FALSE,TRUE,"RDS",FALSE,FALSE,FALSE,TRUE,FALSE,TRUE,FALSE,"","relocate-later","approved external data store or minimal test fixture; preserve until checksum and provenance are recorded",FALSE,"git ls-files: not tracked; matched current ignore rules; classified as RDS; path/type indicates generated output; data extension/location may contain operational data","No move or merge is authorized by this decision document alone."
"artifacts/h26-consolidation/main-check/oceancube.Rcheck/oceancube/Meta/vignette.rds",FALSE,TRUE,"RDS",FALSE,FALSE,FALSE,TRUE,FALSE,TRUE,FALSE,"","relocate-later","approved external data store or minimal test fixture; preserve until checksum and provenance are recorded",FALSE,"git ls-files: not tracked; matched current ignore rules; classified as RDS; path/type indicates generated output; data extension/location may contain operational data","No move or merge is authorized by this decision document alone."
"artifacts/h26-consolidation/main-check/oceancube.Rcheck/oceancube/NAMESPACE",FALSE,TRUE,"artifacts",FALSE,FALSE,FALSE,TRUE,TRUE,FALSE,FALSE,"","ignore","",FALSE,"git ls-files: not tracked; matched current ignore rules; classified as artifacts; path/type indicates generated output",""
"artifacts/h26-consolidation/main-check/oceancube.Rcheck/oceancube/NEWS.md",FALSE,TRUE,"artifacts",FALSE,FALSE,FALSE,TRUE,TRUE,FALSE,FALSE,"","ignore","",FALSE,"git ls-files: not tracked; matched current ignore rules; classified as artifacts; path/type indicates generated output",""
"artifacts/h26-consolidation/main-check/oceancube.Rcheck/oceancube/R/oceancube",FALSE,TRUE,"artifacts",FALSE,FALSE,FALSE,TRUE,TRUE,FALSE,FALSE,"","ignore","",FALSE,"git ls-files: not tracked; matched current ignore rules; classified as artifacts; path/type indicates generated output",""
"artifacts/h26-consolidation/main-check/oceancube.Rcheck/oceancube/R/oceancube.rdb",FALSE,TRUE,"artifacts",FALSE,FALSE,FALSE,TRUE,TRUE,FALSE,FALSE,"","ignore","",FALSE,"git ls-files: not tracked; matched current ignore rules; classified as artifacts; path/type indicates generated output",""
"artifacts/h26-consolidation/main-check/oceancube.Rcheck/oceancube/R/oceancube.rdx",FALSE,TRUE,"artifacts",FALSE,FALSE,FALSE,TRUE,TRUE,FALSE,FALSE,"","ignore","",FALSE,"git ls-files: not tracked; matched current ignore rules; classified as artifacts; path/type indicates generated output",""
"artifacts/h26-consolidation/main-check/oceancube.Rcheck/tests/startup.Rs",FALSE,TRUE,"artifacts",FALSE,FALSE,FALSE,TRUE,TRUE,FALSE,FALSE,"","ignore","",FALSE,"git ls-files: not tracked; matched current ignore rules; classified as artifacts; path/type indicates generated output",""
"artifacts/h26-consolidation/main-check/oceancube.Rcheck/tests/testthat.R",FALSE,TRUE,"artifacts",FALSE,FALSE,FALSE,TRUE,TRUE,FALSE,FALSE,"","ignore","",FALSE,"git ls-files: not tracked; matched current ignore rules; classified as artifacts; path/type indicates generated output",""
"artifacts/h26-consolidation/main-check/oceancube.Rcheck/tests/testthat.Rout",FALSE,TRUE,"artifacts",FALSE,FALSE,FALSE,TRUE,TRUE,FALSE,FALSE,"","ignore","",FALSE,"git ls-files: not tracked; matched current ignore rules; classified as artifacts; path/type indicates generated output",""
"artifacts/h26-consolidation/main-check/oceancube.Rcheck/tests/testthat/helper-architecture.R",FALSE,TRUE,"artifacts",FALSE,FALSE,FALSE,TRUE,TRUE,FALSE,FALSE,"","ignore","",FALSE,"git ls-files: not tracked; matched current ignore rules; classified as artifacts; path/type indicates generated output",""
"artifacts/h26-consolidation/main-check/oceancube.Rcheck/tests/testthat/helper-baseline-cube.R",FALSE,TRUE,"artifacts",FALSE,FALSE,FALSE,TRUE,TRUE,FALSE,FALSE,"","ignore","",FALSE,"git ls-files: not tracked; matched current ignore rules; classified as artifacts; path/type indicates generated output",""
"artifacts/h26-consolidation/main-check/oceancube.Rcheck/tests/testthat/helper-geometry.R",FALSE,TRUE,"artifacts",FALSE,FALSE,FALSE,TRUE,TRUE,FALSE,FALSE,"","ignore","",FALSE,"git ls-files: not tracked; matched current ignore rules; classified as artifacts; path/type indicates generated output",""
"artifacts/h26-consolidation/main-check/oceancube.Rcheck/tests/testthat/helper-netcdf-backend.R",FALSE,TRUE,"artifacts",FALSE,FALSE,FALSE,TRUE,TRUE,FALSE,FALSE,"","ignore","",FALSE,"git ls-files: not tracked; matched current ignore rules; classified as artifacts; path/type indicates generated output",""
"artifacts/h26-consolidation/main-check/oceancube.Rcheck/tests/testthat/test-backend-memory.R",FALSE,TRUE,"artifacts",FALSE,FALSE,FALSE,TRUE,TRUE,FALSE,FALSE,"","ignore","",FALSE,"git ls-files: not tracked; matched current ignore rules; classified as artifacts; path/type indicates generated output",""
"artifacts/h26-consolidation/main-check/oceancube.Rcheck/tests/testthat/test-backend-netcdf-descriptor.R",FALSE,TRUE,"artifacts",FALSE,FALSE,FALSE,TRUE,TRUE,FALSE,TRUE,"","ignore","",FALSE,"git ls-files: not tracked; matched current ignore rules; classified as artifacts; path/type indicates generated output",""
"artifacts/h26-consolidation/main-check/oceancube.Rcheck/tests/testthat/test-backend-netcdf-noncontiguous.R",FALSE,TRUE,"artifacts",FALSE,FALSE,FALSE,TRUE,TRUE,FALSE,FALSE,"","ignore","",FALSE,"git ls-files: not tracked; matched current ignore rules; classified as artifacts; path/type indicates generated output",""
"artifacts/h26-consolidation/main-check/oceancube.Rcheck/tests/testthat/test-backend-netcdf-read-block.R",FALSE,TRUE,"artifacts",FALSE,FALSE,FALSE,TRUE,TRUE,FALSE,FALSE,"","ignore","",FALSE,"git ls-files: not tracked; matched current ignore rules; classified as artifacts; path/type indicates generated output",""
"artifacts/h26-consolidation/main-check/oceancube.Rcheck/tests/testthat/test-clim-anom.R",FALSE,TRUE,"artifacts",FALSE,FALSE,FALSE,TRUE,TRUE,FALSE,FALSE,"","ignore","",FALSE,"git ls-files: not tracked; matched current ignore rules; classified as artifacts; path/type indicates generated output",""
"artifacts/h26-consolidation/main-check/oceancube.Rcheck/tests/testthat/test-cube-collect.R",FALSE,TRUE,"artifacts",FALSE,FALSE,FALSE,TRUE,TRUE,FALSE,FALSE,"","ignore","",FALSE,"git ls-files: not tracked; matched current ignore rules; classified as artifacts; path/type indicates generated output",""
"artifacts/h26-consolidation/main-check/oceancube.Rcheck/tests/testthat/test-cube-crop.R",FALSE,TRUE,"artifacts",FALSE,FALSE,FALSE,TRUE,TRUE,FALSE,FALSE,"","ignore","",FALSE,"git ls-files: not tracked; matched current ignore rules; classified as artifacts; path/type indicates generated output",""
"artifacts/h26-consolidation/main-check/oceancube.Rcheck/tests/testthat/test-cube-extract.R",FALSE,TRUE,"artifacts",FALSE,FALSE,FALSE,TRUE,TRUE,FALSE,FALSE,"","ignore","",FALSE,"git ls-files: not tracked; matched current ignore rules; classified as artifacts; path/type indicates generated output",""
"artifacts/h26-consolidation/main-check/oceancube.Rcheck/tests/testthat/test-cube-grid-geometry.R",FALSE,TRUE,"artifacts",FALSE,FALSE,FALSE,TRUE,TRUE,FALSE,FALSE,"","ignore","",FALSE,"git ls-files: not tracked; matched current ignore rules; classified as artifacts; path/type indicates generated output",""
"artifacts/h26-consolidation/main-check/oceancube.Rcheck/tests/testthat/test-cube-mask.R",FALSE,TRUE,"artifacts",FALSE,FALSE,FALSE,TRUE,TRUE,FALSE,FALSE,"","ignore","",FALSE,"git ls-files: not tracked; matched current ignore rules; classified as artifacts; path/type indicates generated output",""
"artifacts/h26-consolidation/main-check/oceancube.Rcheck/tests/testthat/test-cube-polygon-weights.R",FALSE,TRUE,"artifacts",FALSE,FALSE,FALSE,TRUE,TRUE,FALSE,FALSE,"","ignore","",FALSE,"git ls-files: not tracked; matched current ignore rules; classified as artifacts; path/type indicates generated output",""
"artifacts/h26-consolidation/main-check/oceancube.Rcheck/tests/testthat/test-cube-slice.R",FALSE,TRUE,"artifacts",FALSE,FALSE,FALSE,TRUE,TRUE,FALSE,FALSE,"","ignore","",FALSE,"git ls-files: not tracked; matched current ignore rules; classified as artifacts; path/type indicates generated output",""
"artifacts/h26-consolidation/main-check/oceancube.Rcheck/tests/testthat/test-cube-transect.R",FALSE,TRUE,"artifacts",FALSE,FALSE,FALSE,TRUE,TRUE,FALSE,FALSE,"","ignore","",FALSE,"git ls-files: not tracked; matched current ignore rules; classified as artifacts; path/type indicates generated output",""
"artifacts/h26-consolidation/main-check/oceancube.Rcheck/tests/testthat/test-daily-link.R",FALSE,TRUE,"artifacts",FALSE,FALSE,FALSE,TRUE,TRUE,FALSE,FALSE,"","ignore","",FALSE,"git ls-files: not tracked; matched current ignore rules; classified as artifacts; path/type indicates generated output",""
"artifacts/h26-consolidation/main-check/oceancube.Rcheck/tests/testthat/test-layer-time-mask.R",FALSE,TRUE,"artifacts",FALSE,FALSE,FALSE,TRUE,TRUE,FALSE,FALSE,"","ignore","",FALSE,"git ls-files: not tracked; matched current ignore rules; classified as artifacts; path/type indicates generated output",""
"artifacts/h26-consolidation/main-check/oceancube.Rcheck/tests/testthat/test-no-direct-data-access.R",FALSE,TRUE,"artifacts",FALSE,FALSE,FALSE,TRUE,TRUE,FALSE,FALSE,"","ignore","",FALSE,"git ls-files: not tracked; matched current ignore rules; classified as artifacts; path/type indicates generated output",""
"artifacts/h26-consolidation/main-check/oceancube.Rcheck/tests/testthat/test-ocean-cube-baseline.R",FALSE,TRUE,"artifacts",FALSE,FALSE,FALSE,TRUE,TRUE,FALSE,FALSE,"","ignore","",FALSE,"git ls-files: not tracked; matched current ignore rules; classified as artifacts; path/type indicates generated output",""
"artifacts/h26-consolidation/main-check/oceancube.Rcheck/tests/testthat/test-ocean-cube-contract.R",FALSE,TRUE,"artifacts",FALSE,FALSE,FALSE,TRUE,TRUE,FALSE,FALSE,"","ignore","",FALSE,"git ls-files: not tracked; matched current ignore rules; classified as artifacts; path/type indicates generated output",""
"artifacts/h26-consolidation/main-check/oceancube.Rcheck/tests/testthat/test-ocean-cube.R",FALSE,TRUE,"artifacts",FALSE,FALSE,FALSE,TRUE,TRUE,FALSE,FALSE,"","ignore","",FALSE,"git ls-files: not tracked; matched current ignore rules; classified as artifacts; path/type indicates generated output",""
"artifacts/h26-consolidation/main-check/oceancube.Rcheck/tests/testthat/test-package-boundary-spatind.R",FALSE,TRUE,"artifacts",FALSE,FALSE,FALSE,TRUE,TRUE,FALSE,FALSE,"","ignore","",FALSE,"git ls-files: not tracked; matched current ignore rules; classified as artifacts; path/type indicates generated output",""
"artifacts/h26-consolidation/main-check/oceancube.Rcheck/tests/testthat/test-read-nc-baseline.R",FALSE,TRUE,"artifacts",FALSE,FALSE,FALSE,TRUE,TRUE,FALSE,FALSE,"","ignore","",FALSE,"git ls-files: not tracked; matched current ignore rules; classified as artifacts; path/type indicates generated output",""
"artifacts/h26-consolidation/main-check/oceancube.Rcheck/tests/testthat/test-refactor-coast-dist-backend.R",FALSE,TRUE,"artifacts",FALSE,FALSE,FALSE,TRUE,TRUE,FALSE,FALSE,"","ignore","",FALSE,"git ls-files: not tracked; matched current ignore rules; classified as artifacts; path/type indicates generated output",""
"artifacts/h26-consolidation/main-check/oceancube.Rcheck/tests/testthat/test-refactor-layer-annual-backend.R",FALSE,TRUE,"artifacts",FALSE,FALSE,FALSE,TRUE,TRUE,FALSE,FALSE,"","ignore","",FALSE,"git ls-files: not tracked; matched current ignore rules; classified as artifacts; path/type indicates generated output",""
"artifacts/h26-consolidation/main-check/oceancube.Rcheck/tests/testthat/test-refactor-link-events-backend.R",FALSE,TRUE,"artifacts",FALSE,FALSE,FALSE,TRUE,TRUE,FALSE,FALSE,"","ignore","",FALSE,"git ls-files: not tracked; matched current ignore rules; classified as artifacts; path/type indicates generated output",""
"artifacts/h26-consolidation/main-check/oceancube.Rcheck/tests/testthat/test-refactor-temporal-backend.R",FALSE,TRUE,"artifacts",FALSE,FALSE,FALSE,TRUE,TRUE,FALSE,FALSE,"","ignore","",FALSE,"git ls-files: not tracked; matched current ignore rules; classified as artifacts; path/type indicates generated output",""
"artifacts/h26-consolidation/main-check/oceancube.Rcheck/tests/testthat/test-release-contract.R",FALSE,TRUE,"artifacts",FALSE,FALSE,FALSE,TRUE,TRUE,FALSE,FALSE,"","ignore","",FALSE,"git ls-files: not tracked; matched current ignore rules; classified as artifacts; path/type indicates generated output",""
"artifacts/h26-consolidation/main-check/oceancube.Rcheck/tests/testthat/test-scientific-baseline.R",FALSE,TRUE,"artifacts",FALSE,FALSE,FALSE,TRUE,TRUE,FALSE,FALSE,"","ignore","",FALSE,"git ls-files: not tracked; matched current ignore rules; classified as artifacts; path/type indicates generated output",""
"artifacts/h26-consolidation/oceancube-pre-consolidation.bundle",FALSE,TRUE,"artifacts",FALSE,FALSE,FALSE,TRUE,TRUE,FALSE,FALSE,"","ignore","",FALSE,"git ls-files: not tracked; matched current ignore rules; classified as artifacts; path/type indicates generated output",""
"artifacts/h26-consolidation/oceancube_0.1.0.tar.gz",FALSE,TRUE,"artifacts",FALSE,FALSE,FALSE,TRUE,TRUE,FALSE,FALSE,"","ignore","",FALSE,"git ls-files: not tracked; matched current ignore rules; classified as artifacts; path/type indicates generated output",""
"artifacts/h26-consolidation/pr-body.md",FALSE,TRUE,"artifacts",FALSE,FALSE,FALSE,TRUE,TRUE,FALSE,FALSE,"","ignore","",FALSE,"git ls-files: not tracked; matched current ignore rules; classified as artifacts; path/type indicates generated output",""
"artifacts/h26-consolidation/refs-before.txt",FALSE,TRUE,"artifacts",FALSE,FALSE,FALSE,TRUE,TRUE,FALSE,FALSE,"","ignore","",FALSE,"git ls-files: not tracked; matched current ignore rules; classified as artifacts; path/type indicates generated output",""
"artifacts/h26-consolidation/release-notes.md",FALSE,TRUE,"artifacts",FALSE,FALSE,FALSE,TRUE,TRUE,FALSE,FALSE,"","ignore","",FALSE,"git ls-files: not tracked; matched current ignore rules; classified as artifacts; path/type indicates generated output",""
"artifacts/h26-consolidation/SHA256SUMS.txt",FALSE,TRUE,"artifacts",FALSE,FALSE,FALSE,TRUE,TRUE,FALSE,FALSE,"","ignore","",FALSE,"git ls-files: not tracked; matched current ignore rules; classified as artifacts; path/type indicates generated output",""
"artifacts/h26-consolidation/status-before.txt",FALSE,TRUE,"artifacts",FALSE,FALSE,FALSE,TRUE,TRUE,FALSE,FALSE,"","ignore","",FALSE,"git ls-files: not tracked; matched current ignore rules; classified as artifacts; path/type indicates generated output",""
"artifacts/h26-consolidation/tests-dev.log",FALSE,TRUE,"logs",FALSE,FALSE,FALSE,TRUE,TRUE,FALSE,FALSE,"","ignore","",FALSE,"git ls-files: not tracked; matched current ignore rules; classified as logs; path/type indicates generated output",""
"artifacts/h26-consolidation/tools/gh_2.97.0_checksums.txt",FALSE,TRUE,"artifacts",FALSE,FALSE,FALSE,TRUE,TRUE,FALSE,FALSE,"","ignore","",FALSE,"git ls-files: not tracked; matched current ignore rules; classified as artifacts; path/type indicates generated output",""
"artifacts/h26-consolidation/tools/gh_2.97.0_windows_amd64.zip",FALSE,TRUE,"artifacts",FALSE,FALSE,FALSE,TRUE,TRUE,FALSE,FALSE,"","ignore","",FALSE,"git ls-files: not tracked; matched current ignore rules; classified as artifacts; path/type indicates generated output",""
"artifacts/h26-consolidation/tools/gh_2.97.0_windows_amd64/bin/gh.exe",FALSE,TRUE,"artifacts",FALSE,FALSE,FALSE,TRUE,TRUE,FALSE,FALSE,"","ignore","",FALSE,"git ls-files: not tracked; matched current ignore rules; classified as artifacts; path/type indicates generated output",""
"artifacts/h26-consolidation/tools/gh_2.97.0_windows_amd64/LICENSE",FALSE,TRUE,"artifacts",FALSE,FALSE,FALSE,TRUE,TRUE,FALSE,FALSE,"","ignore","",FALSE,"git ls-files: not tracked; matched current ignore rules; classified as artifacts; path/type indicates generated output",""
"artifacts/maintainer-case/copernicus-peru-phy/cin/processed/copernicus-peru-phy-20200101-20200107.rds",FALSE,TRUE,"RDS",FALSE,FALSE,FALSE,FALSE,FALSE,TRUE,FALSE,"","relocate-later","approved external data store or minimal test fixture; preserve until checksum and provenance are recorded",FALSE,"git ls-files: not tracked; matched current ignore rules; classified as RDS; path/type does not establish generated output; data extension/location may contain operational data","No move or merge is authorized by this decision document alone."
"artifacts/maintainer-case/copernicus-peru-phy/cin/raw/copernicus-peru-phy-20200101-20200107.nc",FALSE,TRUE,"NetCDF",FALSE,FALSE,FALSE,FALSE,FALSE,TRUE,FALSE,"","relocate-later","approved external data store or minimal test fixture; preserve until checksum and provenance are recorded",FALSE,"git ls-files: not tracked; matched current ignore rules; classified as NetCDF; path/type does not establish generated output; data extension/location may contain operational data","No move or merge is authorized by this decision document alone."
"artifacts/maintainer-case/copernicus-peru-phy/cout/audit/audit-summary.csv",FALSE,TRUE,"artifacts",FALSE,FALSE,FALSE,TRUE,FALSE,TRUE,FALSE,"","relocate-later","approved external artifact/data store",FALSE,"git ls-files: not tracked; matched current ignore rules; classified as artifacts; path/type indicates generated output; data extension/location may contain operational data","No move or merge is authorized by this decision document alone."
"artifacts/maintainer-case/copernicus-peru-phy/cout/audit/coordinate-summary.csv",FALSE,TRUE,"artifacts",FALSE,FALSE,FALSE,TRUE,FALSE,TRUE,FALSE,"","relocate-later","approved external artifact/data store",FALSE,"git ls-files: not tracked; matched current ignore rules; classified as artifacts; path/type indicates generated output; data extension/location may contain operational data","No move or merge is authorized by this decision document alone."
"artifacts/maintainer-case/copernicus-peru-phy/cout/audit/cube-shape.csv",FALSE,TRUE,"artifacts",FALSE,FALSE,FALSE,TRUE,FALSE,TRUE,FALSE,"","relocate-later","approved external artifact/data store",FALSE,"git ls-files: not tracked; matched current ignore rules; classified as artifacts; path/type indicates generated output; data extension/location may contain operational data","No move or merge is authorized by this decision document alone."
"artifacts/maintainer-case/copernicus-peru-phy/cout/audit/depth-coverage.csv",FALSE,TRUE,"artifacts",FALSE,FALSE,FALSE,TRUE,FALSE,TRUE,FALSE,"","relocate-later","approved external artifact/data store",FALSE,"git ls-files: not tracked; matched current ignore rules; classified as artifacts; path/type indicates generated output; data extension/location may contain operational data","No move or merge is authorized by this decision document alone."
"artifacts/maintainer-case/copernicus-peru-phy/cout/audit/depth.csv",FALSE,TRUE,"artifacts",FALSE,FALSE,FALSE,TRUE,FALSE,TRUE,FALSE,"","relocate-later","approved external artifact/data store",FALSE,"git ls-files: not tracked; matched current ignore rules; classified as artifacts; path/type indicates generated output; data extension/location may contain operational data","No move or merge is authorized by this decision document alone."
"artifacts/maintainer-case/copernicus-peru-phy/cout/audit/dimname-checks.csv",FALSE,TRUE,"artifacts",FALSE,FALSE,FALSE,TRUE,FALSE,TRUE,FALSE,"","relocate-later","approved external artifact/data store",FALSE,"git ls-files: not tracked; matched current ignore rules; classified as artifacts; path/type indicates generated output; data extension/location may contain operational data","No move or merge is authorized by this decision document alone."
"artifacts/maintainer-case/copernicus-peru-phy/cout/audit/example-block.rds",FALSE,TRUE,"RDS",FALSE,FALSE,FALSE,FALSE,FALSE,TRUE,FALSE,"","relocate-later","approved external data store or minimal test fixture; preserve until checksum and provenance are recorded",FALSE,"git ls-files: not tracked; matched current ignore rules; classified as RDS; path/type does not establish generated output; data extension/location may contain operational data","No move or merge is authorized by this decision document alone."
"artifacts/maintainer-case/copernicus-peru-phy/cout/audit/first-finite-cell.csv",FALSE,TRUE,"artifacts",FALSE,FALSE,FALSE,TRUE,FALSE,TRUE,FALSE,"","relocate-later","approved external artifact/data store",FALSE,"git ls-files: not tracked; matched current ignore rules; classified as artifacts; path/type indicates generated output; data extension/location may contain operational data","No move or merge is authorized by this decision document alone."
"artifacts/maintainer-case/copernicus-peru-phy/cout/audit/latitude.csv",FALSE,TRUE,"artifacts",FALSE,FALSE,FALSE,TRUE,FALSE,TRUE,FALSE,"","relocate-later","approved external artifact/data store",FALSE,"git ls-files: not tracked; matched current ignore rules; classified as artifacts; path/type indicates generated output; data extension/location may contain operational data","No move or merge is authorized by this decision document alone."
"artifacts/maintainer-case/copernicus-peru-phy/cout/audit/longitude.csv",FALSE,TRUE,"artifacts",FALSE,FALSE,FALSE,TRUE,FALSE,TRUE,FALSE,"","relocate-later","approved external artifact/data store",FALSE,"git ls-files: not tracked; matched current ignore rules; classified as artifacts; path/type indicates generated output; data extension/location may contain operational data","No move or merge is authorized by this decision document alone."
"artifacts/maintainer-case/copernicus-peru-phy/cout/audit/memory-summary.csv",FALSE,TRUE,"artifacts",FALSE,FALSE,FALSE,TRUE,FALSE,TRUE,FALSE,"","relocate-later","approved external artifact/data store",FALSE,"git ls-files: not tracked; matched current ignore rules; classified as artifacts; path/type indicates generated output; data extension/location may contain operational data","No move or merge is authorized by this decision document alone."
"artifacts/maintainer-case/copernicus-peru-phy/cout/audit/object-components.csv",FALSE,TRUE,"artifacts",FALSE,FALSE,FALSE,TRUE,FALSE,TRUE,FALSE,"","relocate-later","approved external artifact/data store",FALSE,"git ls-files: not tracked; matched current ignore rules; classified as artifacts; path/type indicates generated output; data extension/location may contain operational data","No move or merge is authorized by this decision document alone."
"artifacts/maintainer-case/copernicus-peru-phy/cout/audit/time.csv",FALSE,TRUE,"artifacts",FALSE,FALSE,FALSE,TRUE,FALSE,TRUE,FALSE,"","relocate-later","approved external artifact/data store",FALSE,"git ls-files: not tracked; matched current ignore rules; classified as artifacts; path/type indicates generated output; data extension/location may contain operational data","No move or merge is authorized by this decision document alone."
"artifacts/maintainer-case/copernicus-peru-phy/cout/audit/variable-summary.csv",FALSE,TRUE,"artifacts",FALSE,FALSE,FALSE,TRUE,FALSE,TRUE,FALSE,"","relocate-later","approved external artifact/data store",FALSE,"git ls-files: not tracked; matched current ignore rules; classified as artifacts; path/type indicates generated output; data extension/location may contain operational data","No move or merge is authorized by this decision document alone."
"artifacts/maintainer-case/copernicus-peru-phy/cout/audit/variables.csv",FALSE,TRUE,"artifacts",FALSE,FALSE,FALSE,TRUE,FALSE,TRUE,FALSE,"","relocate-later","approved external artifact/data store",FALSE,"git ls-files: not tracked; matched current ignore rules; classified as artifacts; path/type indicates generated output; data extension/location may contain operational data","No move or merge is authorized by this decision document alone."
"artifacts/maintainer-case/copernicus-peru-phy/cout/log/copernicus-request.txt",FALSE,TRUE,"artifacts",FALSE,FALSE,FALSE,TRUE,TRUE,FALSE,FALSE,"","ignore","",FALSE,"git ls-files: not tracked; matched current ignore rules; classified as artifacts; path/type indicates generated output",""
"artifacts/maintainer-case/copernicus-peru-phy/cout/log/netcdf-dimensions.csv",FALSE,TRUE,"artifacts",FALSE,FALSE,FALSE,TRUE,FALSE,TRUE,FALSE,"","relocate-later","approved external artifact/data store",FALSE,"git ls-files: not tracked; matched current ignore rules; classified as artifacts; path/type indicates generated output; data extension/location may contain operational data","No move or merge is authorized by this decision document alone."
"artifacts/maintainer-case/copernicus-peru-phy/cout/log/netcdf-variables.csv",FALSE,TRUE,"artifacts",FALSE,FALSE,FALSE,TRUE,FALSE,TRUE,FALSE,"","relocate-later","approved external artifact/data store",FALSE,"git ls-files: not tracked; matched current ignore rules; classified as artifacts; path/type indicates generated output; data extension/location may contain operational data","No move or merge is authorized by this decision document alone."
"artifacts/maintainer-case/copernicus-peru-phy/cout/log/ocean-cube-summary.csv",FALSE,TRUE,"artifacts",FALSE,FALSE,FALSE,TRUE,FALSE,TRUE,TRUE,"","relocate-later","approved external artifact/data store",FALSE,"git ls-files: not tracked; matched current ignore rules; classified as artifacts; path/type indicates generated output; data extension/location may contain operational data","No move or merge is authorized by this decision document alone."
"artifacts/maintainer-case/copernicus-peru-phy/cout/validation/.check_cube.R",FALSE,TRUE,"artifacts",FALSE,FALSE,FALSE,TRUE,TRUE,FALSE,FALSE,"","ignore","",FALSE,"git ls-files: not tracked; matched current ignore rules; classified as artifacts; path/type indicates generated output",""
"artifacts/maintainer-case/copernicus-peru-phy/cout/validation/.check_cube_coordinates.R",FALSE,TRUE,"artifacts",FALSE,FALSE,FALSE,TRUE,TRUE,FALSE,FALSE,"","ignore","",FALSE,"git ls-files: not tracked; matched current ignore rules; classified as artifacts; path/type indicates generated output",""
"artifacts/maintainer-case/copernicus-peru-phy/cout/validation/.check_cube_dimensions.R",FALSE,TRUE,"artifacts",FALSE,FALSE,FALSE,TRUE,TRUE,FALSE,FALSE,"","ignore","",FALSE,"git ls-files: not tracked; matched current ignore rules; classified as artifacts; path/type indicates generated output",""
"artifacts/maintainer-case/copernicus-peru-phy/cout/validation/.check_numeric_vector.R",FALSE,TRUE,"artifacts",FALSE,FALSE,FALSE,TRUE,TRUE,FALSE,FALSE,"","ignore","",FALSE,"git ls-files: not tracked; matched current ignore rules; classified as artifacts; path/type indicates generated output",""
"artifacts/maintainer-case/copernicus-peru-phy/cout/validation/.cube_backend.R",FALSE,TRUE,"artifacts",FALSE,FALSE,FALSE,TRUE,TRUE,FALSE,FALSE,"","ignore","",FALSE,"git ls-files: not tracked; matched current ignore rules; classified as artifacts; path/type indicates generated output",""
"artifacts/maintainer-case/copernicus-peru-phy/cout/validation/.validate_memory_backend.R",FALSE,TRUE,"artifacts",FALSE,FALSE,FALSE,TRUE,TRUE,FALSE,FALSE,"","ignore","",FALSE,"git ls-files: not tracked; matched current ignore rules; classified as artifacts; path/type indicates generated output",""
"artifacts/maintainer-case/copernicus-peru-phy/cout/validation/validation-cases.csv",FALSE,TRUE,"artifacts",FALSE,FALSE,FALSE,TRUE,FALSE,TRUE,FALSE,"","relocate-later","approved external artifact/data store",FALSE,"git ls-files: not tracked; matched current ignore rules; classified as artifacts; path/type indicates generated output; data extension/location may contain operational data","No move or merge is authorized by this decision document alone."
"artifacts/maintainer-case/copernicus-peru-phy/cout/validation/validation-functions.csv",FALSE,TRUE,"artifacts",FALSE,FALSE,FALSE,TRUE,FALSE,TRUE,FALSE,"","relocate-later","approved external artifact/data store",FALSE,"git ls-files: not tracked; matched current ignore rules; classified as artifacts; path/type indicates generated output; data extension/location may contain operational data","No move or merge is authorized by this decision document alone."
"artifacts/maintainer-case/copernicus-peru-phy/cout/validation/validation-map.mmd",FALSE,TRUE,"artifacts",FALSE,FALSE,FALSE,TRUE,TRUE,FALSE,FALSE,"","ignore","",FALSE,"git ls-files: not tracked; matched current ignore rules; classified as artifacts; path/type indicates generated output",""
"artifacts/maintainer-case/copernicus-peru-phy/cout/validation/validation-study.md",FALSE,TRUE,"artifacts",FALSE,FALSE,FALSE,TRUE,TRUE,FALSE,FALSE,"","ignore","",FALSE,"git ls-files: not tracked; matched current ignore rules; classified as artifacts; path/type indicates generated output",""
"artifacts/maintainer-case/copernicus-peru-phy/cout/validation/validation-summary.csv",FALSE,TRUE,"artifacts",FALSE,FALSE,FALSE,TRUE,FALSE,TRUE,FALSE,"","relocate-later","approved external artifact/data store",FALSE,"git ls-files: not tracked; matched current ignore rules; classified as artifacts; path/type indicates generated output; data extension/location may contain operational data","No move or merge is authorized by this decision document alone."
"artifacts/maintainer-map/stage-00/00-inventory.R",FALSE,TRUE,"artifacts",FALSE,FALSE,FALSE,TRUE,TRUE,FALSE,TRUE,"","ignore","",FALSE,"git ls-files: not tracked; matched current ignore rules; classified as artifacts; path/type indicates generated output",""
"artifacts/maintainer-map/stage-00/dependency-map.mmd",FALSE,TRUE,"artifacts",FALSE,FALSE,FALSE,TRUE,TRUE,FALSE,FALSE,"","ignore","",FALSE,"git ls-files: not tracked; matched current ignore rules; classified as artifacts; path/type indicates generated output",""
"artifacts/maintainer-map/stage-00/function-centrality.csv",FALSE,TRUE,"artifacts",FALSE,FALSE,FALSE,TRUE,FALSE,TRUE,FALSE,"","relocate-later","approved external artifact/data store",FALSE,"git ls-files: not tracked; matched current ignore rules; classified as artifacts; path/type indicates generated output; data extension/location may contain operational data","No move or merge is authorized by this decision document alone."
"artifacts/maintainer-map/stage-00/function-dependencies.csv",FALSE,TRUE,"artifacts",FALSE,FALSE,FALSE,TRUE,FALSE,TRUE,FALSE,"","relocate-later","approved external artifact/data store",FALSE,"git ls-files: not tracked; matched current ignore rules; classified as artifacts; path/type indicates generated output; data extension/location may contain operational data","No move or merge is authorized by this decision document alone."
"artifacts/maintainer-map/stage-00/function-source-map.csv",FALSE,TRUE,"artifacts",FALSE,FALSE,FALSE,TRUE,FALSE,TRUE,TRUE,"","relocate-later","approved external artifact/data store",FALSE,"git ls-files: not tracked; matched current ignore rules; classified as artifacts; path/type indicates generated output; data extension/location may contain operational data","No move or merge is authorized by this decision document alone."
"artifacts/maintainer-map/stage-00/internal-functions.csv",FALSE,TRUE,"artifacts",FALSE,FALSE,FALSE,TRUE,FALSE,TRUE,FALSE,"","relocate-later","approved external artifact/data store",FALSE,"git ls-files: not tracked; matched current ignore rules; classified as artifacts; path/type indicates generated output; data extension/location may contain operational data","No move or merge is authorized by this decision document alone."
"artifacts/maintainer-map/stage-00/package-summary.csv",FALSE,TRUE,"artifacts",FALSE,FALSE,FALSE,TRUE,FALSE,TRUE,FALSE,"","relocate-later","approved external artifact/data store",FALSE,"git ls-files: not tracked; matched current ignore rules; classified as artifacts; path/type indicates generated output; data extension/location may contain operational data","No move or merge is authorized by this decision document alone."
"artifacts/maintainer-map/stage-00/public-api.csv",FALSE,TRUE,"artifacts",FALSE,FALSE,FALSE,TRUE,FALSE,TRUE,FALSE,"","relocate-later","approved external artifact/data store",FALSE,"git ls-files: not tracked; matched current ignore rules; classified as artifacts; path/type indicates generated output; data extension/location may contain operational data","No move or merge is authorized by this decision document alone."
"artifacts/maintainer-map/stage-00/r-files.csv",FALSE,TRUE,"artifacts",FALSE,FALSE,FALSE,TRUE,FALSE,TRUE,TRUE,"","relocate-later","approved external artifact/data store",FALSE,"git ls-files: not tracked; matched current ignore rules; classified as artifacts; path/type indicates generated output; data extension/location may contain operational data","No move or merge is authorized by this decision document alone."
"artifacts/maintainer-map/stage-00/s3-methods.csv",FALSE,TRUE,"artifacts",FALSE,FALSE,FALSE,TRUE,FALSE,TRUE,FALSE,"","relocate-later","approved external artifact/data store",FALSE,"git ls-files: not tracked; matched current ignore rules; classified as artifacts; path/type indicates generated output; data extension/location may contain operational data","No move or merge is authorized by this decision document alone."
"artifacts/maintainer-map/stage-01/01-explore-function.R",FALSE,TRUE,"artifacts",FALSE,FALSE,FALSE,TRUE,TRUE,FALSE,TRUE,"","ignore","",FALSE,"git ls-files: not tracked; matched current ignore rules; classified as artifacts; path/type indicates generated output",""
"artifacts/maintainer-map/stage-01/functions/ocean_cube/direct-callees.csv",FALSE,TRUE,"artifacts",FALSE,FALSE,FALSE,TRUE,FALSE,TRUE,FALSE,"","relocate-later","approved external artifact/data store",FALSE,"git ls-files: not tracked; matched current ignore rules; classified as artifacts; path/type indicates generated output; data extension/location may contain operational data","No move or merge is authorized by this decision document alone."
"artifacts/maintainer-map/stage-01/functions/ocean_cube/direct-callers.csv",FALSE,TRUE,"artifacts",FALSE,FALSE,FALSE,TRUE,FALSE,TRUE,FALSE,"","relocate-later","approved external artifact/data store",FALSE,"git ls-files: not tracked; matched current ignore rules; classified as artifacts; path/type indicates generated output; data extension/location may contain operational data","No move or merge is authorized by this decision document alone."
"artifacts/maintainer-map/stage-01/functions/ocean_cube/function-source.R",FALSE,TRUE,"artifacts",FALSE,FALSE,FALSE,TRUE,TRUE,FALSE,FALSE,"","ignore","",FALSE,"git ls-files: not tracked; matched current ignore rules; classified as artifacts; path/type indicates generated output",""
"artifacts/maintainer-map/stage-01/functions/ocean_cube/function-study.md",FALSE,TRUE,"artifacts",FALSE,FALSE,FALSE,TRUE,TRUE,FALSE,FALSE,"","ignore","",FALSE,"git ls-files: not tracked; matched current ignore rules; classified as artifacts; path/type indicates generated output",""
"artifacts/maintainer-map/stage-01/functions/ocean_cube/references.csv",FALSE,TRUE,"artifacts",FALSE,FALSE,FALSE,TRUE,FALSE,TRUE,FALSE,"","relocate-later","approved external artifact/data store",FALSE,"git ls-files: not tracked; matched current ignore rules; classified as artifacts; path/type indicates generated output; data extension/location may contain operational data","No move or merge is authorized by this decision document alone."
"artifacts/maintainer-map/stage-01/functions/ocean_cube/subgraph-edges.csv",FALSE,TRUE,"artifacts",FALSE,FALSE,FALSE,TRUE,FALSE,TRUE,FALSE,"","relocate-later","approved external artifact/data store",FALSE,"git ls-files: not tracked; matched current ignore rules; classified as artifacts; path/type indicates generated output; data extension/location may contain operational data","No move or merge is authorized by this decision document alone."
"artifacts/maintainer-map/stage-01/functions/ocean_cube/subgraph.mmd",FALSE,TRUE,"artifacts",FALSE,FALSE,FALSE,TRUE,TRUE,FALSE,FALSE,"","ignore","",FALSE,"git ls-files: not tracked; matched current ignore rules; classified as artifacts; path/type indicates generated output",""
"artifacts/maintainer-map/stage-01/study-plan.csv",FALSE,TRUE,"artifacts",FALSE,FALSE,FALSE,TRUE,FALSE,TRUE,FALSE,"","relocate-later","approved external artifact/data store",FALSE,"git ls-files: not tracked; matched current ignore rules; classified as artifacts; path/type indicates generated output; data extension/location may contain operational data","No move or merge is authorized by this decision document alone."
"artifacts/maintainer-map/stage-02/02B-audit-real-cube.R",FALSE,TRUE,"artifacts",FALSE,FALSE,FALSE,TRUE,TRUE,FALSE,TRUE,"","ignore","",FALSE,"git ls-files: not tracked; matched current ignore rules; classified as artifacts; path/type indicates generated output",""
"artifacts/maintainer-map/stage-02/02C-study-cube-validation.R",FALSE,TRUE,"artifacts",FALSE,FALSE,FALSE,TRUE,TRUE,FALSE,TRUE,"","ignore","",FALSE,"git ls-files: not tracked; matched current ignore rules; classified as artifacts; path/type indicates generated output",""
"auxdata/layer_sp.Rdata",TRUE,FALSE,"RDS",FALSE,FALSE,FALSE,FALSE,FALSE,TRUE,FALSE,"","relocate-later","approved external data store or minimal test fixture; preserve until checksum and provenance are recorded",FALSE,"git ls-files: tracked; not in ignored inventory; classified as RDS; path/type does not establish generated output; data extension/location may contain operational data","No move or merge is authorized by this decision document alone."
"auxdata/PER_ADM0.RData",TRUE,FALSE,"RDS",FALSE,FALSE,FALSE,FALSE,FALSE,TRUE,FALSE,"","relocate-later","approved external data store or minimal test fixture; preserve until checksum and provenance are recorded",FALSE,"git ls-files: tracked; not in ignored inventory; classified as RDS; path/type does not establish generated output; data extension/location may contain operational data","No move or merge is authorized by this decision document alone."
"CITATION.cff",TRUE,FALSE,"package metadata",TRUE,FALSE,FALSE,FALSE,FALSE,FALSE,FALSE,"","retain","",FALSE,"git ls-files: tracked; not in ignored inventory; classified as package metadata; path/type does not establish generated output",""
"CODE_OF_CONDUCT.md",TRUE,FALSE,"other",FALSE,FALSE,FALSE,FALSE,FALSE,FALSE,FALSE,"","retain","",FALSE,"git ls-files: tracked; not in ignored inventory; classified as other; path/type does not establish generated output",""
"CONTRIBUTING.md",TRUE,FALSE,"other",FALSE,FALSE,FALSE,FALSE,FALSE,FALSE,FALSE,"","retain","",FALSE,"git ls-files: tracked; not in ignored inventory; classified as other; path/type does not establish generated output",""
"cran-comments.md",TRUE,FALSE,"other",FALSE,FALSE,FALSE,FALSE,FALSE,FALSE,FALSE,"","retain","",FALSE,"git ls-files: tracked; not in ignored inventory; classified as other; path/type does not establish generated output",""
"data-raw/make-toy-ocean.R",TRUE,FALSE,"other",FALSE,FALSE,FALSE,FALSE,FALSE,FALSE,FALSE,"","retain","",FALSE,"git ls-files: tracked; not in ignored inventory; classified as other; path/type does not establish generated output",""
"DESCRIPTION",TRUE,FALSE,"package metadata",TRUE,FALSE,FALSE,FALSE,FALSE,FALSE,FALSE,"","retain","",FALSE,"git ls-files: tracked; not in ignored inventory; classified as package metadata; path/type does not establish generated output",""
"dev/architecture/netcdf-backend-contract.md",TRUE,FALSE,"other",FALSE,FALSE,FALSE,FALSE,FALSE,FALSE,FALSE,"","retain","",FALSE,"git ls-files: tracked; not in ignored inventory; classified as other; path/type does not establish generated output",""
"dev/diagnostics/netcdf_backend_contract.R",TRUE,FALSE,"other",FALSE,FALSE,FALSE,FALSE,FALSE,FALSE,FALSE,"","retain","",FALSE,"git ls-files: tracked; not in ignored inventory; classified as other; path/type does not establish generated output",""
"docs/handbook/01-introduction.html",FALSE,TRUE,"rendered HTML",FALSE,FALSE,FALSE,TRUE,TRUE,FALSE,TRUE,"handbook:01-introduction","ignore","",FALSE,"git ls-files: not tracked; matched current ignore rules; classified as rendered HTML; path/type indicates generated output",""
"docs/handbook/02-mental-model.html",FALSE,TRUE,"rendered HTML",FALSE,FALSE,FALSE,TRUE,TRUE,FALSE,TRUE,"handbook:02-mental-model","ignore","",FALSE,"git ls-files: not tracked; matched current ignore rules; classified as rendered HTML; path/type indicates generated output",""
"docs/handbook/03-ocean-cube-object.html",FALSE,TRUE,"rendered HTML",FALSE,FALSE,FALSE,TRUE,TRUE,FALSE,TRUE,"handbook:03-ocean-cube-object","ignore","",FALSE,"git ls-files: not tracked; matched current ignore rules; classified as rendered HTML; path/type indicates generated output",""
"docs/handbook/04-data-access.html",FALSE,TRUE,"rendered HTML",FALSE,FALSE,FALSE,TRUE,TRUE,FALSE,TRUE,"handbook:04-data-access","ignore","",FALSE,"git ls-files: not tracked; matched current ignore rules; classified as rendered HTML; path/type indicates generated output",""
"docs/handbook/05-selection-extraction.html",FALSE,TRUE,"rendered HTML",FALSE,FALSE,FALSE,TRUE,TRUE,FALSE,TRUE,"handbook:05-selection-extraction","ignore","",FALSE,"git ls-files: not tracked; matched current ignore rules; classified as rendered HTML; path/type indicates generated output",""
"docs/handbook/06-masks.html",FALSE,TRUE,"rendered HTML",FALSE,FALSE,FALSE,TRUE,TRUE,FALSE,TRUE,"handbook:06-masks","ignore","",FALSE,"git ls-files: not tracked; matched current ignore rules; classified as rendered HTML; path/type indicates generated output",""
"docs/handbook/07-temporal-climatology.html",FALSE,TRUE,"rendered HTML",FALSE,FALSE,FALSE,TRUE,TRUE,FALSE,TRUE,"handbook:07-temporal-climatology","ignore","",FALSE,"git ls-files: not tracked; matched current ignore rules; classified as rendered HTML; path/type indicates generated output",""
"docs/handbook/08-grid-geometry.html",FALSE,TRUE,"rendered HTML",FALSE,FALSE,FALSE,TRUE,TRUE,FALSE,TRUE,"handbook:08-grid-geometry","ignore","",FALSE,"git ls-files: not tracked; matched current ignore rules; classified as rendered HTML; path/type indicates generated output",""
"docs/handbook/09-function-reference.html",FALSE,TRUE,"rendered HTML",FALSE,FALSE,FALSE,TRUE,TRUE,FALSE,TRUE,"handbook:09-function-reference","ignore","",FALSE,"git ls-files: not tracked; matched current ignore rules; classified as rendered HTML; path/type indicates generated output",""
"docs/handbook/10-workflows.html",FALSE,TRUE,"rendered HTML",FALSE,FALSE,FALSE,TRUE,TRUE,FALSE,TRUE,"handbook:10-workflows","ignore","",FALSE,"git ls-files: not tracked; matched current ignore rules; classified as rendered HTML; path/type indicates generated output",""
"docs/handbook/11-spatind-boundary.html",FALSE,TRUE,"rendered HTML",FALSE,FALSE,FALSE,TRUE,TRUE,FALSE,TRUE,"handbook:11-spatind-boundary","ignore","",FALSE,"git ls-files: not tracked; matched current ignore rules; classified as rendered HTML; path/type indicates generated output",""
"docs/handbook/12-git-release-workflow.html",FALSE,TRUE,"rendered HTML",FALSE,FALSE,FALSE,TRUE,TRUE,FALSE,TRUE,"handbook:12-git-release-workflow","ignore","",FALSE,"git ls-files: not tracked; matched current ignore rules; classified as rendered HTML; path/type indicates generated output",""
"docs/handbook/13-troubleshooting.html",FALSE,TRUE,"rendered HTML",FALSE,FALSE,FALSE,TRUE,TRUE,FALSE,TRUE,"handbook:13-troubleshooting","ignore","",FALSE,"git ls-files: not tracked; matched current ignore rules; classified as rendered HTML; path/type indicates generated output",""
"docs/handbook/14-cheat-sheet.html",FALSE,TRUE,"rendered HTML",FALSE,FALSE,FALSE,TRUE,TRUE,FALSE,TRUE,"handbook:14-cheat-sheet","ignore","",FALSE,"git ls-files: not tracked; matched current ignore rules; classified as rendered HTML; path/type indicates generated output",""
"docs/handbook/functions/annual_index.qmd",FALSE,TRUE,"docs",FALSE,FALSE,TRUE,FALSE,FALSE,FALSE,FALSE,"","review","",FALSE,"git ls-files: not tracked; matched current ignore rules; classified as docs; path/type does not establish generated output","Insufficient evidence for an irreversible classification."
"docs/handbook/functions/anom_diff.qmd",FALSE,TRUE,"docs",FALSE,FALSE,TRUE,FALSE,FALSE,FALSE,FALSE,"","review","",FALSE,"git ls-files: not tracked; matched current ignore rules; classified as docs; path/type does not establish generated output","Insufficient evidence for an irreversible classification."
"docs/handbook/functions/anom_z.qmd",FALSE,TRUE,"docs",FALSE,FALSE,TRUE,FALSE,FALSE,FALSE,FALSE,"","review","",FALSE,"git ls-files: not tracked; matched current ignore rules; classified as docs; path/type does not establish generated output","Insufficient evidence for an irreversible classification."
"docs/handbook/functions/clim_day.qmd",FALSE,TRUE,"docs",FALSE,FALSE,TRUE,FALSE,FALSE,FALSE,FALSE,"","review","",FALSE,"git ls-files: not tracked; matched current ignore rules; classified as docs; path/type does not establish generated output","Insufficient evidence for an irreversible classification."
"docs/handbook/functions/clim_month.qmd",FALSE,TRUE,"docs",FALSE,FALSE,TRUE,FALSE,FALSE,FALSE,FALSE,"","review","",FALSE,"git ls-files: not tracked; matched current ignore rules; classified as docs; path/type does not establish generated output","Insufficient evidence for an irreversible classification."
"docs/handbook/functions/cm_connect.qmd",FALSE,TRUE,"docs",FALSE,FALSE,TRUE,FALSE,FALSE,FALSE,FALSE,"","review","",FALSE,"git ls-files: not tracked; matched current ignore rules; classified as docs; path/type does not establish generated output","Insufficient evidence for an irreversible classification."
"docs/handbook/functions/cm_setup.qmd",FALSE,TRUE,"docs",FALSE,FALSE,TRUE,FALSE,FALSE,FALSE,FALSE,"","review","",FALSE,"git ls-files: not tracked; matched current ignore rules; classified as docs; path/type does not establish generated output","Insufficient evidence for an irreversible classification."
"docs/handbook/functions/coast_dist.qmd",FALSE,TRUE,"docs",FALSE,FALSE,TRUE,FALSE,FALSE,FALSE,FALSE,"","review","",FALSE,"git ls-files: not tracked; matched current ignore rules; classified as docs; path/type does not establish generated output","Insufficient evidence for an irreversible classification."
"docs/handbook/functions/crop_stock.qmd",FALSE,TRUE,"docs",FALSE,FALSE,TRUE,FALSE,FALSE,FALSE,FALSE,"","review","",FALSE,"git ls-files: not tracked; matched current ignore rules; classified as docs; path/type does not establish generated output","Insufficient evidence for an irreversible classification."
"docs/handbook/functions/cube_cell_area.qmd",FALSE,TRUE,"docs",FALSE,FALSE,TRUE,FALSE,FALSE,FALSE,FALSE,"","review","",FALSE,"git ls-files: not tracked; matched current ignore rules; classified as docs; path/type does not establish generated output","Insufficient evidence for an irreversible classification."
"docs/handbook/functions/cube_cell_volume.qmd",FALSE,TRUE,"docs",FALSE,FALSE,TRUE,FALSE,FALSE,FALSE,FALSE,"","review","",FALSE,"git ls-files: not tracked; matched current ignore rules; classified as docs; path/type does not establish generated output","Insufficient evidence for an irreversible classification."
"docs/handbook/functions/cube_collect.qmd",FALSE,TRUE,"docs",FALSE,FALSE,TRUE,FALSE,FALSE,FALSE,FALSE,"","review","",FALSE,"git ls-files: not tracked; matched current ignore rules; classified as docs; path/type does not establish generated output","Insufficient evidence for an irreversible classification."
"docs/handbook/functions/cube_crop.qmd",FALSE,TRUE,"docs",FALSE,FALSE,TRUE,FALSE,FALSE,FALSE,FALSE,"","review","",FALSE,"git ls-files: not tracked; matched current ignore rules; classified as docs; path/type does not establish generated output","Insufficient evidence for an irreversible classification."
"docs/handbook/functions/cube_extract.qmd",FALSE,TRUE,"docs",FALSE,FALSE,TRUE,FALSE,FALSE,FALSE,FALSE,"","review","",FALSE,"git ls-files: not tracked; matched current ignore rules; classified as docs; path/type does not establish generated output","Insufficient evidence for an irreversible classification."
"docs/handbook/functions/cube_layer_thickness.qmd",FALSE,TRUE,"docs",FALSE,FALSE,TRUE,FALSE,FALSE,FALSE,FALSE,"","review","",FALSE,"git ls-files: not tracked; matched current ignore rules; classified as docs; path/type does not establish generated output","Insufficient evidence for an irreversible classification."
"docs/handbook/functions/cube_mask.qmd",FALSE,TRUE,"docs",FALSE,FALSE,TRUE,FALSE,FALSE,FALSE,FALSE,"","review","",FALSE,"git ls-files: not tracked; matched current ignore rules; classified as docs; path/type does not establish generated output","Insufficient evidence for an irreversible classification."
"docs/handbook/functions/cube_polygon_weights.qmd",FALSE,TRUE,"docs",FALSE,FALSE,TRUE,FALSE,FALSE,FALSE,FALSE,"","review","",FALSE,"git ls-files: not tracked; matched current ignore rules; classified as docs; path/type does not establish generated output","Insufficient evidence for an irreversible classification."
"docs/handbook/functions/cube_slice.qmd",FALSE,TRUE,"docs",FALSE,FALSE,TRUE,FALSE,FALSE,FALSE,FALSE,"","review","",FALSE,"git ls-files: not tracked; matched current ignore rules; classified as docs; path/type does not establish generated output","Insufficient evidence for an irreversible classification."
"docs/handbook/functions/cube_transect.qmd",FALSE,TRUE,"docs",FALSE,FALSE,TRUE,FALSE,FALSE,FALSE,FALSE,"","review","",FALSE,"git ls-files: not tracked; matched current ignore rules; classified as docs; path/type does not establish generated output","Insufficient evidence for an irreversible classification."
"docs/handbook/functions/download_nc.qmd",FALSE,TRUE,"docs",FALSE,FALSE,TRUE,FALSE,FALSE,FALSE,FALSE,"","review","",FALSE,"git ls-files: not tracked; matched current ignore rules; classified as docs; path/type does not establish generated output","Insufficient evidence for an irreversible classification."
"docs/handbook/functions/layer_mean.qmd",FALSE,TRUE,"docs",FALSE,FALSE,TRUE,FALSE,FALSE,FALSE,FALSE,"","review","",FALSE,"git ls-files: not tracked; matched current ignore rules; classified as docs; path/type does not establish generated output","Insufficient evidence for an irreversible classification."
"docs/handbook/functions/link_events.qmd",FALSE,TRUE,"docs",FALSE,FALSE,TRUE,FALSE,FALSE,FALSE,FALSE,"","review","",FALSE,"git ls-files: not tracked; matched current ignore rules; classified as docs; path/type does not establish generated output","Insufficient evidence for an irreversible classification."
"docs/handbook/functions/ocean_cube.qmd",FALSE,TRUE,"docs",FALSE,FALSE,TRUE,FALSE,FALSE,FALSE,FALSE,"","review","",FALSE,"git ls-files: not tracked; matched current ignore rules; classified as docs; path/type does not establish generated output","Insufficient evidence for an irreversible classification."
"docs/handbook/functions/read_nc.qmd",FALSE,TRUE,"docs",FALSE,FALSE,TRUE,FALSE,FALSE,FALSE,FALSE,"","review","",FALSE,"git ls-files: not tracked; matched current ignore rules; classified as docs; path/type does not establish generated output","Insufficient evidence for an irreversible classification."
"docs/handbook/functions/signal_noise.qmd",FALSE,TRUE,"docs",FALSE,FALSE,TRUE,FALSE,FALSE,FALSE,FALSE,"","review","",FALSE,"git ls-files: not tracked; matched current ignore rules; classified as docs; path/type does not establish generated output","Insufficient evidence for an irreversible classification."
"docs/handbook/functions/stock_mask.qmd",FALSE,TRUE,"docs",FALSE,FALSE,TRUE,FALSE,FALSE,FALSE,FALSE,"","review","",FALSE,"git ls-files: not tracked; matched current ignore rules; classified as docs; path/type does not establish generated output","Insufficient evidence for an irreversible classification."
"docs/handbook/functions/to_month.qmd",FALSE,TRUE,"docs",FALSE,FALSE,TRUE,FALSE,FALSE,FALSE,FALSE,"","review","",FALSE,"git ls-files: not tracked; matched current ignore rules; classified as docs; path/type does not establish generated output","Insufficient evidence for an irreversible classification."
"docs/handbook/index.html",FALSE,TRUE,"rendered HTML",FALSE,FALSE,FALSE,TRUE,TRUE,FALSE,TRUE,"handbook:index","ignore","",FALSE,"git ls-files: not tracked; matched current ignore rules; classified as rendered HTML; path/type indicates generated output",""
"docs/handbook/rmarkdown-index.html",FALSE,TRUE,"rendered HTML",FALSE,FALSE,FALSE,TRUE,TRUE,FALSE,TRUE,"handbook:rmarkdown-index","ignore","",FALSE,"git ls-files: not tracked; matched current ignore rules; classified as rendered HTML; path/type indicates generated output",""
"docs/handbook/search.json",FALSE,TRUE,"docs",FALSE,FALSE,TRUE,FALSE,FALSE,FALSE,FALSE,"","review","",FALSE,"git ls-files: not tracked; matched current ignore rules; classified as docs; path/type does not establish generated output","Insufficient evidence for an irreversible classification."
"docs/handbook/site_libs/bootstrap/bootstrap-524437e45afd0023c0ef5af34e3ac121.min.css",FALSE,TRUE,"docs",FALSE,FALSE,TRUE,FALSE,FALSE,FALSE,TRUE,"","review","",FALSE,"git ls-files: not tracked; matched current ignore rules; classified as docs; path/type does not establish generated output","Insufficient evidence for an irreversible classification."
"docs/handbook/site_libs/bootstrap/bootstrap-icons.css",FALSE,TRUE,"docs",FALSE,FALSE,TRUE,FALSE,FALSE,FALSE,TRUE,"","review","",FALSE,"git ls-files: not tracked; matched current ignore rules; classified as docs; path/type does not establish generated output","Insufficient evidence for an irreversible classification."
"docs/handbook/site_libs/bootstrap/bootstrap-icons.woff",FALSE,TRUE,"docs",FALSE,FALSE,TRUE,FALSE,FALSE,FALSE,FALSE,"","review","",FALSE,"git ls-files: not tracked; matched current ignore rules; classified as docs; path/type does not establish generated output","Insufficient evidence for an irreversible classification."
"docs/handbook/site_libs/bootstrap/bootstrap.min.js",FALSE,TRUE,"docs",FALSE,FALSE,TRUE,FALSE,FALSE,FALSE,TRUE,"","review","",FALSE,"git ls-files: not tracked; matched current ignore rules; classified as docs; path/type does not establish generated output","Insufficient evidence for an irreversible classification."
"docs/handbook/site_libs/clipboard/clipboard.min.js",FALSE,TRUE,"docs",FALSE,FALSE,TRUE,FALSE,FALSE,FALSE,TRUE,"","review","",FALSE,"git ls-files: not tracked; matched current ignore rules; classified as docs; path/type does not establish generated output","Insufficient evidence for an irreversible classification."
"docs/handbook/site_libs/quarto-html/anchor.min.js",FALSE,TRUE,"docs",FALSE,FALSE,TRUE,FALSE,FALSE,FALSE,TRUE,"","review","",FALSE,"git ls-files: not tracked; matched current ignore rules; classified as docs; path/type does not establish generated output","Insufficient evidence for an irreversible classification."
"docs/handbook/site_libs/quarto-html/popper.min.js",FALSE,TRUE,"docs",FALSE,FALSE,TRUE,FALSE,FALSE,FALSE,FALSE,"","review","",FALSE,"git ls-files: not tracked; matched current ignore rules; classified as docs; path/type does not establish generated output","Insufficient evidence for an irreversible classification."
"docs/handbook/site_libs/quarto-html/quarto-syntax-highlighting-37eea08aefeeee20ff55810ff984fec1.css",FALSE,TRUE,"docs",FALSE,FALSE,TRUE,FALSE,FALSE,FALSE,FALSE,"","review","",FALSE,"git ls-files: not tracked; matched current ignore rules; classified as docs; path/type does not establish generated output","Insufficient evidence for an irreversible classification."
"docs/handbook/site_libs/quarto-html/quarto.js",FALSE,TRUE,"docs",FALSE,FALSE,TRUE,FALSE,FALSE,FALSE,FALSE,"","review","",FALSE,"git ls-files: not tracked; matched current ignore rules; classified as docs; path/type does not establish generated output","Insufficient evidence for an irreversible classification."
"docs/handbook/site_libs/quarto-html/tabsets/tabsets.js",FALSE,TRUE,"docs",FALSE,FALSE,TRUE,FALSE,FALSE,FALSE,FALSE,"","review","",FALSE,"git ls-files: not tracked; matched current ignore rules; classified as docs; path/type does not establish generated output","Insufficient evidence for an irreversible classification."
"docs/handbook/site_libs/quarto-html/tippy.css",FALSE,TRUE,"docs",FALSE,FALSE,TRUE,FALSE,FALSE,FALSE,FALSE,"","review","",FALSE,"git ls-files: not tracked; matched current ignore rules; classified as docs; path/type does not establish generated output","Insufficient evidence for an irreversible classification."
"docs/handbook/site_libs/quarto-html/tippy.umd.min.js",FALSE,TRUE,"docs",FALSE,FALSE,TRUE,FALSE,FALSE,FALSE,TRUE,"","review","",FALSE,"git ls-files: not tracked; matched current ignore rules; classified as docs; path/type does not establish generated output","Insufficient evidence for an irreversible classification."
"docs/handbook/site_libs/quarto-nav/headroom.min.js",FALSE,TRUE,"docs",FALSE,FALSE,TRUE,FALSE,FALSE,FALSE,TRUE,"","review","",FALSE,"git ls-files: not tracked; matched current ignore rules; classified as docs; path/type does not establish generated output","Insufficient evidence for an irreversible classification."
"docs/handbook/site_libs/quarto-nav/quarto-nav.js",FALSE,TRUE,"docs",FALSE,FALSE,TRUE,FALSE,FALSE,FALSE,FALSE,"","review","",FALSE,"git ls-files: not tracked; matched current ignore rules; classified as docs; path/type does not establish generated output","Insufficient evidence for an irreversible classification."
"docs/handbook/site_libs/quarto-search/autocomplete.umd.js",FALSE,TRUE,"docs",FALSE,FALSE,TRUE,FALSE,FALSE,FALSE,TRUE,"","review","",FALSE,"git ls-files: not tracked; matched current ignore rules; classified as docs; path/type does not establish generated output","Insufficient evidence for an irreversible classification."
"docs/handbook/site_libs/quarto-search/fuse.min.js",FALSE,TRUE,"docs",FALSE,FALSE,TRUE,FALSE,FALSE,FALSE,TRUE,"","review","",FALSE,"git ls-files: not tracked; matched current ignore rules; classified as docs; path/type does not establish generated output","Insufficient evidence for an irreversible classification."
"docs/handbook/site_libs/quarto-search/quarto-search.js",FALSE,TRUE,"docs",FALSE,FALSE,TRUE,FALSE,FALSE,FALSE,TRUE,"","review","",FALSE,"git ls-files: not tracked; matched current ignore rules; classified as docs; path/type does not establish generated output","Insufficient evidence for an irreversible classification."
"docs/handbook/styles.css",FALSE,TRUE,"docs",FALSE,FALSE,TRUE,FALSE,FALSE,FALSE,FALSE,"","review","",FALSE,"git ls-files: not tracked; matched current ignore rules; classified as docs; path/type does not establish generated output","Insufficient evidence for an irreversible classification."
"docs/roadmap/audit-0.2.0/01-file-inventory.csv",TRUE,FALSE,"docs",FALSE,FALSE,TRUE,FALSE,FALSE,FALSE,FALSE,"","retain","",FALSE,"git ls-files: tracked; not in ignored inventory; classified as docs; path/type does not establish generated output",""
"docs/roadmap/audit-0.2.0/02-function-inventory.csv",TRUE,FALSE,"docs",FALSE,FALSE,TRUE,FALSE,FALSE,FALSE,FALSE,"","retain","",FALSE,"git ls-files: tracked; not in ignored inventory; classified as docs; path/type does not establish generated output",""
"docs/roadmap/audit-0.2.0/03-public-api-current.csv",TRUE,FALSE,"docs",FALSE,FALSE,TRUE,FALSE,FALSE,FALSE,FALSE,"","retain","",FALSE,"git ls-files: tracked; not in ignored inventory; classified as docs; path/type does not establish generated output",""
"docs/roadmap/audit-0.2.0/04-public-api-proposed.csv",TRUE,FALSE,"docs",FALSE,FALSE,TRUE,FALSE,FALSE,FALSE,FALSE,"","retain","",FALSE,"git ls-files: tracked; not in ignored inventory; classified as docs; path/type does not establish generated output",""
"docs/roadmap/audit-0.2.0/05-api-transition.csv",TRUE,FALSE,"docs",FALSE,FALSE,TRUE,FALSE,FALSE,FALSE,FALSE,"","retain","",FALSE,"git ls-files: tracked; not in ignored inventory; classified as docs; path/type does not establish generated output",""
"docs/roadmap/audit-0.2.0/06-test-map.csv",TRUE,FALSE,"docs",FALSE,FALSE,TRUE,FALSE,FALSE,FALSE,FALSE,"","retain","",FALSE,"git ls-files: tracked; not in ignored inventory; classified as docs; path/type does not establish generated output",""
"docs/roadmap/audit-0.2.0/07-documentation-map.csv",TRUE,FALSE,"docs",FALSE,FALSE,TRUE,FALSE,FALSE,FALSE,FALSE,"","retain","",FALSE,"git ls-files: tracked; not in ignored inventory; classified as docs; path/type does not establish generated output",""
"docs/roadmap/audit-0.2.0/08-artifact-audit.csv",TRUE,FALSE,"docs",FALSE,FALSE,TRUE,FALSE,FALSE,FALSE,FALSE,"","retain","",FALSE,"git ls-files: tracked; not in ignored inventory; classified as docs; path/type does not establish generated output",""
"docs/roadmap/audit-0.2.0/09-function-dependencies.csv",TRUE,FALSE,"docs",FALSE,FALSE,TRUE,FALSE,FALSE,FALSE,FALSE,"","retain","",FALSE,"git ls-files: tracked; not in ignored inventory; classified as docs; path/type does not establish generated output",""
"docs/roadmap/audit-0.2.0/10-module-map.csv",TRUE,FALSE,"docs",FALSE,FALSE,TRUE,FALSE,FALSE,FALSE,FALSE,"","retain","",FALSE,"git ls-files: tracked; not in ignored inventory; classified as docs; path/type does not establish generated output",""
"docs/roadmap/audit-0.2.0/generate-audit.R",TRUE,FALSE,"docs",FALSE,FALSE,TRUE,FALSE,FALSE,FALSE,TRUE,"","retain","",FALSE,"git ls-files: tracked; not in ignored inventory; classified as docs; path/type does not establish generated output",""
"docs/roadmap/audit-0.2.0/oceancube-0.2.0-audit.Rmd",TRUE,FALSE,"docs",FALSE,FALSE,TRUE,FALSE,FALSE,FALSE,FALSE,"","retain","",FALSE,"git ls-files: tracked; not in ignored inventory; classified as docs; path/type does not establish generated output",""
"docs/roadmap/audit-0.2.0/README.md",TRUE,FALSE,"docs",FALSE,FALSE,TRUE,FALSE,FALSE,FALSE,FALSE,"","retain","",FALSE,"git ls-files: tracked; not in ignored inventory; classified as docs; path/type does not establish generated output",""
"docs/roadmap/oceancube-v0.2.0-scope.Rmd",TRUE,FALSE,"docs",FALSE,FALSE,TRUE,FALSE,FALSE,FALSE,TRUE,"","retain","",FALSE,"git ls-files: tracked; not in ignored inventory; classified as docs; path/type does not establish generated output",""
"handbook/.gitignore",TRUE,FALSE,"handbook",FALSE,FALSE,TRUE,FALSE,FALSE,FALSE,FALSE,"handbook:.gitignore","retain","",FALSE,"git ls-files: tracked; not in ignored inventory; classified as handbook; path/type does not establish generated output",""
"handbook/.quarto/cites/index.json",FALSE,TRUE,"handbook",FALSE,FALSE,TRUE,FALSE,FALSE,FALSE,FALSE,"handbook:index","retain","",FALSE,"git ls-files: not tracked; matched current ignore rules; classified as handbook; path/type does not establish generated output",""
"handbook/.quarto/idx/01-introduction.qmd.json",FALSE,TRUE,"handbook",FALSE,FALSE,TRUE,FALSE,FALSE,FALSE,FALSE,"handbook:01-introduction.qmd","retain","",FALSE,"git ls-files: not tracked; matched current ignore rules; classified as handbook; path/type does not establish generated output",""
"handbook/.quarto/idx/02-mental-model.qmd.json",FALSE,TRUE,"handbook",FALSE,FALSE,TRUE,FALSE,FALSE,FALSE,FALSE,"handbook:02-mental-model.qmd","retain","",FALSE,"git ls-files: not tracked; matched current ignore rules; classified as handbook; path/type does not establish generated output",""
"handbook/.quarto/idx/03-ocean-cube-object.qmd.json",FALSE,TRUE,"handbook",FALSE,FALSE,TRUE,FALSE,FALSE,FALSE,FALSE,"handbook:03-ocean-cube-object.qmd","retain","",FALSE,"git ls-files: not tracked; matched current ignore rules; classified as handbook; path/type does not establish generated output",""
"handbook/.quarto/idx/04-data-access.qmd.json",FALSE,TRUE,"handbook",FALSE,FALSE,TRUE,FALSE,FALSE,FALSE,FALSE,"handbook:04-data-access.qmd","retain","",FALSE,"git ls-files: not tracked; matched current ignore rules; classified as handbook; path/type does not establish generated output",""
"handbook/.quarto/idx/05-selection-extraction.qmd.json",FALSE,TRUE,"handbook",FALSE,FALSE,TRUE,FALSE,FALSE,FALSE,FALSE,"handbook:05-selection-extraction.qmd","retain","",FALSE,"git ls-files: not tracked; matched current ignore rules; classified as handbook; path/type does not establish generated output",""
"handbook/.quarto/idx/06-masks.qmd.json",FALSE,TRUE,"handbook",FALSE,FALSE,TRUE,FALSE,FALSE,FALSE,FALSE,"handbook:06-masks.qmd","retain","",FALSE,"git ls-files: not tracked; matched current ignore rules; classified as handbook; path/type does not establish generated output",""
"handbook/.quarto/idx/07-temporal-climatology.qmd.json",FALSE,TRUE,"handbook",FALSE,FALSE,TRUE,FALSE,FALSE,FALSE,FALSE,"handbook:07-temporal-climatology.qmd","retain","",FALSE,"git ls-files: not tracked; matched current ignore rules; classified as handbook; path/type does not establish generated output",""
"handbook/.quarto/idx/08-grid-geometry.qmd.json",FALSE,TRUE,"handbook",FALSE,FALSE,TRUE,FALSE,FALSE,FALSE,FALSE,"handbook:08-grid-geometry.qmd","retain","",FALSE,"git ls-files: not tracked; matched current ignore rules; classified as handbook; path/type does not establish generated output",""
"handbook/.quarto/idx/09-function-reference.qmd.json",FALSE,TRUE,"handbook",FALSE,FALSE,TRUE,FALSE,FALSE,FALSE,FALSE,"handbook:09-function-reference.qmd","retain","",FALSE,"git ls-files: not tracked; matched current ignore rules; classified as handbook; path/type does not establish generated output",""
"handbook/.quarto/idx/10-workflows.qmd.json",FALSE,TRUE,"handbook",FALSE,FALSE,TRUE,FALSE,FALSE,FALSE,FALSE,"handbook:10-workflows.qmd","retain","",FALSE,"git ls-files: not tracked; matched current ignore rules; classified as handbook; path/type does not establish generated output",""
"handbook/.quarto/idx/11-spatind-boundary.qmd.json",FALSE,TRUE,"handbook",FALSE,FALSE,TRUE,FALSE,FALSE,FALSE,FALSE,"handbook:11-spatind-boundary.qmd","retain","",FALSE,"git ls-files: not tracked; matched current ignore rules; classified as handbook; path/type does not establish generated output",""
"handbook/.quarto/idx/12-git-release-workflow.qmd.json",FALSE,TRUE,"handbook",FALSE,FALSE,TRUE,FALSE,FALSE,FALSE,FALSE,"handbook:12-git-release-workflow.qmd","retain","",FALSE,"git ls-files: not tracked; matched current ignore rules; classified as handbook; path/type does not establish generated output",""
"handbook/.quarto/idx/13-troubleshooting.qmd.json",FALSE,TRUE,"handbook",FALSE,FALSE,TRUE,FALSE,FALSE,FALSE,FALSE,"handbook:13-troubleshooting.qmd","retain","",FALSE,"git ls-files: not tracked; matched current ignore rules; classified as handbook; path/type does not establish generated output",""
"handbook/.quarto/idx/14-cheat-sheet.qmd.json",FALSE,TRUE,"handbook",FALSE,FALSE,TRUE,FALSE,FALSE,FALSE,FALSE,"handbook:14-cheat-sheet.qmd","retain","",FALSE,"git ls-files: not tracked; matched current ignore rules; classified as handbook; path/type does not establish generated output",""
"handbook/.quarto/idx/index.qmd.json",FALSE,TRUE,"handbook",FALSE,FALSE,TRUE,FALSE,FALSE,FALSE,FALSE,"handbook:index.qmd","retain","",FALSE,"git ls-files: not tracked; matched current ignore rules; classified as handbook; path/type does not establish generated output",""
"handbook/.quarto/project-cache/deno-kv-file",FALSE,TRUE,"handbook",FALSE,FALSE,TRUE,FALSE,FALSE,FALSE,FALSE,"handbook:deno-kv-file","retain","",FALSE,"git ls-files: not tracked; matched current ignore rules; classified as handbook; path/type does not establish generated output",""
"handbook/.quarto/project-cache/ea923d2918fa5ac1356929d4c5346f29",FALSE,TRUE,"handbook",FALSE,FALSE,TRUE,FALSE,FALSE,FALSE,FALSE,"handbook:ea923d2918fa5ac1356929d4c5346f29","retain","",FALSE,"git ls-files: not tracked; matched current ignore rules; classified as handbook; path/type does not establish generated output",""
"handbook/.quarto/xref/2c139035",FALSE,TRUE,"handbook",FALSE,FALSE,TRUE,FALSE,FALSE,FALSE,FALSE,"handbook:2c139035","retain","",FALSE,"git ls-files: not tracked; matched current ignore rules; classified as handbook; path/type does not establish generated output",""
"handbook/.quarto/xref/3528c34b",FALSE,TRUE,"handbook",FALSE,FALSE,TRUE,FALSE,FALSE,FALSE,FALSE,"handbook:3528c34b","retain","",FALSE,"git ls-files: not tracked; matched current ignore rules; classified as handbook; path/type does not establish generated output",""
"handbook/.quarto/xref/35d951ff",FALSE,TRUE,"handbook",FALSE,FALSE,TRUE,FALSE,FALSE,FALSE,FALSE,"handbook:35d951ff","retain","",FALSE,"git ls-files: not tracked; matched current ignore rules; classified as handbook; path/type does not establish generated output",""
"handbook/.quarto/xref/36d2335e",FALSE,TRUE,"handbook",FALSE,FALSE,TRUE,FALSE,FALSE,FALSE,FALSE,"handbook:36d2335e","retain","",FALSE,"git ls-files: not tracked; matched current ignore rules; classified as handbook; path/type does not establish generated output",""
"handbook/.quarto/xref/5036bcb9",FALSE,TRUE,"handbook",FALSE,FALSE,TRUE,FALSE,FALSE,FALSE,FALSE,"handbook:5036bcb9","retain","",FALSE,"git ls-files: not tracked; matched current ignore rules; classified as handbook; path/type does not establish generated output",""
"handbook/.quarto/xref/72487038",FALSE,TRUE,"handbook",FALSE,FALSE,TRUE,FALSE,FALSE,FALSE,FALSE,"handbook:72487038","retain","",FALSE,"git ls-files: not tracked; matched current ignore rules; classified as handbook; path/type does not establish generated output",""
"handbook/.quarto/xref/79e298d8",FALSE,TRUE,"handbook",FALSE,FALSE,TRUE,FALSE,FALSE,FALSE,FALSE,"handbook:79e298d8","retain","",FALSE,"git ls-files: not tracked; matched current ignore rules; classified as handbook; path/type does not establish generated output",""
"handbook/.quarto/xref/863e3a40",FALSE,TRUE,"handbook",FALSE,FALSE,TRUE,FALSE,FALSE,FALSE,FALSE,"handbook:863e3a40","retain","",FALSE,"git ls-files: not tracked; matched current ignore rules; classified as handbook; path/type does not establish generated output",""
"handbook/.quarto/xref/8d2f9cbd",FALSE,TRUE,"handbook",FALSE,FALSE,TRUE,FALSE,FALSE,FALSE,FALSE,"handbook:8d2f9cbd","retain","",FALSE,"git ls-files: not tracked; matched current ignore rules; classified as handbook; path/type does not establish generated output",""
"handbook/.quarto/xref/9acb3e3f",FALSE,TRUE,"handbook",FALSE,FALSE,TRUE,FALSE,FALSE,FALSE,FALSE,"handbook:9acb3e3f","retain","",FALSE,"git ls-files: not tracked; matched current ignore rules; classified as handbook; path/type does not establish generated output",""
"handbook/.quarto/xref/cd2014cf",FALSE,TRUE,"handbook",FALSE,FALSE,TRUE,FALSE,FALSE,FALSE,FALSE,"handbook:cd2014cf","retain","",FALSE,"git ls-files: not tracked; matched current ignore rules; classified as handbook; path/type does not establish generated output",""
"handbook/.quarto/xref/f09e3144",FALSE,TRUE,"handbook",FALSE,FALSE,TRUE,FALSE,FALSE,FALSE,FALSE,"handbook:f09e3144","retain","",FALSE,"git ls-files: not tracked; matched current ignore rules; classified as handbook; path/type does not establish generated output",""
"handbook/.quarto/xref/f3778ed4",FALSE,TRUE,"handbook",FALSE,FALSE,TRUE,FALSE,FALSE,FALSE,FALSE,"handbook:f3778ed4","retain","",FALSE,"git ls-files: not tracked; matched current ignore rules; classified as handbook; path/type does not establish generated output",""
"handbook/.quarto/xref/f71df164",FALSE,TRUE,"handbook",FALSE,FALSE,TRUE,FALSE,FALSE,FALSE,FALSE,"handbook:f71df164","retain","",FALSE,"git ls-files: not tracked; matched current ignore rules; classified as handbook; path/type does not establish generated output",""
"handbook/.quarto/xref/fa742116",FALSE,TRUE,"handbook",FALSE,FALSE,TRUE,FALSE,FALSE,FALSE,FALSE,"handbook:fa742116","retain","",FALSE,"git ls-files: not tracked; matched current ignore rules; classified as handbook; path/type does not establish generated output",""
"handbook/.quarto/xref/INDEX",FALSE,TRUE,"handbook",FALSE,FALSE,TRUE,FALSE,FALSE,FALSE,FALSE,"handbook:INDEX","retain","",FALSE,"git ls-files: not tracked; matched current ignore rules; classified as handbook; path/type does not establish generated output",""
"handbook/_quarto.yml",TRUE,FALSE,"handbook",FALSE,FALSE,TRUE,FALSE,FALSE,FALSE,TRUE,"handbook:_quarto","retain","",FALSE,"git ls-files: tracked; not in ignored inventory; classified as handbook; path/type does not establish generated output",""
"handbook/01-introduction.qmd",TRUE,FALSE,"handbook",FALSE,FALSE,TRUE,FALSE,FALSE,FALSE,FALSE,"handbook:01-introduction","merge-later","vignettes/ after topic-level parity review; retain handbook until migration is accepted",FALSE,"git ls-files: tracked; not in ignored inventory; classified as handbook; path/type does not establish generated output","No move or merge is authorized by this decision document alone."
"handbook/02-mental-model.qmd",TRUE,FALSE,"handbook",FALSE,FALSE,TRUE,FALSE,FALSE,FALSE,FALSE,"handbook:02-mental-model","merge-later","vignettes/ after topic-level parity review; retain handbook until migration is accepted",FALSE,"git ls-files: tracked; not in ignored inventory; classified as handbook; path/type does not establish generated output","No move or merge is authorized by this decision document alone."
"handbook/03-ocean-cube-object.qmd",TRUE,FALSE,"handbook",FALSE,FALSE,TRUE,FALSE,FALSE,FALSE,FALSE,"handbook:03-ocean-cube-object","merge-later","vignettes/ after topic-level parity review; retain handbook until migration is accepted",FALSE,"git ls-files: tracked; not in ignored inventory; classified as handbook; path/type does not establish generated output","No move or merge is authorized by this decision document alone."
"handbook/04-data-access.qmd",TRUE,FALSE,"handbook",FALSE,FALSE,TRUE,FALSE,FALSE,FALSE,FALSE,"handbook:04-data-access","merge-later","vignettes/ after topic-level parity review; retain handbook until migration is accepted",FALSE,"git ls-files: tracked; not in ignored inventory; classified as handbook; path/type does not establish generated output","No move or merge is authorized by this decision document alone."
"handbook/05-selection-extraction.qmd",TRUE,FALSE,"handbook",FALSE,FALSE,TRUE,FALSE,FALSE,FALSE,FALSE,"handbook:05-selection-extraction","merge-later","vignettes/ after topic-level parity review; retain handbook until migration is accepted",FALSE,"git ls-files: tracked; not in ignored inventory; classified as handbook; path/type does not establish generated output","No move or merge is authorized by this decision document alone."
"handbook/06-masks.qmd",TRUE,FALSE,"handbook",FALSE,FALSE,TRUE,FALSE,FALSE,FALSE,FALSE,"handbook:06-masks","merge-later","vignettes/ after topic-level parity review; retain handbook until migration is accepted",FALSE,"git ls-files: tracked; not in ignored inventory; classified as handbook; path/type does not establish generated output","No move or merge is authorized by this decision document alone."
"handbook/07-temporal-climatology.qmd",TRUE,FALSE,"handbook",FALSE,FALSE,TRUE,FALSE,FALSE,FALSE,FALSE,"handbook:07-temporal-climatology","merge-later","vignettes/ after topic-level parity review; retain handbook until migration is accepted",FALSE,"git ls-files: tracked; not in ignored inventory; classified as handbook; path/type does not establish generated output","No move or merge is authorized by this decision document alone."
"handbook/08-grid-geometry.qmd",TRUE,FALSE,"handbook",FALSE,FALSE,TRUE,FALSE,FALSE,FALSE,FALSE,"handbook:08-grid-geometry","merge-later","vignettes/ after topic-level parity review; retain handbook until migration is accepted",FALSE,"git ls-files: tracked; not in ignored inventory; classified as handbook; path/type does not establish generated output","No move or merge is authorized by this decision document alone."
"handbook/09-function-reference.qmd",TRUE,FALSE,"handbook",FALSE,FALSE,TRUE,FALSE,FALSE,FALSE,FALSE,"handbook:09-function-reference","merge-later","vignettes/ after topic-level parity review; retain handbook until migration is accepted",FALSE,"git ls-files: tracked; not in ignored inventory; classified as handbook; path/type does not establish generated output","No move or merge is authorized by this decision document alone."
"handbook/10-workflows.qmd",TRUE,FALSE,"handbook",FALSE,FALSE,TRUE,FALSE,FALSE,FALSE,FALSE,"handbook:10-workflows","merge-later","vignettes/ after topic-level parity review; retain handbook until migration is accepted",FALSE,"git ls-files: tracked; not in ignored inventory; classified as handbook; path/type does not establish generated output","No move or merge is authorized by this decision document alone."
"handbook/11-spatind-boundary.qmd",TRUE,FALSE,"handbook",FALSE,FALSE,TRUE,FALSE,FALSE,FALSE,FALSE,"handbook:11-spatind-boundary","merge-later","vignettes/ after topic-level parity review; retain handbook until migration is accepted",FALSE,"git ls-files: tracked; not in ignored inventory; classified as handbook; path/type does not establish generated output","No move or merge is authorized by this decision document alone."
"handbook/12-git-release-workflow.qmd",TRUE,FALSE,"handbook",FALSE,FALSE,TRUE,FALSE,FALSE,FALSE,FALSE,"handbook:12-git-release-workflow","merge-later","vignettes/ after topic-level parity review; retain handbook until migration is accepted",FALSE,"git ls-files: tracked; not in ignored inventory; classified as handbook; path/type does not establish generated output","No move or merge is authorized by this decision document alone."
"handbook/13-troubleshooting.qmd",TRUE,FALSE,"handbook",FALSE,FALSE,TRUE,FALSE,FALSE,FALSE,FALSE,"handbook:13-troubleshooting","merge-later","vignettes/ after topic-level parity review; retain handbook until migration is accepted",FALSE,"git ls-files: tracked; not in ignored inventory; classified as handbook; path/type does not establish generated output","No move or merge is authorized by this decision document alone."
"handbook/14-cheat-sheet.qmd",TRUE,FALSE,"handbook",FALSE,FALSE,TRUE,FALSE,FALSE,FALSE,FALSE,"handbook:14-cheat-sheet","merge-later","vignettes/ after topic-level parity review; retain handbook until migration is accepted",FALSE,"git ls-files: tracked; not in ignored inventory; classified as handbook; path/type does not establish generated output","No move or merge is authorized by this decision document alone."
"handbook/functions/annual_index.qmd",TRUE,FALSE,"handbook",FALSE,FALSE,TRUE,FALSE,FALSE,FALSE,FALSE,"handbook:annual_index","merge-later","vignettes/ after topic-level parity review; retain handbook until migration is accepted",FALSE,"git ls-files: tracked; not in ignored inventory; classified as handbook; path/type does not establish generated output","No move or merge is authorized by this decision document alone."
"handbook/functions/anom_diff.qmd",TRUE,FALSE,"handbook",FALSE,FALSE,TRUE,FALSE,FALSE,FALSE,FALSE,"handbook:anom_diff","merge-later","vignettes/ after topic-level parity review; retain handbook until migration is accepted",FALSE,"git ls-files: tracked; not in ignored inventory; classified as handbook; path/type does not establish generated output","No move or merge is authorized by this decision document alone."
"handbook/functions/anom_z.qmd",TRUE,FALSE,"handbook",FALSE,FALSE,TRUE,FALSE,FALSE,FALSE,FALSE,"handbook:anom_z","merge-later","vignettes/ after topic-level parity review; retain handbook until migration is accepted",FALSE,"git ls-files: tracked; not in ignored inventory; classified as handbook; path/type does not establish generated output","No move or merge is authorized by this decision document alone."
"handbook/functions/clim_day.qmd",TRUE,FALSE,"handbook",FALSE,FALSE,TRUE,FALSE,FALSE,FALSE,FALSE,"handbook:clim_day","merge-later","vignettes/ after topic-level parity review; retain handbook until migration is accepted",FALSE,"git ls-files: tracked; not in ignored inventory; classified as handbook; path/type does not establish generated output","No move or merge is authorized by this decision document alone."
"handbook/functions/clim_month.qmd",TRUE,FALSE,"handbook",FALSE,FALSE,TRUE,FALSE,FALSE,FALSE,FALSE,"handbook:clim_month","merge-later","vignettes/ after topic-level parity review; retain handbook until migration is accepted",FALSE,"git ls-files: tracked; not in ignored inventory; classified as handbook; path/type does not establish generated output","No move or merge is authorized by this decision document alone."
"handbook/functions/cm_connect.qmd",TRUE,FALSE,"handbook",FALSE,FALSE,TRUE,FALSE,FALSE,FALSE,FALSE,"handbook:cm_connect","merge-later","vignettes/ after topic-level parity review; retain handbook until migration is accepted",FALSE,"git ls-files: tracked; not in ignored inventory; classified as handbook; path/type does not establish generated output","No move or merge is authorized by this decision document alone."
"handbook/functions/cm_setup.qmd",TRUE,FALSE,"handbook",FALSE,FALSE,TRUE,FALSE,FALSE,FALSE,FALSE,"handbook:cm_setup","merge-later","vignettes/ after topic-level parity review; retain handbook until migration is accepted",FALSE,"git ls-files: tracked; not in ignored inventory; classified as handbook; path/type does not establish generated output","No move or merge is authorized by this decision document alone."
"handbook/functions/coast_dist.qmd",TRUE,FALSE,"handbook",FALSE,FALSE,TRUE,FALSE,FALSE,FALSE,FALSE,"handbook:coast_dist","merge-later","vignettes/ after topic-level parity review; retain handbook until migration is accepted",FALSE,"git ls-files: tracked; not in ignored inventory; classified as handbook; path/type does not establish generated output","No move or merge is authorized by this decision document alone."
"handbook/functions/crop_stock.qmd",TRUE,FALSE,"handbook",FALSE,FALSE,TRUE,FALSE,FALSE,FALSE,FALSE,"handbook:crop_stock","merge-later","vignettes/ after topic-level parity review; retain handbook until migration is accepted",FALSE,"git ls-files: tracked; not in ignored inventory; classified as handbook; path/type does not establish generated output","No move or merge is authorized by this decision document alone."
"handbook/functions/cube_cell_area.qmd",TRUE,FALSE,"handbook",FALSE,FALSE,TRUE,FALSE,FALSE,FALSE,FALSE,"handbook:cube_cell_area","merge-later","vignettes/ after topic-level parity review; retain handbook until migration is accepted",FALSE,"git ls-files: tracked; not in ignored inventory; classified as handbook; path/type does not establish generated output","No move or merge is authorized by this decision document alone."
"handbook/functions/cube_cell_volume.qmd",TRUE,FALSE,"handbook",FALSE,FALSE,TRUE,FALSE,FALSE,FALSE,FALSE,"handbook:cube_cell_volume","merge-later","vignettes/ after topic-level parity review; retain handbook until migration is accepted",FALSE,"git ls-files: tracked; not in ignored inventory; classified as handbook; path/type does not establish generated output","No move or merge is authorized by this decision document alone."
"handbook/functions/cube_collect.qmd",TRUE,FALSE,"handbook",FALSE,FALSE,TRUE,FALSE,FALSE,FALSE,FALSE,"handbook:cube_collect","merge-later","vignettes/ after topic-level parity review; retain handbook until migration is accepted",FALSE,"git ls-files: tracked; not in ignored inventory; classified as handbook; path/type does not establish generated output","No move or merge is authorized by this decision document alone."
"handbook/functions/cube_crop.qmd",TRUE,FALSE,"handbook",FALSE,FALSE,TRUE,FALSE,FALSE,FALSE,FALSE,"handbook:cube_crop","merge-later","vignettes/ after topic-level parity review; retain handbook until migration is accepted",FALSE,"git ls-files: tracked; not in ignored inventory; classified as handbook; path/type does not establish generated output","No move or merge is authorized by this decision document alone."
"handbook/functions/cube_extract.qmd",TRUE,FALSE,"handbook",FALSE,FALSE,TRUE,FALSE,FALSE,FALSE,FALSE,"handbook:cube_extract","merge-later","vignettes/ after topic-level parity review; retain handbook until migration is accepted",FALSE,"git ls-files: tracked; not in ignored inventory; classified as handbook; path/type does not establish generated output","No move or merge is authorized by this decision document alone."
"handbook/functions/cube_layer_thickness.qmd",TRUE,FALSE,"handbook",FALSE,FALSE,TRUE,FALSE,FALSE,FALSE,FALSE,"handbook:cube_layer_thickness","merge-later","vignettes/ after topic-level parity review; retain handbook until migration is accepted",FALSE,"git ls-files: tracked; not in ignored inventory; classified as handbook; path/type does not establish generated output","No move or merge is authorized by this decision document alone."
"handbook/functions/cube_mask.qmd",TRUE,FALSE,"handbook",FALSE,FALSE,TRUE,FALSE,FALSE,FALSE,FALSE,"handbook:cube_mask","merge-later","vignettes/ after topic-level parity review; retain handbook until migration is accepted",FALSE,"git ls-files: tracked; not in ignored inventory; classified as handbook; path/type does not establish generated output","No move or merge is authorized by this decision document alone."
"handbook/functions/cube_polygon_weights.qmd",TRUE,FALSE,"handbook",FALSE,FALSE,TRUE,FALSE,FALSE,FALSE,FALSE,"handbook:cube_polygon_weights","merge-later","vignettes/ after topic-level parity review; retain handbook until migration is accepted",FALSE,"git ls-files: tracked; not in ignored inventory; classified as handbook; path/type does not establish generated output","No move or merge is authorized by this decision document alone."
"handbook/functions/cube_slice.qmd",TRUE,FALSE,"handbook",FALSE,FALSE,TRUE,FALSE,FALSE,FALSE,FALSE,"handbook:cube_slice","merge-later","vignettes/ after topic-level parity review; retain handbook until migration is accepted",FALSE,"git ls-files: tracked; not in ignored inventory; classified as handbook; path/type does not establish generated output","No move or merge is authorized by this decision document alone."
"handbook/functions/cube_transect.qmd",TRUE,FALSE,"handbook",FALSE,FALSE,TRUE,FALSE,FALSE,FALSE,FALSE,"handbook:cube_transect","merge-later","vignettes/ after topic-level parity review; retain handbook until migration is accepted",FALSE,"git ls-files: tracked; not in ignored inventory; classified as handbook; path/type does not establish generated output","No move or merge is authorized by this decision document alone."
"handbook/functions/download_nc.qmd",TRUE,FALSE,"handbook",FALSE,FALSE,TRUE,FALSE,FALSE,FALSE,FALSE,"handbook:download_nc","merge-later","vignettes/ after topic-level parity review; retain handbook until migration is accepted",FALSE,"git ls-files: tracked; not in ignored inventory; classified as handbook; path/type does not establish generated output","No move or merge is authorized by this decision document alone."
"handbook/functions/layer_mean.qmd",TRUE,FALSE,"handbook",FALSE,FALSE,TRUE,FALSE,FALSE,FALSE,FALSE,"handbook:layer_mean","merge-later","vignettes/ after topic-level parity review; retain handbook until migration is accepted",FALSE,"git ls-files: tracked; not in ignored inventory; classified as handbook; path/type does not establish generated output","No move or merge is authorized by this decision document alone."
"handbook/functions/link_events.qmd",TRUE,FALSE,"handbook",FALSE,FALSE,TRUE,FALSE,FALSE,FALSE,FALSE,"handbook:link_events","merge-later","vignettes/ after topic-level parity review; retain handbook until migration is accepted",FALSE,"git ls-files: tracked; not in ignored inventory; classified as handbook; path/type does not establish generated output","No move or merge is authorized by this decision document alone."
"handbook/functions/ocean_cube.qmd",TRUE,FALSE,"handbook",FALSE,FALSE,TRUE,FALSE,FALSE,FALSE,FALSE,"handbook:ocean_cube","merge-later","vignettes/ after topic-level parity review; retain handbook until migration is accepted",FALSE,"git ls-files: tracked; not in ignored inventory; classified as handbook; path/type does not establish generated output","No move or merge is authorized by this decision document alone."
"handbook/functions/read_nc.qmd",TRUE,FALSE,"handbook",FALSE,FALSE,TRUE,FALSE,FALSE,FALSE,FALSE,"handbook:read_nc","merge-later","vignettes/ after topic-level parity review; retain handbook until migration is accepted",FALSE,"git ls-files: tracked; not in ignored inventory; classified as handbook; path/type does not establish generated output","No move or merge is authorized by this decision document alone."
"handbook/functions/signal_noise.qmd",TRUE,FALSE,"handbook",FALSE,FALSE,TRUE,FALSE,FALSE,FALSE,FALSE,"handbook:signal_noise","merge-later","vignettes/ after topic-level parity review; retain handbook until migration is accepted",FALSE,"git ls-files: tracked; not in ignored inventory; classified as handbook; path/type does not establish generated output","No move or merge is authorized by this decision document alone."
"handbook/functions/stock_mask.qmd",TRUE,FALSE,"handbook",FALSE,FALSE,TRUE,FALSE,FALSE,FALSE,FALSE,"handbook:stock_mask","merge-later","vignettes/ after topic-level parity review; retain handbook until migration is accepted",FALSE,"git ls-files: tracked; not in ignored inventory; classified as handbook; path/type does not establish generated output","No move or merge is authorized by this decision document alone."
"handbook/functions/to_month.qmd",TRUE,FALSE,"handbook",FALSE,FALSE,TRUE,FALSE,FALSE,FALSE,FALSE,"handbook:to_month","merge-later","vignettes/ after topic-level parity review; retain handbook until migration is accepted",FALSE,"git ls-files: tracked; not in ignored inventory; classified as handbook; path/type does not establish generated output","No move or merge is authorized by this decision document alone."
"handbook/index.qmd",TRUE,FALSE,"handbook",FALSE,FALSE,TRUE,FALSE,FALSE,FALSE,FALSE,"handbook:index","merge-later","vignettes/ after topic-level parity review; retain handbook until migration is accepted",FALSE,"git ls-files: tracked; not in ignored inventory; classified as handbook; path/type does not establish generated output","No move or merge is authorized by this decision document alone."
"handbook/oceancube-handbook.md",TRUE,FALSE,"handbook",FALSE,FALSE,TRUE,FALSE,FALSE,FALSE,FALSE,"handbook:oceancube-handbook","merge-later","vignettes/ after topic-level parity review; retain handbook until migration is accepted",FALSE,"git ls-files: tracked; not in ignored inventory; classified as handbook; path/type does not establish generated output","No move or merge is authorized by this decision document alone."
"handbook/oceancube-handbook.Rmd",TRUE,FALSE,"handbook",FALSE,FALSE,TRUE,FALSE,FALSE,FALSE,FALSE,"handbook:oceancube-handbook","merge-later","vignettes/ after topic-level parity review; retain handbook until migration is accepted",FALSE,"git ls-files: tracked; not in ignored inventory; classified as handbook; path/type does not establish generated output","No move or merge is authorized by this decision document alone."
"handbook/scripts/00-run-all.R",TRUE,FALSE,"handbook",FALSE,FALSE,TRUE,FALSE,FALSE,FALSE,FALSE,"handbook:00-run-all","retain","",FALSE,"git ls-files: tracked; not in ignored inventory; classified as handbook; path/type does not establish generated output",""
"handbook/scripts/01-create-memory-cube.R",TRUE,FALSE,"handbook",FALSE,FALSE,TRUE,FALSE,FALSE,FALSE,FALSE,"handbook:01-create-memory-cube","retain","",FALSE,"git ls-files: tracked; not in ignored inventory; classified as handbook; path/type does not establish generated output",""
"handbook/scripts/02-read-netcdf.R",TRUE,FALSE,"handbook",FALSE,FALSE,TRUE,FALSE,FALSE,FALSE,FALSE,"handbook:02-read-netcdf","retain","",FALSE,"git ls-files: tracked; not in ignored inventory; classified as handbook; path/type does not establish generated output",""
"handbook/scripts/03-slice-crop.R",TRUE,FALSE,"handbook",FALSE,FALSE,TRUE,FALSE,FALSE,FALSE,FALSE,"handbook:03-slice-crop","retain","",FALSE,"git ls-files: tracked; not in ignored inventory; classified as handbook; path/type does not establish generated output",""
"handbook/scripts/04-extract-series-profile.R",TRUE,FALSE,"handbook",FALSE,FALSE,TRUE,FALSE,FALSE,FALSE,FALSE,"handbook:04-extract-series-profile","retain","",FALSE,"git ls-files: tracked; not in ignored inventory; classified as handbook; path/type does not establish generated output",""
"handbook/scripts/05-transect-events.R",TRUE,FALSE,"handbook",FALSE,FALSE,TRUE,FALSE,FALSE,FALSE,FALSE,"handbook:05-transect-events","retain","",FALSE,"git ls-files: tracked; not in ignored inventory; classified as handbook; path/type does not establish generated output",""
"handbook/scripts/06-mask.R",TRUE,FALSE,"handbook",FALSE,FALSE,TRUE,FALSE,FALSE,FALSE,FALSE,"handbook:06-mask","retain","",FALSE,"git ls-files: tracked; not in ignored inventory; classified as handbook; path/type does not establish generated output",""
"handbook/scripts/07-climatology-anomalies.R",TRUE,FALSE,"handbook",FALSE,FALSE,TRUE,FALSE,FALSE,FALSE,FALSE,"handbook:07-climatology-anomalies","retain","",FALSE,"git ls-files: tracked; not in ignored inventory; classified as handbook; path/type does not establish generated output",""
"handbook/scripts/08-grid-geometry.R",TRUE,FALSE,"handbook",FALSE,FALSE,TRUE,FALSE,FALSE,FALSE,FALSE,"handbook:08-grid-geometry","retain","",FALSE,"git ls-files: tracked; not in ignored inventory; classified as handbook; path/type does not establish generated output",""
"handbook/scripts/09-polygon-weights.R",TRUE,FALSE,"handbook",FALSE,FALSE,TRUE,FALSE,FALSE,FALSE,FALSE,"handbook:09-polygon-weights","retain","",FALSE,"git ls-files: tracked; not in ignored inventory; classified as handbook; path/type does not establish generated output",""
"handbook/scripts/10-oceancube-to-spatind.R",TRUE,FALSE,"handbook",FALSE,FALSE,TRUE,FALSE,FALSE,FALSE,FALSE,"handbook:10-oceancube-to-spatind","retain","",FALSE,"git ls-files: tracked; not in ignored inventory; classified as handbook; path/type does not establish generated output",""
"handbook/styles.css",TRUE,FALSE,"handbook",FALSE,FALSE,TRUE,FALSE,FALSE,FALSE,FALSE,"handbook:styles","retain","",FALSE,"git ls-files: tracked; not in ignored inventory; classified as handbook; path/type does not establish generated output",""
"handbook/tables/backend-support.csv",TRUE,FALSE,"handbook",FALSE,FALSE,TRUE,FALSE,FALSE,FALSE,FALSE,"handbook:backend-support","retain","",FALSE,"git ls-files: tracked; not in ignored inventory; classified as handbook; path/type does not establish generated output",""
"handbook/tables/dimension-effects.csv",TRUE,FALSE,"handbook",FALSE,FALSE,TRUE,FALSE,FALSE,FALSE,FALSE,"handbook:dimension-effects","retain","",FALSE,"git ls-files: tracked; not in ignored inventory; classified as handbook; path/type does not establish generated output",""
"handbook/tables/function-connections.csv",TRUE,FALSE,"handbook",FALSE,FALSE,TRUE,FALSE,FALSE,FALSE,FALSE,"handbook:function-connections","retain","",FALSE,"git ls-files: tracked; not in ignored inventory; classified as handbook; path/type does not establish generated output",""
"handbook/tables/public-api.csv",TRUE,FALSE,"handbook",FALSE,FALSE,TRUE,FALSE,FALSE,FALSE,FALSE,"handbook:public-api","retain","",FALSE,"git ls-files: tracked; not in ignored inventory; classified as handbook; path/type does not establish generated output",""
"inst/architecture/oceancube-spatind-boundary.md",TRUE,FALSE,"package data/support",TRUE,FALSE,FALSE,FALSE,FALSE,FALSE,FALSE,"","retain","",FALSE,"git ls-files: tracked; not in ignored inventory; classified as package data/support; path/type does not establish generated output",""
"inst/CITATION",TRUE,FALSE,"package metadata",TRUE,FALSE,FALSE,FALSE,FALSE,FALSE,FALSE,"","retain","",FALSE,"git ls-files: tracked; not in ignored inventory; classified as package metadata; path/type does not establish generated output",""
"inst/examples/backend_memory.R",TRUE,FALSE,"inst/examples",FALSE,FALSE,TRUE,FALSE,FALSE,FALSE,FALSE,"","merge-later","vignettes/ or tests/testthat/ according to whether the example is narrative or contractual",FALSE,"git ls-files: tracked; not in ignored inventory; classified as inst/examples; path/type does not establish generated output","No move or merge is authorized by this decision document alone."
"inst/examples/backend_netcdf_descriptor.R",TRUE,FALSE,"inst/examples",FALSE,FALSE,TRUE,FALSE,FALSE,FALSE,FALSE,"","merge-later","vignettes/ or tests/testthat/ according to whether the example is narrative or contractual",FALSE,"git ls-files: tracked; not in ignored inventory; classified as inst/examples; path/type does not establish generated output","No move or merge is authorized by this decision document alone."
"inst/examples/backend_netcdf_read_block.R",TRUE,FALSE,"inst/examples",FALSE,FALSE,TRUE,FALSE,FALSE,FALSE,FALSE,"","merge-later","vignettes/ or tests/testthat/ according to whether the example is narrative or contractual",FALSE,"git ls-files: tracked; not in ignored inventory; classified as inst/examples; path/type does not establish generated output","No move or merge is authorized by this decision document alone."
"inst/examples/baseline_ocean_cube.R",TRUE,FALSE,"inst/examples",FALSE,FALSE,TRUE,FALSE,FALSE,FALSE,FALSE,"","merge-later","vignettes/ or tests/testthat/ according to whether the example is narrative or contractual",FALSE,"git ls-files: tracked; not in ignored inventory; classified as inst/examples; path/type does not establish generated output","No move or merge is authorized by this decision document alone."
"inst/examples/cube_crop.R",TRUE,FALSE,"inst/examples",FALSE,FALSE,TRUE,FALSE,FALSE,FALSE,FALSE,"","merge-later","vignettes/ or tests/testthat/ according to whether the example is narrative or contractual",FALSE,"git ls-files: tracked; not in ignored inventory; classified as inst/examples; path/type does not establish generated output","No move or merge is authorized by this decision document alone."
"inst/examples/cube_extract.R",TRUE,FALSE,"inst/examples",FALSE,FALSE,TRUE,FALSE,FALSE,FALSE,FALSE,"","merge-later","vignettes/ or tests/testthat/ according to whether the example is narrative or contractual",FALSE,"git ls-files: tracked; not in ignored inventory; classified as inst/examples; path/type does not establish generated output","No move or merge is authorized by this decision document alone."
"inst/examples/cube_geometry_weights.R",TRUE,FALSE,"inst/examples",FALSE,FALSE,TRUE,FALSE,FALSE,FALSE,FALSE,"","merge-later","vignettes/ or tests/testthat/ according to whether the example is narrative or contractual",FALSE,"git ls-files: tracked; not in ignored inventory; classified as inst/examples; path/type does not establish generated output","No move or merge is authorized by this decision document alone."
"inst/examples/cube_mask.R",TRUE,FALSE,"inst/examples",FALSE,FALSE,TRUE,FALSE,FALSE,FALSE,FALSE,"","merge-later","vignettes/ or tests/testthat/ according to whether the example is narrative or contractual",FALSE,"git ls-files: tracked; not in ignored inventory; classified as inst/examples; path/type does not establish generated output","No move or merge is authorized by this decision document alone."
"inst/examples/cube_slice.R",TRUE,FALSE,"inst/examples",FALSE,FALSE,TRUE,FALSE,FALSE,FALSE,FALSE,"","merge-later","vignettes/ or tests/testthat/ according to whether the example is narrative or contractual",FALSE,"git ls-files: tracked; not in ignored inventory; classified as inst/examples; path/type does not establish generated output","No move or merge is authorized by this decision document alone."
"inst/examples/cube_transect.R",TRUE,FALSE,"inst/examples",FALSE,FALSE,TRUE,FALSE,FALSE,FALSE,FALSE,"","merge-later","vignettes/ or tests/testthat/ according to whether the example is narrative or contractual",FALSE,"git ls-files: tracked; not in ignored inventory; classified as inst/examples; path/type does not establish generated output","No move or merge is authorized by this decision document alone."
"inst/examples/noncontiguous_collect.R",TRUE,FALSE,"inst/examples",FALSE,FALSE,TRUE,FALSE,FALSE,FALSE,FALSE,"","merge-later","vignettes/ or tests/testthat/ according to whether the example is narrative or contractual",FALSE,"git ls-files: tracked; not in ignored inventory; classified as inst/examples; path/type does not establish generated output","No move or merge is authorized by this decision document alone."
"inst/examples/ocean_cube_contract.R",TRUE,FALSE,"inst/examples",FALSE,FALSE,TRUE,FALSE,FALSE,FALSE,FALSE,"","merge-later","vignettes/ or tests/testthat/ according to whether the example is narrative or contractual",FALSE,"git ls-files: tracked; not in ignored inventory; classified as inst/examples; path/type does not establish generated output","No move or merge is authorized by this decision document alone."
"inst/examples/oceancube-handbook-workflow.R",TRUE,FALSE,"inst/examples",FALSE,FALSE,TRUE,FALSE,FALSE,FALSE,FALSE,"","merge-later","vignettes/ or tests/testthat/ according to whether the example is narrative or contractual",FALSE,"git ls-files: tracked; not in ignored inventory; classified as inst/examples; path/type does not establish generated output","No move or merge is authorized by this decision document alone."
"inst/examples/refactor_coast_dist_backend.R",TRUE,FALSE,"inst/examples",FALSE,FALSE,TRUE,FALSE,FALSE,FALSE,FALSE,"","merge-later","vignettes/ or tests/testthat/ according to whether the example is narrative or contractual",FALSE,"git ls-files: tracked; not in ignored inventory; classified as inst/examples; path/type does not establish generated output","No move or merge is authorized by this decision document alone."
"inst/examples/refactor_layer_annual_backend.R",TRUE,FALSE,"inst/examples",FALSE,FALSE,TRUE,FALSE,FALSE,FALSE,FALSE,"","merge-later","vignettes/ or tests/testthat/ according to whether the example is narrative or contractual",FALSE,"git ls-files: tracked; not in ignored inventory; classified as inst/examples; path/type does not establish generated output","No move or merge is authorized by this decision document alone."
"inst/examples/refactor_link_events_backend.R",TRUE,FALSE,"inst/examples",FALSE,FALSE,TRUE,FALSE,FALSE,FALSE,FALSE,"","merge-later","vignettes/ or tests/testthat/ according to whether the example is narrative or contractual",FALSE,"git ls-files: tracked; not in ignored inventory; classified as inst/examples; path/type does not establish generated output","No move or merge is authorized by this decision document alone."
"inst/examples/refactor_temporal_backend.R",TRUE,FALSE,"inst/examples",FALSE,FALSE,TRUE,FALSE,FALSE,FALSE,FALSE,"","merge-later","vignettes/ or tests/testthat/ according to whether the example is narrative or contractual",FALSE,"git ls-files: tracked; not in ignored inventory; classified as inst/examples; path/type does not establish generated output","No move or merge is authorized by this decision document alone."
"LICENSE",TRUE,FALSE,"package metadata",TRUE,FALSE,FALSE,FALSE,FALSE,FALSE,FALSE,"","retain","",FALSE,"git ls-files: tracked; not in ignored inventory; classified as package metadata; path/type does not establish generated output",""
"man/annual_index.Rd",TRUE,FALSE,"man",TRUE,FALSE,TRUE,TRUE,TRUE,FALSE,FALSE,"roxygen-topic:annual_index","retain","",FALSE,"git ls-files: tracked; not in ignored inventory; classified as man; path/type indicates generated output",""
"man/anom_diff.Rd",TRUE,FALSE,"man",TRUE,FALSE,TRUE,TRUE,TRUE,FALSE,FALSE,"roxygen-topic:anom_diff","retain","",FALSE,"git ls-files: tracked; not in ignored inventory; classified as man; path/type indicates generated output",""
"man/anom_z.Rd",TRUE,FALSE,"man",TRUE,FALSE,TRUE,TRUE,TRUE,FALSE,FALSE,"roxygen-topic:anom_z","retain","",FALSE,"git ls-files: tracked; not in ignored inventory; classified as man; path/type indicates generated output",""
"man/clim_day.Rd",TRUE,FALSE,"man",TRUE,FALSE,TRUE,TRUE,TRUE,FALSE,FALSE,"roxygen-topic:clim_day","retain","",FALSE,"git ls-files: tracked; not in ignored inventory; classified as man; path/type indicates generated output",""
"man/clim_month.Rd",TRUE,FALSE,"man",TRUE,FALSE,TRUE,TRUE,TRUE,FALSE,FALSE,"roxygen-topic:clim_month","retain","",FALSE,"git ls-files: tracked; not in ignored inventory; classified as man; path/type indicates generated output",""
"man/cm_connect.Rd",TRUE,FALSE,"man",TRUE,FALSE,TRUE,TRUE,TRUE,FALSE,FALSE,"roxygen-topic:cm_connect","retain","",FALSE,"git ls-files: tracked; not in ignored inventory; classified as man; path/type indicates generated output",""
"man/cm_setup.Rd",TRUE,FALSE,"man",TRUE,FALSE,TRUE,TRUE,TRUE,FALSE,FALSE,"roxygen-topic:cm_setup","retain","",FALSE,"git ls-files: tracked; not in ignored inventory; classified as man; path/type indicates generated output",""
"man/coast_dist.Rd",TRUE,FALSE,"man",TRUE,FALSE,TRUE,TRUE,TRUE,FALSE,FALSE,"roxygen-topic:coast_dist","retain","",FALSE,"git ls-files: tracked; not in ignored inventory; classified as man; path/type indicates generated output",""
"man/crop_stock.Rd",TRUE,FALSE,"man",TRUE,FALSE,TRUE,TRUE,TRUE,FALSE,FALSE,"roxygen-topic:crop_stock","retain","",FALSE,"git ls-files: tracked; not in ignored inventory; classified as man; path/type indicates generated output",""
"man/cube_cell_area.Rd",TRUE,FALSE,"man",TRUE,FALSE,TRUE,TRUE,TRUE,FALSE,FALSE,"roxygen-topic:cube_cell_area","retain","",FALSE,"git ls-files: tracked; not in ignored inventory; classified as man; path/type indicates generated output",""
"man/cube_cell_volume.Rd",TRUE,FALSE,"man",TRUE,FALSE,TRUE,TRUE,TRUE,FALSE,FALSE,"roxygen-topic:cube_cell_volume","retain","",FALSE,"git ls-files: tracked; not in ignored inventory; classified as man; path/type indicates generated output",""
"man/cube_collect.Rd",TRUE,FALSE,"man",TRUE,FALSE,TRUE,TRUE,TRUE,FALSE,FALSE,"roxygen-topic:cube_collect","retain","",FALSE,"git ls-files: tracked; not in ignored inventory; classified as man; path/type indicates generated output",""
"man/cube_crop.Rd",TRUE,FALSE,"man",TRUE,FALSE,TRUE,TRUE,TRUE,FALSE,FALSE,"roxygen-topic:cube_crop","retain","",FALSE,"git ls-files: tracked; not in ignored inventory; classified as man; path/type indicates generated output",""
"man/cube_extract.Rd",TRUE,FALSE,"man",TRUE,FALSE,TRUE,TRUE,TRUE,FALSE,FALSE,"roxygen-topic:cube_extract","retain","",FALSE,"git ls-files: tracked; not in ignored inventory; classified as man; path/type indicates generated output",""
"man/cube_layer_thickness.Rd",TRUE,FALSE,"man",TRUE,FALSE,TRUE,TRUE,TRUE,FALSE,FALSE,"roxygen-topic:cube_layer_thickness","retain","",FALSE,"git ls-files: tracked; not in ignored inventory; classified as man; path/type indicates generated output",""
"man/cube_mask.Rd",TRUE,FALSE,"man",TRUE,FALSE,TRUE,TRUE,TRUE,FALSE,FALSE,"roxygen-topic:cube_mask","retain","",FALSE,"git ls-files: tracked; not in ignored inventory; classified as man; path/type indicates generated output",""
"man/cube_polygon_weights.Rd",TRUE,FALSE,"man",TRUE,FALSE,TRUE,TRUE,TRUE,FALSE,FALSE,"roxygen-topic:cube_polygon_weights","retain","",FALSE,"git ls-files: tracked; not in ignored inventory; classified as man; path/type indicates generated output",""
"man/cube_slice.Rd",TRUE,FALSE,"man",TRUE,FALSE,TRUE,TRUE,TRUE,FALSE,FALSE,"roxygen-topic:cube_slice","retain","",FALSE,"git ls-files: tracked; not in ignored inventory; classified as man; path/type indicates generated output",""
"man/cube_transect.Rd",TRUE,FALSE,"man",TRUE,FALSE,TRUE,TRUE,TRUE,FALSE,TRUE,"roxygen-topic:cube_transect","retain","",FALSE,"git ls-files: tracked; not in ignored inventory; classified as man; path/type indicates generated output",""
"man/download_nc.Rd",TRUE,FALSE,"man",TRUE,FALSE,TRUE,TRUE,TRUE,FALSE,FALSE,"roxygen-topic:download_nc","retain","",FALSE,"git ls-files: tracked; not in ignored inventory; classified as man; path/type indicates generated output",""
"man/layer_mean.Rd",TRUE,FALSE,"man",TRUE,FALSE,TRUE,TRUE,TRUE,FALSE,FALSE,"roxygen-topic:layer_mean","retain","",FALSE,"git ls-files: tracked; not in ignored inventory; classified as man; path/type indicates generated output",""
"man/link_events.Rd",TRUE,FALSE,"man",TRUE,FALSE,TRUE,TRUE,TRUE,FALSE,FALSE,"roxygen-topic:link_events","retain","",FALSE,"git ls-files: tracked; not in ignored inventory; classified as man; path/type indicates generated output",""
"man/ocean_cube.Rd",TRUE,FALSE,"man",TRUE,FALSE,TRUE,TRUE,TRUE,FALSE,FALSE,"roxygen-topic:ocean_cube","retain","",FALSE,"git ls-files: tracked; not in ignored inventory; classified as man; path/type indicates generated output",""
"man/read_nc.Rd",TRUE,FALSE,"man",TRUE,FALSE,TRUE,TRUE,TRUE,FALSE,FALSE,"roxygen-topic:read_nc","retain","",FALSE,"git ls-files: tracked; not in ignored inventory; classified as man; path/type indicates generated output",""
"man/signal_noise.Rd",TRUE,FALSE,"man",TRUE,FALSE,TRUE,TRUE,TRUE,FALSE,FALSE,"roxygen-topic:signal_noise","retain","",FALSE,"git ls-files: tracked; not in ignored inventory; classified as man; path/type indicates generated output",""
"man/stock_mask.Rd",TRUE,FALSE,"man",TRUE,FALSE,TRUE,TRUE,TRUE,FALSE,FALSE,"roxygen-topic:stock_mask","retain","",FALSE,"git ls-files: tracked; not in ignored inventory; classified as man; path/type indicates generated output",""
"man/to_month.Rd",TRUE,FALSE,"man",TRUE,FALSE,TRUE,TRUE,TRUE,FALSE,FALSE,"roxygen-topic:to_month","retain","",FALSE,"git ls-files: tracked; not in ignored inventory; classified as man; path/type indicates generated output",""
"NAMESPACE",TRUE,FALSE,"package metadata",TRUE,FALSE,FALSE,FALSE,FALSE,FALSE,FALSE,"","retain","",FALSE,"git ls-files: tracked; not in ignored inventory; classified as package metadata; path/type does not establish generated output",""
"NEWS.md",TRUE,FALSE,"documentation root",FALSE,FALSE,TRUE,FALSE,FALSE,FALSE,FALSE,"","retain","",FALSE,"git ls-files: tracked; not in ignored inventory; classified as documentation root; path/type does not establish generated output",""
"oceancube.Rproj",TRUE,FALSE,"other",FALSE,FALSE,FALSE,FALSE,FALSE,FALSE,FALSE,"","retain","",FALSE,"git ls-files: tracked; not in ignored inventory; classified as other; path/type does not establish generated output",""
"R/annual_index.R",TRUE,FALSE,"R source",TRUE,FALSE,FALSE,FALSE,FALSE,FALSE,FALSE,"","retain","",FALSE,"git ls-files: tracked; not in ignored inventory; classified as R source; path/type does not establish generated output",""
"R/anom_diff.R",TRUE,FALSE,"R source",TRUE,FALSE,FALSE,FALSE,FALSE,FALSE,FALSE,"","retain","",FALSE,"git ls-files: tracked; not in ignored inventory; classified as R source; path/type does not establish generated output",""
"R/backend-index.R",TRUE,FALSE,"R source",TRUE,FALSE,FALSE,FALSE,FALSE,FALSE,FALSE,"","retain","",FALSE,"git ls-files: tracked; not in ignored inventory; classified as R source; path/type does not establish generated output",""
"R/backend-memory.R",TRUE,FALSE,"R source",TRUE,FALSE,FALSE,FALSE,FALSE,FALSE,FALSE,"","retain","",FALSE,"git ls-files: tracked; not in ignored inventory; classified as R source; path/type does not establish generated output",""
"R/backend-netcdf.R",TRUE,FALSE,"R source",TRUE,FALSE,FALSE,FALSE,FALSE,FALSE,FALSE,"","retain","",FALSE,"git ls-files: tracked; not in ignored inventory; classified as R source; path/type does not establish generated output",""
"R/clim_day.R",TRUE,FALSE,"R source",TRUE,FALSE,FALSE,FALSE,FALSE,FALSE,FALSE,"","retain","",FALSE,"git ls-files: tracked; not in ignored inventory; classified as R source; path/type does not establish generated output",""
"R/clim_month.R",TRUE,FALSE,"R source",TRUE,FALSE,FALSE,FALSE,FALSE,FALSE,FALSE,"","retain","",FALSE,"git ls-files: tracked; not in ignored inventory; classified as R source; path/type does not establish generated output",""
"R/cm_setup.R",TRUE,FALSE,"R source",TRUE,FALSE,FALSE,FALSE,FALSE,FALSE,FALSE,"","retain","",FALSE,"git ls-files: tracked; not in ignored inventory; classified as R source; path/type does not establish generated output",""
"R/coast_dist.R",TRUE,FALSE,"R source",TRUE,FALSE,FALSE,FALSE,FALSE,FALSE,FALSE,"","retain","",FALSE,"git ls-files: tracked; not in ignored inventory; classified as R source; path/type does not establish generated output",""
"R/cube_collect.R",TRUE,FALSE,"R source",TRUE,FALSE,FALSE,FALSE,FALSE,FALSE,FALSE,"","retain","",FALSE,"git ls-files: tracked; not in ignored inventory; classified as R source; path/type does not establish generated output",""
"R/cube_crop.R",TRUE,FALSE,"R source",TRUE,FALSE,FALSE,FALSE,FALSE,FALSE,FALSE,"","retain","",FALSE,"git ls-files: tracked; not in ignored inventory; classified as R source; path/type does not establish generated output",""
"R/cube_extract.R",TRUE,FALSE,"R source",TRUE,FALSE,FALSE,FALSE,FALSE,FALSE,FALSE,"","retain","",FALSE,"git ls-files: tracked; not in ignored inventory; classified as R source; path/type does not establish generated output",""
"R/cube_grid_geometry.R",TRUE,FALSE,"R source",TRUE,FALSE,FALSE,FALSE,FALSE,FALSE,FALSE,"","retain","",FALSE,"git ls-files: tracked; not in ignored inventory; classified as R source; path/type does not establish generated output",""
"R/cube_mask.R",TRUE,FALSE,"R source",TRUE,FALSE,FALSE,FALSE,FALSE,FALSE,FALSE,"","retain","",FALSE,"git ls-files: tracked; not in ignored inventory; classified as R source; path/type does not establish generated output",""
"R/cube_polygon_weights.R",TRUE,FALSE,"R source",TRUE,FALSE,FALSE,FALSE,FALSE,FALSE,FALSE,"","retain","",FALSE,"git ls-files: tracked; not in ignored inventory; classified as R source; path/type does not establish generated output",""
"R/cube_slice.R",TRUE,FALSE,"R source",TRUE,FALSE,FALSE,FALSE,FALSE,FALSE,FALSE,"","retain","",FALSE,"git ls-files: tracked; not in ignored inventory; classified as R source; path/type does not establish generated output",""
"R/cube_transect.R",TRUE,FALSE,"R source",TRUE,FALSE,FALSE,FALSE,FALSE,FALSE,FALSE,"","retain","",FALSE,"git ls-files: tracked; not in ignored inventory; classified as R source; path/type does not establish generated output",""
"R/download_nc.R",TRUE,FALSE,"R source",TRUE,FALSE,FALSE,FALSE,FALSE,FALSE,FALSE,"","retain","",FALSE,"git ls-files: tracked; not in ignored inventory; classified as R source; path/type does not establish generated output",""
"R/layer_mean.R",TRUE,FALSE,"R source",TRUE,FALSE,FALSE,FALSE,FALSE,FALSE,FALSE,"","retain","",FALSE,"git ls-files: tracked; not in ignored inventory; classified as R source; path/type does not establish generated output",""
"R/link_events.R",TRUE,FALSE,"R source",TRUE,FALSE,FALSE,FALSE,FALSE,FALSE,FALSE,"","retain","",FALSE,"git ls-files: tracked; not in ignored inventory; classified as R source; path/type does not establish generated output",""
"R/ocean_cube.R",TRUE,FALSE,"R source",TRUE,FALSE,FALSE,FALSE,FALSE,FALSE,FALSE,"","retain","",FALSE,"git ls-files: tracked; not in ignored inventory; classified as R source; path/type does not establish generated output",""
"R/read_nc.R",TRUE,FALSE,"R source",TRUE,FALSE,FALSE,FALSE,FALSE,FALSE,FALSE,"","retain","",FALSE,"git ls-files: tracked; not in ignored inventory; classified as R source; path/type does not establish generated output",""
"R/stock_mask.R",TRUE,FALSE,"R source",TRUE,FALSE,FALSE,FALSE,FALSE,FALSE,FALSE,"","retain","",FALSE,"git ls-files: tracked; not in ignored inventory; classified as R source; path/type does not establish generated output",""
"R/to_month.R",TRUE,FALSE,"R source",TRUE,FALSE,FALSE,FALSE,FALSE,FALSE,FALSE,"","retain","",FALSE,"git ls-files: tracked; not in ignored inventory; classified as R source; path/type does not establish generated output",""
"R/utils-internal.R",TRUE,FALSE,"R source",TRUE,FALSE,FALSE,FALSE,FALSE,FALSE,FALSE,"","retain","",FALSE,"git ls-files: tracked; not in ignored inventory; classified as R source; path/type does not establish generated output",""
"README.md",TRUE,FALSE,"documentation root",FALSE,FALSE,TRUE,TRUE,TRUE,FALSE,TRUE,"README-source-render","retain","",FALSE,"git ls-files: tracked; not in ignored inventory; classified as documentation root; path/type indicates generated output",""
"README.Rmd",TRUE,FALSE,"documentation root",FALSE,FALSE,TRUE,FALSE,FALSE,FALSE,TRUE,"README-source-render","retain","",FALSE,"git ls-files: tracked; not in ignored inventory; classified as documentation root; path/type does not establish generated output",""
"tests/testthat.R",TRUE,FALSE,"tests",FALSE,TRUE,FALSE,FALSE,FALSE,FALSE,FALSE,"","retain","",FALSE,"git ls-files: tracked; not in ignored inventory; classified as tests; path/type does not establish generated output",""
"tests/testthat/helper-architecture.R",TRUE,FALSE,"tests",FALSE,TRUE,FALSE,FALSE,FALSE,FALSE,FALSE,"","retain","",FALSE,"git ls-files: tracked; not in ignored inventory; classified as tests; path/type does not establish generated output",""
"tests/testthat/helper-baseline-cube.R",TRUE,FALSE,"tests",FALSE,TRUE,FALSE,FALSE,FALSE,FALSE,FALSE,"","retain","",FALSE,"git ls-files: tracked; not in ignored inventory; classified as tests; path/type does not establish generated output",""
"tests/testthat/helper-geometry.R",TRUE,FALSE,"tests",FALSE,TRUE,FALSE,FALSE,FALSE,FALSE,FALSE,"","retain","",FALSE,"git ls-files: tracked; not in ignored inventory; classified as tests; path/type does not establish generated output",""
"tests/testthat/helper-netcdf-backend.R",TRUE,FALSE,"tests",FALSE,TRUE,FALSE,FALSE,FALSE,FALSE,FALSE,"","retain","",FALSE,"git ls-files: tracked; not in ignored inventory; classified as tests; path/type does not establish generated output",""
"tests/testthat/test-backend-memory.R",TRUE,FALSE,"tests",FALSE,TRUE,FALSE,FALSE,FALSE,FALSE,FALSE,"","retain","",FALSE,"git ls-files: tracked; not in ignored inventory; classified as tests; path/type does not establish generated output",""
"tests/testthat/test-backend-netcdf-descriptor.R",TRUE,FALSE,"tests",FALSE,TRUE,FALSE,FALSE,FALSE,FALSE,TRUE,"","retain","",FALSE,"git ls-files: tracked; not in ignored inventory; classified as tests; path/type does not establish generated output",""
"tests/testthat/test-backend-netcdf-noncontiguous.R",TRUE,FALSE,"tests",FALSE,TRUE,FALSE,FALSE,FALSE,FALSE,FALSE,"","retain","",FALSE,"git ls-files: tracked; not in ignored inventory; classified as tests; path/type does not establish generated output",""
"tests/testthat/test-backend-netcdf-read-block.R",TRUE,FALSE,"tests",FALSE,TRUE,FALSE,FALSE,FALSE,FALSE,FALSE,"","retain","",FALSE,"git ls-files: tracked; not in ignored inventory; classified as tests; path/type does not establish generated output",""
"tests/testthat/test-clim-anom.R",TRUE,FALSE,"tests",FALSE,TRUE,FALSE,FALSE,FALSE,FALSE,FALSE,"","retain","",FALSE,"git ls-files: tracked; not in ignored inventory; classified as tests; path/type does not establish generated output",""
"tests/testthat/test-cube-collect.R",TRUE,FALSE,"tests",FALSE,TRUE,FALSE,FALSE,FALSE,FALSE,FALSE,"","retain","",FALSE,"git ls-files: tracked; not in ignored inventory; classified as tests; path/type does not establish generated output",""
"tests/testthat/test-cube-crop.R",TRUE,FALSE,"tests",FALSE,TRUE,FALSE,FALSE,FALSE,FALSE,FALSE,"","retain","",FALSE,"git ls-files: tracked; not in ignored inventory; classified as tests; path/type does not establish generated output",""
"tests/testthat/test-cube-extract.R",TRUE,FALSE,"tests",FALSE,TRUE,FALSE,FALSE,FALSE,FALSE,FALSE,"","retain","",FALSE,"git ls-files: tracked; not in ignored inventory; classified as tests; path/type does not establish generated output",""
"tests/testthat/test-cube-grid-geometry.R",TRUE,FALSE,"tests",FALSE,TRUE,FALSE,FALSE,FALSE,FALSE,FALSE,"","retain","",FALSE,"git ls-files: tracked; not in ignored inventory; classified as tests; path/type does not establish generated output",""
"tests/testthat/test-cube-mask.R",TRUE,FALSE,"tests",FALSE,TRUE,FALSE,FALSE,FALSE,FALSE,FALSE,"","retain","",FALSE,"git ls-files: tracked; not in ignored inventory; classified as tests; path/type does not establish generated output",""
"tests/testthat/test-cube-polygon-weights.R",TRUE,FALSE,"tests",FALSE,TRUE,FALSE,FALSE,FALSE,FALSE,FALSE,"","retain","",FALSE,"git ls-files: tracked; not in ignored inventory; classified as tests; path/type does not establish generated output",""
"tests/testthat/test-cube-slice.R",TRUE,FALSE,"tests",FALSE,TRUE,FALSE,FALSE,FALSE,FALSE,FALSE,"","retain","",FALSE,"git ls-files: tracked; not in ignored inventory; classified as tests; path/type does not establish generated output",""
"tests/testthat/test-cube-transect.R",TRUE,FALSE,"tests",FALSE,TRUE,FALSE,FALSE,FALSE,FALSE,FALSE,"","retain","",FALSE,"git ls-files: tracked; not in ignored inventory; classified as tests; path/type does not establish generated output",""
"tests/testthat/test-daily-link.R",TRUE,FALSE,"tests",FALSE,TRUE,FALSE,FALSE,FALSE,FALSE,FALSE,"","retain","",FALSE,"git ls-files: tracked; not in ignored inventory; classified as tests; path/type does not establish generated output",""
"tests/testthat/test-layer-time-mask.R",TRUE,FALSE,"tests",FALSE,TRUE,FALSE,FALSE,FALSE,FALSE,FALSE,"","retain","",FALSE,"git ls-files: tracked; not in ignored inventory; classified as tests; path/type does not establish generated output",""
"tests/testthat/test-no-direct-data-access.R",TRUE,FALSE,"tests",FALSE,TRUE,FALSE,FALSE,FALSE,FALSE,FALSE,"","retain","",FALSE,"git ls-files: tracked; not in ignored inventory; classified as tests; path/type does not establish generated output",""
"tests/testthat/test-ocean-cube-baseline.R",TRUE,FALSE,"tests",FALSE,TRUE,FALSE,FALSE,FALSE,FALSE,FALSE,"","retain","",FALSE,"git ls-files: tracked; not in ignored inventory; classified as tests; path/type does not establish generated output",""
"tests/testthat/test-ocean-cube-contract.R",TRUE,FALSE,"tests",FALSE,TRUE,FALSE,FALSE,FALSE,FALSE,FALSE,"","retain","",FALSE,"git ls-files: tracked; not in ignored inventory; classified as tests; path/type does not establish generated output",""
"tests/testthat/test-ocean-cube.R",TRUE,FALSE,"tests",FALSE,TRUE,FALSE,FALSE,FALSE,FALSE,FALSE,"","retain","",FALSE,"git ls-files: tracked; not in ignored inventory; classified as tests; path/type does not establish generated output",""
"tests/testthat/test-package-boundary-spatind.R",TRUE,FALSE,"tests",FALSE,TRUE,FALSE,FALSE,FALSE,FALSE,FALSE,"","retain","",FALSE,"git ls-files: tracked; not in ignored inventory; classified as tests; path/type does not establish generated output",""
"tests/testthat/test-read-nc-baseline.R",TRUE,FALSE,"tests",FALSE,TRUE,FALSE,FALSE,FALSE,FALSE,FALSE,"","retain","",FALSE,"git ls-files: tracked; not in ignored inventory; classified as tests; path/type does not establish generated output",""
"tests/testthat/test-refactor-coast-dist-backend.R",TRUE,FALSE,"tests",FALSE,TRUE,FALSE,FALSE,FALSE,FALSE,FALSE,"","retain","",FALSE,"git ls-files: tracked; not in ignored inventory; classified as tests; path/type does not establish generated output",""
"tests/testthat/test-refactor-layer-annual-backend.R",TRUE,FALSE,"tests",FALSE,TRUE,FALSE,FALSE,FALSE,FALSE,FALSE,"","retain","",FALSE,"git ls-files: tracked; not in ignored inventory; classified as tests; path/type does not establish generated output",""
"tests/testthat/test-refactor-link-events-backend.R",TRUE,FALSE,"tests",FALSE,TRUE,FALSE,FALSE,FALSE,FALSE,FALSE,"","retain","",FALSE,"git ls-files: tracked; not in ignored inventory; classified as tests; path/type does not establish generated output",""
"tests/testthat/test-refactor-temporal-backend.R",TRUE,FALSE,"tests",FALSE,TRUE,FALSE,FALSE,FALSE,FALSE,FALSE,"","retain","",FALSE,"git ls-files: tracked; not in ignored inventory; classified as tests; path/type does not establish generated output",""
"tests/testthat/test-release-contract.R",TRUE,FALSE,"tests",FALSE,TRUE,FALSE,FALSE,FALSE,FALSE,FALSE,"","retain","",FALSE,"git ls-files: tracked; not in ignored inventory; classified as tests; path/type does not establish generated output",""
"tests/testthat/test-scientific-baseline.R",TRUE,FALSE,"tests",FALSE,TRUE,FALSE,FALSE,FALSE,FALSE,FALSE,"","retain","",FALSE,"git ls-files: tracked; not in ignored inventory; classified as tests; path/type does not establish generated output",""
"vignettes/get-started.Rmd",TRUE,FALSE,"vignettes",FALSE,FALSE,TRUE,FALSE,FALSE,FALSE,FALSE,"","retain","",FALSE,"git ls-files: tracked; not in ignored inventory; classified as vignettes; path/type does not establish generated output",""
"vignettes/oceancube-architecture.Rmd",TRUE,FALSE,"vignettes",FALSE,FALSE,TRUE,FALSE,FALSE,FALSE,FALSE,"","retain","",FALSE,"git ls-files: tracked; not in ignored inventory; classified as vignettes; path/type does not establish generated output",""
"vignettes/oceancube-geometry-weights.Rmd",TRUE,FALSE,"vignettes",FALSE,FALSE,TRUE,FALSE,FALSE,FALSE,FALSE,"","retain","",FALSE,"git ls-files: tracked; not in ignored inventory; classified as vignettes; path/type does not establish generated output",""
"vignettes/oceancube-handbook.Rmd",TRUE,FALSE,"vignettes",FALSE,FALSE,TRUE,FALSE,FALSE,FALSE,TRUE,"","retain","",FALSE,"git ls-files: tracked; not in ignored inventory; classified as vignettes; path/type does not establish generated output",""
"vignettes/oceancube-introduction.Rmd",TRUE,FALSE,"vignettes",FALSE,FALSE,TRUE,FALSE,FALSE,FALSE,FALSE,"","retain","",FALSE,"git ls-files: tracked; not in ignored inventory; classified as vignettes; path/type does not establish generated output",""
