"topic","function_name","source_type","source_file","canonical_candidate","duplicate_group","current","roadmap_relevance","recommended_action","notes"
"oceancube-v0.2.0-scope","anom_class","docs","docs/roadmap/oceancube-v0.2.0-scope.Rmd","roadmap for future decisions; generated website is non-canonical","function:anom_class",TRUE,"explicit proposed API","review","Topic overlap is evidence for review, not permission to delete."
"oceancube-v0.2.0-scope","anom_cumsum","docs","docs/roadmap/oceancube-v0.2.0-scope.Rmd","roadmap for future decisions; generated website is non-canonical","function:anom_cumsum",TRUE,"explicit proposed API","review","Topic overlap is evidence for review, not permission to delete."
"oceancube-v0.2.0-scope","anom_diff","docs","docs/roadmap/oceancube-v0.2.0-scope.Rmd","roadmap for future decisions; generated website is non-canonical","function:anom_diff",TRUE,"explicit proposed API","review","Topic overlap is evidence for review, not permission to delete."
"oceancube-v0.2.0-scope","anom_percent","docs","docs/roadmap/oceancube-v0.2.0-scope.Rmd","roadmap for future decisions; generated website is non-canonical","function:anom_percent",TRUE,"explicit proposed API","review","Topic overlap is evidence for review, not permission to delete."
"oceancube-v0.2.0-scope","anom_percentile","docs","docs/roadmap/oceancube-v0.2.0-scope.Rmd","roadmap for future decisions; generated website is non-canonical","function:anom_percentile",TRUE,"explicit proposed API","review","Topic overlap is evidence for review, not permission to delete."
"oceancube-v0.2.0-scope","anom_ratio","docs","docs/roadmap/oceancube-v0.2.0-scope.Rmd","roadmap for future decisions; generated website is non-canonical","function:anom_ratio",TRUE,"explicit proposed API","review","Topic overlap is evidence for review, not permission to delete."
"oceancube-v0.2.0-scope","anom_robust","docs","docs/roadmap/oceancube-v0.2.0-scope.Rmd","roadmap for future decisions; generated website is non-canonical","function:anom_robust",TRUE,"explicit proposed API","review","Topic overlap is evidence for review, not permission to delete."
"oceancube-v0.2.0-scope","anom_z","docs","docs/roadmap/oceancube-v0.2.0-scope.Rmd","roadmap for future decisions; generated website is non-canonical","function:anom_z",TRUE,"explicit proposed API","review","Topic overlap is evidence for review, not permission to delete."
"oceancube-v0.2.0-scope","clim_custom","docs","docs/roadmap/oceancube-v0.2.0-scope.Rmd","roadmap for future decisions; generated website is non-canonical","function:clim_custom",TRUE,"explicit proposed API","review","Topic overlap is evidence for review, not permission to delete."
"oceancube-v0.2.0-scope","clim_day","docs","docs/roadmap/oceancube-v0.2.0-scope.Rmd","roadmap for future decisions; generated website is non-canonical","function:clim_day",TRUE,"explicit proposed API","review","Topic overlap is evidence for review, not permission to delete."
"oceancube-v0.2.0-scope","clim_month","docs","docs/roadmap/oceancube-v0.2.0-scope.Rmd","roadmap for future decisions; generated website is non-canonical","function:clim_month",TRUE,"explicit proposed API","review","Topic overlap is evidence for review, not permission to delete."
"oceancube-v0.2.0-scope","clim_season","docs","docs/roadmap/oceancube-v0.2.0-scope.Rmd","roadmap for future decisions; generated website is non-canonical","function:clim_season",TRUE,"explicit proposed API","review","Topic overlap is evidence for review, not permission to delete."
"oceancube-v0.2.0-scope","clim_week","docs","docs/roadmap/oceancube-v0.2.0-scope.Rmd","roadmap for future decisions; generated website is non-canonical","function:clim_week",TRUE,"explicit proposed API","review","Topic overlap is evidence for review, not permission to delete."
"oceancube-v0.2.0-scope","clim_year","docs","docs/roadmap/oceancube-v0.2.0-scope.Rmd","roadmap for future decisions; generated website is non-canonical","function:clim_year",TRUE,"explicit proposed API","review","Topic overlap is evidence for review, not permission to delete."
"oceancube-v0.2.0-scope","cm_connect","docs","docs/roadmap/oceancube-v0.2.0-scope.Rmd","roadmap for future decisions; generated website is non-canonical","function:cm_connect",TRUE,"explicit proposed API","review","Topic overlap is evidence for review, not permission to delete."
"oceancube-v0.2.0-scope","cm_setup","docs","docs/roadmap/oceancube-v0.2.0-scope.Rmd","roadmap for future decisions; generated website is non-canonical","function:cm_setup",TRUE,"explicit proposed API","review","Topic overlap is evidence for review, not permission to delete."
"oceancube-v0.2.0-scope","cube_align","docs","docs/roadmap/oceancube-v0.2.0-scope.Rmd","roadmap for future decisions; generated website is non-canonical","function:cube_align",TRUE,"explicit proposed API","review","Topic overlap is evidence for review, not permission to delete."
"oceancube-v0.2.0-scope","cube_area_mean","docs","docs/roadmap/oceancube-v0.2.0-scope.Rmd","roadmap for future decisions; generated website is non-canonical","function:cube_area_mean",TRUE,"explicit proposed API","review","Topic overlap is evidence for review, not permission to delete."
"oceancube-v0.2.0-scope","cube_assign","docs","docs/roadmap/oceancube-v0.2.0-scope.Rmd","roadmap for future decisions; generated website is non-canonical","function:cube_assign",TRUE,"explicit proposed API","review","Topic overlap is evidence for review, not permission to delete."
"oceancube-v0.2.0-scope","cube_calendar","docs","docs/roadmap/oceancube-v0.2.0-scope.Rmd","roadmap for future decisions; generated website is non-canonical","function:cube_calendar",TRUE,"explicit proposed API","review","Topic overlap is evidence for review, not permission to delete."
"oceancube-v0.2.0-scope","cube_cell_area","docs","docs/roadmap/oceancube-v0.2.0-scope.Rmd","roadmap for future decisions; generated website is non-canonical","function:cube_cell_area",TRUE,"explicit proposed API","review","Topic overlap is evidence for review, not permission to delete."
"oceancube-v0.2.0-scope","cube_cell_volume","docs","docs/roadmap/oceancube-v0.2.0-scope.Rmd","roadmap for future decisions; generated website is non-canonical","function:cube_cell_volume",TRUE,"explicit proposed API","review","Topic overlap is evidence for review, not permission to delete."
"oceancube-v0.2.0-scope","cube_cf_metadata","docs","docs/roadmap/oceancube-v0.2.0-scope.Rmd","roadmap for future decisions; generated website is non-canonical","function:cube_cf_metadata",TRUE,"explicit proposed API","review","Topic overlap is evidence for review, not permission to delete."
"oceancube-v0.2.0-scope","cube_collect","docs","docs/roadmap/oceancube-v0.2.0-scope.Rmd","roadmap for future decisions; generated website is non-canonical","function:cube_collect",TRUE,"explicit proposed API","review","Topic overlap is evidence for review, not permission to delete."
"oceancube-v0.2.0-scope","cube_count","docs","docs/roadmap/oceancube-v0.2.0-scope.Rmd","roadmap for future decisions; generated website is non-canonical","function:cube_count",TRUE,"explicit proposed API","review","Topic overlap is evidence for review, not permission to delete."
"oceancube-v0.2.0-scope","cube_coverage","docs","docs/roadmap/oceancube-v0.2.0-scope.Rmd","roadmap for future decisions; generated website is non-canonical","function:cube_coverage",TRUE,"explicit proposed API","review","Topic overlap is evidence for review, not permission to delete."
"oceancube-v0.2.0-scope","cube_crop","docs","docs/roadmap/oceancube-v0.2.0-scope.Rmd","roadmap for future decisions; generated website is non-canonical","function:cube_crop",TRUE,"explicit proposed API","review","Topic overlap is evidence for review, not permission to delete."
"oceancube-v0.2.0-scope","cube_depth_positive","docs","docs/roadmap/oceancube-v0.2.0-scope.Rmd","roadmap for future decisions; generated website is non-canonical","function:cube_depth_positive",TRUE,"explicit proposed API","review","Topic overlap is evidence for review, not permission to delete."
"oceancube-v0.2.0-scope","cube_detrend","docs","docs/roadmap/oceancube-v0.2.0-scope.Rmd","roadmap for future decisions; generated website is non-canonical","function:cube_detrend",TRUE,"explicit proposed API","review","Topic overlap is evidence for review, not permission to delete."
"oceancube-v0.2.0-scope","cube_diff","docs","docs/roadmap/oceancube-v0.2.0-scope.Rmd","roadmap for future decisions; generated website is non-canonical","function:cube_diff",TRUE,"explicit proposed API","review","Topic overlap is evidence for review, not permission to delete."
"oceancube-v0.2.0-scope","cube_exceedance","docs","docs/roadmap/oceancube-v0.2.0-scope.Rmd","roadmap for future decisions; generated website is non-canonical","function:cube_exceedance",TRUE,"explicit proposed API","review","Topic overlap is evidence for review, not permission to delete."
"oceancube-v0.2.0-scope","cube_extract","docs","docs/roadmap/oceancube-v0.2.0-scope.Rmd","roadmap for future decisions; generated website is non-canonical","function:cube_extract",TRUE,"explicit proposed API","review","Topic overlap is evidence for review, not permission to delete."
"oceancube-v0.2.0-scope","cube_gradient","docs","docs/roadmap/oceancube-v0.2.0-scope.Rmd","roadmap for future decisions; generated website is non-canonical","function:cube_gradient",TRUE,"explicit proposed API","review","Topic overlap is evidence for review, not permission to delete."
"oceancube-v0.2.0-scope","cube_ingest","docs","docs/roadmap/oceancube-v0.2.0-scope.Rmd","roadmap for future decisions; generated website is non-canonical","function:cube_ingest",TRUE,"explicit proposed API","review","Topic overlap is evidence for review, not permission to delete."
"oceancube-v0.2.0-scope","cube_inspect","docs","docs/roadmap/oceancube-v0.2.0-scope.Rmd","roadmap for future decisions; generated website is non-canonical","function:cube_inspect",TRUE,"explicit proposed API","review","Topic overlap is evidence for review, not permission to delete."
"oceancube-v0.2.0-scope","cube_inventory","docs","docs/roadmap/oceancube-v0.2.0-scope.Rmd","roadmap for future decisions; generated website is non-canonical","function:cube_inventory",TRUE,"explicit proposed API","review","Topic overlap is evidence for review, not permission to delete."
"oceancube-v0.2.0-scope","cube_join","docs","docs/roadmap/oceancube-v0.2.0-scope.Rmd","roadmap for future decisions; generated website is non-canonical","function:cube_join",TRUE,"explicit proposed API","review","Topic overlap is evidence for review, not permission to delete."
"oceancube-v0.2.0-scope","cube_layer_thickness","docs","docs/roadmap/oceancube-v0.2.0-scope.Rmd","roadmap for future decisions; generated website is non-canonical","function:cube_layer_thickness",TRUE,"explicit proposed API","review","Topic overlap is evidence for review, not permission to delete."
"oceancube-v0.2.0-scope","cube_locate","docs","docs/roadmap/oceancube-v0.2.0-scope.Rmd","roadmap for future decisions; generated website is non-canonical","function:cube_locate",TRUE,"explicit proposed API","review","Topic overlap is evidence for review, not permission to delete."
"oceancube-v0.2.0-scope","cube_lon_convention","docs","docs/roadmap/oceancube-v0.2.0-scope.Rmd","roadmap for future decisions; generated website is non-canonical","function:cube_lon_convention",TRUE,"explicit proposed API","review","Topic overlap is evidence for review, not permission to delete."
"oceancube-v0.2.0-scope","cube_mask","docs","docs/roadmap/oceancube-v0.2.0-scope.Rmd","roadmap for future decisions; generated website is non-canonical","function:cube_mask",TRUE,"explicit proposed API","review","Topic overlap is evidence for review, not permission to delete."
"oceancube-v0.2.0-scope","cube_max","docs","docs/roadmap/oceancube-v0.2.0-scope.Rmd","roadmap for future decisions; generated website is non-canonical","function:cube_max",TRUE,"explicit proposed API","review","Topic overlap is evidence for review, not permission to delete."
"oceancube-v0.2.0-scope","cube_mean","docs","docs/roadmap/oceancube-v0.2.0-scope.Rmd","roadmap for future decisions; generated website is non-canonical","function:cube_mean",TRUE,"explicit proposed API","review","Topic overlap is evidence for review, not permission to delete."
"oceancube-v0.2.0-scope","cube_median","docs","docs/roadmap/oceancube-v0.2.0-scope.Rmd","roadmap for future decisions; generated website is non-canonical","function:cube_median",TRUE,"explicit proposed API","review","Topic overlap is evidence for review, not permission to delete."
"oceancube-v0.2.0-scope","cube_merge","docs","docs/roadmap/oceancube-v0.2.0-scope.Rmd","roadmap for future decisions; generated website is non-canonical","function:cube_merge",TRUE,"explicit proposed API","review","Topic overlap is evidence for review, not permission to delete."
"oceancube-v0.2.0-scope","cube_min","docs","docs/roadmap/oceancube-v0.2.0-scope.Rmd","roadmap for future decisions; generated website is non-canonical","function:cube_min",TRUE,"explicit proposed API","review","Topic overlap is evidence for review, not permission to delete."
"oceancube-v0.2.0-scope","cube_missing","docs","docs/roadmap/oceancube-v0.2.0-scope.Rmd","roadmap for future decisions; generated website is non-canonical","function:cube_missing",TRUE,"explicit proposed API","review","Topic overlap is evidence for review, not permission to delete."
"oceancube-v0.2.0-scope","cube_polygon_weights","docs","docs/roadmap/oceancube-v0.2.0-scope.Rmd","roadmap for future decisions; generated website is non-canonical","function:cube_polygon_weights",TRUE,"explicit proposed API","review","Topic overlap is evidence for review, not permission to delete."
"oceancube-v0.2.0-scope","cube_qc_filter","docs","docs/roadmap/oceancube-v0.2.0-scope.Rmd","roadmap for future decisions; generated website is non-canonical","function:cube_qc_filter",TRUE,"explicit proposed API","review","Topic overlap is evidence for review, not permission to delete."
"oceancube-v0.2.0-scope","cube_quality","docs","docs/roadmap/oceancube-v0.2.0-scope.Rmd","roadmap for future decisions; generated website is non-canonical","function:cube_quality",TRUE,"explicit proposed API","review","Topic overlap is evidence for review, not permission to delete."
"oceancube-v0.2.0-scope","cube_quantile","docs","docs/roadmap/oceancube-v0.2.0-scope.Rmd","roadmap for future decisions; generated website is non-canonical","function:cube_quantile",TRUE,"explicit proposed API","review","Topic overlap is evidence for review, not permission to delete."
"oceancube-v0.2.0-scope","cube_rate","docs","docs/roadmap/oceancube-v0.2.0-scope.Rmd","roadmap for future decisions; generated website is non-canonical","function:cube_rate",TRUE,"explicit proposed API","review","Topic overlap is evidence for review, not permission to delete."
"oceancube-v0.2.0-scope","cube_region_summary","docs","docs/roadmap/oceancube-v0.2.0-scope.Rmd","roadmap for future decisions; generated website is non-canonical","function:cube_region_summary",TRUE,"explicit proposed API","review","Topic overlap is evidence for review, not permission to delete."
"oceancube-v0.2.0-scope","cube_regrid","docs","docs/roadmap/oceancube-v0.2.0-scope.Rmd","roadmap for future decisions; generated website is non-canonical","function:cube_regrid",TRUE,"explicit proposed API","review","Topic overlap is evidence for review, not permission to delete."
"oceancube-v0.2.0-scope","cube_resample","docs","docs/roadmap/oceancube-v0.2.0-scope.Rmd","roadmap for future decisions; generated website is non-canonical","function:cube_resample",TRUE,"explicit proposed API","review","Topic overlap is evidence for review, not permission to delete."
"oceancube-v0.2.0-scope","cube_roll","docs","docs/roadmap/oceancube-v0.2.0-scope.Rmd","roadmap for future decisions; generated website is non-canonical","function:cube_roll",TRUE,"explicit proposed API","review","Topic overlap is evidence for review, not permission to delete."
"oceancube-v0.2.0-scope","cube_rolling_slope","docs","docs/roadmap/oceancube-v0.2.0-scope.Rmd","roadmap for future decisions; generated website is non-canonical","function:cube_rolling_slope",TRUE,"explicit proposed API","review","Topic overlap is evidence for review, not permission to delete."
"oceancube-v0.2.0-scope","cube_sd","docs","docs/roadmap/oceancube-v0.2.0-scope.Rmd","roadmap for future decisions; generated website is non-canonical","function:cube_sd",TRUE,"explicit proposed API","review","Topic overlap is evidence for review, not permission to delete."
"oceancube-v0.2.0-scope","cube_slice","docs","docs/roadmap/oceancube-v0.2.0-scope.Rmd","roadmap for future decisions; generated website is non-canonical","function:cube_slice",TRUE,"explicit proposed API","review","Topic overlap is evidence for review, not permission to delete."
"oceancube-v0.2.0-scope","cube_slope","docs","docs/roadmap/oceancube-v0.2.0-scope.Rmd","roadmap for future decisions; generated website is non-canonical","function:cube_slope",TRUE,"explicit proposed API","review","Topic overlap is evidence for review, not permission to delete."
"oceancube-v0.2.0-scope","cube_stack","docs","docs/roadmap/oceancube-v0.2.0-scope.Rmd","roadmap for future decisions; generated website is non-canonical","function:cube_stack",TRUE,"explicit proposed API","review","Topic overlap is evidence for review, not permission to delete."
"oceancube-v0.2.0-scope","cube_standardize","docs","docs/roadmap/oceancube-v0.2.0-scope.Rmd","roadmap for future decisions; generated website is non-canonical","function:cube_standardize",TRUE,"explicit proposed API","review","Topic overlap is evidence for review, not permission to delete."
"oceancube-v0.2.0-scope","cube_transect","docs","docs/roadmap/oceancube-v0.2.0-scope.Rmd","roadmap for future decisions; generated website is non-canonical","function:cube_transect",TRUE,"explicit proposed API","review","Topic overlap is evidence for review, not permission to delete."
"oceancube-v0.2.0-scope","cube_uncertainty","docs","docs/roadmap/oceancube-v0.2.0-scope.Rmd","roadmap for future decisions; generated website is non-canonical","function:cube_uncertainty",TRUE,"explicit proposed API","review","Topic overlap is evidence for review, not permission to delete."
"oceancube-v0.2.0-scope","cube_units","docs","docs/roadmap/oceancube-v0.2.0-scope.Rmd","roadmap for future decisions; generated website is non-canonical","function:cube_units",TRUE,"explicit proposed API","review","Topic overlap is evidence for review, not permission to delete."
"oceancube-v0.2.0-scope","cube_validate","docs","docs/roadmap/oceancube-v0.2.0-scope.Rmd","roadmap for future decisions; generated website is non-canonical","function:cube_validate",TRUE,"explicit proposed API","review","Topic overlap is evidence for review, not permission to delete."
"oceancube-v0.2.0-scope","cube_vertical_gradient","docs","docs/roadmap/oceancube-v0.2.0-scope.Rmd","roadmap for future decisions; generated website is non-canonical","function:cube_vertical_gradient",TRUE,"explicit proposed API","review","Topic overlap is evidence for review, not permission to delete."
"oceancube-v0.2.0-scope","cube_vertical_integral","docs","docs/roadmap/oceancube-v0.2.0-scope.Rmd","roadmap for future decisions; generated website is non-canonical","function:cube_vertical_integral",TRUE,"explicit proposed API","review","Topic overlap is evidence for review, not permission to delete."
"oceancube-v0.2.0-scope","cube_vertical_mean","docs","docs/roadmap/oceancube-v0.2.0-scope.Rmd","roadmap for future decisions; generated website is non-canonical","function:cube_vertical_mean",TRUE,"explicit proposed API","review","Topic overlap is evidence for review, not permission to delete."
"oceancube-v0.2.0-scope","cube_volume_mean","docs","docs/roadmap/oceancube-v0.2.0-scope.Rmd","roadmap for future decisions; generated website is non-canonical","function:cube_volume_mean",TRUE,"explicit proposed API","review","Topic overlap is evidence for review, not permission to delete."
"oceancube-v0.2.0-scope","download_copernicus","docs","docs/roadmap/oceancube-v0.2.0-scope.Rmd","roadmap for future decisions; generated website is non-canonical","function:download_copernicus",TRUE,"explicit proposed API","review","Topic overlap is evidence for review, not permission to delete."
"oceancube-v0.2.0-scope","download_erddap","docs","docs/roadmap/oceancube-v0.2.0-scope.Rmd","roadmap for future decisions; generated website is non-canonical","function:download_erddap",TRUE,"explicit proposed API","review","Topic overlap is evidence for review, not permission to delete."
"oceancube-v0.2.0-scope","download_nc","docs","docs/roadmap/oceancube-v0.2.0-scope.Rmd","roadmap for future decisions; generated website is non-canonical","function:download_nc",TRUE,"planning source","review","Topic overlap is evidence for review, not permission to delete."
"oceancube-v0.2.0-scope","download_url","docs","docs/roadmap/oceancube-v0.2.0-scope.Rmd","roadmap for future decisions; generated website is non-canonical","function:download_url",TRUE,"explicit proposed API","review","Topic overlap is evidence for review, not permission to delete."
"oceancube-v0.2.0-scope","layer_mean","docs","docs/roadmap/oceancube-v0.2.0-scope.Rmd","roadmap for future decisions; generated website is non-canonical","function:layer_mean",TRUE,"planning source","review","Topic overlap is evidence for review, not permission to delete."
"oceancube-v0.2.0-scope","link_events","docs","docs/roadmap/oceancube-v0.2.0-scope.Rmd","roadmap for future decisions; generated website is non-canonical","function:link_events",TRUE,"planning source","review","Topic overlap is evidence for review, not permission to delete."
"oceancube-v0.2.0-scope","ocean_cube","docs","docs/roadmap/oceancube-v0.2.0-scope.Rmd","roadmap for future decisions; generated website is non-canonical","function:ocean_cube",TRUE,"explicit proposed API","review","Topic overlap is evidence for review, not permission to delete."
"oceancube-v0.2.0-scope","read_nc","docs","docs/roadmap/oceancube-v0.2.0-scope.Rmd","roadmap for future decisions; generated website is non-canonical","function:read_nc",TRUE,"explicit proposed API","review","Topic overlap is evidence for review, not permission to delete."
"oceancube-v0.2.0-scope","read_opendap","docs","docs/roadmap/oceancube-v0.2.0-scope.Rmd","roadmap for future decisions; generated website is non-canonical","function:read_opendap",TRUE,"explicit proposed API","review","Topic overlap is evidence for review, not permission to delete."
"oceancube-v0.2.0-scope","read_stac","docs","docs/roadmap/oceancube-v0.2.0-scope.Rmd","roadmap for future decisions; generated website is non-canonical","function:read_stac",TRUE,"explicit proposed API","review","Topic overlap is evidence for review, not permission to delete."
"oceancube-v0.2.0-scope","read_thredds","docs","docs/roadmap/oceancube-v0.2.0-scope.Rmd","roadmap for future decisions; generated website is non-canonical","function:read_thredds",TRUE,"explicit proposed API","review","Topic overlap is evidence for review, not permission to delete."
"oceancube-v0.2.0-scope","read_zarr","docs","docs/roadmap/oceancube-v0.2.0-scope.Rmd","roadmap for future decisions; generated website is non-canonical","function:read_zarr",TRUE,"explicit proposed API","review","Topic overlap is evidence for review, not permission to delete."
"oceancube-v0.2.0-scope","signal_noise","docs","docs/roadmap/oceancube-v0.2.0-scope.Rmd","roadmap for future decisions; generated website is non-canonical","function:signal_noise",TRUE,"explicit proposed API","review","Topic overlap is evidence for review, not permission to delete."
"oceancube-v0.2.0-scope","source_info","docs","docs/roadmap/oceancube-v0.2.0-scope.Rmd","roadmap for future decisions; generated website is non-canonical","function:source_info",TRUE,"explicit proposed API","review","Topic overlap is evidence for review, not permission to delete."
"oceancube-v0.2.0-scope","source_search","docs","docs/roadmap/oceancube-v0.2.0-scope.Rmd","roadmap for future decisions; generated website is non-canonical","function:source_search",TRUE,"explicit proposed API","review","Topic overlap is evidence for review, not permission to delete."
"oceancube-v0.2.0-scope","source_variables","docs","docs/roadmap/oceancube-v0.2.0-scope.Rmd","roadmap for future decisions; generated website is non-canonical","function:source_variables",TRUE,"explicit proposed API","review","Topic overlap is evidence for review, not permission to delete."
"oceancube-v0.2.0-scope","to_day","docs","docs/roadmap/oceancube-v0.2.0-scope.Rmd","roadmap for future decisions; generated website is non-canonical","function:to_day",TRUE,"explicit proposed API","review","Topic overlap is evidence for review, not permission to delete."
"oceancube-v0.2.0-scope","to_month","docs","docs/roadmap/oceancube-v0.2.0-scope.Rmd","roadmap for future decisions; generated website is non-canonical","function:to_month",TRUE,"explicit proposed API","review","Topic overlap is evidence for review, not permission to delete."
"oceancube-v0.2.0-scope","to_season","docs","docs/roadmap/oceancube-v0.2.0-scope.Rmd","roadmap for future decisions; generated website is non-canonical","function:to_season",TRUE,"explicit proposed API","review","Topic overlap is evidence for review, not permission to delete."
"oceancube-v0.2.0-scope","to_week","docs","docs/roadmap/oceancube-v0.2.0-scope.Rmd","roadmap for future decisions; generated website is non-canonical","function:to_week",TRUE,"explicit proposed API","review","Topic overlap is evidence for review, not permission to delete."
"oceancube-v0.2.0-scope","to_year","docs","docs/roadmap/oceancube-v0.2.0-scope.Rmd","roadmap for future decisions; generated website is non-canonical","function:to_year",TRUE,"explicit proposed API","review","Topic overlap is evidence for review, not permission to delete."
"oceancube-v0.2.0-scope","viz.animate","docs","docs/roadmap/oceancube-v0.2.0-scope.Rmd","roadmap for future decisions; generated website is non-canonical","function:viz.animate",TRUE,"explicit proposed API","review","Topic overlap is evidence for review, not permission to delete."
"oceancube-v0.2.0-scope","viz.animate_hovmoller","docs","docs/roadmap/oceancube-v0.2.0-scope.Rmd","roadmap for future decisions; generated website is non-canonical","function:viz.animate_hovmoller",TRUE,"explicit proposed API","review","Topic overlap is evidence for review, not permission to delete."
"oceancube-v0.2.0-scope","viz.animate_map","docs","docs/roadmap/oceancube-v0.2.0-scope.Rmd","roadmap for future decisions; generated website is non-canonical","function:viz.animate_map",TRUE,"explicit proposed API","review","Topic overlap is evidence for review, not permission to delete."
"oceancube-v0.2.0-scope","viz.animate_profile","docs","docs/roadmap/oceancube-v0.2.0-scope.Rmd","roadmap for future decisions; generated website is non-canonical","function:viz.animate_profile",TRUE,"explicit proposed API","review","Topic overlap is evidence for review, not permission to delete."
"oceancube-v0.2.0-scope","viz.animate_section","docs","docs/roadmap/oceancube-v0.2.0-scope.Rmd","roadmap for future decisions; generated website is non-canonical","function:viz.animate_section",TRUE,"explicit proposed API","review","Topic overlap is evidence for review, not permission to delete."
"oceancube-v0.2.0-scope","viz.anomaly","docs","docs/roadmap/oceancube-v0.2.0-scope.Rmd","roadmap for future decisions; generated website is non-canonical","function:viz.anomaly",TRUE,"explicit proposed API","review","Topic overlap is evidence for review, not permission to delete."
"oceancube-v0.2.0-scope","viz.climatology","docs","docs/roadmap/oceancube-v0.2.0-scope.Rmd","roadmap for future decisions; generated website is non-canonical","function:viz.climatology",TRUE,"explicit proposed API","review","Topic overlap is evidence for review, not permission to delete."
"oceancube-v0.2.0-scope","viz.compare","docs","docs/roadmap/oceancube-v0.2.0-scope.Rmd","roadmap for future decisions; generated website is non-canonical","function:viz.compare",TRUE,"explicit proposed API","review","Topic overlap is evidence for review, not permission to delete."
"oceancube-v0.2.0-scope","viz.coverage","docs","docs/roadmap/oceancube-v0.2.0-scope.Rmd","roadmap for future decisions; generated website is non-canonical","function:viz.coverage",TRUE,"explicit proposed API","review","Topic overlap is evidence for review, not permission to delete."
"oceancube-v0.2.0-scope","viz.hovmoller","docs","docs/roadmap/oceancube-v0.2.0-scope.Rmd","roadmap for future decisions; generated website is non-canonical","function:viz.hovmoller",TRUE,"explicit proposed API","review","Topic overlap is evidence for review, not permission to delete."
"oceancube-v0.2.0-scope","viz.map","docs","docs/roadmap/oceancube-v0.2.0-scope.Rmd","roadmap for future decisions; generated website is non-canonical","function:viz.map",TRUE,"explicit proposed API","review","Topic overlap is evidence for review, not permission to delete."
"oceancube-v0.2.0-scope","viz.profile","docs","docs/roadmap/oceancube-v0.2.0-scope.Rmd","roadmap for future decisions; generated website is non-canonical","function:viz.profile",TRUE,"explicit proposed API","review","Topic overlap is evidence for review, not permission to delete."
"oceancube-v0.2.0-scope","viz.quality","docs","docs/roadmap/oceancube-v0.2.0-scope.Rmd","roadmap for future decisions; generated website is non-canonical","function:viz.quality",TRUE,"explicit proposed API","review","Topic overlap is evidence for review, not permission to delete."
"oceancube-v0.2.0-scope","viz.save","docs","docs/roadmap/oceancube-v0.2.0-scope.Rmd","roadmap for future decisions; generated website is non-canonical","function:viz.save",TRUE,"explicit proposed API","review","Topic overlap is evidence for review, not permission to delete."
"oceancube-v0.2.0-scope","viz.save_gif","docs","docs/roadmap/oceancube-v0.2.0-scope.Rmd","roadmap for future decisions; generated website is non-canonical","function:viz.save_gif",TRUE,"explicit proposed API","review","Topic overlap is evidence for review, not permission to delete."
"oceancube-v0.2.0-scope","viz.section","docs","docs/roadmap/oceancube-v0.2.0-scope.Rmd","roadmap for future decisions; generated website is non-canonical","function:viz.section",TRUE,"explicit proposed API","review","Topic overlap is evidence for review, not permission to delete."
"oceancube-v0.2.0-scope","viz.series","docs","docs/roadmap/oceancube-v0.2.0-scope.Rmd","roadmap for future decisions; generated website is non-canonical","function:viz.series",TRUE,"explicit proposed API","review","Topic overlap is evidence for review, not permission to delete."
"oceancube-v0.2.0-scope","viz.slope","docs","docs/roadmap/oceancube-v0.2.0-scope.Rmd","roadmap for future decisions; generated website is non-canonical","function:viz.slope",TRUE,"explicit proposed API","review","Topic overlap is evidence for review, not permission to delete."
"oceancube-v0.2.0-scope","viz.uncertainty","docs","docs/roadmap/oceancube-v0.2.0-scope.Rmd","roadmap for future decisions; generated website is non-canonical","function:viz.uncertainty",TRUE,"explicit proposed API","review","Topic overlap is evidence for review, not permission to delete."
"oceancube-v0.2.0-scope","viz.vector","docs","docs/roadmap/oceancube-v0.2.0-scope.Rmd","roadmap for future decisions; generated website is non-canonical","function:viz.vector",TRUE,"explicit proposed API","review","Topic overlap is evidence for review, not permission to delete."
"oceancube-v0.2.0-scope","write_metadata","docs","docs/roadmap/oceancube-v0.2.0-scope.Rmd","roadmap for future decisions; generated website is non-canonical","function:write_metadata",TRUE,"explicit proposed API","review","Topic overlap is evidence for review, not permission to delete."
"oceancube-v0.2.0-scope","write_nc","docs","docs/roadmap/oceancube-v0.2.0-scope.Rmd","roadmap for future decisions; generated website is non-canonical","function:write_nc",TRUE,"explicit proposed API","review","Topic overlap is evidence for review, not permission to delete."
"oceancube-v0.2.0-scope","write_rds","docs","docs/roadmap/oceancube-v0.2.0-scope.Rmd","roadmap for future decisions; generated website is non-canonical","function:write_rds",TRUE,"explicit proposed API","review","Topic overlap is evidence for review, not permission to delete."
"oceancube-v0.2.0-scope","write_stac","docs","docs/roadmap/oceancube-v0.2.0-scope.Rmd","roadmap for future decisions; generated website is non-canonical","function:write_stac",TRUE,"explicit proposed API","review","Topic overlap is evidence for review, not permission to delete."
"oceancube-v0.2.0-scope","write_table","docs","docs/roadmap/oceancube-v0.2.0-scope.Rmd","roadmap for future decisions; generated website is non-canonical","function:write_table",TRUE,"explicit proposed API","review","Topic overlap is evidence for review, not permission to delete."
"oceancube-v0.2.0-scope","write_zarr","docs","docs/roadmap/oceancube-v0.2.0-scope.Rmd","roadmap for future decisions; generated website is non-canonical","function:write_zarr",TRUE,"explicit proposed API","review","Topic overlap is evidence for review, not permission to delete."
"_quarto","","handbook","handbook/_quarto.yml","handbook QMD/Rmd for extended user guidance","topic:_quarto",TRUE,"current 0.1.0 documentation","retain","Topic overlap is evidence for review, not permission to delete."
"01-introduction","","handbook","handbook/01-introduction.qmd","handbook QMD/Rmd for extended user guidance","topic:01-introduction",TRUE,"current 0.1.0 documentation","retain","Topic overlap is evidence for review, not permission to delete."
"02-mental-model","ocean_cube","handbook","handbook/02-mental-model.qmd","handbook QMD/Rmd for extended user guidance","function:ocean_cube",TRUE,"explicit proposed API","retain","Topic overlap is evidence for review, not permission to delete."
"03-ocean-cube-object","cube_collect","handbook","handbook/03-ocean-cube-object.qmd","handbook QMD/Rmd for extended user guidance","function:cube_collect",TRUE,"explicit proposed API","retain","Topic overlap is evidence for review, not permission to delete."
"03-ocean-cube-object","ocean_cube","handbook","handbook/03-ocean-cube-object.qmd","handbook QMD/Rmd for extended user guidance","function:ocean_cube",TRUE,"explicit proposed API","retain","Topic overlap is evidence for review, not permission to delete."
"04-data-access","cm_connect","handbook","handbook/04-data-access.qmd","handbook QMD/Rmd for extended user guidance","function:cm_connect",TRUE,"explicit proposed API","retain","Topic overlap is evidence for review, not permission to delete."
"04-data-access","cm_setup","handbook","handbook/04-data-access.qmd","handbook QMD/Rmd for extended user guidance","function:cm_setup",TRUE,"explicit proposed API","retain","Topic overlap is evidence for review, not permission to delete."
"04-data-access","cube_collect","handbook","handbook/04-data-access.qmd","handbook QMD/Rmd for extended user guidance","function:cube_collect",TRUE,"explicit proposed API","retain","Topic overlap is evidence for review, not permission to delete."
"04-data-access","download_nc","handbook","handbook/04-data-access.qmd","handbook QMD/Rmd for extended user guidance","function:download_nc",TRUE,"current 0.1.0 documentation","retain","Topic overlap is evidence for review, not permission to delete."
"04-data-access","read_nc","handbook","handbook/04-data-access.qmd","handbook QMD/Rmd for extended user guidance","function:read_nc",TRUE,"explicit proposed API","retain","Topic overlap is evidence for review, not permission to delete."
"05-selection-extraction","cube_crop","handbook","handbook/05-selection-extraction.qmd","handbook QMD/Rmd for extended user guidance","function:cube_crop",TRUE,"explicit proposed API","retain","Topic overlap is evidence for review, not permission to delete."
"05-selection-extraction","cube_extract","handbook","handbook/05-selection-extraction.qmd","handbook QMD/Rmd for extended user guidance","function:cube_extract",TRUE,"explicit proposed API","retain","Topic overlap is evidence for review, not permission to delete."
"05-selection-extraction","cube_slice","handbook","handbook/05-selection-extraction.qmd","handbook QMD/Rmd for extended user guidance","function:cube_slice",TRUE,"explicit proposed API","retain","Topic overlap is evidence for review, not permission to delete."
"05-selection-extraction","cube_transect","handbook","handbook/05-selection-extraction.qmd","handbook QMD/Rmd for extended user guidance","function:cube_transect",TRUE,"explicit proposed API","retain","Topic overlap is evidence for review, not permission to delete."
"05-selection-extraction","link_events","handbook","handbook/05-selection-extraction.qmd","handbook QMD/Rmd for extended user guidance","function:link_events",TRUE,"current 0.1.0 documentation","retain","Topic overlap is evidence for review, not permission to delete."
"06-masks","coast_dist","handbook","handbook/06-masks.qmd","handbook QMD/Rmd for extended user guidance","function:coast_dist",TRUE,"current 0.1.0 documentation","retain","Topic overlap is evidence for review, not permission to delete."
"06-masks","crop_stock","handbook","handbook/06-masks.qmd","handbook QMD/Rmd for extended user guidance","function:crop_stock",TRUE,"current 0.1.0 documentation","retain","Topic overlap is evidence for review, not permission to delete."
"06-masks","cube_crop","handbook","handbook/06-masks.qmd","handbook QMD/Rmd for extended user guidance","function:cube_crop",TRUE,"explicit proposed API","retain","Topic overlap is evidence for review, not permission to delete."
"06-masks","cube_mask","handbook","handbook/06-masks.qmd","handbook QMD/Rmd for extended user guidance","function:cube_mask",TRUE,"explicit proposed API","retain","Topic overlap is evidence for review, not permission to delete."
"06-masks","cube_polygon_weights","handbook","handbook/06-masks.qmd","handbook QMD/Rmd for extended user guidance","function:cube_polygon_weights",TRUE,"explicit proposed API","retain","Topic overlap is evidence for review, not permission to delete."
"06-masks","stock_mask","handbook","handbook/06-masks.qmd","handbook QMD/Rmd for extended user guidance","function:stock_mask",TRUE,"current 0.1.0 documentation","retain","Topic overlap is evidence for review, not permission to delete."
"07-temporal-climatology","annual_index","handbook","handbook/07-temporal-climatology.qmd","handbook QMD/Rmd for extended user guidance","function:annual_index",TRUE,"current 0.1.0 documentation","retain","Topic overlap is evidence for review, not permission to delete."
"07-temporal-climatology","anom_diff","handbook","handbook/07-temporal-climatology.qmd","handbook QMD/Rmd for extended user guidance","function:anom_diff",TRUE,"explicit proposed API","retain","Topic overlap is evidence for review, not permission to delete."
"07-temporal-climatology","anom_z","handbook","handbook/07-temporal-climatology.qmd","handbook QMD/Rmd for extended user guidance","function:anom_z",TRUE,"explicit proposed API","retain","Topic overlap is evidence for review, not permission to delete."
"07-temporal-climatology","clim_day","handbook","handbook/07-temporal-climatology.qmd","handbook QMD/Rmd for extended user guidance","function:clim_day",TRUE,"explicit proposed API","retain","Topic overlap is evidence for review, not permission to delete."
"07-temporal-climatology","clim_month","handbook","handbook/07-temporal-climatology.qmd","handbook QMD/Rmd for extended user guidance","function:clim_month",TRUE,"explicit proposed API","retain","Topic overlap is evidence for review, not permission to delete."
"07-temporal-climatology","layer_mean","handbook","handbook/07-temporal-climatology.qmd","handbook QMD/Rmd for extended user guidance","function:layer_mean",TRUE,"current 0.1.0 documentation","retain","Topic overlap is evidence for review, not permission to delete."
"07-temporal-climatology","signal_noise","handbook","handbook/07-temporal-climatology.qmd","handbook QMD/Rmd for extended user guidance","function:signal_noise",TRUE,"explicit proposed API","retain","Topic overlap is evidence for review, not permission to delete."
"07-temporal-climatology","to_month","handbook","handbook/07-temporal-climatology.qmd","handbook QMD/Rmd for extended user guidance","function:to_month",TRUE,"explicit proposed API","retain","Topic overlap is evidence for review, not permission to delete."
"08-grid-geometry","cube_cell_area","handbook","handbook/08-grid-geometry.qmd","handbook QMD/Rmd for extended user guidance","function:cube_cell_area",TRUE,"explicit proposed API","retain","Topic overlap is evidence for review, not permission to delete."
"08-grid-geometry","cube_cell_volume","handbook","handbook/08-grid-geometry.qmd","handbook QMD/Rmd for extended user guidance","function:cube_cell_volume",TRUE,"explicit proposed API","retain","Topic overlap is evidence for review, not permission to delete."
"08-grid-geometry","cube_layer_thickness","handbook","handbook/08-grid-geometry.qmd","handbook QMD/Rmd for extended user guidance","function:cube_layer_thickness",TRUE,"explicit proposed API","retain","Topic overlap is evidence for review, not permission to delete."
"08-grid-geometry","cube_polygon_weights","handbook","handbook/08-grid-geometry.qmd","handbook QMD/Rmd for extended user guidance","function:cube_polygon_weights",TRUE,"explicit proposed API","retain","Topic overlap is evidence for review, not permission to delete."
"09-function-reference","annual_index","handbook","handbook/09-function-reference.qmd","handbook QMD/Rmd for extended user guidance","function:annual_index",TRUE,"current 0.1.0 documentation","retain","Topic overlap is evidence for review, not permission to delete."
"09-function-reference","anom_diff","handbook","handbook/09-function-reference.qmd","handbook QMD/Rmd for extended user guidance","function:anom_diff",TRUE,"explicit proposed API","retain","Topic overlap is evidence for review, not permission to delete."
"09-function-reference","anom_z","handbook","handbook/09-function-reference.qmd","handbook QMD/Rmd for extended user guidance","function:anom_z",TRUE,"explicit proposed API","retain","Topic overlap is evidence for review, not permission to delete."
"09-function-reference","clim_day","handbook","handbook/09-function-reference.qmd","handbook QMD/Rmd for extended user guidance","function:clim_day",TRUE,"explicit proposed API","retain","Topic overlap is evidence for review, not permission to delete."
"09-function-reference","clim_month","handbook","handbook/09-function-reference.qmd","handbook QMD/Rmd for extended user guidance","function:clim_month",TRUE,"explicit proposed API","retain","Topic overlap is evidence for review, not permission to delete."
"09-function-reference","cm_connect","handbook","handbook/09-function-reference.qmd","handbook QMD/Rmd for extended user guidance","function:cm_connect",TRUE,"explicit proposed API","retain","Topic overlap is evidence for review, not permission to delete."
"09-function-reference","cm_setup","handbook","handbook/09-function-reference.qmd","handbook QMD/Rmd for extended user guidance","function:cm_setup",TRUE,"explicit proposed API","retain","Topic overlap is evidence for review, not permission to delete."
"09-function-reference","coast_dist","handbook","handbook/09-function-reference.qmd","handbook QMD/Rmd for extended user guidance","function:coast_dist",TRUE,"current 0.1.0 documentation","retain","Topic overlap is evidence for review, not permission to delete."
"09-function-reference","crop_stock","handbook","handbook/09-function-reference.qmd","handbook QMD/Rmd for extended user guidance","function:crop_stock",TRUE,"current 0.1.0 documentation","retain","Topic overlap is evidence for review, not permission to delete."
"09-function-reference","cube_cell_area","handbook","handbook/09-function-reference.qmd","handbook QMD/Rmd for extended user guidance","function:cube_cell_area",TRUE,"explicit proposed API","retain","Topic overlap is evidence for review, not permission to delete."
"09-function-reference","cube_cell_volume","handbook","handbook/09-function-reference.qmd","handbook QMD/Rmd for extended user guidance","function:cube_cell_volume",TRUE,"explicit proposed API","retain","Topic overlap is evidence for review, not permission to delete."
"09-function-reference","cube_collect","handbook","handbook/09-function-reference.qmd","handbook QMD/Rmd for extended user guidance","function:cube_collect",TRUE,"explicit proposed API","retain","Topic overlap is evidence for review, not permission to delete."
"09-function-reference","cube_crop","handbook","handbook/09-function-reference.qmd","handbook QMD/Rmd for extended user guidance","function:cube_crop",TRUE,"explicit proposed API","retain","Topic overlap is evidence for review, not permission to delete."
"09-function-reference","cube_extract","handbook","handbook/09-function-reference.qmd","handbook QMD/Rmd for extended user guidance","function:cube_extract",TRUE,"explicit proposed API","retain","Topic overlap is evidence for review, not permission to delete."
"09-function-reference","cube_layer_thickness","handbook","handbook/09-function-reference.qmd","handbook QMD/Rmd for extended user guidance","function:cube_layer_thickness",TRUE,"explicit proposed API","retain","Topic overlap is evidence for review, not permission to delete."
"09-function-reference","cube_mask","handbook","handbook/09-function-reference.qmd","handbook QMD/Rmd for extended user guidance","function:cube_mask",TRUE,"explicit proposed API","retain","Topic overlap is evidence for review, not permission to delete."
"09-function-reference","cube_polygon_weights","handbook","handbook/09-function-reference.qmd","handbook QMD/Rmd for extended user guidance","function:cube_polygon_weights",TRUE,"explicit proposed API","retain","Topic overlap is evidence for review, not permission to delete."
"09-function-reference","cube_slice","handbook","handbook/09-function-reference.qmd","handbook QMD/Rmd for extended user guidance","function:cube_slice",TRUE,"explicit proposed API","retain","Topic overlap is evidence for review, not permission to delete."
"09-function-reference","cube_transect","handbook","handbook/09-function-reference.qmd","handbook QMD/Rmd for extended user guidance","function:cube_transect",TRUE,"explicit proposed API","retain","Topic overlap is evidence for review, not permission to delete."
"09-function-reference","download_nc","handbook","handbook/09-function-reference.qmd","handbook QMD/Rmd for extended user guidance","function:download_nc",TRUE,"current 0.1.0 documentation","retain","Topic overlap is evidence for review, not permission to delete."
"09-function-reference","layer_mean","handbook","handbook/09-function-reference.qmd","handbook QMD/Rmd for extended user guidance","function:layer_mean",TRUE,"current 0.1.0 documentation","retain","Topic overlap is evidence for review, not permission to delete."
"09-function-reference","link_events","handbook","handbook/09-function-reference.qmd","handbook QMD/Rmd for extended user guidance","function:link_events",TRUE,"current 0.1.0 documentation","retain","Topic overlap is evidence for review, not permission to delete."
"09-function-reference","ocean_cube","handbook","handbook/09-function-reference.qmd","handbook QMD/Rmd for extended user guidance","function:ocean_cube",TRUE,"explicit proposed API","retain","Topic overlap is evidence for review, not permission to delete."
"09-function-reference","read_nc","handbook","handbook/09-function-reference.qmd","handbook QMD/Rmd for extended user guidance","function:read_nc",TRUE,"explicit proposed API","retain","Topic overlap is evidence for review, not permission to delete."
"09-function-reference","signal_noise","handbook","handbook/09-function-reference.qmd","handbook QMD/Rmd for extended user guidance","function:signal_noise",TRUE,"explicit proposed API","retain","Topic overlap is evidence for review, not permission to delete."
"09-function-reference","stock_mask","handbook","handbook/09-function-reference.qmd","handbook QMD/Rmd for extended user guidance","function:stock_mask",TRUE,"current 0.1.0 documentation","retain","Topic overlap is evidence for review, not permission to delete."
"09-function-reference","to_month","handbook","handbook/09-function-reference.qmd","handbook QMD/Rmd for extended user guidance","function:to_month",TRUE,"explicit proposed API","retain","Topic overlap is evidence for review, not permission to delete."
"10-workflows","anom_diff","handbook","handbook/10-workflows.qmd","handbook QMD/Rmd for extended user guidance","function:anom_diff",TRUE,"explicit proposed API","retain","Topic overlap is evidence for review, not permission to delete."
"10-workflows","anom_z","handbook","handbook/10-workflows.qmd","handbook QMD/Rmd for extended user guidance","function:anom_z",TRUE,"explicit proposed API","retain","Topic overlap is evidence for review, not permission to delete."
"10-workflows","clim_day","handbook","handbook/10-workflows.qmd","handbook QMD/Rmd for extended user guidance","function:clim_day",TRUE,"explicit proposed API","retain","Topic overlap is evidence for review, not permission to delete."
"10-workflows","clim_month","handbook","handbook/10-workflows.qmd","handbook QMD/Rmd for extended user guidance","function:clim_month",TRUE,"explicit proposed API","retain","Topic overlap is evidence for review, not permission to delete."
"10-workflows","cube_cell_area","handbook","handbook/10-workflows.qmd","handbook QMD/Rmd for extended user guidance","function:cube_cell_area",TRUE,"explicit proposed API","retain","Topic overlap is evidence for review, not permission to delete."
"10-workflows","cube_cell_volume","handbook","handbook/10-workflows.qmd","handbook QMD/Rmd for extended user guidance","function:cube_cell_volume",TRUE,"explicit proposed API","retain","Topic overlap is evidence for review, not permission to delete."
"10-workflows","cube_collect","handbook","handbook/10-workflows.qmd","handbook QMD/Rmd for extended user guidance","function:cube_collect",TRUE,"explicit proposed API","retain","Topic overlap is evidence for review, not permission to delete."
"10-workflows","cube_crop","handbook","handbook/10-workflows.qmd","handbook QMD/Rmd for extended user guidance","function:cube_crop",TRUE,"explicit proposed API","retain","Topic overlap is evidence for review, not permission to delete."
"10-workflows","cube_extract","handbook","handbook/10-workflows.qmd","handbook QMD/Rmd for extended user guidance","function:cube_extract",TRUE,"explicit proposed API","retain","Topic overlap is evidence for review, not permission to delete."
"10-workflows","cube_layer_thickness","handbook","handbook/10-workflows.qmd","handbook QMD/Rmd for extended user guidance","function:cube_layer_thickness",TRUE,"explicit proposed API","retain","Topic overlap is evidence for review, not permission to delete."
"10-workflows","cube_mask","handbook","handbook/10-workflows.qmd","handbook QMD/Rmd for extended user guidance","function:cube_mask",TRUE,"explicit proposed API","retain","Topic overlap is evidence for review, not permission to delete."
"10-workflows","cube_polygon_weights","handbook","handbook/10-workflows.qmd","handbook QMD/Rmd for extended user guidance","function:cube_polygon_weights",TRUE,"explicit proposed API","retain","Topic overlap is evidence for review, not permission to delete."
"10-workflows","cube_slice","handbook","handbook/10-workflows.qmd","handbook QMD/Rmd for extended user guidance","function:cube_slice",TRUE,"explicit proposed API","retain","Topic overlap is evidence for review, not permission to delete."
"10-workflows","cube_transect","handbook","handbook/10-workflows.qmd","handbook QMD/Rmd for extended user guidance","function:cube_transect",TRUE,"explicit proposed API","retain","Topic overlap is evidence for review, not permission to delete."
"10-workflows","download_nc","handbook","handbook/10-workflows.qmd","handbook QMD/Rmd for extended user guidance","function:download_nc",TRUE,"current 0.1.0 documentation","retain","Topic overlap is evidence for review, not permission to delete."
"10-workflows","link_events","handbook","handbook/10-workflows.qmd","handbook QMD/Rmd for extended user guidance","function:link_events",TRUE,"current 0.1.0 documentation","retain","Topic overlap is evidence for review, not permission to delete."
"10-workflows","ocean_cube","handbook","handbook/10-workflows.qmd","handbook QMD/Rmd for extended user guidance","function:ocean_cube",TRUE,"explicit proposed API","retain","Topic overlap is evidence for review, not permission to delete."
"10-workflows","read_nc","handbook","handbook/10-workflows.qmd","handbook QMD/Rmd for extended user guidance","function:read_nc",TRUE,"explicit proposed API","retain","Topic overlap is evidence for review, not permission to delete."
"11-spatind-boundary","","handbook","handbook/11-spatind-boundary.qmd","handbook QMD/Rmd for extended user guidance","topic:11-spatind-boundary",TRUE,"current 0.1.0 documentation","retain","Topic overlap is evidence for review, not permission to delete."
"12-git-release-workflow","","handbook","handbook/12-git-release-workflow.qmd","handbook QMD/Rmd for extended user guidance","topic:12-git-release-workflow",TRUE,"current 0.1.0 documentation","retain","Topic overlap is evidence for review, not permission to delete."
"13-troubleshooting","","handbook","handbook/13-troubleshooting.qmd","handbook QMD/Rmd for extended user guidance","topic:13-troubleshooting",TRUE,"current 0.1.0 documentation","retain","Topic overlap is evidence for review, not permission to delete."
"14-cheat-sheet","anom_diff","handbook","handbook/14-cheat-sheet.qmd","handbook QMD/Rmd for extended user guidance","function:anom_diff",TRUE,"explicit proposed API","retain","Topic overlap is evidence for review, not permission to delete."
"14-cheat-sheet","anom_z","handbook","handbook/14-cheat-sheet.qmd","handbook QMD/Rmd for extended user guidance","function:anom_z",TRUE,"explicit proposed API","retain","Topic overlap is evidence for review, not permission to delete."
"14-cheat-sheet","clim_day","handbook","handbook/14-cheat-sheet.qmd","handbook QMD/Rmd for extended user guidance","function:clim_day",TRUE,"explicit proposed API","retain","Topic overlap is evidence for review, not permission to delete."
"14-cheat-sheet","clim_month","handbook","handbook/14-cheat-sheet.qmd","handbook QMD/Rmd for extended user guidance","function:clim_month",TRUE,"explicit proposed API","retain","Topic overlap is evidence for review, not permission to delete."
"14-cheat-sheet","cube_cell_area","handbook","handbook/14-cheat-sheet.qmd","handbook QMD/Rmd for extended user guidance","function:cube_cell_area",TRUE,"explicit proposed API","retain","Topic overlap is evidence for review, not permission to delete."
"14-cheat-sheet","cube_cell_volume","handbook","handbook/14-cheat-sheet.qmd","handbook QMD/Rmd for extended user guidance","function:cube_cell_volume",TRUE,"explicit proposed API","retain","Topic overlap is evidence for review, not permission to delete."
"14-cheat-sheet","cube_collect","handbook","handbook/14-cheat-sheet.qmd","handbook QMD/Rmd for extended user guidance","function:cube_collect",TRUE,"explicit proposed API","retain","Topic overlap is evidence for review, not permission to delete."
"14-cheat-sheet","cube_crop","handbook","handbook/14-cheat-sheet.qmd","handbook QMD/Rmd for extended user guidance","function:cube_crop",TRUE,"explicit proposed API","retain","Topic overlap is evidence for review, not permission to delete."
"14-cheat-sheet","cube_extract","handbook","handbook/14-cheat-sheet.qmd","handbook QMD/Rmd for extended user guidance","function:cube_extract",TRUE,"explicit proposed API","retain","Topic overlap is evidence for review, not permission to delete."
"14-cheat-sheet","cube_layer_thickness","handbook","handbook/14-cheat-sheet.qmd","handbook QMD/Rmd for extended user guidance","function:cube_layer_thickness",TRUE,"explicit proposed API","retain","Topic overlap is evidence for review, not permission to delete."
"14-cheat-sheet","cube_mask","handbook","handbook/14-cheat-sheet.qmd","handbook QMD/Rmd for extended user guidance","function:cube_mask",TRUE,"explicit proposed API","retain","Topic overlap is evidence for review, not permission to delete."
"14-cheat-sheet","cube_polygon_weights","handbook","handbook/14-cheat-sheet.qmd","handbook QMD/Rmd for extended user guidance","function:cube_polygon_weights",TRUE,"explicit proposed API","retain","Topic overlap is evidence for review, not permission to delete."
"14-cheat-sheet","cube_slice","handbook","handbook/14-cheat-sheet.qmd","handbook QMD/Rmd for extended user guidance","function:cube_slice",TRUE,"explicit proposed API","retain","Topic overlap is evidence for review, not permission to delete."
"14-cheat-sheet","cube_transect","handbook","handbook/14-cheat-sheet.qmd","handbook QMD/Rmd for extended user guidance","function:cube_transect",TRUE,"explicit proposed API","retain","Topic overlap is evidence for review, not permission to delete."
"14-cheat-sheet","link_events","handbook","handbook/14-cheat-sheet.qmd","handbook QMD/Rmd for extended user guidance","function:link_events",TRUE,"current 0.1.0 documentation","retain","Topic overlap is evidence for review, not permission to delete."
"14-cheat-sheet","ocean_cube","handbook","handbook/14-cheat-sheet.qmd","handbook QMD/Rmd for extended user guidance","function:ocean_cube",TRUE,"explicit proposed API","retain","Topic overlap is evidence for review, not permission to delete."
"14-cheat-sheet","read_nc","handbook","handbook/14-cheat-sheet.qmd","handbook QMD/Rmd for extended user guidance","function:read_nc",TRUE,"explicit proposed API","retain","Topic overlap is evidence for review, not permission to delete."
"annual_index","annual_index","handbook","handbook/functions/annual_index.qmd","handbook QMD/Rmd for extended user guidance","function:annual_index",TRUE,"current 0.1.0 documentation","retain","Topic overlap is evidence for review, not permission to delete."
"annual_index","ocean_cube","handbook","handbook/functions/annual_index.qmd","handbook QMD/Rmd for extended user guidance","function:ocean_cube",TRUE,"explicit proposed API","retain","Topic overlap is evidence for review, not permission to delete."
"annual_index","to_month","handbook","handbook/functions/annual_index.qmd","handbook QMD/Rmd for extended user guidance","function:to_month",TRUE,"explicit proposed API","retain","Topic overlap is evidence for review, not permission to delete."
"anom_diff","anom_diff","handbook","handbook/functions/anom_diff.qmd","handbook QMD/Rmd for extended user guidance","function:anom_diff",TRUE,"explicit proposed API","retain","Topic overlap is evidence for review, not permission to delete."
"anom_diff","clim_day","handbook","handbook/functions/anom_diff.qmd","handbook QMD/Rmd for extended user guidance","function:clim_day",TRUE,"explicit proposed API","retain","Topic overlap is evidence for review, not permission to delete."
"anom_diff","clim_month","handbook","handbook/functions/anom_diff.qmd","handbook QMD/Rmd for extended user guidance","function:clim_month",TRUE,"explicit proposed API","retain","Topic overlap is evidence for review, not permission to delete."
"anom_diff","ocean_cube","handbook","handbook/functions/anom_diff.qmd","handbook QMD/Rmd for extended user guidance","function:ocean_cube",TRUE,"explicit proposed API","retain","Topic overlap is evidence for review, not permission to delete."
"anom_z","anom_z","handbook","handbook/functions/anom_z.qmd","handbook QMD/Rmd for extended user guidance","function:anom_z",TRUE,"explicit proposed API","retain","Topic overlap is evidence for review, not permission to delete."
"anom_z","clim_day","handbook","handbook/functions/anom_z.qmd","handbook QMD/Rmd for extended user guidance","function:clim_day",TRUE,"explicit proposed API","retain","Topic overlap is evidence for review, not permission to delete."
"anom_z","clim_month","handbook","handbook/functions/anom_z.qmd","handbook QMD/Rmd for extended user guidance","function:clim_month",TRUE,"explicit proposed API","retain","Topic overlap is evidence for review, not permission to delete."
"anom_z","ocean_cube","handbook","handbook/functions/anom_z.qmd","handbook QMD/Rmd for extended user guidance","function:ocean_cube",TRUE,"explicit proposed API","retain","Topic overlap is evidence for review, not permission to delete."
"anom_z","signal_noise","handbook","handbook/functions/anom_z.qmd","handbook QMD/Rmd for extended user guidance","function:signal_noise",TRUE,"explicit proposed API","retain","Topic overlap is evidence for review, not permission to delete."
"clim_day","anom_diff","handbook","handbook/functions/clim_day.qmd","handbook QMD/Rmd for extended user guidance","function:anom_diff",TRUE,"explicit proposed API","retain","Topic overlap is evidence for review, not permission to delete."
"clim_day","anom_z","handbook","handbook/functions/clim_day.qmd","handbook QMD/Rmd for extended user guidance","function:anom_z",TRUE,"explicit proposed API","retain","Topic overlap is evidence for review, not permission to delete."
"clim_day","clim_day","handbook","handbook/functions/clim_day.qmd","handbook QMD/Rmd for extended user guidance","function:clim_day",TRUE,"explicit proposed API","retain","Topic overlap is evidence for review, not permission to delete."
"clim_day","ocean_cube","handbook","handbook/functions/clim_day.qmd","handbook QMD/Rmd for extended user guidance","function:ocean_cube",TRUE,"explicit proposed API","retain","Topic overlap is evidence for review, not permission to delete."
"clim_month","anom_diff","handbook","handbook/functions/clim_month.qmd","handbook QMD/Rmd for extended user guidance","function:anom_diff",TRUE,"explicit proposed API","retain","Topic overlap is evidence for review, not permission to delete."
"clim_month","anom_z","handbook","handbook/functions/clim_month.qmd","handbook QMD/Rmd for extended user guidance","function:anom_z",TRUE,"explicit proposed API","retain","Topic overlap is evidence for review, not permission to delete."
"clim_month","clim_month","handbook","handbook/functions/clim_month.qmd","handbook QMD/Rmd for extended user guidance","function:clim_month",TRUE,"explicit proposed API","retain","Topic overlap is evidence for review, not permission to delete."
"clim_month","ocean_cube","handbook","handbook/functions/clim_month.qmd","handbook QMD/Rmd for extended user guidance","function:ocean_cube",TRUE,"explicit proposed API","retain","Topic overlap is evidence for review, not permission to delete."
"clim_month","to_month","handbook","handbook/functions/clim_month.qmd","handbook QMD/Rmd for extended user guidance","function:to_month",TRUE,"explicit proposed API","retain","Topic overlap is evidence for review, not permission to delete."
"cm_connect","cm_connect","handbook","handbook/functions/cm_connect.qmd","handbook QMD/Rmd for extended user guidance","function:cm_connect",TRUE,"explicit proposed API","retain","Topic overlap is evidence for review, not permission to delete."
"cm_connect","cm_setup","handbook","handbook/functions/cm_connect.qmd","handbook QMD/Rmd for extended user guidance","function:cm_setup",TRUE,"explicit proposed API","retain","Topic overlap is evidence for review, not permission to delete."
"cm_connect","download_nc","handbook","handbook/functions/cm_connect.qmd","handbook QMD/Rmd for extended user guidance","function:download_nc",TRUE,"current 0.1.0 documentation","retain","Topic overlap is evidence for review, not permission to delete."
"cm_setup","cm_connect","handbook","handbook/functions/cm_setup.qmd","handbook QMD/Rmd for extended user guidance","function:cm_connect",TRUE,"explicit proposed API","retain","Topic overlap is evidence for review, not permission to delete."
"cm_setup","cm_setup","handbook","handbook/functions/cm_setup.qmd","handbook QMD/Rmd for extended user guidance","function:cm_setup",TRUE,"explicit proposed API","retain","Topic overlap is evidence for review, not permission to delete."
"coast_dist","coast_dist","handbook","handbook/functions/coast_dist.qmd","handbook QMD/Rmd for extended user guidance","function:coast_dist",TRUE,"current 0.1.0 documentation","retain","Topic overlap is evidence for review, not permission to delete."
"coast_dist","ocean_cube","handbook","handbook/functions/coast_dist.qmd","handbook QMD/Rmd for extended user guidance","function:ocean_cube",TRUE,"explicit proposed API","retain","Topic overlap is evidence for review, not permission to delete."
"crop_stock","crop_stock","handbook","handbook/functions/crop_stock.qmd","handbook QMD/Rmd for extended user guidance","function:crop_stock",TRUE,"current 0.1.0 documentation","retain","Topic overlap is evidence for review, not permission to delete."
"crop_stock","stock_mask","handbook","handbook/functions/crop_stock.qmd","handbook QMD/Rmd for extended user guidance","function:stock_mask",TRUE,"current 0.1.0 documentation","retain","Topic overlap is evidence for review, not permission to delete."
"cube_cell_area","cube_cell_area","handbook","handbook/functions/cube_cell_area.qmd","handbook QMD/Rmd for extended user guidance","function:cube_cell_area",TRUE,"explicit proposed API","retain","Topic overlap is evidence for review, not permission to delete."
"cube_cell_area","cube_cell_volume","handbook","handbook/functions/cube_cell_area.qmd","handbook QMD/Rmd for extended user guidance","function:cube_cell_volume",TRUE,"explicit proposed API","retain","Topic overlap is evidence for review, not permission to delete."
"cube_cell_area","cube_polygon_weights","handbook","handbook/functions/cube_cell_area.qmd","handbook QMD/Rmd for extended user guidance","function:cube_polygon_weights",TRUE,"explicit proposed API","retain","Topic overlap is evidence for review, not permission to delete."
"cube_cell_area","ocean_cube","handbook","handbook/functions/cube_cell_area.qmd","handbook QMD/Rmd for extended user guidance","function:ocean_cube",TRUE,"explicit proposed API","retain","Topic overlap is evidence for review, not permission to delete."
"cube_cell_volume","cube_cell_area","handbook","handbook/functions/cube_cell_volume.qmd","handbook QMD/Rmd for extended user guidance","function:cube_cell_area",TRUE,"explicit proposed API","retain","Topic overlap is evidence for review, not permission to delete."
"cube_cell_volume","cube_cell_volume","handbook","handbook/functions/cube_cell_volume.qmd","handbook QMD/Rmd for extended user guidance","function:cube_cell_volume",TRUE,"explicit proposed API","retain","Topic overlap is evidence for review, not permission to delete."
"cube_cell_volume","cube_layer_thickness","handbook","handbook/functions/cube_cell_volume.qmd","handbook QMD/Rmd for extended user guidance","function:cube_layer_thickness",TRUE,"explicit proposed API","retain","Topic overlap is evidence for review, not permission to delete."
"cube_cell_volume","ocean_cube","handbook","handbook/functions/cube_cell_volume.qmd","handbook QMD/Rmd for extended user guidance","function:ocean_cube",TRUE,"explicit proposed API","retain","Topic overlap is evidence for review, not permission to delete."
"cube_collect","cube_collect","handbook","handbook/functions/cube_collect.qmd","handbook QMD/Rmd for extended user guidance","function:cube_collect",TRUE,"explicit proposed API","retain","Topic overlap is evidence for review, not permission to delete."
"cube_collect","cube_crop","handbook","handbook/functions/cube_collect.qmd","handbook QMD/Rmd for extended user guidance","function:cube_crop",TRUE,"explicit proposed API","retain","Topic overlap is evidence for review, not permission to delete."
"cube_collect","cube_slice","handbook","handbook/functions/cube_collect.qmd","handbook QMD/Rmd for extended user guidance","function:cube_slice",TRUE,"explicit proposed API","retain","Topic overlap is evidence for review, not permission to delete."
"cube_collect","ocean_cube","handbook","handbook/functions/cube_collect.qmd","handbook QMD/Rmd for extended user guidance","function:ocean_cube",TRUE,"explicit proposed API","retain","Topic overlap is evidence for review, not permission to delete."
"cube_collect","read_nc","handbook","handbook/functions/cube_collect.qmd","handbook QMD/Rmd for extended user guidance","function:read_nc",TRUE,"explicit proposed API","retain","Topic overlap is evidence for review, not permission to delete."
"cube_crop","cube_crop","handbook","handbook/functions/cube_crop.qmd","handbook QMD/Rmd for extended user guidance","function:cube_crop",TRUE,"explicit proposed API","retain","Topic overlap is evidence for review, not permission to delete."
"cube_crop","cube_extract","handbook","handbook/functions/cube_crop.qmd","handbook QMD/Rmd for extended user guidance","function:cube_extract",TRUE,"explicit proposed API","retain","Topic overlap is evidence for review, not permission to delete."
"cube_crop","ocean_cube","handbook","handbook/functions/cube_crop.qmd","handbook QMD/Rmd for extended user guidance","function:ocean_cube",TRUE,"explicit proposed API","retain","Topic overlap is evidence for review, not permission to delete."
"cube_extract","cube_crop","handbook","handbook/functions/cube_extract.qmd","handbook QMD/Rmd for extended user guidance","function:cube_crop",TRUE,"explicit proposed API","retain","Topic overlap is evidence for review, not permission to delete."
"cube_extract","cube_extract","handbook","handbook/functions/cube_extract.qmd","handbook QMD/Rmd for extended user guidance","function:cube_extract",TRUE,"explicit proposed API","retain","Topic overlap is evidence for review, not permission to delete."
"cube_extract","cube_slice","handbook","handbook/functions/cube_extract.qmd","handbook QMD/Rmd for extended user guidance","function:cube_slice",TRUE,"explicit proposed API","retain","Topic overlap is evidence for review, not permission to delete."
"cube_extract","ocean_cube","handbook","handbook/functions/cube_extract.qmd","handbook QMD/Rmd for extended user guidance","function:ocean_cube",TRUE,"explicit proposed API","retain","Topic overlap is evidence for review, not permission to delete."
"cube_layer_thickness","cube_cell_volume","handbook","handbook/functions/cube_layer_thickness.qmd","handbook QMD/Rmd for extended user guidance","function:cube_cell_volume",TRUE,"explicit proposed API","retain","Topic overlap is evidence for review, not permission to delete."
"cube_layer_thickness","cube_layer_thickness","handbook","handbook/functions/cube_layer_thickness.qmd","handbook QMD/Rmd for extended user guidance","function:cube_layer_thickness",TRUE,"explicit proposed API","retain","Topic overlap is evidence for review, not permission to delete."
"cube_layer_thickness","ocean_cube","handbook","handbook/functions/cube_layer_thickness.qmd","handbook QMD/Rmd for extended user guidance","function:ocean_cube",TRUE,"explicit proposed API","retain","Topic overlap is evidence for review, not permission to delete."
"cube_mask","cube_crop","handbook","handbook/functions/cube_mask.qmd","handbook QMD/Rmd for extended user guidance","function:cube_crop",TRUE,"explicit proposed API","retain","Topic overlap is evidence for review, not permission to delete."
"cube_mask","cube_mask","handbook","handbook/functions/cube_mask.qmd","handbook QMD/Rmd for extended user guidance","function:cube_mask",TRUE,"explicit proposed API","retain","Topic overlap is evidence for review, not permission to delete."
"cube_mask","ocean_cube","handbook","handbook/functions/cube_mask.qmd","handbook QMD/Rmd for extended user guidance","function:ocean_cube",TRUE,"explicit proposed API","retain","Topic overlap is evidence for review, not permission to delete."
"cube_polygon_weights","cube_cell_area","handbook","handbook/functions/cube_polygon_weights.qmd","handbook QMD/Rmd for extended user guidance","function:cube_cell_area",TRUE,"explicit proposed API","retain","Topic overlap is evidence for review, not permission to delete."
"cube_polygon_weights","cube_polygon_weights","handbook","handbook/functions/cube_polygon_weights.qmd","handbook QMD/Rmd for extended user guidance","function:cube_polygon_weights",TRUE,"explicit proposed API","retain","Topic overlap is evidence for review, not permission to delete."
"cube_polygon_weights","ocean_cube","handbook","handbook/functions/cube_polygon_weights.qmd","handbook QMD/Rmd for extended user guidance","function:ocean_cube",TRUE,"explicit proposed API","retain","Topic overlap is evidence for review, not permission to delete."
"cube_slice","cube_extract","handbook","handbook/functions/cube_slice.qmd","handbook QMD/Rmd for extended user guidance","function:cube_extract",TRUE,"explicit proposed API","retain","Topic overlap is evidence for review, not permission to delete."
"cube_slice","cube_slice","handbook","handbook/functions/cube_slice.qmd","handbook QMD/Rmd for extended user guidance","function:cube_slice",TRUE,"explicit proposed API","retain","Topic overlap is evidence for review, not permission to delete."
"cube_slice","ocean_cube","handbook","handbook/functions/cube_slice.qmd","handbook QMD/Rmd for extended user guidance","function:ocean_cube",TRUE,"explicit proposed API","retain","Topic overlap is evidence for review, not permission to delete."
"cube_transect","cube_crop","handbook","handbook/functions/cube_transect.qmd","handbook QMD/Rmd for extended user guidance","function:cube_crop",TRUE,"explicit proposed API","retain","Topic overlap is evidence for review, not permission to delete."
"cube_transect","cube_transect","handbook","handbook/functions/cube_transect.qmd","handbook QMD/Rmd for extended user guidance","function:cube_transect",TRUE,"explicit proposed API","retain","Topic overlap is evidence for review, not permission to delete."
"cube_transect","ocean_cube","handbook","handbook/functions/cube_transect.qmd","handbook QMD/Rmd for extended user guidance","function:ocean_cube",TRUE,"explicit proposed API","retain","Topic overlap is evidence for review, not permission to delete."
"download_nc","cm_connect","handbook","handbook/functions/download_nc.qmd","handbook QMD/Rmd for extended user guidance","function:cm_connect",TRUE,"explicit proposed API","retain","Topic overlap is evidence for review, not permission to delete."
"download_nc","download_nc","handbook","handbook/functions/download_nc.qmd","handbook QMD/Rmd for extended user guidance","function:download_nc",TRUE,"current 0.1.0 documentation","retain","Topic overlap is evidence for review, not permission to delete."
"download_nc","read_nc","handbook","handbook/functions/download_nc.qmd","handbook QMD/Rmd for extended user guidance","function:read_nc",TRUE,"explicit proposed API","retain","Topic overlap is evidence for review, not permission to delete."
"layer_mean","annual_index","handbook","handbook/functions/layer_mean.qmd","handbook QMD/Rmd for extended user guidance","function:annual_index",TRUE,"current 0.1.0 documentation","retain","Topic overlap is evidence for review, not permission to delete."
"layer_mean","layer_mean","handbook","handbook/functions/layer_mean.qmd","handbook QMD/Rmd for extended user guidance","function:layer_mean",TRUE,"current 0.1.0 documentation","retain","Topic overlap is evidence for review, not permission to delete."
"layer_mean","ocean_cube","handbook","handbook/functions/layer_mean.qmd","handbook QMD/Rmd for extended user guidance","function:ocean_cube",TRUE,"explicit proposed API","retain","Topic overlap is evidence for review, not permission to delete."
"link_events","link_events","handbook","handbook/functions/link_events.qmd","handbook QMD/Rmd for extended user guidance","function:link_events",TRUE,"current 0.1.0 documentation","retain","Topic overlap is evidence for review, not permission to delete."
"link_events","ocean_cube","handbook","handbook/functions/link_events.qmd","handbook QMD/Rmd for extended user guidance","function:ocean_cube",TRUE,"explicit proposed API","retain","Topic overlap is evidence for review, not permission to delete."
"ocean_cube","cube_slice","handbook","handbook/functions/ocean_cube.qmd","handbook QMD/Rmd for extended user guidance","function:cube_slice",TRUE,"explicit proposed API","retain","Topic overlap is evidence for review, not permission to delete."
"ocean_cube","ocean_cube","handbook","handbook/functions/ocean_cube.qmd","handbook QMD/Rmd for extended user guidance","function:ocean_cube",TRUE,"explicit proposed API","retain","Topic overlap is evidence for review, not permission to delete."
"ocean_cube","read_nc","handbook","handbook/functions/ocean_cube.qmd","handbook QMD/Rmd for extended user guidance","function:read_nc",TRUE,"explicit proposed API","retain","Topic overlap is evidence for review, not permission to delete."
"read_nc","cube_collect","handbook","handbook/functions/read_nc.qmd","handbook QMD/Rmd for extended user guidance","function:cube_collect",TRUE,"explicit proposed API","retain","Topic overlap is evidence for review, not permission to delete."
"read_nc","download_nc","handbook","handbook/functions/read_nc.qmd","handbook QMD/Rmd for extended user guidance","function:download_nc",TRUE,"current 0.1.0 documentation","retain","Topic overlap is evidence for review, not permission to delete."
"read_nc","ocean_cube","handbook","handbook/functions/read_nc.qmd","handbook QMD/Rmd for extended user guidance","function:ocean_cube",TRUE,"explicit proposed API","retain","Topic overlap is evidence for review, not permission to delete."
"read_nc","read_nc","handbook","handbook/functions/read_nc.qmd","handbook QMD/Rmd for extended user guidance","function:read_nc",TRUE,"explicit proposed API","retain","Topic overlap is evidence for review, not permission to delete."
"signal_noise","clim_day","handbook","handbook/functions/signal_noise.qmd","handbook QMD/Rmd for extended user guidance","function:clim_day",TRUE,"explicit proposed API","retain","Topic overlap is evidence for review, not permission to delete."
"signal_noise","clim_month","handbook","handbook/functions/signal_noise.qmd","handbook QMD/Rmd for extended user guidance","function:clim_month",TRUE,"explicit proposed API","retain","Topic overlap is evidence for review, not permission to delete."
"signal_noise","ocean_cube","handbook","handbook/functions/signal_noise.qmd","handbook QMD/Rmd for extended user guidance","function:ocean_cube",TRUE,"explicit proposed API","retain","Topic overlap is evidence for review, not permission to delete."
"signal_noise","signal_noise","handbook","handbook/functions/signal_noise.qmd","handbook QMD/Rmd for extended user guidance","function:signal_noise",TRUE,"explicit proposed API","retain","Topic overlap is evidence for review, not permission to delete."
"stock_mask","crop_stock","handbook","handbook/functions/stock_mask.qmd","handbook QMD/Rmd for extended user guidance","function:crop_stock",TRUE,"current 0.1.0 documentation","retain","Topic overlap is evidence for review, not permission to delete."
"stock_mask","stock_mask","handbook","handbook/functions/stock_mask.qmd","handbook QMD/Rmd for extended user guidance","function:stock_mask",TRUE,"current 0.1.0 documentation","retain","Topic overlap is evidence for review, not permission to delete."
"to_month","clim_month","handbook","handbook/functions/to_month.qmd","handbook QMD/Rmd for extended user guidance","function:clim_month",TRUE,"explicit proposed API","retain","Topic overlap is evidence for review, not permission to delete."
"to_month","ocean_cube","handbook","handbook/functions/to_month.qmd","handbook QMD/Rmd for extended user guidance","function:ocean_cube",TRUE,"explicit proposed API","retain","Topic overlap is evidence for review, not permission to delete."
"to_month","to_month","handbook","handbook/functions/to_month.qmd","handbook QMD/Rmd for extended user guidance","function:to_month",TRUE,"explicit proposed API","retain","Topic overlap is evidence for review, not permission to delete."
"index","cube_polygon_weights","handbook","handbook/index.qmd","handbook QMD/Rmd for extended user guidance","function:cube_polygon_weights",TRUE,"explicit proposed API","retain","Topic overlap is evidence for review, not permission to delete."
"index","cube_transect","handbook","handbook/index.qmd","handbook QMD/Rmd for extended user guidance","function:cube_transect",TRUE,"explicit proposed API","retain","Topic overlap is evidence for review, not permission to delete."
"oceancube-handbook","annual_index","handbook","handbook/oceancube-handbook.md","handbook QMD/Rmd for extended user guidance","function:annual_index",TRUE,"current 0.1.0 documentation","retain","Topic overlap is evidence for review, not permission to delete."
"oceancube-handbook","anom_diff","handbook","handbook/oceancube-handbook.md","handbook QMD/Rmd for extended user guidance","function:anom_diff",TRUE,"explicit proposed API","retain","Topic overlap is evidence for review, not permission to delete."
"oceancube-handbook","anom_z","handbook","handbook/oceancube-handbook.md","handbook QMD/Rmd for extended user guidance","function:anom_z",TRUE,"explicit proposed API","retain","Topic overlap is evidence for review, not permission to delete."
"oceancube-handbook","clim_day","handbook","handbook/oceancube-handbook.md","handbook QMD/Rmd for extended user guidance","function:clim_day",TRUE,"explicit proposed API","retain","Topic overlap is evidence for review, not permission to delete."
"oceancube-handbook","clim_month","handbook","handbook/oceancube-handbook.md","handbook QMD/Rmd for extended user guidance","function:clim_month",TRUE,"explicit proposed API","retain","Topic overlap is evidence for review, not permission to delete."
"oceancube-handbook","cm_connect","handbook","handbook/oceancube-handbook.md","handbook QMD/Rmd for extended user guidance","function:cm_connect",TRUE,"explicit proposed API","retain","Topic overlap is evidence for review, not permission to delete."
"oceancube-handbook","cm_setup","handbook","handbook/oceancube-handbook.md","handbook QMD/Rmd for extended user guidance","function:cm_setup",TRUE,"explicit proposed API","retain","Topic overlap is evidence for review, not permission to delete."
"oceancube-handbook","coast_dist","handbook","handbook/oceancube-handbook.md","handbook QMD/Rmd for extended user guidance","function:coast_dist",TRUE,"current 0.1.0 documentation","retain","Topic overlap is evidence for review, not permission to delete."
"oceancube-handbook","crop_stock","handbook","handbook/oceancube-handbook.md","handbook QMD/Rmd for extended user guidance","function:crop_stock",TRUE,"current 0.1.0 documentation","retain","Topic overlap is evidence for review, not permission to delete."
"oceancube-handbook","cube_cell_area","handbook","handbook/oceancube-handbook.md","handbook QMD/Rmd for extended user guidance","function:cube_cell_area",TRUE,"explicit proposed API","retain","Topic overlap is evidence for review, not permission to delete."
"oceancube-handbook","cube_cell_volume","handbook","handbook/oceancube-handbook.md","handbook QMD/Rmd for extended user guidance","function:cube_cell_volume",TRUE,"explicit proposed API","retain","Topic overlap is evidence for review, not permission to delete."
"oceancube-handbook","cube_collect","handbook","handbook/oceancube-handbook.md","handbook QMD/Rmd for extended user guidance","function:cube_collect",TRUE,"explicit proposed API","retain","Topic overlap is evidence for review, not permission to delete."
"oceancube-handbook","cube_crop","handbook","handbook/oceancube-handbook.md","handbook QMD/Rmd for extended user guidance","function:cube_crop",TRUE,"explicit proposed API","retain","Topic overlap is evidence for review, not permission to delete."
"oceancube-handbook","cube_extract","handbook","handbook/oceancube-handbook.md","handbook QMD/Rmd for extended user guidance","function:cube_extract",TRUE,"explicit proposed API","retain","Topic overlap is evidence for review, not permission to delete."
"oceancube-handbook","cube_layer_thickness","handbook","handbook/oceancube-handbook.md","handbook QMD/Rmd for extended user guidance","function:cube_layer_thickness",TRUE,"explicit proposed API","retain","Topic overlap is evidence for review, not permission to delete."
"oceancube-handbook","cube_mask","handbook","handbook/oceancube-handbook.md","handbook QMD/Rmd for extended user guidance","function:cube_mask",TRUE,"explicit proposed API","retain","Topic overlap is evidence for review, not permission to delete."
"oceancube-handbook","cube_polygon_weights","handbook","handbook/oceancube-handbook.md","handbook QMD/Rmd for extended user guidance","function:cube_polygon_weights",TRUE,"explicit proposed API","retain","Topic overlap is evidence for review, not permission to delete."
"oceancube-handbook","cube_slice","handbook","handbook/oceancube-handbook.md","handbook QMD/Rmd for extended user guidance","function:cube_slice",TRUE,"explicit proposed API","retain","Topic overlap is evidence for review, not permission to delete."
"oceancube-handbook","cube_transect","handbook","handbook/oceancube-handbook.md","handbook QMD/Rmd for extended user guidance","function:cube_transect",TRUE,"explicit proposed API","retain","Topic overlap is evidence for review, not permission to delete."
"oceancube-handbook","download_nc","handbook","handbook/oceancube-handbook.md","handbook QMD/Rmd for extended user guidance","function:download_nc",TRUE,"current 0.1.0 documentation","retain","Topic overlap is evidence for review, not permission to delete."
"oceancube-handbook","layer_mean","handbook","handbook/oceancube-handbook.md","handbook QMD/Rmd for extended user guidance","function:layer_mean",TRUE,"current 0.1.0 documentation","retain","Topic overlap is evidence for review, not permission to delete."
"oceancube-handbook","link_events","handbook","handbook/oceancube-handbook.md","handbook QMD/Rmd for extended user guidance","function:link_events",TRUE,"current 0.1.0 documentation","retain","Topic overlap is evidence for review, not permission to delete."
"oceancube-handbook","ocean_cube","handbook","handbook/oceancube-handbook.md","handbook QMD/Rmd for extended user guidance","function:ocean_cube",TRUE,"explicit proposed API","retain","Topic overlap is evidence for review, not permission to delete."
"oceancube-handbook","read_nc","handbook","handbook/oceancube-handbook.md","handbook QMD/Rmd for extended user guidance","function:read_nc",TRUE,"explicit proposed API","retain","Topic overlap is evidence for review, not permission to delete."
"oceancube-handbook","signal_noise","handbook","handbook/oceancube-handbook.md","handbook QMD/Rmd for extended user guidance","function:signal_noise",TRUE,"explicit proposed API","retain","Topic overlap is evidence for review, not permission to delete."
"oceancube-handbook","stock_mask","handbook","handbook/oceancube-handbook.md","handbook QMD/Rmd for extended user guidance","function:stock_mask",TRUE,"current 0.1.0 documentation","retain","Topic overlap is evidence for review, not permission to delete."
"oceancube-handbook","to_month","handbook","handbook/oceancube-handbook.md","handbook QMD/Rmd for extended user guidance","function:to_month",TRUE,"explicit proposed API","retain","Topic overlap is evidence for review, not permission to delete."
"oceancube-handbook","annual_index","handbook","handbook/oceancube-handbook.Rmd","handbook QMD/Rmd for extended user guidance","function:annual_index",TRUE,"current 0.1.0 documentation","retain","Topic overlap is evidence for review, not permission to delete."
"oceancube-handbook","anom_diff","handbook","handbook/oceancube-handbook.Rmd","handbook QMD/Rmd for extended user guidance","function:anom_diff",TRUE,"explicit proposed API","retain","Topic overlap is evidence for review, not permission to delete."
"oceancube-handbook","anom_z","handbook","handbook/oceancube-handbook.Rmd","handbook QMD/Rmd for extended user guidance","function:anom_z",TRUE,"explicit proposed API","retain","Topic overlap is evidence for review, not permission to delete."
"oceancube-handbook","clim_day","handbook","handbook/oceancube-handbook.Rmd","handbook QMD/Rmd for extended user guidance","function:clim_day",TRUE,"explicit proposed API","retain","Topic overlap is evidence for review, not permission to delete."
"oceancube-handbook","clim_month","handbook","handbook/oceancube-handbook.Rmd","handbook QMD/Rmd for extended user guidance","function:clim_month",TRUE,"explicit proposed API","retain","Topic overlap is evidence for review, not permission to delete."
"oceancube-handbook","cm_connect","handbook","handbook/oceancube-handbook.Rmd","handbook QMD/Rmd for extended user guidance","function:cm_connect",TRUE,"explicit proposed API","retain","Topic overlap is evidence for review, not permission to delete."
"oceancube-handbook","cm_setup","handbook","handbook/oceancube-handbook.Rmd","handbook QMD/Rmd for extended user guidance","function:cm_setup",TRUE,"explicit proposed API","retain","Topic overlap is evidence for review, not permission to delete."
"oceancube-handbook","coast_dist","handbook","handbook/oceancube-handbook.Rmd","handbook QMD/Rmd for extended user guidance","function:coast_dist",TRUE,"current 0.1.0 documentation","retain","Topic overlap is evidence for review, not permission to delete."
"oceancube-handbook","crop_stock","handbook","handbook/oceancube-handbook.Rmd","handbook QMD/Rmd for extended user guidance","function:crop_stock",TRUE,"current 0.1.0 documentation","retain","Topic overlap is evidence for review, not permission to delete."
"oceancube-handbook","cube_cell_area","handbook","handbook/oceancube-handbook.Rmd","handbook QMD/Rmd for extended user guidance","function:cube_cell_area",TRUE,"explicit proposed API","retain","Topic overlap is evidence for review, not permission to delete."
"oceancube-handbook","cube_cell_volume","handbook","handbook/oceancube-handbook.Rmd","handbook QMD/Rmd for extended user guidance","function:cube_cell_volume",TRUE,"explicit proposed API","retain","Topic overlap is evidence for review, not permission to delete."
"oceancube-handbook","cube_collect","handbook","handbook/oceancube-handbook.Rmd","handbook QMD/Rmd for extended user guidance","function:cube_collect",TRUE,"explicit proposed API","retain","Topic overlap is evidence for review, not permission to delete."
"oceancube-handbook","cube_crop","handbook","handbook/oceancube-handbook.Rmd","handbook QMD/Rmd for extended user guidance","function:cube_crop",TRUE,"explicit proposed API","retain","Topic overlap is evidence for review, not permission to delete."
"oceancube-handbook","cube_extract","handbook","handbook/oceancube-handbook.Rmd","handbook QMD/Rmd for extended user guidance","function:cube_extract",TRUE,"explicit proposed API","retain","Topic overlap is evidence for review, not permission to delete."
"oceancube-handbook","cube_layer_thickness","handbook","handbook/oceancube-handbook.Rmd","handbook QMD/Rmd for extended user guidance","function:cube_layer_thickness",TRUE,"explicit proposed API","retain","Topic overlap is evidence for review, not permission to delete."
"oceancube-handbook","cube_mask","handbook","handbook/oceancube-handbook.Rmd","handbook QMD/Rmd for extended user guidance","function:cube_mask",TRUE,"explicit proposed API","retain","Topic overlap is evidence for review, not permission to delete."
"oceancube-handbook","cube_polygon_weights","handbook","handbook/oceancube-handbook.Rmd","handbook QMD/Rmd for extended user guidance","function:cube_polygon_weights",TRUE,"explicit proposed API","retain","Topic overlap is evidence for review, not permission to delete."
"oceancube-handbook","cube_slice","handbook","handbook/oceancube-handbook.Rmd","handbook QMD/Rmd for extended user guidance","function:cube_slice",TRUE,"explicit proposed API","retain","Topic overlap is evidence for review, not permission to delete."
"oceancube-handbook","cube_transect","handbook","handbook/oceancube-handbook.Rmd","handbook QMD/Rmd for extended user guidance","function:cube_transect",TRUE,"explicit proposed API","retain","Topic overlap is evidence for review, not permission to delete."
"oceancube-handbook","download_nc","handbook","handbook/oceancube-handbook.Rmd","handbook QMD/Rmd for extended user guidance","function:download_nc",TRUE,"current 0.1.0 documentation","retain","Topic overlap is evidence for review, not permission to delete."
"oceancube-handbook","layer_mean","handbook","handbook/oceancube-handbook.Rmd","handbook QMD/Rmd for extended user guidance","function:layer_mean",TRUE,"current 0.1.0 documentation","retain","Topic overlap is evidence for review, not permission to delete."
"oceancube-handbook","link_events","handbook","handbook/oceancube-handbook.Rmd","handbook QMD/Rmd for extended user guidance","function:link_events",TRUE,"current 0.1.0 documentation","retain","Topic overlap is evidence for review, not permission to delete."
"oceancube-handbook","ocean_cube","handbook","handbook/oceancube-handbook.Rmd","handbook QMD/Rmd for extended user guidance","function:ocean_cube",TRUE,"explicit proposed API","retain","Topic overlap is evidence for review, not permission to delete."
"oceancube-handbook","read_nc","handbook","handbook/oceancube-handbook.Rmd","handbook QMD/Rmd for extended user guidance","function:read_nc",TRUE,"explicit proposed API","retain","Topic overlap is evidence for review, not permission to delete."
"oceancube-handbook","signal_noise","handbook","handbook/oceancube-handbook.Rmd","handbook QMD/Rmd for extended user guidance","function:signal_noise",TRUE,"explicit proposed API","retain","Topic overlap is evidence for review, not permission to delete."
"oceancube-handbook","stock_mask","handbook","handbook/oceancube-handbook.Rmd","handbook QMD/Rmd for extended user guidance","function:stock_mask",TRUE,"current 0.1.0 documentation","retain","Topic overlap is evidence for review, not permission to delete."
"oceancube-handbook","to_month","handbook","handbook/oceancube-handbook.Rmd","handbook QMD/Rmd for extended user guidance","function:to_month",TRUE,"explicit proposed API","retain","Topic overlap is evidence for review, not permission to delete."
"00-run-all","","handbook","handbook/scripts/00-run-all.R","handbook QMD/Rmd for extended user guidance","topic:00-run-all",TRUE,"current 0.1.0 documentation","retain","Topic overlap is evidence for review, not permission to delete."
"01-create-memory-cube","","handbook","handbook/scripts/01-create-memory-cube.R","handbook QMD/Rmd for extended user guidance","topic:01-create-memory-cube",TRUE,"current 0.1.0 documentation","retain","Topic overlap is evidence for review, not permission to delete."
"02-read-netcdf","","handbook","handbook/scripts/02-read-netcdf.R","handbook QMD/Rmd for extended user guidance","topic:02-read-netcdf",TRUE,"current 0.1.0 documentation","retain","Topic overlap is evidence for review, not permission to delete."
"03-slice-crop","","handbook","handbook/scripts/03-slice-crop.R","handbook QMD/Rmd for extended user guidance","topic:03-slice-crop",TRUE,"current 0.1.0 documentation","retain","Topic overlap is evidence for review, not permission to delete."
"04-extract-series-profile","","handbook","handbook/scripts/04-extract-series-profile.R","handbook QMD/Rmd for extended user guidance","topic:04-extract-series-profile",TRUE,"current 0.1.0 documentation","retain","Topic overlap is evidence for review, not permission to delete."
"05-transect-events","","handbook","handbook/scripts/05-transect-events.R","handbook QMD/Rmd for extended user guidance","topic:05-transect-events",TRUE,"current 0.1.0 documentation","retain","Topic overlap is evidence for review, not permission to delete."
"06-mask","","handbook","handbook/scripts/06-mask.R","handbook QMD/Rmd for extended user guidance","topic:06-mask",TRUE,"current 0.1.0 documentation","retain","Topic overlap is evidence for review, not permission to delete."
"07-climatology-anomalies","","handbook","handbook/scripts/07-climatology-anomalies.R","handbook QMD/Rmd for extended user guidance","topic:07-climatology-anomalies",TRUE,"current 0.1.0 documentation","retain","Topic overlap is evidence for review, not permission to delete."
"08-grid-geometry","","handbook","handbook/scripts/08-grid-geometry.R","handbook QMD/Rmd for extended user guidance","topic:08-grid-geometry",TRUE,"current 0.1.0 documentation","retain","Topic overlap is evidence for review, not permission to delete."
"09-polygon-weights","","handbook","handbook/scripts/09-polygon-weights.R","handbook QMD/Rmd for extended user guidance","topic:09-polygon-weights",TRUE,"current 0.1.0 documentation","retain","Topic overlap is evidence for review, not permission to delete."
"10-oceancube-to-spatind","","handbook","handbook/scripts/10-oceancube-to-spatind.R","handbook QMD/Rmd for extended user guidance","topic:10-oceancube-to-spatind",TRUE,"current 0.1.0 documentation","retain","Topic overlap is evidence for review, not permission to delete."
"styles","","handbook","handbook/styles.css","handbook QMD/Rmd for extended user guidance","topic:styles",TRUE,"current 0.1.0 documentation","retain","Topic overlap is evidence for review, not permission to delete."
"backend-support","annual_index","handbook","handbook/tables/backend-support.csv","handbook QMD/Rmd for extended user guidance","function:annual_index",TRUE,"current 0.1.0 documentation","retain","Topic overlap is evidence for review, not permission to delete."
"backend-support","anom_diff","handbook","handbook/tables/backend-support.csv","handbook QMD/Rmd for extended user guidance","function:anom_diff",TRUE,"explicit proposed API","retain","Topic overlap is evidence for review, not permission to delete."
"backend-support","anom_z","handbook","handbook/tables/backend-support.csv","handbook QMD/Rmd for extended user guidance","function:anom_z",TRUE,"explicit proposed API","retain","Topic overlap is evidence for review, not permission to delete."
"backend-support","clim_day","handbook","handbook/tables/backend-support.csv","handbook QMD/Rmd for extended user guidance","function:clim_day",TRUE,"explicit proposed API","retain","Topic overlap is evidence for review, not permission to delete."
"backend-support","clim_month","handbook","handbook/tables/backend-support.csv","handbook QMD/Rmd for extended user guidance","function:clim_month",TRUE,"explicit proposed API","retain","Topic overlap is evidence for review, not permission to delete."
"backend-support","cm_connect","handbook","handbook/tables/backend-support.csv","handbook QMD/Rmd for extended user guidance","function:cm_connect",TRUE,"explicit proposed API","retain","Topic overlap is evidence for review, not permission to delete."
"backend-support","cm_setup","handbook","handbook/tables/backend-support.csv","handbook QMD/Rmd for extended user guidance","function:cm_setup",TRUE,"explicit proposed API","retain","Topic overlap is evidence for review, not permission to delete."
"backend-support","coast_dist","handbook","handbook/tables/backend-support.csv","handbook QMD/Rmd for extended user guidance","function:coast_dist",TRUE,"current 0.1.0 documentation","retain","Topic overlap is evidence for review, not permission to delete."
"backend-support","crop_stock","handbook","handbook/tables/backend-support.csv","handbook QMD/Rmd for extended user guidance","function:crop_stock",TRUE,"current 0.1.0 documentation","retain","Topic overlap is evidence for review, not permission to delete."
"backend-support","cube_cell_area","handbook","handbook/tables/backend-support.csv","handbook QMD/Rmd for extended user guidance","function:cube_cell_area",TRUE,"explicit proposed API","retain","Topic overlap is evidence for review, not permission to delete."
"backend-support","cube_cell_volume","handbook","handbook/tables/backend-support.csv","handbook QMD/Rmd for extended user guidance","function:cube_cell_volume",TRUE,"explicit proposed API","retain","Topic overlap is evidence for review, not permission to delete."
"backend-support","cube_collect","handbook","handbook/tables/backend-support.csv","handbook QMD/Rmd for extended user guidance","function:cube_collect",TRUE,"explicit proposed API","retain","Topic overlap is evidence for review, not permission to delete."
"backend-support","cube_crop","handbook","handbook/tables/backend-support.csv","handbook QMD/Rmd for extended user guidance","function:cube_crop",TRUE,"explicit proposed API","retain","Topic overlap is evidence for review, not permission to delete."
"backend-support","cube_extract","handbook","handbook/tables/backend-support.csv","handbook QMD/Rmd for extended user guidance","function:cube_extract",TRUE,"explicit proposed API","retain","Topic overlap is evidence for review, not permission to delete."
"backend-support","cube_layer_thickness","handbook","handbook/tables/backend-support.csv","handbook QMD/Rmd for extended user guidance","function:cube_layer_thickness",TRUE,"explicit proposed API","retain","Topic overlap is evidence for review, not permission to delete."
"backend-support","cube_mask","handbook","handbook/tables/backend-support.csv","handbook QMD/Rmd for extended user guidance","function:cube_mask",TRUE,"explicit proposed API","retain","Topic overlap is evidence for review, not permission to delete."
"backend-support","cube_polygon_weights","handbook","handbook/tables/backend-support.csv","handbook QMD/Rmd for extended user guidance","function:cube_polygon_weights",TRUE,"explicit proposed API","retain","Topic overlap is evidence for review, not permission to delete."
"backend-support","cube_slice","handbook","handbook/tables/backend-support.csv","handbook QMD/Rmd for extended user guidance","function:cube_slice",TRUE,"explicit proposed API","retain","Topic overlap is evidence for review, not permission to delete."
"backend-support","cube_transect","handbook","handbook/tables/backend-support.csv","handbook QMD/Rmd for extended user guidance","function:cube_transect",TRUE,"explicit proposed API","retain","Topic overlap is evidence for review, not permission to delete."
"backend-support","download_nc","handbook","handbook/tables/backend-support.csv","handbook QMD/Rmd for extended user guidance","function:download_nc",TRUE,"current 0.1.0 documentation","retain","Topic overlap is evidence for review, not permission to delete."
"backend-support","layer_mean","handbook","handbook/tables/backend-support.csv","handbook QMD/Rmd for extended user guidance","function:layer_mean",TRUE,"current 0.1.0 documentation","retain","Topic overlap is evidence for review, not permission to delete."
"backend-support","link_events","handbook","handbook/tables/backend-support.csv","handbook QMD/Rmd for extended user guidance","function:link_events",TRUE,"current 0.1.0 documentation","retain","Topic overlap is evidence for review, not permission to delete."
"backend-support","ocean_cube","handbook","handbook/tables/backend-support.csv","handbook QMD/Rmd for extended user guidance","function:ocean_cube",TRUE,"explicit proposed API","retain","Topic overlap is evidence for review, not permission to delete."
"backend-support","read_nc","handbook","handbook/tables/backend-support.csv","handbook QMD/Rmd for extended user guidance","function:read_nc",TRUE,"explicit proposed API","retain","Topic overlap is evidence for review, not permission to delete."
"backend-support","signal_noise","handbook","handbook/tables/backend-support.csv","handbook QMD/Rmd for extended user guidance","function:signal_noise",TRUE,"explicit proposed API","retain","Topic overlap is evidence for review, not permission to delete."
"backend-support","stock_mask","handbook","handbook/tables/backend-support.csv","handbook QMD/Rmd for extended user guidance","function:stock_mask",TRUE,"current 0.1.0 documentation","retain","Topic overlap is evidence for review, not permission to delete."
"backend-support","to_month","handbook","handbook/tables/backend-support.csv","handbook QMD/Rmd for extended user guidance","function:to_month",TRUE,"explicit proposed API","retain","Topic overlap is evidence for review, not permission to delete."
"dimension-effects","annual_index","handbook","handbook/tables/dimension-effects.csv","handbook QMD/Rmd for extended user guidance","function:annual_index",TRUE,"current 0.1.0 documentation","retain","Topic overlap is evidence for review, not permission to delete."
"dimension-effects","anom_diff","handbook","handbook/tables/dimension-effects.csv","handbook QMD/Rmd for extended user guidance","function:anom_diff",TRUE,"explicit proposed API","retain","Topic overlap is evidence for review, not permission to delete."
"dimension-effects","anom_z","handbook","handbook/tables/dimension-effects.csv","handbook QMD/Rmd for extended user guidance","function:anom_z",TRUE,"explicit proposed API","retain","Topic overlap is evidence for review, not permission to delete."
"dimension-effects","clim_day","handbook","handbook/tables/dimension-effects.csv","handbook QMD/Rmd for extended user guidance","function:clim_day",TRUE,"explicit proposed API","retain","Topic overlap is evidence for review, not permission to delete."
"dimension-effects","clim_month","handbook","handbook/tables/dimension-effects.csv","handbook QMD/Rmd for extended user guidance","function:clim_month",TRUE,"explicit proposed API","retain","Topic overlap is evidence for review, not permission to delete."
"dimension-effects","cm_connect","handbook","handbook/tables/dimension-effects.csv","handbook QMD/Rmd for extended user guidance","function:cm_connect",TRUE,"explicit proposed API","retain","Topic overlap is evidence for review, not permission to delete."
"dimension-effects","cm_setup","handbook","handbook/tables/dimension-effects.csv","handbook QMD/Rmd for extended user guidance","function:cm_setup",TRUE,"explicit proposed API","retain","Topic overlap is evidence for review, not permission to delete."
"dimension-effects","coast_dist","handbook","handbook/tables/dimension-effects.csv","handbook QMD/Rmd for extended user guidance","function:coast_dist",TRUE,"current 0.1.0 documentation","retain","Topic overlap is evidence for review, not permission to delete."
"dimension-effects","crop_stock","handbook","handbook/tables/dimension-effects.csv","handbook QMD/Rmd for extended user guidance","function:crop_stock",TRUE,"current 0.1.0 documentation","retain","Topic overlap is evidence for review, not permission to delete."
"dimension-effects","cube_cell_area","handbook","handbook/tables/dimension-effects.csv","handbook QMD/Rmd for extended user guidance","function:cube_cell_area",TRUE,"explicit proposed API","retain","Topic overlap is evidence for review, not permission to delete."
"dimension-effects","cube_cell_volume","handbook","handbook/tables/dimension-effects.csv","handbook QMD/Rmd for extended user guidance","function:cube_cell_volume",TRUE,"explicit proposed API","retain","Topic overlap is evidence for review, not permission to delete."
"dimension-effects","cube_collect","handbook","handbook/tables/dimension-effects.csv","handbook QMD/Rmd for extended user guidance","function:cube_collect",TRUE,"explicit proposed API","retain","Topic overlap is evidence for review, not permission to delete."
"dimension-effects","cube_crop","handbook","handbook/tables/dimension-effects.csv","handbook QMD/Rmd for extended user guidance","function:cube_crop",TRUE,"explicit proposed API","retain","Topic overlap is evidence for review, not permission to delete."
"dimension-effects","cube_extract","handbook","handbook/tables/dimension-effects.csv","handbook QMD/Rmd for extended user guidance","function:cube_extract",TRUE,"explicit proposed API","retain","Topic overlap is evidence for review, not permission to delete."
"dimension-effects","cube_layer_thickness","handbook","handbook/tables/dimension-effects.csv","handbook QMD/Rmd for extended user guidance","function:cube_layer_thickness",TRUE,"explicit proposed API","retain","Topic overlap is evidence for review, not permission to delete."
"dimension-effects","cube_mask","handbook","handbook/tables/dimension-effects.csv","handbook QMD/Rmd for extended user guidance","function:cube_mask",TRUE,"explicit proposed API","retain","Topic overlap is evidence for review, not permission to delete."
"dimension-effects","cube_polygon_weights","handbook","handbook/tables/dimension-effects.csv","handbook QMD/Rmd for extended user guidance","function:cube_polygon_weights",TRUE,"explicit proposed API","retain","Topic overlap is evidence for review, not permission to delete."
"dimension-effects","cube_slice","handbook","handbook/tables/dimension-effects.csv","handbook QMD/Rmd for extended user guidance","function:cube_slice",TRUE,"explicit proposed API","retain","Topic overlap is evidence for review, not permission to delete."
"dimension-effects","cube_transect","handbook","handbook/tables/dimension-effects.csv","handbook QMD/Rmd for extended user guidance","function:cube_transect",TRUE,"explicit proposed API","retain","Topic overlap is evidence for review, not permission to delete."
"dimension-effects","download_nc","handbook","handbook/tables/dimension-effects.csv","handbook QMD/Rmd for extended user guidance","function:download_nc",TRUE,"current 0.1.0 documentation","retain","Topic overlap is evidence for review, not permission to delete."
"dimension-effects","layer_mean","handbook","handbook/tables/dimension-effects.csv","handbook QMD/Rmd for extended user guidance","function:layer_mean",TRUE,"current 0.1.0 documentation","retain","Topic overlap is evidence for review, not permission to delete."
"dimension-effects","link_events","handbook","handbook/tables/dimension-effects.csv","handbook QMD/Rmd for extended user guidance","function:link_events",TRUE,"current 0.1.0 documentation","retain","Topic overlap is evidence for review, not permission to delete."
"dimension-effects","ocean_cube","handbook","handbook/tables/dimension-effects.csv","handbook QMD/Rmd for extended user guidance","function:ocean_cube",TRUE,"explicit proposed API","retain","Topic overlap is evidence for review, not permission to delete."
"dimension-effects","read_nc","handbook","handbook/tables/dimension-effects.csv","handbook QMD/Rmd for extended user guidance","function:read_nc",TRUE,"explicit proposed API","retain","Topic overlap is evidence for review, not permission to delete."
"dimension-effects","signal_noise","handbook","handbook/tables/dimension-effects.csv","handbook QMD/Rmd for extended user guidance","function:signal_noise",TRUE,"explicit proposed API","retain","Topic overlap is evidence for review, not permission to delete."
"dimension-effects","stock_mask","handbook","handbook/tables/dimension-effects.csv","handbook QMD/Rmd for extended user guidance","function:stock_mask",TRUE,"current 0.1.0 documentation","retain","Topic overlap is evidence for review, not permission to delete."
"dimension-effects","to_month","handbook","handbook/tables/dimension-effects.csv","handbook QMD/Rmd for extended user guidance","function:to_month",TRUE,"explicit proposed API","retain","Topic overlap is evidence for review, not permission to delete."
"function-connections","annual_index","handbook","handbook/tables/function-connections.csv","handbook QMD/Rmd for extended user guidance","function:annual_index",TRUE,"current 0.1.0 documentation","retain","Topic overlap is evidence for review, not permission to delete."
"function-connections","anom_diff","handbook","handbook/tables/function-connections.csv","handbook QMD/Rmd for extended user guidance","function:anom_diff",TRUE,"explicit proposed API","retain","Topic overlap is evidence for review, not permission to delete."
"function-connections","anom_z","handbook","handbook/tables/function-connections.csv","handbook QMD/Rmd for extended user guidance","function:anom_z",TRUE,"explicit proposed API","retain","Topic overlap is evidence for review, not permission to delete."
"function-connections","clim_day","handbook","handbook/tables/function-connections.csv","handbook QMD/Rmd for extended user guidance","function:clim_day",TRUE,"explicit proposed API","retain","Topic overlap is evidence for review, not permission to delete."
"function-connections","clim_month","handbook","handbook/tables/function-connections.csv","handbook QMD/Rmd for extended user guidance","function:clim_month",TRUE,"explicit proposed API","retain","Topic overlap is evidence for review, not permission to delete."
"function-connections","cm_connect","handbook","handbook/tables/function-connections.csv","handbook QMD/Rmd for extended user guidance","function:cm_connect",TRUE,"explicit proposed API","retain","Topic overlap is evidence for review, not permission to delete."
"function-connections","cm_setup","handbook","handbook/tables/function-connections.csv","handbook QMD/Rmd for extended user guidance","function:cm_setup",TRUE,"explicit proposed API","retain","Topic overlap is evidence for review, not permission to delete."
"function-connections","coast_dist","handbook","handbook/tables/function-connections.csv","handbook QMD/Rmd for extended user guidance","function:coast_dist",TRUE,"current 0.1.0 documentation","retain","Topic overlap is evidence for review, not permission to delete."
"function-connections","crop_stock","handbook","handbook/tables/function-connections.csv","handbook QMD/Rmd for extended user guidance","function:crop_stock",TRUE,"current 0.1.0 documentation","retain","Topic overlap is evidence for review, not permission to delete."
"function-connections","cube_cell_area","handbook","handbook/tables/function-connections.csv","handbook QMD/Rmd for extended user guidance","function:cube_cell_area",TRUE,"explicit proposed API","retain","Topic overlap is evidence for review, not permission to delete."
"function-connections","cube_cell_volume","handbook","handbook/tables/function-connections.csv","handbook QMD/Rmd for extended user guidance","function:cube_cell_volume",TRUE,"explicit proposed API","retain","Topic overlap is evidence for review, not permission to delete."
"function-connections","cube_collect","handbook","handbook/tables/function-connections.csv","handbook QMD/Rmd for extended user guidance","function:cube_collect",TRUE,"explicit proposed API","retain","Topic overlap is evidence for review, not permission to delete."
"function-connections","cube_crop","handbook","handbook/tables/function-connections.csv","handbook QMD/Rmd for extended user guidance","function:cube_crop",TRUE,"explicit proposed API","retain","Topic overlap is evidence for review, not permission to delete."
"function-connections","cube_extract","handbook","handbook/tables/function-connections.csv","handbook QMD/Rmd for extended user guidance","function:cube_extract",TRUE,"explicit proposed API","retain","Topic overlap is evidence for review, not permission to delete."
"function-connections","cube_layer_thickness","handbook","handbook/tables/function-connections.csv","handbook QMD/Rmd for extended user guidance","function:cube_layer_thickness",TRUE,"explicit proposed API","retain","Topic overlap is evidence for review, not permission to delete."
"function-connections","cube_mask","handbook","handbook/tables/function-connections.csv","handbook QMD/Rmd for extended user guidance","function:cube_mask",TRUE,"explicit proposed API","retain","Topic overlap is evidence for review, not permission to delete."
"function-connections","cube_polygon_weights","handbook","handbook/tables/function-connections.csv","handbook QMD/Rmd for extended user guidance","function:cube_polygon_weights",TRUE,"explicit proposed API","retain","Topic overlap is evidence for review, not permission to delete."
"function-connections","cube_slice","handbook","handbook/tables/function-connections.csv","handbook QMD/Rmd for extended user guidance","function:cube_slice",TRUE,"explicit proposed API","retain","Topic overlap is evidence for review, not permission to delete."
"function-connections","cube_transect","handbook","handbook/tables/function-connections.csv","handbook QMD/Rmd for extended user guidance","function:cube_transect",TRUE,"explicit proposed API","retain","Topic overlap is evidence for review, not permission to delete."
"function-connections","download_nc","handbook","handbook/tables/function-connections.csv","handbook QMD/Rmd for extended user guidance","function:download_nc",TRUE,"current 0.1.0 documentation","retain","Topic overlap is evidence for review, not permission to delete."
"function-connections","layer_mean","handbook","handbook/tables/function-connections.csv","handbook QMD/Rmd for extended user guidance","function:layer_mean",TRUE,"current 0.1.0 documentation","retain","Topic overlap is evidence for review, not permission to delete."
"function-connections","link_events","handbook","handbook/tables/function-connections.csv","handbook QMD/Rmd for extended user guidance","function:link_events",TRUE,"current 0.1.0 documentation","retain","Topic overlap is evidence for review, not permission to delete."
"function-connections","ocean_cube","handbook","handbook/tables/function-connections.csv","handbook QMD/Rmd for extended user guidance","function:ocean_cube",TRUE,"explicit proposed API","retain","Topic overlap is evidence for review, not permission to delete."
"function-connections","read_nc","handbook","handbook/tables/function-connections.csv","handbook QMD/Rmd for extended user guidance","function:read_nc",TRUE,"explicit proposed API","retain","Topic overlap is evidence for review, not permission to delete."
"function-connections","signal_noise","handbook","handbook/tables/function-connections.csv","handbook QMD/Rmd for extended user guidance","function:signal_noise",TRUE,"explicit proposed API","retain","Topic overlap is evidence for review, not permission to delete."
"function-connections","stock_mask","handbook","handbook/tables/function-connections.csv","handbook QMD/Rmd for extended user guidance","function:stock_mask",TRUE,"current 0.1.0 documentation","retain","Topic overlap is evidence for review, not permission to delete."
"function-connections","to_month","handbook","handbook/tables/function-connections.csv","handbook QMD/Rmd for extended user guidance","function:to_month",TRUE,"explicit proposed API","retain","Topic overlap is evidence for review, not permission to delete."
"public-api","annual_index","handbook","handbook/tables/public-api.csv","handbook QMD/Rmd for extended user guidance","function:annual_index",TRUE,"current 0.1.0 documentation","retain","Topic overlap is evidence for review, not permission to delete."
"public-api","anom_diff","handbook","handbook/tables/public-api.csv","handbook QMD/Rmd for extended user guidance","function:anom_diff",TRUE,"explicit proposed API","retain","Topic overlap is evidence for review, not permission to delete."
"public-api","anom_z","handbook","handbook/tables/public-api.csv","handbook QMD/Rmd for extended user guidance","function:anom_z",TRUE,"explicit proposed API","retain","Topic overlap is evidence for review, not permission to delete."
"public-api","clim_day","handbook","handbook/tables/public-api.csv","handbook QMD/Rmd for extended user guidance","function:clim_day",TRUE,"explicit proposed API","retain","Topic overlap is evidence for review, not permission to delete."
"public-api","clim_month","handbook","handbook/tables/public-api.csv","handbook QMD/Rmd for extended user guidance","function:clim_month",TRUE,"explicit proposed API","retain","Topic overlap is evidence for review, not permission to delete."
"public-api","cm_connect","handbook","handbook/tables/public-api.csv","handbook QMD/Rmd for extended user guidance","function:cm_connect",TRUE,"explicit proposed API","retain","Topic overlap is evidence for review, not permission to delete."
"public-api","cm_setup","handbook","handbook/tables/public-api.csv","handbook QMD/Rmd for extended user guidance","function:cm_setup",TRUE,"explicit proposed API","retain","Topic overlap is evidence for review, not permission to delete."
"public-api","coast_dist","handbook","handbook/tables/public-api.csv","handbook QMD/Rmd for extended user guidance","function:coast_dist",TRUE,"current 0.1.0 documentation","retain","Topic overlap is evidence for review, not permission to delete."
"public-api","crop_stock","handbook","handbook/tables/public-api.csv","handbook QMD/Rmd for extended user guidance","function:crop_stock",TRUE,"current 0.1.0 documentation","retain","Topic overlap is evidence for review, not permission to delete."
"public-api","cube_cell_area","handbook","handbook/tables/public-api.csv","handbook QMD/Rmd for extended user guidance","function:cube_cell_area",TRUE,"explicit proposed API","retain","Topic overlap is evidence for review, not permission to delete."
"public-api","cube_cell_volume","handbook","handbook/tables/public-api.csv","handbook QMD/Rmd for extended user guidance","function:cube_cell_volume",TRUE,"explicit proposed API","retain","Topic overlap is evidence for review, not permission to delete."
"public-api","cube_collect","handbook","handbook/tables/public-api.csv","handbook QMD/Rmd for extended user guidance","function:cube_collect",TRUE,"explicit proposed API","retain","Topic overlap is evidence for review, not permission to delete."
"public-api","cube_crop","handbook","handbook/tables/public-api.csv","handbook QMD/Rmd for extended user guidance","function:cube_crop",TRUE,"explicit proposed API","retain","Topic overlap is evidence for review, not permission to delete."
"public-api","cube_extract","handbook","handbook/tables/public-api.csv","handbook QMD/Rmd for extended user guidance","function:cube_extract",TRUE,"explicit proposed API","retain","Topic overlap is evidence for review, not permission to delete."
"public-api","cube_layer_thickness","handbook","handbook/tables/public-api.csv","handbook QMD/Rmd for extended user guidance","function:cube_layer_thickness",TRUE,"explicit proposed API","retain","Topic overlap is evidence for review, not permission to delete."
"public-api","cube_mask","handbook","handbook/tables/public-api.csv","handbook QMD/Rmd for extended user guidance","function:cube_mask",TRUE,"explicit proposed API","retain","Topic overlap is evidence for review, not permission to delete."
"public-api","cube_polygon_weights","handbook","handbook/tables/public-api.csv","handbook QMD/Rmd for extended user guidance","function:cube_polygon_weights",TRUE,"explicit proposed API","retain","Topic overlap is evidence for review, not permission to delete."
"public-api","cube_slice","handbook","handbook/tables/public-api.csv","handbook QMD/Rmd for extended user guidance","function:cube_slice",TRUE,"explicit proposed API","retain","Topic overlap is evidence for review, not permission to delete."
"public-api","cube_transect","handbook","handbook/tables/public-api.csv","handbook QMD/Rmd for extended user guidance","function:cube_transect",TRUE,"explicit proposed API","retain","Topic overlap is evidence for review, not permission to delete."
"public-api","download_nc","handbook","handbook/tables/public-api.csv","handbook QMD/Rmd for extended user guidance","function:download_nc",TRUE,"current 0.1.0 documentation","retain","Topic overlap is evidence for review, not permission to delete."
"public-api","layer_mean","handbook","handbook/tables/public-api.csv","handbook QMD/Rmd for extended user guidance","function:layer_mean",TRUE,"current 0.1.0 documentation","retain","Topic overlap is evidence for review, not permission to delete."
"public-api","link_events","handbook","handbook/tables/public-api.csv","handbook QMD/Rmd for extended user guidance","function:link_events",TRUE,"current 0.1.0 documentation","retain","Topic overlap is evidence for review, not permission to delete."
"public-api","ocean_cube","handbook","handbook/tables/public-api.csv","handbook QMD/Rmd for extended user guidance","function:ocean_cube",TRUE,"explicit proposed API","retain","Topic overlap is evidence for review, not permission to delete."
"public-api","read_nc","handbook","handbook/tables/public-api.csv","handbook QMD/Rmd for extended user guidance","function:read_nc",TRUE,"explicit proposed API","retain","Topic overlap is evidence for review, not permission to delete."
"public-api","signal_noise","handbook","handbook/tables/public-api.csv","handbook QMD/Rmd for extended user guidance","function:signal_noise",TRUE,"explicit proposed API","retain","Topic overlap is evidence for review, not permission to delete."
"public-api","stock_mask","handbook","handbook/tables/public-api.csv","handbook QMD/Rmd for extended user guidance","function:stock_mask",TRUE,"current 0.1.0 documentation","retain","Topic overlap is evidence for review, not permission to delete."
"public-api","to_month","handbook","handbook/tables/public-api.csv","handbook QMD/Rmd for extended user guidance","function:to_month",TRUE,"explicit proposed API","retain","Topic overlap is evidence for review, not permission to delete."
"backend_memory","ocean_cube","inst-example","inst/examples/backend_memory.R","executable example source","function:ocean_cube",TRUE,"explicit proposed API","retain","Topic overlap is evidence for review, not permission to delete."
"backend_netcdf_descriptor","ocean_cube","inst-example","inst/examples/backend_netcdf_descriptor.R","executable example source","function:ocean_cube",TRUE,"explicit proposed API","retain","Topic overlap is evidence for review, not permission to delete."
"backend_netcdf_read_block","ocean_cube","inst-example","inst/examples/backend_netcdf_read_block.R","executable example source","function:ocean_cube",TRUE,"explicit proposed API","retain","Topic overlap is evidence for review, not permission to delete."
"baseline_ocean_cube","anom_diff","inst-example","inst/examples/baseline_ocean_cube.R","executable example source","function:anom_diff",TRUE,"explicit proposed API","retain","Topic overlap is evidence for review, not permission to delete."
"baseline_ocean_cube","clim_month","inst-example","inst/examples/baseline_ocean_cube.R","executable example source","function:clim_month",TRUE,"explicit proposed API","retain","Topic overlap is evidence for review, not permission to delete."
"baseline_ocean_cube","link_events","inst-example","inst/examples/baseline_ocean_cube.R","executable example source","function:link_events",TRUE,"current 0.1.0 documentation","retain","Topic overlap is evidence for review, not permission to delete."
"baseline_ocean_cube","ocean_cube","inst-example","inst/examples/baseline_ocean_cube.R","executable example source","function:ocean_cube",TRUE,"explicit proposed API","retain","Topic overlap is evidence for review, not permission to delete."
"cube_crop","cube_crop","inst-example","inst/examples/cube_crop.R","executable example source","function:cube_crop",TRUE,"explicit proposed API","retain","Topic overlap is evidence for review, not permission to delete."
"cube_crop","cube_slice","inst-example","inst/examples/cube_crop.R","executable example source","function:cube_slice",TRUE,"explicit proposed API","retain","Topic overlap is evidence for review, not permission to delete."
"cube_crop","ocean_cube","inst-example","inst/examples/cube_crop.R","executable example source","function:ocean_cube",TRUE,"explicit proposed API","retain","Topic overlap is evidence for review, not permission to delete."
"cube_crop","stock_mask","inst-example","inst/examples/cube_crop.R","executable example source","function:stock_mask",TRUE,"current 0.1.0 documentation","retain","Topic overlap is evidence for review, not permission to delete."
"cube_extract","cube_extract","inst-example","inst/examples/cube_extract.R","executable example source","function:cube_extract",TRUE,"explicit proposed API","retain","Topic overlap is evidence for review, not permission to delete."
"cube_extract","cube_slice","inst-example","inst/examples/cube_extract.R","executable example source","function:cube_slice",TRUE,"explicit proposed API","retain","Topic overlap is evidence for review, not permission to delete."
"cube_extract","link_events","inst-example","inst/examples/cube_extract.R","executable example source","function:link_events",TRUE,"current 0.1.0 documentation","retain","Topic overlap is evidence for review, not permission to delete."
"cube_extract","ocean_cube","inst-example","inst/examples/cube_extract.R","executable example source","function:ocean_cube",TRUE,"explicit proposed API","retain","Topic overlap is evidence for review, not permission to delete."
"cube_geometry_weights","cube_cell_area","inst-example","inst/examples/cube_geometry_weights.R","executable example source","function:cube_cell_area",TRUE,"explicit proposed API","retain","Topic overlap is evidence for review, not permission to delete."
"cube_geometry_weights","cube_cell_volume","inst-example","inst/examples/cube_geometry_weights.R","executable example source","function:cube_cell_volume",TRUE,"explicit proposed API","retain","Topic overlap is evidence for review, not permission to delete."
"cube_geometry_weights","cube_layer_thickness","inst-example","inst/examples/cube_geometry_weights.R","executable example source","function:cube_layer_thickness",TRUE,"explicit proposed API","retain","Topic overlap is evidence for review, not permission to delete."
"cube_geometry_weights","cube_polygon_weights","inst-example","inst/examples/cube_geometry_weights.R","executable example source","function:cube_polygon_weights",TRUE,"explicit proposed API","retain","Topic overlap is evidence for review, not permission to delete."
"cube_geometry_weights","ocean_cube","inst-example","inst/examples/cube_geometry_weights.R","executable example source","function:ocean_cube",TRUE,"explicit proposed API","retain","Topic overlap is evidence for review, not permission to delete."
"cube_mask","cube_mask","inst-example","inst/examples/cube_mask.R","executable example source","function:cube_mask",TRUE,"explicit proposed API","retain","Topic overlap is evidence for review, not permission to delete."
"cube_mask","ocean_cube","inst-example","inst/examples/cube_mask.R","executable example source","function:ocean_cube",TRUE,"explicit proposed API","retain","Topic overlap is evidence for review, not permission to delete."
"cube_mask","stock_mask","inst-example","inst/examples/cube_mask.R","executable example source","function:stock_mask",TRUE,"current 0.1.0 documentation","retain","Topic overlap is evidence for review, not permission to delete."
"cube_slice","cube_slice","inst-example","inst/examples/cube_slice.R","executable example source","function:cube_slice",TRUE,"explicit proposed API","retain","Topic overlap is evidence for review, not permission to delete."
"cube_slice","ocean_cube","inst-example","inst/examples/cube_slice.R","executable example source","function:ocean_cube",TRUE,"explicit proposed API","retain","Topic overlap is evidence for review, not permission to delete."
"cube_transect","cube_collect","inst-example","inst/examples/cube_transect.R","executable example source","function:cube_collect",TRUE,"explicit proposed API","retain","Topic overlap is evidence for review, not permission to delete."
"cube_transect","cube_transect","inst-example","inst/examples/cube_transect.R","executable example source","function:cube_transect",TRUE,"explicit proposed API","retain","Topic overlap is evidence for review, not permission to delete."
"cube_transect","ocean_cube","inst-example","inst/examples/cube_transect.R","executable example source","function:ocean_cube",TRUE,"explicit proposed API","retain","Topic overlap is evidence for review, not permission to delete."
"noncontiguous_collect","cube_collect","inst-example","inst/examples/noncontiguous_collect.R","executable example source","function:cube_collect",TRUE,"explicit proposed API","retain","Topic overlap is evidence for review, not permission to delete."
"ocean_cube_contract","ocean_cube","inst-example","inst/examples/ocean_cube_contract.R","executable example source","function:ocean_cube",TRUE,"explicit proposed API","retain","Topic overlap is evidence for review, not permission to delete."
"oceancube-handbook-workflow","","inst-example","inst/examples/oceancube-handbook-workflow.R","executable example source","topic:oceancube-handbook-workflow",TRUE,"current 0.1.0 documentation","retain","Topic overlap is evidence for review, not permission to delete."
"refactor_coast_dist_backend","coast_dist","inst-example","inst/examples/refactor_coast_dist_backend.R","executable example source","function:coast_dist",TRUE,"current 0.1.0 documentation","retain","Topic overlap is evidence for review, not permission to delete."
"refactor_coast_dist_backend","ocean_cube","inst-example","inst/examples/refactor_coast_dist_backend.R","executable example source","function:ocean_cube",TRUE,"explicit proposed API","retain","Topic overlap is evidence for review, not permission to delete."
"refactor_layer_annual_backend","annual_index","inst-example","inst/examples/refactor_layer_annual_backend.R","executable example source","function:annual_index",TRUE,"current 0.1.0 documentation","retain","Topic overlap is evidence for review, not permission to delete."
"refactor_layer_annual_backend","layer_mean","inst-example","inst/examples/refactor_layer_annual_backend.R","executable example source","function:layer_mean",TRUE,"current 0.1.0 documentation","retain","Topic overlap is evidence for review, not permission to delete."
"refactor_layer_annual_backend","ocean_cube","inst-example","inst/examples/refactor_layer_annual_backend.R","executable example source","function:ocean_cube",TRUE,"explicit proposed API","retain","Topic overlap is evidence for review, not permission to delete."
"refactor_link_events_backend","link_events","inst-example","inst/examples/refactor_link_events_backend.R","executable example source","function:link_events",TRUE,"current 0.1.0 documentation","retain","Topic overlap is evidence for review, not permission to delete."
"refactor_link_events_backend","ocean_cube","inst-example","inst/examples/refactor_link_events_backend.R","executable example source","function:ocean_cube",TRUE,"explicit proposed API","retain","Topic overlap is evidence for review, not permission to delete."
"refactor_temporal_backend","anom_diff","inst-example","inst/examples/refactor_temporal_backend.R","executable example source","function:anom_diff",TRUE,"explicit proposed API","retain","Topic overlap is evidence for review, not permission to delete."
"refactor_temporal_backend","anom_z","inst-example","inst/examples/refactor_temporal_backend.R","executable example source","function:anom_z",TRUE,"explicit proposed API","retain","Topic overlap is evidence for review, not permission to delete."
"refactor_temporal_backend","clim_month","inst-example","inst/examples/refactor_temporal_backend.R","executable example source","function:clim_month",TRUE,"explicit proposed API","retain","Topic overlap is evidence for review, not permission to delete."
"refactor_temporal_backend","ocean_cube","inst-example","inst/examples/refactor_temporal_backend.R","executable example source","function:ocean_cube",TRUE,"explicit proposed API","retain","Topic overlap is evidence for review, not permission to delete."
"refactor_temporal_backend","signal_noise","inst-example","inst/examples/refactor_temporal_backend.R","executable example source","function:signal_noise",TRUE,"explicit proposed API","retain","Topic overlap is evidence for review, not permission to delete."
"refactor_temporal_backend","to_month","inst-example","inst/examples/refactor_temporal_backend.R","executable example source","function:to_month",TRUE,"explicit proposed API","retain","Topic overlap is evidence for review, not permission to delete."
"annual_index","annual_index","man","man/annual_index.Rd","roxygen comments in R source","function:annual_index",TRUE,"current 0.1.0 documentation","retain","Topic overlap is evidence for review, not permission to delete."
"annual_index","ocean_cube","man","man/annual_index.Rd","roxygen comments in R source","function:ocean_cube",TRUE,"explicit proposed API","retain","Topic overlap is evidence for review, not permission to delete."
"anom_diff","anom_diff","man","man/anom_diff.Rd","roxygen comments in R source","function:anom_diff",TRUE,"explicit proposed API","retain","Topic overlap is evidence for review, not permission to delete."
"anom_diff","clim_day","man","man/anom_diff.Rd","roxygen comments in R source","function:clim_day",TRUE,"explicit proposed API","retain","Topic overlap is evidence for review, not permission to delete."
"anom_diff","clim_month","man","man/anom_diff.Rd","roxygen comments in R source","function:clim_month",TRUE,"explicit proposed API","retain","Topic overlap is evidence for review, not permission to delete."
"anom_diff","ocean_cube","man","man/anom_diff.Rd","roxygen comments in R source","function:ocean_cube",TRUE,"explicit proposed API","retain","Topic overlap is evidence for review, not permission to delete."
"anom_z","anom_z","man","man/anom_z.Rd","roxygen comments in R source","function:anom_z",TRUE,"explicit proposed API","retain","Topic overlap is evidence for review, not permission to delete."
"anom_z","clim_day","man","man/anom_z.Rd","roxygen comments in R source","function:clim_day",TRUE,"explicit proposed API","retain","Topic overlap is evidence for review, not permission to delete."
"anom_z","clim_month","man","man/anom_z.Rd","roxygen comments in R source","function:clim_month",TRUE,"explicit proposed API","retain","Topic overlap is evidence for review, not permission to delete."
"anom_z","ocean_cube","man","man/anom_z.Rd","roxygen comments in R source","function:ocean_cube",TRUE,"explicit proposed API","retain","Topic overlap is evidence for review, not permission to delete."
"clim_day","clim_day","man","man/clim_day.Rd","roxygen comments in R source","function:clim_day",TRUE,"explicit proposed API","retain","Topic overlap is evidence for review, not permission to delete."
"clim_day","ocean_cube","man","man/clim_day.Rd","roxygen comments in R source","function:ocean_cube",TRUE,"explicit proposed API","retain","Topic overlap is evidence for review, not permission to delete."
"clim_month","clim_month","man","man/clim_month.Rd","roxygen comments in R source","function:clim_month",TRUE,"explicit proposed API","retain","Topic overlap is evidence for review, not permission to delete."
"clim_month","ocean_cube","man","man/clim_month.Rd","roxygen comments in R source","function:ocean_cube",TRUE,"explicit proposed API","retain","Topic overlap is evidence for review, not permission to delete."
"cm_connect","cm_connect","man","man/cm_connect.Rd","roxygen comments in R source","function:cm_connect",TRUE,"explicit proposed API","retain","Topic overlap is evidence for review, not permission to delete."
"cm_setup","cm_setup","man","man/cm_setup.Rd","roxygen comments in R source","function:cm_setup",TRUE,"explicit proposed API","retain","Topic overlap is evidence for review, not permission to delete."
"coast_dist","coast_dist","man","man/coast_dist.Rd","roxygen comments in R source","function:coast_dist",TRUE,"current 0.1.0 documentation","retain","Topic overlap is evidence for review, not permission to delete."
"coast_dist","ocean_cube","man","man/coast_dist.Rd","roxygen comments in R source","function:ocean_cube",TRUE,"explicit proposed API","retain","Topic overlap is evidence for review, not permission to delete."
"crop_stock","crop_stock","man","man/crop_stock.Rd","roxygen comments in R source","function:crop_stock",TRUE,"current 0.1.0 documentation","retain","Topic overlap is evidence for review, not permission to delete."
"crop_stock","ocean_cube","man","man/crop_stock.Rd","roxygen comments in R source","function:ocean_cube",TRUE,"explicit proposed API","retain","Topic overlap is evidence for review, not permission to delete."
"cube_cell_area","cube_cell_area","man","man/cube_cell_area.Rd","roxygen comments in R source","function:cube_cell_area",TRUE,"explicit proposed API","retain","Topic overlap is evidence for review, not permission to delete."
"cube_cell_area","ocean_cube","man","man/cube_cell_area.Rd","roxygen comments in R source","function:ocean_cube",TRUE,"explicit proposed API","retain","Topic overlap is evidence for review, not permission to delete."
"cube_cell_volume","cube_cell_volume","man","man/cube_cell_volume.Rd","roxygen comments in R source","function:cube_cell_volume",TRUE,"explicit proposed API","retain","Topic overlap is evidence for review, not permission to delete."
"cube_cell_volume","ocean_cube","man","man/cube_cell_volume.Rd","roxygen comments in R source","function:ocean_cube",TRUE,"explicit proposed API","retain","Topic overlap is evidence for review, not permission to delete."
"cube_collect","cube_collect","man","man/cube_collect.Rd","roxygen comments in R source","function:cube_collect",TRUE,"explicit proposed API","retain","Topic overlap is evidence for review, not permission to delete."
"cube_collect","ocean_cube","man","man/cube_collect.Rd","roxygen comments in R source","function:ocean_cube",TRUE,"explicit proposed API","retain","Topic overlap is evidence for review, not permission to delete."
"cube_crop","cube_collect","man","man/cube_crop.Rd","roxygen comments in R source","function:cube_collect",TRUE,"explicit proposed API","retain","Topic overlap is evidence for review, not permission to delete."
"cube_crop","cube_crop","man","man/cube_crop.Rd","roxygen comments in R source","function:cube_crop",TRUE,"explicit proposed API","retain","Topic overlap is evidence for review, not permission to delete."
"cube_crop","cube_slice","man","man/cube_crop.Rd","roxygen comments in R source","function:cube_slice",TRUE,"explicit proposed API","retain","Topic overlap is evidence for review, not permission to delete."
"cube_crop","ocean_cube","man","man/cube_crop.Rd","roxygen comments in R source","function:ocean_cube",TRUE,"explicit proposed API","retain","Topic overlap is evidence for review, not permission to delete."
"cube_extract","cube_crop","man","man/cube_extract.Rd","roxygen comments in R source","function:cube_crop",TRUE,"explicit proposed API","retain","Topic overlap is evidence for review, not permission to delete."
"cube_extract","cube_extract","man","man/cube_extract.Rd","roxygen comments in R source","function:cube_extract",TRUE,"explicit proposed API","retain","Topic overlap is evidence for review, not permission to delete."
"cube_extract","cube_slice","man","man/cube_extract.Rd","roxygen comments in R source","function:cube_slice",TRUE,"explicit proposed API","retain","Topic overlap is evidence for review, not permission to delete."
"cube_extract","link_events","man","man/cube_extract.Rd","roxygen comments in R source","function:link_events",TRUE,"current 0.1.0 documentation","retain","Topic overlap is evidence for review, not permission to delete."
"cube_extract","ocean_cube","man","man/cube_extract.Rd","roxygen comments in R source","function:ocean_cube",TRUE,"explicit proposed API","retain","Topic overlap is evidence for review, not permission to delete."
"cube_layer_thickness","cube_layer_thickness","man","man/cube_layer_thickness.Rd","roxygen comments in R source","function:cube_layer_thickness",TRUE,"explicit proposed API","retain","Topic overlap is evidence for review, not permission to delete."
"cube_layer_thickness","ocean_cube","man","man/cube_layer_thickness.Rd","roxygen comments in R source","function:ocean_cube",TRUE,"explicit proposed API","retain","Topic overlap is evidence for review, not permission to delete."
"cube_mask","crop_stock","man","man/cube_mask.Rd","roxygen comments in R source","function:crop_stock",TRUE,"current 0.1.0 documentation","retain","Topic overlap is evidence for review, not permission to delete."
"cube_mask","cube_crop","man","man/cube_mask.Rd","roxygen comments in R source","function:cube_crop",TRUE,"explicit proposed API","retain","Topic overlap is evidence for review, not permission to delete."
"cube_mask","cube_mask","man","man/cube_mask.Rd","roxygen comments in R source","function:cube_mask",TRUE,"explicit proposed API","retain","Topic overlap is evidence for review, not permission to delete."
"cube_mask","ocean_cube","man","man/cube_mask.Rd","roxygen comments in R source","function:ocean_cube",TRUE,"explicit proposed API","retain","Topic overlap is evidence for review, not permission to delete."
"cube_mask","stock_mask","man","man/cube_mask.Rd","roxygen comments in R source","function:stock_mask",TRUE,"current 0.1.0 documentation","retain","Topic overlap is evidence for review, not permission to delete."
"cube_polygon_weights","cube_mask","man","man/cube_polygon_weights.Rd","roxygen comments in R source","function:cube_mask",TRUE,"explicit proposed API","retain","Topic overlap is evidence for review, not permission to delete."
"cube_polygon_weights","cube_polygon_weights","man","man/cube_polygon_weights.Rd","roxygen comments in R source","function:cube_polygon_weights",TRUE,"explicit proposed API","retain","Topic overlap is evidence for review, not permission to delete."
"cube_polygon_weights","ocean_cube","man","man/cube_polygon_weights.Rd","roxygen comments in R source","function:ocean_cube",TRUE,"explicit proposed API","retain","Topic overlap is evidence for review, not permission to delete."
"cube_slice","cube_collect","man","man/cube_slice.Rd","roxygen comments in R source","function:cube_collect",TRUE,"explicit proposed API","retain","Topic overlap is evidence for review, not permission to delete."
"cube_slice","cube_slice","man","man/cube_slice.Rd","roxygen comments in R source","function:cube_slice",TRUE,"explicit proposed API","retain","Topic overlap is evidence for review, not permission to delete."
"cube_slice","ocean_cube","man","man/cube_slice.Rd","roxygen comments in R source","function:ocean_cube",TRUE,"explicit proposed API","retain","Topic overlap is evidence for review, not permission to delete."
"cube_transect","cube_crop","man","man/cube_transect.Rd","roxygen comments in R source","function:cube_crop",TRUE,"explicit proposed API","retain","Topic overlap is evidence for review, not permission to delete."
"cube_transect","cube_extract","man","man/cube_transect.Rd","roxygen comments in R source","function:cube_extract",TRUE,"explicit proposed API","retain","Topic overlap is evidence for review, not permission to delete."
"cube_transect","cube_transect","man","man/cube_transect.Rd","roxygen comments in R source","function:cube_transect",TRUE,"explicit proposed API","retain","Topic overlap is evidence for review, not permission to delete."
"cube_transect","link_events","man","man/cube_transect.Rd","roxygen comments in R source","function:link_events",TRUE,"current 0.1.0 documentation","retain","Topic overlap is evidence for review, not permission to delete."
"cube_transect","ocean_cube","man","man/cube_transect.Rd","roxygen comments in R source","function:ocean_cube",TRUE,"explicit proposed API","retain","Topic overlap is evidence for review, not permission to delete."
"download_nc","download_nc","man","man/download_nc.Rd","roxygen comments in R source","function:download_nc",TRUE,"current 0.1.0 documentation","retain","Topic overlap is evidence for review, not permission to delete."
"layer_mean","layer_mean","man","man/layer_mean.Rd","roxygen comments in R source","function:layer_mean",TRUE,"current 0.1.0 documentation","retain","Topic overlap is evidence for review, not permission to delete."
"layer_mean","ocean_cube","man","man/layer_mean.Rd","roxygen comments in R source","function:ocean_cube",TRUE,"explicit proposed API","retain","Topic overlap is evidence for review, not permission to delete."
"link_events","link_events","man","man/link_events.Rd","roxygen comments in R source","function:link_events",TRUE,"current 0.1.0 documentation","retain","Topic overlap is evidence for review, not permission to delete."
"link_events","ocean_cube","man","man/link_events.Rd","roxygen comments in R source","function:ocean_cube",TRUE,"explicit proposed API","retain","Topic overlap is evidence for review, not permission to delete."
"ocean_cube","ocean_cube","man","man/ocean_cube.Rd","roxygen comments in R source","function:ocean_cube",TRUE,"explicit proposed API","retain","Topic overlap is evidence for review, not permission to delete."
"read_nc","ocean_cube","man","man/read_nc.Rd","roxygen comments in R source","function:ocean_cube",TRUE,"explicit proposed API","retain","Topic overlap is evidence for review, not permission to delete."
"read_nc","read_nc","man","man/read_nc.Rd","roxygen comments in R source","function:read_nc",TRUE,"explicit proposed API","retain","Topic overlap is evidence for review, not permission to delete."
"signal_noise","clim_day","man","man/signal_noise.Rd","roxygen comments in R source","function:clim_day",TRUE,"explicit proposed API","retain","Topic overlap is evidence for review, not permission to delete."
"signal_noise","clim_month","man","man/signal_noise.Rd","roxygen comments in R source","function:clim_month",TRUE,"explicit proposed API","retain","Topic overlap is evidence for review, not permission to delete."
"signal_noise","ocean_cube","man","man/signal_noise.Rd","roxygen comments in R source","function:ocean_cube",TRUE,"explicit proposed API","retain","Topic overlap is evidence for review, not permission to delete."
"signal_noise","signal_noise","man","man/signal_noise.Rd","roxygen comments in R source","function:signal_noise",TRUE,"explicit proposed API","retain","Topic overlap is evidence for review, not permission to delete."
"stock_mask","ocean_cube","man","man/stock_mask.Rd","roxygen comments in R source","function:ocean_cube",TRUE,"explicit proposed API","retain","Topic overlap is evidence for review, not permission to delete."
"stock_mask","stock_mask","man","man/stock_mask.Rd","roxygen comments in R source","function:stock_mask",TRUE,"current 0.1.0 documentation","retain","Topic overlap is evidence for review, not permission to delete."
"to_month","ocean_cube","man","man/to_month.Rd","roxygen comments in R source","function:ocean_cube",TRUE,"explicit proposed API","retain","Topic overlap is evidence for review, not permission to delete."
"to_month","to_month","man","man/to_month.Rd","roxygen comments in R source","function:to_month",TRUE,"explicit proposed API","retain","Topic overlap is evidence for review, not permission to delete."
"NEWS","cube_collect","NEWS","NEWS.md","NEWS.md for version history","function:cube_collect",TRUE,"explicit proposed API","retain","Topic overlap is evidence for review, not permission to delete."
"NEWS","ocean_cube","NEWS","NEWS.md","NEWS.md for version history","function:ocean_cube",TRUE,"explicit proposed API","retain","Topic overlap is evidence for review, not permission to delete."
"README","anom_diff","README","README.md","README.Rmd for source; README.md for rendered entry","function:anom_diff",TRUE,"explicit proposed API","retain","Topic overlap is evidence for review, not permission to delete."
"README","anom_z","README","README.md","README.Rmd for source; README.md for rendered entry","function:anom_z",TRUE,"explicit proposed API","retain","Topic overlap is evidence for review, not permission to delete."
"README","clim_day","README","README.md","README.Rmd for source; README.md for rendered entry","function:clim_day",TRUE,"explicit proposed API","retain","Topic overlap is evidence for review, not permission to delete."
"README","clim_month","README","README.md","README.Rmd for source; README.md for rendered entry","function:clim_month",TRUE,"explicit proposed API","retain","Topic overlap is evidence for review, not permission to delete."
"README","cube_cell_area","README","README.md","README.Rmd for source; README.md for rendered entry","function:cube_cell_area",TRUE,"explicit proposed API","retain","Topic overlap is evidence for review, not permission to delete."
"README","cube_cell_volume","README","README.md","README.Rmd for source; README.md for rendered entry","function:cube_cell_volume",TRUE,"explicit proposed API","retain","Topic overlap is evidence for review, not permission to delete."
"README","cube_collect","README","README.md","README.Rmd for source; README.md for rendered entry","function:cube_collect",TRUE,"explicit proposed API","retain","Topic overlap is evidence for review, not permission to delete."
"README","cube_crop","README","README.md","README.Rmd for source; README.md for rendered entry","function:cube_crop",TRUE,"explicit proposed API","retain","Topic overlap is evidence for review, not permission to delete."
"README","cube_extract","README","README.md","README.Rmd for source; README.md for rendered entry","function:cube_extract",TRUE,"explicit proposed API","retain","Topic overlap is evidence for review, not permission to delete."
"README","cube_layer_thickness","README","README.md","README.Rmd for source; README.md for rendered entry","function:cube_layer_thickness",TRUE,"explicit proposed API","retain","Topic overlap is evidence for review, not permission to delete."
"README","cube_mask","README","README.md","README.Rmd for source; README.md for rendered entry","function:cube_mask",TRUE,"explicit proposed API","retain","Topic overlap is evidence for review, not permission to delete."
"README","cube_polygon_weights","README","README.md","README.Rmd for source; README.md for rendered entry","function:cube_polygon_weights",TRUE,"explicit proposed API","retain","Topic overlap is evidence for review, not permission to delete."
"README","cube_slice","README","README.md","README.Rmd for source; README.md for rendered entry","function:cube_slice",TRUE,"explicit proposed API","retain","Topic overlap is evidence for review, not permission to delete."
"README","cube_transect","README","README.md","README.Rmd for source; README.md for rendered entry","function:cube_transect",TRUE,"explicit proposed API","retain","Topic overlap is evidence for review, not permission to delete."
"README","ocean_cube","README","README.md","README.Rmd for source; README.md for rendered entry","function:ocean_cube",TRUE,"explicit proposed API","retain","Topic overlap is evidence for review, not permission to delete."
"README","read_nc","README","README.md","README.Rmd for source; README.md for rendered entry","function:read_nc",TRUE,"explicit proposed API","retain","Topic overlap is evidence for review, not permission to delete."
"README","stock_mask","README","README.md","README.Rmd for source; README.md for rendered entry","function:stock_mask",TRUE,"current 0.1.0 documentation","retain","Topic overlap is evidence for review, not permission to delete."
"README","anom_diff","README","README.Rmd","README.Rmd for source; README.md for rendered entry","function:anom_diff",TRUE,"explicit proposed API","retain","Topic overlap is evidence for review, not permission to delete."
"README","anom_z","README","README.Rmd","README.Rmd for source; README.md for rendered entry","function:anom_z",TRUE,"explicit proposed API","retain","Topic overlap is evidence for review, not permission to delete."
"README","clim_day","README","README.Rmd","README.Rmd for source; README.md for rendered entry","function:clim_day",TRUE,"explicit proposed API","retain","Topic overlap is evidence for review, not permission to delete."
"README","clim_month","README","README.Rmd","README.Rmd for source; README.md for rendered entry","function:clim_month",TRUE,"explicit proposed API","retain","Topic overlap is evidence for review, not permission to delete."
"README","cube_cell_area","README","README.Rmd","README.Rmd for source; README.md for rendered entry","function:cube_cell_area",TRUE,"explicit proposed API","retain","Topic overlap is evidence for review, not permission to delete."
"README","cube_cell_volume","README","README.Rmd","README.Rmd for source; README.md for rendered entry","function:cube_cell_volume",TRUE,"explicit proposed API","retain","Topic overlap is evidence for review, not permission to delete."
"README","cube_collect","README","README.Rmd","README.Rmd for source; README.md for rendered entry","function:cube_collect",TRUE,"explicit proposed API","retain","Topic overlap is evidence for review, not permission to delete."
"README","cube_crop","README","README.Rmd","README.Rmd for source; README.md for rendered entry","function:cube_crop",TRUE,"explicit proposed API","retain","Topic overlap is evidence for review, not permission to delete."
"README","cube_extract","README","README.Rmd","README.Rmd for source; README.md for rendered entry","function:cube_extract",TRUE,"explicit proposed API","retain","Topic overlap is evidence for review, not permission to delete."
"README","cube_layer_thickness","README","README.Rmd","README.Rmd for source; README.md for rendered entry","function:cube_layer_thickness",TRUE,"explicit proposed API","retain","Topic overlap is evidence for review, not permission to delete."
"README","cube_mask","README","README.Rmd","README.Rmd for source; README.md for rendered entry","function:cube_mask",TRUE,"explicit proposed API","retain","Topic overlap is evidence for review, not permission to delete."
"README","cube_polygon_weights","README","README.Rmd","README.Rmd for source; README.md for rendered entry","function:cube_polygon_weights",TRUE,"explicit proposed API","retain","Topic overlap is evidence for review, not permission to delete."
"README","cube_slice","README","README.Rmd","README.Rmd for source; README.md for rendered entry","function:cube_slice",TRUE,"explicit proposed API","retain","Topic overlap is evidence for review, not permission to delete."
"README","cube_transect","README","README.Rmd","README.Rmd for source; README.md for rendered entry","function:cube_transect",TRUE,"explicit proposed API","retain","Topic overlap is evidence for review, not permission to delete."
"README","ocean_cube","README","README.Rmd","README.Rmd for source; README.md for rendered entry","function:ocean_cube",TRUE,"explicit proposed API","retain","Topic overlap is evidence for review, not permission to delete."
"README","read_nc","README","README.Rmd","README.Rmd for source; README.md for rendered entry","function:read_nc",TRUE,"explicit proposed API","retain","Topic overlap is evidence for review, not permission to delete."
"README","stock_mask","README","README.Rmd","README.Rmd for source; README.md for rendered entry","function:stock_mask",TRUE,"current 0.1.0 documentation","retain","Topic overlap is evidence for review, not permission to delete."
"get-started","cube_extract","vignette","vignettes/get-started.Rmd","vignette source for installable workflows","function:cube_extract",TRUE,"explicit proposed API","retain","Topic overlap is evidence for review, not permission to delete."
"get-started","ocean_cube","vignette","vignettes/get-started.Rmd","vignette source for installable workflows","function:ocean_cube",TRUE,"explicit proposed API","retain","Topic overlap is evidence for review, not permission to delete."
"oceancube-architecture","cube_collect","vignette","vignettes/oceancube-architecture.Rmd","vignette source for installable workflows","function:cube_collect",TRUE,"explicit proposed API","retain","Topic overlap is evidence for review, not permission to delete."
"oceancube-architecture","cube_polygon_weights","vignette","vignettes/oceancube-architecture.Rmd","vignette source for installable workflows","function:cube_polygon_weights",TRUE,"explicit proposed API","retain","Topic overlap is evidence for review, not permission to delete."
"oceancube-architecture","cube_transect","vignette","vignettes/oceancube-architecture.Rmd","vignette source for installable workflows","function:cube_transect",TRUE,"explicit proposed API","retain","Topic overlap is evidence for review, not permission to delete."
"oceancube-architecture","ocean_cube","vignette","vignettes/oceancube-architecture.Rmd","vignette source for installable workflows","function:ocean_cube",TRUE,"explicit proposed API","retain","Topic overlap is evidence for review, not permission to delete."
"oceancube-geometry-weights","cube_cell_area","vignette","vignettes/oceancube-geometry-weights.Rmd","vignette source for installable workflows","function:cube_cell_area",TRUE,"explicit proposed API","retain","Topic overlap is evidence for review, not permission to delete."
"oceancube-geometry-weights","cube_cell_volume","vignette","vignettes/oceancube-geometry-weights.Rmd","vignette source for installable workflows","function:cube_cell_volume",TRUE,"explicit proposed API","retain","Topic overlap is evidence for review, not permission to delete."
"oceancube-geometry-weights","cube_layer_thickness","vignette","vignettes/oceancube-geometry-weights.Rmd","vignette source for installable workflows","function:cube_layer_thickness",TRUE,"explicit proposed API","retain","Topic overlap is evidence for review, not permission to delete."
"oceancube-geometry-weights","cube_mask","vignette","vignettes/oceancube-geometry-weights.Rmd","vignette source for installable workflows","function:cube_mask",TRUE,"explicit proposed API","retain","Topic overlap is evidence for review, not permission to delete."
"oceancube-geometry-weights","cube_polygon_weights","vignette","vignettes/oceancube-geometry-weights.Rmd","vignette source for installable workflows","function:cube_polygon_weights",TRUE,"explicit proposed API","retain","Topic overlap is evidence for review, not permission to delete."
"oceancube-geometry-weights","ocean_cube","vignette","vignettes/oceancube-geometry-weights.Rmd","vignette source for installable workflows","function:ocean_cube",TRUE,"explicit proposed API","retain","Topic overlap is evidence for review, not permission to delete."
"oceancube-handbook","ocean_cube","vignette","vignettes/oceancube-handbook.Rmd","vignette source for installable workflows","function:ocean_cube",TRUE,"explicit proposed API","retain","Topic overlap is evidence for review, not permission to delete."
"oceancube-introduction","anom_diff","vignette","vignettes/oceancube-introduction.Rmd","vignette source for installable workflows","function:anom_diff",TRUE,"explicit proposed API","retain","Topic overlap is evidence for review, not permission to delete."
"oceancube-introduction","anom_z","vignette","vignettes/oceancube-introduction.Rmd","vignette source for installable workflows","function:anom_z",TRUE,"explicit proposed API","retain","Topic overlap is evidence for review, not permission to delete."
"oceancube-introduction","clim_day","vignette","vignettes/oceancube-introduction.Rmd","vignette source for installable workflows","function:clim_day",TRUE,"explicit proposed API","retain","Topic overlap is evidence for review, not permission to delete."
"oceancube-introduction","clim_month","vignette","vignettes/oceancube-introduction.Rmd","vignette source for installable workflows","function:clim_month",TRUE,"explicit proposed API","retain","Topic overlap is evidence for review, not permission to delete."
"oceancube-introduction","cube_collect","vignette","vignettes/oceancube-introduction.Rmd","vignette source for installable workflows","function:cube_collect",TRUE,"explicit proposed API","retain","Topic overlap is evidence for review, not permission to delete."
"oceancube-introduction","cube_crop","vignette","vignettes/oceancube-introduction.Rmd","vignette source for installable workflows","function:cube_crop",TRUE,"explicit proposed API","retain","Topic overlap is evidence for review, not permission to delete."
"oceancube-introduction","cube_extract","vignette","vignettes/oceancube-introduction.Rmd","vignette source for installable workflows","function:cube_extract",TRUE,"explicit proposed API","retain","Topic overlap is evidence for review, not permission to delete."
"oceancube-introduction","cube_mask","vignette","vignettes/oceancube-introduction.Rmd","vignette source for installable workflows","function:cube_mask",TRUE,"explicit proposed API","retain","Topic overlap is evidence for review, not permission to delete."
"oceancube-introduction","cube_slice","vignette","vignettes/oceancube-introduction.Rmd","vignette source for installable workflows","function:cube_slice",TRUE,"explicit proposed API","retain","Topic overlap is evidence for review, not permission to delete."
"oceancube-introduction","cube_transect","vignette","vignettes/oceancube-introduction.Rmd","vignette source for installable workflows","function:cube_transect",TRUE,"explicit proposed API","retain","Topic overlap is evidence for review, not permission to delete."
"oceancube-introduction","ocean_cube","vignette","vignettes/oceancube-introduction.Rmd","vignette source for installable workflows","function:ocean_cube",TRUE,"explicit proposed API","retain","Topic overlap is evidence for review, not permission to delete."
"oceancube-introduction","read_nc","vignette","vignettes/oceancube-introduction.Rmd","vignette source for installable workflows","function:read_nc",TRUE,"explicit proposed API","retain","Topic overlap is evidence for review, not permission to delete."
