"path","tracked","ignored","generated","reproducible","required_for_package","required_for_tests","contains_local_path","contains_credentials","contains_large_data","recommended_action","evidence","notes"
".RData",FALSE,TRUE,TRUE,TRUE,FALSE,FALSE,"not-scanned","no filename evidence; content not exhaustively inspected",FALSE,"relocate","not tracked; ignored; type=data; size_bytes=2595","No credentials were printed. Relocate/review is a proposal, not a deletion decision."
".Rhistory",FALSE,TRUE,TRUE,TRUE,FALSE,FALSE,"not-scanned","no filename evidence; content not exhaustively inspected",FALSE,"relocate","not tracked; ignored; type=other; size_bytes=0","No credentials were printed. Relocate/review is a proposal, not a deletion decision."
".Rproj.user/0B557707/cpp-definition-cache",FALSE,TRUE,TRUE,TRUE,FALSE,FALSE,"not-scanned","no filename evidence; content not exhaustively inspected",FALSE,"relocate","not tracked; ignored; type=other; size_bytes=2","No credentials were printed. Relocate/review is a proposal, not a deletion decision."
".Rproj.user/0B557707/pcs/debug-breakpoints.pper",FALSE,TRUE,TRUE,TRUE,FALSE,FALSE,"not-scanned","no filename evidence; content not exhaustively inspected",FALSE,"relocate","not tracked; ignored; type=other; size_bytes=66","No credentials were printed. Relocate/review is a proposal, not a deletion decision."
".Rproj.user/0B557707/pcs/files-pane.pper",FALSE,TRUE,TRUE,TRUE,FALSE,FALSE,"not-scanned","no filename evidence; content not exhaustively inspected",FALSE,"relocate","not tracked; ignored; type=other; size_bytes=148","No credentials were printed. Relocate/review is a proposal, not a deletion decision."
".Rproj.user/0B557707/pcs/source-pane.pper",FALSE,TRUE,TRUE,TRUE,FALSE,FALSE,"not-scanned","no filename evidence; content not exhaustively inspected",FALSE,"relocate","not tracked; ignored; type=other; size_bytes=22","No credentials were printed. Relocate/review is a proposal, not a deletion decision."
".Rproj.user/0B557707/pcs/windowlayoutstate.pper",FALSE,TRUE,TRUE,TRUE,FALSE,FALSE,"not-scanned","no filename evidence; content not exhaustively inspected",FALSE,"relocate","not tracked; ignored; type=other; size_bytes=285","No credentials were printed. Relocate/review is a proposal, not a deletion decision."
".Rproj.user/0B557707/pcs/workbench-pane.pper",FALSE,TRUE,TRUE,TRUE,FALSE,FALSE,"not-scanned","no filename evidence; content not exhaustively inspected",FALSE,"relocate","not tracked; ignored; type=other; size_bytes=57","No credentials were printed. Relocate/review is a proposal, not a deletion decision."
".Rproj.user/0B557707/persistent-state",FALSE,TRUE,TRUE,TRUE,FALSE,FALSE,"not-scanned","no filename evidence; content not exhaustively inspected",FALSE,"relocate","not tracked; ignored; type=other; size_bytes=2126","No credentials were printed. Relocate/review is a proposal, not a deletion decision."
".Rproj.user/0B557707/rmd-outputs",FALSE,TRUE,TRUE,TRUE,FALSE,FALSE,"not-scanned","no filename evidence; content not exhaustively inspected",FALSE,"relocate","not tracked; ignored; type=other; size_bytes=5","No credentials were printed. Relocate/review is a proposal, not a deletion decision."
".Rproj.user/0B557707/saved_source_markers",FALSE,TRUE,TRUE,TRUE,FALSE,FALSE,"not-scanned","no filename evidence; content not exhaustively inspected",FALSE,"relocate","not tracked; ignored; type=other; size_bytes=27","No credentials were printed. Relocate/review is a proposal, not a deletion decision."
".Rproj.user/0B557707/sources/prop/0E8BDBF2",FALSE,TRUE,TRUE,TRUE,FALSE,FALSE,"not-scanned","no filename evidence; content not exhaustively inspected",FALSE,"relocate","not tracked; ignored; type=other; size_bytes=108","No credentials were printed. Relocate/review is a proposal, not a deletion decision."
".Rproj.user/0B557707/sources/prop/26268287",FALSE,TRUE,TRUE,TRUE,FALSE,FALSE,"not-scanned","no filename evidence; content not exhaustively inspected",FALSE,"relocate","not tracked; ignored; type=other; size_bytes=139","No credentials were printed. Relocate/review is a proposal, not a deletion decision."
".Rproj.user/0B557707/sources/prop/2B5AFB91",FALSE,TRUE,TRUE,TRUE,FALSE,FALSE,"not-scanned","no filename evidence; content not exhaustively inspected",FALSE,"relocate","not tracked; ignored; type=other; size_bytes=108","No credentials were printed. Relocate/review is a proposal, not a deletion decision."
".Rproj.user/0B557707/sources/prop/353243C3",FALSE,TRUE,TRUE,TRUE,FALSE,FALSE,"not-scanned","no filename evidence; content not exhaustively inspected",FALSE,"relocate","not tracked; ignored; type=other; size_bytes=107","No credentials were printed. Relocate/review is a proposal, not a deletion decision."
".Rproj.user/0B557707/sources/prop/555DA84C",FALSE,TRUE,TRUE,TRUE,FALSE,FALSE,"not-scanned","no filename evidence; content not exhaustively inspected",FALSE,"relocate","not tracked; ignored; type=other; size_bytes=106","No credentials were printed. Relocate/review is a proposal, not a deletion decision."
".Rproj.user/0B557707/sources/prop/56EF7529",FALSE,TRUE,TRUE,TRUE,FALSE,FALSE,"not-scanned","no filename evidence; content not exhaustively inspected",FALSE,"relocate","not tracked; ignored; type=other; size_bytes=110","No credentials were printed. Relocate/review is a proposal, not a deletion decision."
".Rproj.user/0B557707/sources/prop/C5A5BFDF",FALSE,TRUE,TRUE,TRUE,FALSE,FALSE,"not-scanned","no filename evidence; content not exhaustively inspected",FALSE,"relocate","not tracked; ignored; type=other; size_bytes=138","No credentials were printed. Relocate/review is a proposal, not a deletion decision."
".Rproj.user/0B557707/sources/prop/EC7AB064",FALSE,TRUE,TRUE,TRUE,FALSE,FALSE,"not-scanned","no filename evidence; content not exhaustively inspected",FALSE,"relocate","not tracked; ignored; type=other; size_bytes=139","No credentials were printed. Relocate/review is a proposal, not a deletion decision."
".Rproj.user/0B557707/sources/prop/F6B86399",FALSE,TRUE,TRUE,TRUE,FALSE,FALSE,"not-scanned","no filename evidence; content not exhaustively inspected",FALSE,"relocate","not tracked; ignored; type=other; size_bytes=140","No credentials were printed. Relocate/review is a proposal, not a deletion decision."
".Rproj.user/0B557707/sources/prop/F8E195E0",FALSE,TRUE,TRUE,TRUE,FALSE,FALSE,"not-scanned","no filename evidence; content not exhaustively inspected",FALSE,"relocate","not tracked; ignored; type=other; size_bytes=141","No credentials were printed. Relocate/review is a proposal, not a deletion decision."
".Rproj.user/0B557707/sources/prop/INDEX",FALSE,TRUE,TRUE,TRUE,FALSE,FALSE,"not-scanned","no filename evidence; content not exhaustively inspected",FALSE,"relocate","not tracked; ignored; type=other; size_bytes=773","No credentials were printed. Relocate/review is a proposal, not a deletion decision."
".Rproj.user/0B557707/sources/session-b80ddbe2/1D90F40C",FALSE,TRUE,TRUE,TRUE,FALSE,FALSE,"not-scanned","no filename evidence; content not exhaustively inspected",FALSE,"relocate","not tracked; ignored; type=other; size_bytes=645","No credentials were printed. Relocate/review is a proposal, not a deletion decision."
".Rproj.user/0B557707/sources/session-b80ddbe2/1D90F40C-contents",FALSE,TRUE,TRUE,TRUE,FALSE,FALSE,"not-scanned","no filename evidence; content not exhaustively inspected",FALSE,"relocate","not tracked; ignored; type=other; size_bytes=13094","No credentials were printed. Relocate/review is a proposal, not a deletion decision."
".Rproj.user/0B557707/sources/session-b80ddbe2/241F9C8C",FALSE,TRUE,TRUE,TRUE,FALSE,FALSE,"not-scanned","no filename evidence; content not exhaustively inspected",FALSE,"relocate","not tracked; ignored; type=other; size_bytes=657","No credentials were printed. Relocate/review is a proposal, not a deletion decision."
".Rproj.user/0B557707/sources/session-b80ddbe2/241F9C8C-contents",FALSE,TRUE,TRUE,TRUE,FALSE,FALSE,"not-scanned","no filename evidence; content not exhaustively inspected",FALSE,"relocate","not tracked; ignored; type=other; size_bytes=7861","No credentials were printed. Relocate/review is a proposal, not a deletion decision."
".Rproj.user/0B557707/sources/session-b80ddbe2/32938575",FALSE,TRUE,TRUE,TRUE,FALSE,FALSE,"not-scanned","no filename evidence; content not exhaustively inspected",FALSE,"relocate","not tracked; ignored; type=other; size_bytes=764","No credentials were printed. Relocate/review is a proposal, not a deletion decision."
".Rproj.user/0B557707/sources/session-b80ddbe2/32938575-contents",FALSE,TRUE,TRUE,TRUE,FALSE,FALSE,"not-scanned","no filename evidence; content not exhaustively inspected",FALSE,"relocate","not tracked; ignored; type=other; size_bytes=15085","No credentials were printed. Relocate/review is a proposal, not a deletion decision."
".Rproj.user/0B557707/sources/session-b80ddbe2/3F0F0018",FALSE,TRUE,TRUE,TRUE,FALSE,FALSE,"not-scanned","no filename evidence; content not exhaustively inspected",FALSE,"relocate","not tracked; ignored; type=other; size_bytes=785","No credentials were printed. Relocate/review is a proposal, not a deletion decision."
".Rproj.user/0B557707/sources/session-b80ddbe2/3F0F0018-contents",FALSE,TRUE,TRUE,TRUE,FALSE,FALSE,"not-scanned","no filename evidence; content not exhaustively inspected",FALSE,"relocate","not tracked; ignored; type=other; size_bytes=16626","No credentials were printed. Relocate/review is a proposal, not a deletion decision."
".Rproj.user/0B557707/sources/session-b80ddbe2/409B6B14",FALSE,TRUE,TRUE,TRUE,FALSE,FALSE,"not-scanned","no filename evidence; content not exhaustively inspected",FALSE,"relocate","not tracked; ignored; type=other; size_bytes=798","No credentials were printed. Relocate/review is a proposal, not a deletion decision."
".Rproj.user/0B557707/sources/session-b80ddbe2/409B6B14-contents",FALSE,TRUE,TRUE,TRUE,FALSE,FALSE,"not-scanned","no filename evidence; content not exhaustively inspected",FALSE,"relocate","not tracked; ignored; type=other; size_bytes=24942","No credentials were printed. Relocate/review is a proposal, not a deletion decision."
".Rproj.user/0B557707/sources/session-b80ddbe2/61D2B7B5",FALSE,TRUE,TRUE,TRUE,FALSE,FALSE,"not-scanned","no filename evidence; content not exhaustively inspected",FALSE,"relocate","not tracked; ignored; type=other; size_bytes=630","No credentials were printed. Relocate/review is a proposal, not a deletion decision."
".Rproj.user/0B557707/sources/session-b80ddbe2/61D2B7B5-contents",FALSE,TRUE,TRUE,TRUE,FALSE,FALSE,"not-scanned","no filename evidence; content not exhaustively inspected",FALSE,"relocate","not tracked; ignored; type=other; size_bytes=582","No credentials were printed. Relocate/review is a proposal, not a deletion decision."
".Rproj.user/0B557707/sources/session-b80ddbe2/7A74702B",FALSE,TRUE,TRUE,TRUE,FALSE,FALSE,"not-scanned","no filename evidence; content not exhaustively inspected",FALSE,"relocate","not tracked; ignored; type=other; size_bytes=652","No credentials were printed. Relocate/review is a proposal, not a deletion decision."
".Rproj.user/0B557707/sources/session-b80ddbe2/7A74702B-contents",FALSE,TRUE,TRUE,TRUE,FALSE,FALSE,"not-scanned","no filename evidence; content not exhaustively inspected",FALSE,"relocate","not tracked; ignored; type=other; size_bytes=4404","No credentials were printed. Relocate/review is a proposal, not a deletion decision."
".Rproj.user/0B557707/sources/session-b80ddbe2/7E5E8195-contents",FALSE,TRUE,TRUE,TRUE,FALSE,FALSE,"not-scanned","no filename evidence; content not exhaustively inspected",FALSE,"relocate","not tracked; ignored; type=other; size_bytes=0","No credentials were printed. Relocate/review is a proposal, not a deletion decision."
".Rproj.user/0B557707/sources/session-b80ddbe2/E1A8FE7C",FALSE,TRUE,TRUE,TRUE,FALSE,FALSE,"not-scanned","no filename evidence; content not exhaustively inspected",FALSE,"relocate","not tracked; ignored; type=other; size_bytes=788","No credentials were printed. Relocate/review is a proposal, not a deletion decision."
".Rproj.user/0B557707/sources/session-b80ddbe2/E1A8FE7C-contents",FALSE,TRUE,TRUE,TRUE,FALSE,FALSE,"not-scanned","no filename evidence; content not exhaustively inspected",FALSE,"relocate","not tracked; ignored; type=other; size_bytes=23628","No credentials were printed. Relocate/review is a proposal, not a deletion decision."
".Rproj.user/0B557707/sources/session-b80ddbe2/FD70EB7A",FALSE,TRUE,TRUE,TRUE,FALSE,FALSE,"not-scanned","no filename evidence; content not exhaustively inspected",FALSE,"relocate","not tracked; ignored; type=other; size_bytes=657","No credentials were printed. Relocate/review is a proposal, not a deletion decision."
".Rproj.user/0B557707/sources/session-b80ddbe2/FD70EB7A-contents",FALSE,TRUE,TRUE,TRUE,FALSE,FALSE,"not-scanned","no filename evidence; content not exhaustively inspected",FALSE,"relocate","not tracked; ignored; type=other; size_bytes=5403","No credentials were printed. Relocate/review is a proposal, not a deletion decision."
".Rproj.user/0B557707/sources/session-b80ddbe2/lock_file",FALSE,TRUE,TRUE,TRUE,FALSE,FALSE,"not-scanned","no filename evidence; content not exhaustively inspected",FALSE,"relocate","not tracked; ignored; type=other; size_bytes=0","No credentials were printed. Relocate/review is a proposal, not a deletion decision."
".Rproj.user/shared/notebooks/patch-chunk-names",FALSE,TRUE,TRUE,TRUE,FALSE,FALSE,"not-scanned","no filename evidence; content not exhaustively inspected",FALSE,"relocate","not tracked; ignored; type=other; size_bytes=0","No credentials were printed. Relocate/review is a proposal, not a deletion decision."
".Rproj.user/shared/notebooks/paths",FALSE,TRUE,TRUE,TRUE,FALSE,FALSE,"not-scanned","no filename evidence; content not exhaustively inspected",FALSE,"relocate","not tracked; ignored; type=other; size_bytes=456","No credentials were printed. Relocate/review is a proposal, not a deletion decision."
"artifacts/.crop-certification/oceancube_0.0.0.9000.tar.gz",FALSE,TRUE,TRUE,TRUE,FALSE,FALSE,"not-scanned","no filename evidence; content not exhaustively inspected",FALSE,"relocate","not tracked; ignored; type=artifact; size_bytes=1223974","No credentials were printed. Relocate/review is a proposal, not a deletion decision."
"artifacts/.extract-certification/oceancube_0.0.0.9000.tar.gz",FALSE,TRUE,TRUE,TRUE,FALSE,FALSE,"not-scanned","no filename evidence; content not exhaustively inspected",FALSE,"relocate","not tracked; ignored; type=artifact; size_bytes=1234493","No credentials were printed. Relocate/review is a proposal, not a deletion decision."
"artifacts/h24-final/cache/R/pkgdown/bootstrap-toc/1.0.1/bootstrap-toc.min.js",FALSE,TRUE,TRUE,TRUE,FALSE,FALSE,"not-scanned","no filename evidence; content not exhaustively inspected",FALSE,"relocate","not tracked; ignored; type=artifact; size_bytes=2107","No credentials were printed. Relocate/review is a proposal, not a deletion decision."
"artifacts/h24-final/cache/R/pkgdown/clipboard.js/2.0.11/clipboard.min.js",FALSE,TRUE,TRUE,TRUE,FALSE,FALSE,"not-scanned","no filename evidence; content not exhaustively inspected",FALSE,"relocate","not tracked; ignored; type=artifact; size_bytes=9160","No credentials were printed. Relocate/review is a proposal, not a deletion decision."
"artifacts/h24-final/cache/R/pkgdown/headroom/0.11.0/headroom.min.js",FALSE,TRUE,TRUE,TRUE,FALSE,FALSE,"not-scanned","no filename evidence; content not exhaustively inspected",FALSE,"relocate","not tracked; ignored; type=artifact; size_bytes=4526","No credentials were printed. Relocate/review is a proposal, not a deletion decision."
"artifacts/h24-final/cache/R/pkgdown/headroom/0.11.0/jQuery.headroom.min.js",FALSE,TRUE,TRUE,TRUE,FALSE,FALSE,"not-scanned","no filename evidence; content not exhaustively inspected",FALSE,"relocate","not tracked; ignored; type=artifact; size_bytes=589","No credentials were printed. Relocate/review is a proposal, not a deletion decision."
"artifacts/h24-final/cache/R/pkgdown/http/918fb91ebd579178c7691d8e95bbddae.rds",FALSE,TRUE,TRUE,TRUE,FALSE,FALSE,"not-scanned","no filename evidence; content not exhaustively inspected",FALSE,"relocate","not tracked; ignored; type=artifact; size_bytes=16088","No credentials were printed. Relocate/review is a proposal, not a deletion decision."
"artifacts/h24-final/cache/R/pkgdown/search/1.0.0/autocomplete.jquery.min.js",FALSE,TRUE,TRUE,TRUE,FALSE,FALSE,"not-scanned","no filename evidence; content not exhaustively inspected",FALSE,"relocate","not tracked; ignored; type=artifact; size_bytes=36562","No credentials were printed. Relocate/review is a proposal, not a deletion decision."
"artifacts/h24-final/cache/R/pkgdown/search/1.0.0/fuse.min.js",FALSE,TRUE,TRUE,TRUE,FALSE,FALSE,"not-scanned","no filename evidence; content not exhaustively inspected",FALSE,"relocate","not tracked; ignored; type=artifact; size_bytes=23035","No credentials were printed. Relocate/review is a proposal, not a deletion decision."
"artifacts/h24-final/cache/R/pkgdown/search/1.0.0/mark.min.js",FALSE,TRUE,TRUE,TRUE,FALSE,FALSE,"not-scanned","no filename evidence; content not exhaustively inspected",FALSE,"relocate","not tracked; ignored; type=artifact; size_bytes=16917","No credentials were printed. Relocate/review is a proposal, not a deletion decision."
"artifacts/h24-final/cache/R/sass/239dca29cf53d3dbd4cb157aefcb5b9e",FALSE,TRUE,TRUE,TRUE,FALSE,FALSE,"not-scanned","no filename evidence; content not exhaustively inspected",FALSE,"relocate","not tracked; ignored; type=artifact; size_bytes=287894","No credentials were printed. Relocate/review is a proposal, not a deletion decision."
"artifacts/h24-final/library/oceancube/architecture/oceancube-spatind-boundary.md",FALSE,TRUE,TRUE,TRUE,FALSE,FALSE,"not-scanned","no filename evidence; content not exhaustively inspected",FALSE,"relocate","not tracked; ignored; type=artifact; size_bytes=5299","No credentials were printed. Relocate/review is a proposal, not a deletion decision."
"artifacts/h24-final/library/oceancube/CITATION",FALSE,TRUE,TRUE,TRUE,FALSE,FALSE,"not-scanned","no filename evidence; content not exhaustively inspected",FALSE,"relocate","not tracked; ignored; type=metadata; size_bytes=116","No credentials were printed. Relocate/review is a proposal, not a deletion decision."
"artifacts/h24-final/library/oceancube/DESCRIPTION",FALSE,TRUE,TRUE,TRUE,FALSE,FALSE,"not-scanned","no filename evidence; content not exhaustively inspected",FALSE,"relocate","not tracked; ignored; type=metadata; size_bytes=1251","No credentials were printed. Relocate/review is a proposal, not a deletion decision."
"artifacts/h24-final/library/oceancube/doc/get-started.html",FALSE,TRUE,TRUE,TRUE,FALSE,FALSE,"not-scanned","no filename evidence; content not exhaustively inspected",FALSE,"relocate","not tracked; ignored; type=website; size_bytes=11230","No credentials were printed. Relocate/review is a proposal, not a deletion decision."
"artifacts/h24-final/library/oceancube/doc/get-started.R",FALSE,TRUE,TRUE,TRUE,FALSE,FALSE,"not-scanned","no filename evidence; content not exhaustively inspected",FALSE,"relocate","not tracked; ignored; type=artifact; size_bytes=341","No credentials were printed. Relocate/review is a proposal, not a deletion decision."
"artifacts/h24-final/library/oceancube/doc/get-started.Rmd",FALSE,TRUE,TRUE,TRUE,FALSE,FALSE,"not-scanned","no filename evidence; content not exhaustively inspected",FALSE,"relocate","not tracked; ignored; type=artifact; size_bytes=737","No credentials were printed. Relocate/review is a proposal, not a deletion decision."
"artifacts/h24-final/library/oceancube/doc/index.html",FALSE,TRUE,TRUE,TRUE,FALSE,FALSE,"not-scanned","no filename evidence; content not exhaustively inspected",FALSE,"relocate","not tracked; ignored; type=website; size_bytes=3354","No credentials were printed. Relocate/review is a proposal, not a deletion decision."
"artifacts/h24-final/library/oceancube/doc/oceancube-architecture.html",FALSE,TRUE,TRUE,TRUE,FALSE,FALSE,"not-scanned","no filename evidence; content not exhaustively inspected",FALSE,"relocate","not tracked; ignored; type=website; size_bytes=13532","No credentials were printed. Relocate/review is a proposal, not a deletion decision."
"artifacts/h24-final/library/oceancube/doc/oceancube-architecture.R",FALSE,TRUE,TRUE,TRUE,FALSE,FALSE,"not-scanned","no filename evidence; content not exhaustively inspected",FALSE,"relocate","not tracked; ignored; type=artifact; size_bytes=369","No credentials were printed. Relocate/review is a proposal, not a deletion decision."
"artifacts/h24-final/library/oceancube/doc/oceancube-architecture.Rmd",FALSE,TRUE,TRUE,TRUE,FALSE,FALSE,"not-scanned","no filename evidence; content not exhaustively inspected",FALSE,"relocate","not tracked; ignored; type=artifact; size_bytes=2553","No credentials were printed. Relocate/review is a proposal, not a deletion decision."
"artifacts/h24-final/library/oceancube/doc/oceancube-geometry-weights.html",FALSE,TRUE,TRUE,TRUE,FALSE,FALSE,"not-scanned","no filename evidence; content not exhaustively inspected",FALSE,"relocate","not tracked; ignored; type=website; size_bytes=23626","No credentials were printed. Relocate/review is a proposal, not a deletion decision."
"artifacts/h24-final/library/oceancube/doc/oceancube-geometry-weights.R",FALSE,TRUE,TRUE,TRUE,FALSE,FALSE,"not-scanned","no filename evidence; content not exhaustively inspected",FALSE,"relocate","not tracked; ignored; type=artifact; size_bytes=1279","No credentials were printed. Relocate/review is a proposal, not a deletion decision."
"artifacts/h24-final/library/oceancube/doc/oceancube-geometry-weights.Rmd",FALSE,TRUE,TRUE,TRUE,FALSE,FALSE,"not-scanned","no filename evidence; content not exhaustively inspected",FALSE,"relocate","not tracked; ignored; type=artifact; size_bytes=2215","No credentials were printed. Relocate/review is a proposal, not a deletion decision."
"artifacts/h24-final/library/oceancube/doc/oceancube-introduction.html",FALSE,TRUE,TRUE,TRUE,FALSE,FALSE,"not-scanned","no filename evidence; content not exhaustively inspected",FALSE,"relocate","not tracked; ignored; type=website; size_bytes=24863","No credentials were printed. Relocate/review is a proposal, not a deletion decision."
"artifacts/h24-final/library/oceancube/doc/oceancube-introduction.R",FALSE,TRUE,TRUE,TRUE,FALSE,FALSE,"not-scanned","no filename evidence; content not exhaustively inspected",FALSE,"relocate","not tracked; ignored; type=artifact; size_bytes=1818","No credentials were printed. Relocate/review is a proposal, not a deletion decision."
"artifacts/h24-final/library/oceancube/doc/oceancube-introduction.Rmd",FALSE,TRUE,TRUE,TRUE,FALSE,FALSE,"not-scanned","no filename evidence; content not exhaustively inspected",FALSE,"relocate","not tracked; ignored; type=artifact; size_bytes=3404","No credentials were printed. Relocate/review is a proposal, not a deletion decision."
"artifacts/h24-final/library/oceancube/examples/backend_memory.R",FALSE,TRUE,TRUE,TRUE,FALSE,FALSE,"not-scanned","no filename evidence; content not exhaustively inspected",FALSE,"relocate","not tracked; ignored; type=artifact; size_bytes=3995","No credentials were printed. Relocate/review is a proposal, not a deletion decision."
"artifacts/h24-final/library/oceancube/examples/backend_netcdf_descriptor.R",FALSE,TRUE,TRUE,TRUE,FALSE,FALSE,"not-scanned","no filename evidence; content not exhaustively inspected",FALSE,"relocate","not tracked; ignored; type=artifact; size_bytes=5112","No credentials were printed. Relocate/review is a proposal, not a deletion decision."
"artifacts/h24-final/library/oceancube/examples/backend_netcdf_read_block.R",FALSE,TRUE,TRUE,TRUE,FALSE,FALSE,"not-scanned","no filename evidence; content not exhaustively inspected",FALSE,"relocate","not tracked; ignored; type=artifact; size_bytes=6686","No credentials were printed. Relocate/review is a proposal, not a deletion decision."
"artifacts/h24-final/library/oceancube/examples/baseline_ocean_cube.R",FALSE,TRUE,TRUE,TRUE,FALSE,FALSE,"not-scanned","no filename evidence; content not exhaustively inspected",FALSE,"relocate","not tracked; ignored; type=artifact; size_bytes=3704","No credentials were printed. Relocate/review is a proposal, not a deletion decision."
"artifacts/h24-final/library/oceancube/examples/cube_crop.R",FALSE,TRUE,TRUE,TRUE,FALSE,FALSE,"not-scanned","no filename evidence; content not exhaustively inspected",FALSE,"relocate","not tracked; ignored; type=artifact; size_bytes=8540","No credentials were printed. Relocate/review is a proposal, not a deletion decision."
"artifacts/h24-final/library/oceancube/examples/cube_extract.R",FALSE,TRUE,TRUE,TRUE,FALSE,FALSE,"not-scanned","no filename evidence; content not exhaustively inspected",FALSE,"relocate","not tracked; ignored; type=artifact; size_bytes=7836","No credentials were printed. Relocate/review is a proposal, not a deletion decision."
"artifacts/h24-final/library/oceancube/examples/cube_geometry_weights.R",FALSE,TRUE,TRUE,TRUE,FALSE,FALSE,"not-scanned","no filename evidence; content not exhaustively inspected",FALSE,"relocate","not tracked; ignored; type=artifact; size_bytes=4084","No credentials were printed. Relocate/review is a proposal, not a deletion decision."
"artifacts/h24-final/library/oceancube/examples/cube_mask.R",FALSE,TRUE,TRUE,TRUE,FALSE,FALSE,"not-scanned","no filename evidence; content not exhaustively inspected",FALSE,"relocate","not tracked; ignored; type=artifact; size_bytes=6852","No credentials were printed. Relocate/review is a proposal, not a deletion decision."
"artifacts/h24-final/library/oceancube/examples/cube_slice.R",FALSE,TRUE,TRUE,TRUE,FALSE,FALSE,"not-scanned","no filename evidence; content not exhaustively inspected",FALSE,"relocate","not tracked; ignored; type=artifact; size_bytes=6283","No credentials were printed. Relocate/review is a proposal, not a deletion decision."
"artifacts/h24-final/library/oceancube/examples/cube_transect.R",FALSE,TRUE,TRUE,TRUE,FALSE,FALSE,"not-scanned","no filename evidence; content not exhaustively inspected",FALSE,"relocate","not tracked; ignored; type=artifact; size_bytes=7793","No credentials were printed. Relocate/review is a proposal, not a deletion decision."
"artifacts/h24-final/library/oceancube/examples/noncontiguous_collect.R",FALSE,TRUE,TRUE,TRUE,FALSE,FALSE,"not-scanned","no filename evidence; content not exhaustively inspected",FALSE,"relocate","not tracked; ignored; type=artifact; size_bytes=3913","No credentials were printed. Relocate/review is a proposal, not a deletion decision."
"artifacts/h24-final/library/oceancube/examples/ocean_cube_contract.R",FALSE,TRUE,TRUE,TRUE,FALSE,FALSE,"not-scanned","no filename evidence; content not exhaustively inspected",FALSE,"relocate","not tracked; ignored; type=artifact; size_bytes=4027","No credentials were printed. Relocate/review is a proposal, not a deletion decision."
"artifacts/h24-final/library/oceancube/examples/refactor_coast_dist_backend.R",FALSE,TRUE,TRUE,TRUE,FALSE,FALSE,"not-scanned","no filename evidence; content not exhaustively inspected",FALSE,"relocate","not tracked; ignored; type=artifact; size_bytes=4008","No credentials were printed. Relocate/review is a proposal, not a deletion decision."
"artifacts/h24-final/library/oceancube/examples/refactor_layer_annual_backend.R",FALSE,TRUE,TRUE,TRUE,FALSE,FALSE,"not-scanned","no filename evidence; content not exhaustively inspected",FALSE,"relocate","not tracked; ignored; type=artifact; size_bytes=3656","No credentials were printed. Relocate/review is a proposal, not a deletion decision."
"artifacts/h24-final/library/oceancube/examples/refactor_link_events_backend.R",FALSE,TRUE,TRUE,TRUE,FALSE,FALSE,"not-scanned","no filename evidence; content not exhaustively inspected",FALSE,"relocate","not tracked; ignored; type=artifact; size_bytes=5629","No credentials were printed. Relocate/review is a proposal, not a deletion decision."
"artifacts/h24-final/library/oceancube/examples/refactor_temporal_backend.R",FALSE,TRUE,TRUE,TRUE,FALSE,FALSE,"not-scanned","no filename evidence; content not exhaustively inspected",FALSE,"relocate","not tracked; ignored; type=artifact; size_bytes=4304","No credentials were printed. Relocate/review is a proposal, not a deletion decision."
"artifacts/h24-final/library/oceancube/help/aliases.rds",FALSE,TRUE,TRUE,TRUE,FALSE,FALSE,"not-scanned","no filename evidence; content not exhaustively inspected",FALSE,"relocate","not tracked; ignored; type=artifact; size_bytes=309","No credentials were printed. Relocate/review is a proposal, not a deletion decision."
"artifacts/h24-final/library/oceancube/help/AnIndex",FALSE,TRUE,TRUE,TRUE,FALSE,FALSE,"not-scanned","no filename evidence; content not exhaustively inspected",FALSE,"relocate","not tracked; ignored; type=artifact; size_bytes=675","No credentials were printed. Relocate/review is a proposal, not a deletion decision."
"artifacts/h24-final/library/oceancube/help/oceancube.rdb",FALSE,TRUE,TRUE,TRUE,FALSE,FALSE,"not-scanned","no filename evidence; content not exhaustively inspected",FALSE,"relocate","not tracked; ignored; type=artifact; size_bytes=67839","No credentials were printed. Relocate/review is a proposal, not a deletion decision."
"artifacts/h24-final/library/oceancube/help/oceancube.rdx",FALSE,TRUE,TRUE,TRUE,FALSE,FALSE,"not-scanned","no filename evidence; content not exhaustively inspected",FALSE,"relocate","not tracked; ignored; type=artifact; size_bytes=765","No credentials were printed. Relocate/review is a proposal, not a deletion decision."
"artifacts/h24-final/library/oceancube/help/paths.rds",FALSE,TRUE,TRUE,TRUE,FALSE,FALSE,"not-scanned","no filename evidence; content not exhaustively inspected",FALSE,"relocate","not tracked; ignored; type=artifact; size_bytes=425","No credentials were printed. Relocate/review is a proposal, not a deletion decision."
"artifacts/h24-final/library/oceancube/html/00Index.html",FALSE,TRUE,TRUE,TRUE,FALSE,FALSE,"not-scanned","no filename evidence; content not exhaustively inspected",FALSE,"relocate","not tracked; ignored; type=website; size_bytes=4858","No credentials were printed. Relocate/review is a proposal, not a deletion decision."
"artifacts/h24-final/library/oceancube/html/R.css",FALSE,TRUE,TRUE,TRUE,FALSE,FALSE,"not-scanned","no filename evidence; content not exhaustively inspected",FALSE,"relocate","not tracked; ignored; type=artifact; size_bytes=1735","No credentials were printed. Relocate/review is a proposal, not a deletion decision."
"artifacts/h24-final/library/oceancube/INDEX",FALSE,TRUE,TRUE,TRUE,FALSE,FALSE,"not-scanned","no filename evidence; content not exhaustively inspected",FALSE,"relocate","not tracked; ignored; type=artifact; size_bytes=2119","No credentials were printed. Relocate/review is a proposal, not a deletion decision."
"artifacts/h24-final/library/oceancube/LICENSE",FALSE,TRUE,TRUE,TRUE,FALSE,FALSE,"not-scanned","no filename evidence; content not exhaustively inspected",FALSE,"relocate","not tracked; ignored; type=metadata; size_bytes=1082","No credentials were printed. Relocate/review is a proposal, not a deletion decision."
"artifacts/h24-final/library/oceancube/Meta/features.rds",FALSE,TRUE,TRUE,TRUE,FALSE,FALSE,"not-scanned","no filename evidence; content not exhaustively inspected",FALSE,"relocate","not tracked; ignored; type=artifact; size_bytes=122","No credentials were printed. Relocate/review is a proposal, not a deletion decision."
"artifacts/h24-final/library/oceancube/Meta/hsearch.rds",FALSE,TRUE,TRUE,TRUE,FALSE,FALSE,"not-scanned","no filename evidence; content not exhaustively inspected",FALSE,"relocate","not tracked; ignored; type=artifact; size_bytes=1114","No credentials were printed. Relocate/review is a proposal, not a deletion decision."
"artifacts/h24-final/library/oceancube/Meta/links.rds",FALSE,TRUE,TRUE,TRUE,FALSE,FALSE,"not-scanned","no filename evidence; content not exhaustively inspected",FALSE,"relocate","not tracked; ignored; type=artifact; size_bytes=474","No credentials were printed. Relocate/review is a proposal, not a deletion decision."
"artifacts/h24-final/library/oceancube/Meta/nsInfo.rds",FALSE,TRUE,TRUE,TRUE,FALSE,FALSE,"not-scanned","no filename evidence; content not exhaustively inspected",FALSE,"relocate","not tracked; ignored; type=artifact; size_bytes=450","No credentials were printed. Relocate/review is a proposal, not a deletion decision."
"artifacts/h24-final/library/oceancube/Meta/package.rds",FALSE,TRUE,TRUE,TRUE,FALSE,FALSE,"not-scanned","no filename evidence; content not exhaustively inspected",FALSE,"relocate","not tracked; ignored; type=artifact; size_bytes=1186","No credentials were printed. Relocate/review is a proposal, not a deletion decision."
"artifacts/h24-final/library/oceancube/Meta/Rd.rds",FALSE,TRUE,TRUE,TRUE,FALSE,FALSE,"not-scanned","no filename evidence; content not exhaustively inspected",FALSE,"relocate","not tracked; ignored; type=artifact; size_bytes=1225","No credentials were printed. Relocate/review is a proposal, not a deletion decision."
"artifacts/h24-final/library/oceancube/Meta/vignette.rds",FALSE,TRUE,TRUE,TRUE,FALSE,FALSE,"not-scanned","no filename evidence; content not exhaustively inspected",FALSE,"relocate","not tracked; ignored; type=artifact; size_bytes=342","No credentials were printed. Relocate/review is a proposal, not a deletion decision."
"artifacts/h24-final/library/oceancube/NAMESPACE",FALSE,TRUE,TRUE,TRUE,FALSE,FALSE,"not-scanned","no filename evidence; content not exhaustively inspected",FALSE,"relocate","not tracked; ignored; type=metadata; size_bytes=696","No credentials were printed. Relocate/review is a proposal, not a deletion decision."
"artifacts/h24-final/library/oceancube/NEWS.md",FALSE,TRUE,TRUE,TRUE,FALSE,FALSE,"not-scanned","no filename evidence; content not exhaustively inspected",FALSE,"relocate","not tracked; ignored; type=documentation; size_bytes=1673","No credentials were printed. Relocate/review is a proposal, not a deletion decision."
"artifacts/h24-final/library/oceancube/R/oceancube",FALSE,TRUE,TRUE,TRUE,FALSE,FALSE,"not-scanned","no filename evidence; content not exhaustively inspected",FALSE,"relocate","not tracked; ignored; type=artifact; size_bytes=1058","No credentials were printed. Relocate/review is a proposal, not a deletion decision."
"artifacts/h24-final/library/oceancube/R/oceancube.rdb",FALSE,TRUE,TRUE,TRUE,FALSE,FALSE,"not-scanned","no filename evidence; content not exhaustively inspected",FALSE,"relocate","not tracked; ignored; type=artifact; size_bytes=316407","No credentials were printed. Relocate/review is a proposal, not a deletion decision."
"artifacts/h24-final/library/oceancube/R/oceancube.rdx",FALSE,TRUE,TRUE,TRUE,FALSE,FALSE,"not-scanned","no filename evidence; content not exhaustively inspected",FALSE,"relocate","not tracked; ignored; type=artifact; size_bytes=3055","No credentials were printed. Relocate/review is a proposal, not a deletion decision."
"artifacts/h24-final/oceancube.Rcheck/00_pkg_src/oceancube/build/vignette.rds",FALSE,TRUE,TRUE,TRUE,FALSE,FALSE,"not-scanned","no filename evidence; content not exhaustively inspected",FALSE,"relocate","not tracked; ignored; type=artifact; size_bytes=342","No credentials were printed. Relocate/review is a proposal, not a deletion decision."
"artifacts/h24-final/oceancube.Rcheck/00_pkg_src/oceancube/CODE_OF_CONDUCT.md",FALSE,TRUE,TRUE,TRUE,FALSE,FALSE,"not-scanned","no filename evidence; content not exhaustively inspected",FALSE,"relocate","not tracked; ignored; type=artifact; size_bytes=93","No credentials were printed. Relocate/review is a proposal, not a deletion decision."
"artifacts/h24-final/oceancube.Rcheck/00_pkg_src/oceancube/CONTRIBUTING.md",FALSE,TRUE,TRUE,TRUE,FALSE,FALSE,"not-scanned","no filename evidence; content not exhaustively inspected",FALSE,"relocate","not tracked; ignored; type=artifact; size_bytes=130","No credentials were printed. Relocate/review is a proposal, not a deletion decision."
"artifacts/h24-final/oceancube.Rcheck/00_pkg_src/oceancube/DESCRIPTION",FALSE,TRUE,TRUE,TRUE,FALSE,FALSE,"not-scanned","no filename evidence; content not exhaustively inspected",FALSE,"relocate","not tracked; ignored; type=metadata; size_bytes=1199","No credentials were printed. Relocate/review is a proposal, not a deletion decision."
"artifacts/h24-final/oceancube.Rcheck/00_pkg_src/oceancube/inst/architecture/oceancube-spatind-boundary.md",FALSE,TRUE,TRUE,TRUE,FALSE,FALSE,"not-scanned","no filename evidence; content not exhaustively inspected",FALSE,"relocate","not tracked; ignored; type=artifact; size_bytes=5299","No credentials were printed. Relocate/review is a proposal, not a deletion decision."
"artifacts/h24-final/oceancube.Rcheck/00_pkg_src/oceancube/inst/CITATION",FALSE,TRUE,TRUE,TRUE,FALSE,FALSE,"not-scanned","no filename evidence; content not exhaustively inspected",FALSE,"relocate","not tracked; ignored; type=metadata; size_bytes=116","No credentials were printed. Relocate/review is a proposal, not a deletion decision."
"artifacts/h24-final/oceancube.Rcheck/00_pkg_src/oceancube/inst/doc/get-started.html",FALSE,TRUE,TRUE,TRUE,FALSE,FALSE,"not-scanned","no filename evidence; content not exhaustively inspected",FALSE,"relocate","not tracked; ignored; type=website; size_bytes=11230","No credentials were printed. Relocate/review is a proposal, not a deletion decision."
"artifacts/h24-final/oceancube.Rcheck/00_pkg_src/oceancube/inst/doc/get-started.R",FALSE,TRUE,TRUE,TRUE,FALSE,FALSE,"not-scanned","no filename evidence; content not exhaustively inspected",FALSE,"relocate","not tracked; ignored; type=artifact; size_bytes=341","No credentials were printed. Relocate/review is a proposal, not a deletion decision."
"artifacts/h24-final/oceancube.Rcheck/00_pkg_src/oceancube/inst/doc/get-started.Rmd",FALSE,TRUE,TRUE,TRUE,FALSE,FALSE,"not-scanned","no filename evidence; content not exhaustively inspected",FALSE,"relocate","not tracked; ignored; type=artifact; size_bytes=737","No credentials were printed. Relocate/review is a proposal, not a deletion decision."
"artifacts/h24-final/oceancube.Rcheck/00_pkg_src/oceancube/inst/doc/oceancube-architecture.html",FALSE,TRUE,TRUE,TRUE,FALSE,FALSE,"not-scanned","no filename evidence; content not exhaustively inspected",FALSE,"relocate","not tracked; ignored; type=website; size_bytes=13532","No credentials were printed. Relocate/review is a proposal, not a deletion decision."
"artifacts/h24-final/oceancube.Rcheck/00_pkg_src/oceancube/inst/doc/oceancube-architecture.R",FALSE,TRUE,TRUE,TRUE,FALSE,FALSE,"not-scanned","no filename evidence; content not exhaustively inspected",FALSE,"relocate","not tracked; ignored; type=artifact; size_bytes=369","No credentials were printed. Relocate/review is a proposal, not a deletion decision."
"artifacts/h24-final/oceancube.Rcheck/00_pkg_src/oceancube/inst/doc/oceancube-architecture.Rmd",FALSE,TRUE,TRUE,TRUE,FALSE,FALSE,"not-scanned","no filename evidence; content not exhaustively inspected",FALSE,"relocate","not tracked; ignored; type=artifact; size_bytes=2553","No credentials were printed. Relocate/review is a proposal, not a deletion decision."
"artifacts/h24-final/oceancube.Rcheck/00_pkg_src/oceancube/inst/doc/oceancube-geometry-weights.html",FALSE,TRUE,TRUE,TRUE,FALSE,FALSE,"not-scanned","no filename evidence; content not exhaustively inspected",FALSE,"relocate","not tracked; ignored; type=website; size_bytes=23626","No credentials were printed. Relocate/review is a proposal, not a deletion decision."
"artifacts/h24-final/oceancube.Rcheck/00_pkg_src/oceancube/inst/doc/oceancube-geometry-weights.R",FALSE,TRUE,TRUE,TRUE,FALSE,FALSE,"not-scanned","no filename evidence; content not exhaustively inspected",FALSE,"relocate","not tracked; ignored; type=artifact; size_bytes=1279","No credentials were printed. Relocate/review is a proposal, not a deletion decision."
"artifacts/h24-final/oceancube.Rcheck/00_pkg_src/oceancube/inst/doc/oceancube-geometry-weights.Rmd",FALSE,TRUE,TRUE,TRUE,FALSE,FALSE,"not-scanned","no filename evidence; content not exhaustively inspected",FALSE,"relocate","not tracked; ignored; type=artifact; size_bytes=2215","No credentials were printed. Relocate/review is a proposal, not a deletion decision."
"artifacts/h24-final/oceancube.Rcheck/00_pkg_src/oceancube/inst/doc/oceancube-introduction.html",FALSE,TRUE,TRUE,TRUE,FALSE,FALSE,"not-scanned","no filename evidence; content not exhaustively inspected",FALSE,"relocate","not tracked; ignored; type=website; size_bytes=24863","No credentials were printed. Relocate/review is a proposal, not a deletion decision."
"artifacts/h24-final/oceancube.Rcheck/00_pkg_src/oceancube/inst/doc/oceancube-introduction.R",FALSE,TRUE,TRUE,TRUE,FALSE,FALSE,"not-scanned","no filename evidence; content not exhaustively inspected",FALSE,"relocate","not tracked; ignored; type=artifact; size_bytes=1818","No credentials were printed. Relocate/review is a proposal, not a deletion decision."
"artifacts/h24-final/oceancube.Rcheck/00_pkg_src/oceancube/inst/doc/oceancube-introduction.Rmd",FALSE,TRUE,TRUE,TRUE,FALSE,FALSE,"not-scanned","no filename evidence; content not exhaustively inspected",FALSE,"relocate","not tracked; ignored; type=artifact; size_bytes=3404","No credentials were printed. Relocate/review is a proposal, not a deletion decision."
"artifacts/h24-final/oceancube.Rcheck/00_pkg_src/oceancube/inst/examples/backend_memory.R",FALSE,TRUE,TRUE,TRUE,FALSE,FALSE,"not-scanned","no filename evidence; content not exhaustively inspected",FALSE,"relocate","not tracked; ignored; type=artifact; size_bytes=3995","No credentials were printed. Relocate/review is a proposal, not a deletion decision."
"artifacts/h24-final/oceancube.Rcheck/00_pkg_src/oceancube/inst/examples/backend_netcdf_descriptor.R",FALSE,TRUE,TRUE,TRUE,FALSE,FALSE,"not-scanned","no filename evidence; content not exhaustively inspected",FALSE,"relocate","not tracked; ignored; type=artifact; size_bytes=5112","No credentials were printed. Relocate/review is a proposal, not a deletion decision."
"artifacts/h24-final/oceancube.Rcheck/00_pkg_src/oceancube/inst/examples/backend_netcdf_read_block.R",FALSE,TRUE,TRUE,TRUE,FALSE,FALSE,"not-scanned","no filename evidence; content not exhaustively inspected",FALSE,"relocate","not tracked; ignored; type=artifact; size_bytes=6686","No credentials were printed. Relocate/review is a proposal, not a deletion decision."
"artifacts/h24-final/oceancube.Rcheck/00_pkg_src/oceancube/inst/examples/baseline_ocean_cube.R",FALSE,TRUE,TRUE,TRUE,FALSE,FALSE,"not-scanned","no filename evidence; content not exhaustively inspected",FALSE,"relocate","not tracked; ignored; type=artifact; size_bytes=3704","No credentials were printed. Relocate/review is a proposal, not a deletion decision."
"artifacts/h24-final/oceancube.Rcheck/00_pkg_src/oceancube/inst/examples/cube_crop.R",FALSE,TRUE,TRUE,TRUE,FALSE,FALSE,"not-scanned","no filename evidence; content not exhaustively inspected",FALSE,"relocate","not tracked; ignored; type=artifact; size_bytes=8540","No credentials were printed. Relocate/review is a proposal, not a deletion decision."
"artifacts/h24-final/oceancube.Rcheck/00_pkg_src/oceancube/inst/examples/cube_extract.R",FALSE,TRUE,TRUE,TRUE,FALSE,FALSE,"not-scanned","no filename evidence; content not exhaustively inspected",FALSE,"relocate","not tracked; ignored; type=artifact; size_bytes=7836","No credentials were printed. Relocate/review is a proposal, not a deletion decision."
"artifacts/h24-final/oceancube.Rcheck/00_pkg_src/oceancube/inst/examples/cube_geometry_weights.R",FALSE,TRUE,TRUE,TRUE,FALSE,FALSE,"not-scanned","no filename evidence; content not exhaustively inspected",FALSE,"relocate","not tracked; ignored; type=artifact; size_bytes=4084","No credentials were printed. Relocate/review is a proposal, not a deletion decision."
"artifacts/h24-final/oceancube.Rcheck/00_pkg_src/oceancube/inst/examples/cube_mask.R",FALSE,TRUE,TRUE,TRUE,FALSE,FALSE,"not-scanned","no filename evidence; content not exhaustively inspected",FALSE,"relocate","not tracked; ignored; type=artifact; size_bytes=6852","No credentials were printed. Relocate/review is a proposal, not a deletion decision."
"artifacts/h24-final/oceancube.Rcheck/00_pkg_src/oceancube/inst/examples/cube_slice.R",FALSE,TRUE,TRUE,TRUE,FALSE,FALSE,"not-scanned","no filename evidence; content not exhaustively inspected",FALSE,"relocate","not tracked; ignored; type=artifact; size_bytes=6283","No credentials were printed. Relocate/review is a proposal, not a deletion decision."
"artifacts/h24-final/oceancube.Rcheck/00_pkg_src/oceancube/inst/examples/cube_transect.R",FALSE,TRUE,TRUE,TRUE,FALSE,FALSE,"not-scanned","no filename evidence; content not exhaustively inspected",FALSE,"relocate","not tracked; ignored; type=artifact; size_bytes=7793","No credentials were printed. Relocate/review is a proposal, not a deletion decision."
"artifacts/h24-final/oceancube.Rcheck/00_pkg_src/oceancube/inst/examples/noncontiguous_collect.R",FALSE,TRUE,TRUE,TRUE,FALSE,FALSE,"not-scanned","no filename evidence; content not exhaustively inspected",FALSE,"relocate","not tracked; ignored; type=artifact; size_bytes=3913","No credentials were printed. Relocate/review is a proposal, not a deletion decision."
"artifacts/h24-final/oceancube.Rcheck/00_pkg_src/oceancube/inst/examples/ocean_cube_contract.R",FALSE,TRUE,TRUE,TRUE,FALSE,FALSE,"not-scanned","no filename evidence; content not exhaustively inspected",FALSE,"relocate","not tracked; ignored; type=artifact; size_bytes=4027","No credentials were printed. Relocate/review is a proposal, not a deletion decision."
"artifacts/h24-final/oceancube.Rcheck/00_pkg_src/oceancube/inst/examples/refactor_coast_dist_backend.R",FALSE,TRUE,TRUE,TRUE,FALSE,FALSE,"not-scanned","no filename evidence; content not exhaustively inspected",FALSE,"relocate","not tracked; ignored; type=artifact; size_bytes=4008","No credentials were printed. Relocate/review is a proposal, not a deletion decision."
"artifacts/h24-final/oceancube.Rcheck/00_pkg_src/oceancube/inst/examples/refactor_layer_annual_backend.R",FALSE,TRUE,TRUE,TRUE,FALSE,FALSE,"not-scanned","no filename evidence; content not exhaustively inspected",FALSE,"relocate","not tracked; ignored; type=artifact; size_bytes=3656","No credentials were printed. Relocate/review is a proposal, not a deletion decision."
"artifacts/h24-final/oceancube.Rcheck/00_pkg_src/oceancube/inst/examples/refactor_link_events_backend.R",FALSE,TRUE,TRUE,TRUE,FALSE,FALSE,"not-scanned","no filename evidence; content not exhaustively inspected",FALSE,"relocate","not tracked; ignored; type=artifact; size_bytes=5629","No credentials were printed. Relocate/review is a proposal, not a deletion decision."
"artifacts/h24-final/oceancube.Rcheck/00_pkg_src/oceancube/inst/examples/refactor_temporal_backend.R",FALSE,TRUE,TRUE,TRUE,FALSE,FALSE,"not-scanned","no filename evidence; content not exhaustively inspected",FALSE,"relocate","not tracked; ignored; type=artifact; size_bytes=4304","No credentials were printed. Relocate/review is a proposal, not a deletion decision."
"artifacts/h24-final/oceancube.Rcheck/00_pkg_src/oceancube/LICENSE",FALSE,TRUE,TRUE,TRUE,FALSE,FALSE,"not-scanned","no filename evidence; content not exhaustively inspected",FALSE,"relocate","not tracked; ignored; type=metadata; size_bytes=1082","No credentials were printed. Relocate/review is a proposal, not a deletion decision."
"artifacts/h24-final/oceancube.Rcheck/00_pkg_src/oceancube/man/annual_index.Rd",FALSE,TRUE,TRUE,TRUE,FALSE,FALSE,"not-scanned","no filename evidence; content not exhaustively inspected",FALSE,"relocate","not tracked; ignored; type=artifact; size_bytes=648","No credentials were printed. Relocate/review is a proposal, not a deletion decision."
"artifacts/h24-final/oceancube.Rcheck/00_pkg_src/oceancube/man/anom_diff.Rd",FALSE,TRUE,TRUE,TRUE,FALSE,FALSE,"not-scanned","no filename evidence; content not exhaustively inspected",FALSE,"relocate","not tracked; ignored; type=artifact; size_bytes=499","No credentials were printed. Relocate/review is a proposal, not a deletion decision."
"artifacts/h24-final/oceancube.Rcheck/00_pkg_src/oceancube/man/anom_z.Rd",FALSE,TRUE,TRUE,TRUE,FALSE,FALSE,"not-scanned","no filename evidence; content not exhaustively inspected",FALSE,"relocate","not tracked; ignored; type=artifact; size_bytes=523","No credentials were printed. Relocate/review is a proposal, not a deletion decision."
"artifacts/h24-final/oceancube.Rcheck/00_pkg_src/oceancube/man/clim_day.Rd",FALSE,TRUE,TRUE,TRUE,FALSE,FALSE,"not-scanned","no filename evidence; content not exhaustively inspected",FALSE,"relocate","not tracked; ignored; type=artifact; size_bytes=1180","No credentials were printed. Relocate/review is a proposal, not a deletion decision."
"artifacts/h24-final/oceancube.Rcheck/00_pkg_src/oceancube/man/clim_month.Rd",FALSE,TRUE,TRUE,TRUE,FALSE,FALSE,"not-scanned","no filename evidence; content not exhaustively inspected",FALSE,"relocate","not tracked; ignored; type=artifact; size_bytes=449","No credentials were printed. Relocate/review is a proposal, not a deletion decision."
"artifacts/h24-final/oceancube.Rcheck/00_pkg_src/oceancube/man/cm_connect.Rd",FALSE,TRUE,TRUE,TRUE,FALSE,FALSE,"not-scanned","no filename evidence; content not exhaustively inspected",FALSE,"relocate","not tracked; ignored; type=artifact; size_bytes=621","No credentials were printed. Relocate/review is a proposal, not a deletion decision."
"artifacts/h24-final/oceancube.Rcheck/00_pkg_src/oceancube/man/cm_setup.Rd",FALSE,TRUE,TRUE,TRUE,FALSE,FALSE,"not-scanned","no filename evidence; content not exhaustively inspected",FALSE,"relocate","not tracked; ignored; type=artifact; size_bytes=764","No credentials were printed. Relocate/review is a proposal, not a deletion decision."
"artifacts/h24-final/oceancube.Rcheck/00_pkg_src/oceancube/man/coast_dist.Rd",FALSE,TRUE,TRUE,TRUE,FALSE,FALSE,"not-scanned","no filename evidence; content not exhaustively inspected",FALSE,"relocate","not tracked; ignored; type=artifact; size_bytes=518","No credentials were printed. Relocate/review is a proposal, not a deletion decision."
"artifacts/h24-final/oceancube.Rcheck/00_pkg_src/oceancube/man/crop_stock.Rd",FALSE,TRUE,TRUE,TRUE,FALSE,FALSE,"not-scanned","no filename evidence; content not exhaustively inspected",FALSE,"relocate","not tracked; ignored; type=artifact; size_bytes=401","No credentials were printed. Relocate/review is a proposal, not a deletion decision."
"artifacts/h24-final/oceancube.Rcheck/00_pkg_src/oceancube/man/cube_cell_area.Rd",FALSE,TRUE,TRUE,TRUE,FALSE,FALSE,"not-scanned","no filename evidence; content not exhaustively inspected",FALSE,"relocate","not tracked; ignored; type=artifact; size_bytes=813","No credentials were printed. Relocate/review is a proposal, not a deletion decision."
"artifacts/h24-final/oceancube.Rcheck/00_pkg_src/oceancube/man/cube_cell_volume.Rd",FALSE,TRUE,TRUE,TRUE,FALSE,FALSE,"not-scanned","no filename evidence; content not exhaustively inspected",FALSE,"relocate","not tracked; ignored; type=artifact; size_bytes=907","No credentials were printed. Relocate/review is a proposal, not a deletion decision."
"artifacts/h24-final/oceancube.Rcheck/00_pkg_src/oceancube/man/cube_collect.Rd",FALSE,TRUE,TRUE,TRUE,FALSE,FALSE,"not-scanned","no filename evidence; content not exhaustively inspected",FALSE,"relocate","not tracked; ignored; type=artifact; size_bytes=1308","No credentials were printed. Relocate/review is a proposal, not a deletion decision."
"artifacts/h24-final/oceancube.Rcheck/00_pkg_src/oceancube/man/cube_crop.Rd",FALSE,TRUE,TRUE,TRUE,FALSE,FALSE,"not-scanned","no filename evidence; content not exhaustively inspected",FALSE,"relocate","not tracked; ignored; type=artifact; size_bytes=2954","No credentials were printed. Relocate/review is a proposal, not a deletion decision."
"artifacts/h24-final/oceancube.Rcheck/00_pkg_src/oceancube/man/cube_extract.Rd",FALSE,TRUE,TRUE,TRUE,FALSE,FALSE,"not-scanned","no filename evidence; content not exhaustively inspected",FALSE,"relocate","not tracked; ignored; type=artifact; size_bytes=4426","No credentials were printed. Relocate/review is a proposal, not a deletion decision."
"artifacts/h24-final/oceancube.Rcheck/00_pkg_src/oceancube/man/cube_layer_thickness.Rd",FALSE,TRUE,TRUE,TRUE,FALSE,FALSE,"not-scanned","no filename evidence; content not exhaustively inspected",FALSE,"relocate","not tracked; ignored; type=artifact; size_bytes=1056","No credentials were printed. Relocate/review is a proposal, not a deletion decision."
"artifacts/h24-final/oceancube.Rcheck/00_pkg_src/oceancube/man/cube_mask.Rd",FALSE,TRUE,TRUE,TRUE,FALSE,FALSE,"not-scanned","no filename evidence; content not exhaustively inspected",FALSE,"relocate","not tracked; ignored; type=artifact; size_bytes=3749","No credentials were printed. Relocate/review is a proposal, not a deletion decision."
"artifacts/h24-final/oceancube.Rcheck/00_pkg_src/oceancube/man/cube_polygon_weights.Rd",FALSE,TRUE,TRUE,TRUE,FALSE,FALSE,"not-scanned","no filename evidence; content not exhaustively inspected",FALSE,"relocate","not tracked; ignored; type=artifact; size_bytes=2209","No credentials were printed. Relocate/review is a proposal, not a deletion decision."
"artifacts/h24-final/oceancube.Rcheck/00_pkg_src/oceancube/man/cube_slice.Rd",FALSE,TRUE,TRUE,TRUE,FALSE,FALSE,"not-scanned","no filename evidence; content not exhaustively inspected",FALSE,"relocate","not tracked; ignored; type=artifact; size_bytes=3121","No credentials were printed. Relocate/review is a proposal, not a deletion decision."
"artifacts/h24-final/oceancube.Rcheck/00_pkg_src/oceancube/man/cube_transect.Rd",FALSE,TRUE,TRUE,TRUE,FALSE,FALSE,"not-scanned","no filename evidence; content not exhaustively inspected",FALSE,"relocate","not tracked; ignored; type=artifact; size_bytes=4675","No credentials were printed. Relocate/review is a proposal, not a deletion decision."
"artifacts/h24-final/oceancube.Rcheck/00_pkg_src/oceancube/man/download_nc.Rd",FALSE,TRUE,TRUE,TRUE,FALSE,FALSE,"not-scanned","no filename evidence; content not exhaustively inspected",FALSE,"relocate","not tracked; ignored; type=artifact; size_bytes=1322","No credentials were printed. Relocate/review is a proposal, not a deletion decision."
"artifacts/h24-final/oceancube.Rcheck/00_pkg_src/oceancube/man/layer_mean.Rd",FALSE,TRUE,TRUE,TRUE,FALSE,FALSE,"not-scanned","no filename evidence; content not exhaustively inspected",FALSE,"relocate","not tracked; ignored; type=artifact; size_bytes=575","No credentials were printed. Relocate/review is a proposal, not a deletion decision."
"artifacts/h24-final/oceancube.Rcheck/00_pkg_src/oceancube/man/link_events.Rd",FALSE,TRUE,TRUE,TRUE,FALSE,FALSE,"not-scanned","no filename evidence; content not exhaustively inspected",FALSE,"relocate","not tracked; ignored; type=artifact; size_bytes=1740","No credentials were printed. Relocate/review is a proposal, not a deletion decision."
"artifacts/h24-final/oceancube.Rcheck/00_pkg_src/oceancube/man/ocean_cube.Rd",FALSE,TRUE,TRUE,TRUE,FALSE,FALSE,"not-scanned","no filename evidence; content not exhaustively inspected",FALSE,"relocate","not tracked; ignored; type=artifact; size_bytes=4051","No credentials were printed. Relocate/review is a proposal, not a deletion decision."
"artifacts/h24-final/oceancube.Rcheck/00_pkg_src/oceancube/man/read_nc.Rd",FALSE,TRUE,TRUE,TRUE,FALSE,FALSE,"not-scanned","no filename evidence; content not exhaustively inspected",FALSE,"relocate","not tracked; ignored; type=artifact; size_bytes=935","No credentials were printed. Relocate/review is a proposal, not a deletion decision."
"artifacts/h24-final/oceancube.Rcheck/00_pkg_src/oceancube/man/signal_noise.Rd",FALSE,TRUE,TRUE,TRUE,FALSE,FALSE,"not-scanned","no filename evidence; content not exhaustively inspected",FALSE,"relocate","not tracked; ignored; type=artifact; size_bytes=587","No credentials were printed. Relocate/review is a proposal, not a deletion decision."
"artifacts/h24-final/oceancube.Rcheck/00_pkg_src/oceancube/man/stock_mask.Rd",FALSE,TRUE,TRUE,TRUE,FALSE,FALSE,"not-scanned","no filename evidence; content not exhaustively inspected",FALSE,"relocate","not tracked; ignored; type=artifact; size_bytes=667","No credentials were printed. Relocate/review is a proposal, not a deletion decision."
"artifacts/h24-final/oceancube.Rcheck/00_pkg_src/oceancube/man/to_month.Rd",FALSE,TRUE,TRUE,TRUE,FALSE,FALSE,"not-scanned","no filename evidence; content not exhaustively inspected",FALSE,"relocate","not tracked; ignored; type=artifact; size_bytes=448","No credentials were printed. Relocate/review is a proposal, not a deletion decision."
"artifacts/h24-final/oceancube.Rcheck/00_pkg_src/oceancube/NAMESPACE",FALSE,TRUE,TRUE,TRUE,FALSE,FALSE,"not-scanned","no filename evidence; content not exhaustively inspected",FALSE,"relocate","not tracked; ignored; type=metadata; size_bytes=696","No credentials were printed. Relocate/review is a proposal, not a deletion decision."
"artifacts/h24-final/oceancube.Rcheck/00_pkg_src/oceancube/NEWS.md",FALSE,TRUE,TRUE,TRUE,FALSE,FALSE,"not-scanned","no filename evidence; content not exhaustively inspected",FALSE,"relocate","not tracked; ignored; type=documentation; size_bytes=1673","No credentials were printed. Relocate/review is a proposal, not a deletion decision."
"artifacts/h24-final/oceancube.Rcheck/00_pkg_src/oceancube/R/annual_index.R",FALSE,TRUE,TRUE,TRUE,FALSE,FALSE,"not-scanned","no filename evidence; content not exhaustively inspected",FALSE,"relocate","not tracked; ignored; type=artifact; size_bytes=2148","No credentials were printed. Relocate/review is a proposal, not a deletion decision."
"artifacts/h24-final/oceancube.Rcheck/00_pkg_src/oceancube/R/anom_diff.R",FALSE,TRUE,TRUE,TRUE,FALSE,FALSE,"not-scanned","no filename evidence; content not exhaustively inspected",FALSE,"relocate","not tracked; ignored; type=artifact; size_bytes=4308","No credentials were printed. Relocate/review is a proposal, not a deletion decision."
"artifacts/h24-final/oceancube.Rcheck/00_pkg_src/oceancube/R/backend-index.R",FALSE,TRUE,TRUE,TRUE,FALSE,FALSE,"not-scanned","no filename evidence; content not exhaustively inspected",FALSE,"relocate","not tracked; ignored; type=artifact; size_bytes=4541","No credentials were printed. Relocate/review is a proposal, not a deletion decision."
"artifacts/h24-final/oceancube.Rcheck/00_pkg_src/oceancube/R/backend-memory.R",FALSE,TRUE,TRUE,TRUE,FALSE,FALSE,"not-scanned","no filename evidence; content not exhaustively inspected",FALSE,"relocate","not tracked; ignored; type=artifact; size_bytes=13568","No credentials were printed. Relocate/review is a proposal, not a deletion decision."
"artifacts/h24-final/oceancube.Rcheck/00_pkg_src/oceancube/R/backend-netcdf.R",FALSE,TRUE,TRUE,TRUE,FALSE,FALSE,"not-scanned","no filename evidence; content not exhaustively inspected",FALSE,"relocate","not tracked; ignored; type=artifact; size_bytes=47164","No credentials were printed. Relocate/review is a proposal, not a deletion decision."
"artifacts/h24-final/oceancube.Rcheck/00_pkg_src/oceancube/R/clim_day.R",FALSE,TRUE,TRUE,TRUE,FALSE,FALSE,"not-scanned","no filename evidence; content not exhaustively inspected",FALSE,"relocate","not tracked; ignored; type=artifact; size_bytes=4446","No credentials were printed. Relocate/review is a proposal, not a deletion decision."
"artifacts/h24-final/oceancube.Rcheck/00_pkg_src/oceancube/R/clim_month.R",FALSE,TRUE,TRUE,TRUE,FALSE,FALSE,"not-scanned","no filename evidence; content not exhaustively inspected",FALSE,"relocate","not tracked; ignored; type=artifact; size_bytes=1956","No credentials were printed. Relocate/review is a proposal, not a deletion decision."
"artifacts/h24-final/oceancube.Rcheck/00_pkg_src/oceancube/R/cm_setup.R",FALSE,TRUE,TRUE,TRUE,FALSE,FALSE,"not-scanned","no filename evidence; content not exhaustively inspected",FALSE,"relocate","not tracked; ignored; type=artifact; size_bytes=2382","No credentials were printed. Relocate/review is a proposal, not a deletion decision."
"artifacts/h24-final/oceancube.Rcheck/00_pkg_src/oceancube/R/coast_dist.R",FALSE,TRUE,TRUE,TRUE,FALSE,FALSE,"not-scanned","no filename evidence; content not exhaustively inspected",FALSE,"relocate","not tracked; ignored; type=artifact; size_bytes=1281","No credentials were printed. Relocate/review is a proposal, not a deletion decision."
"artifacts/h24-final/oceancube.Rcheck/00_pkg_src/oceancube/R/cube_collect.R",FALSE,TRUE,TRUE,TRUE,FALSE,FALSE,"not-scanned","no filename evidence; content not exhaustively inspected",FALSE,"relocate","not tracked; ignored; type=artifact; size_bytes=2903","No credentials were printed. Relocate/review is a proposal, not a deletion decision."
"artifacts/h24-final/oceancube.Rcheck/00_pkg_src/oceancube/R/cube_crop.R",FALSE,TRUE,TRUE,TRUE,FALSE,FALSE,"not-scanned","no filename evidence; content not exhaustively inspected",FALSE,"relocate","not tracked; ignored; type=artifact; size_bytes=14813","No credentials were printed. Relocate/review is a proposal, not a deletion decision."
"artifacts/h24-final/oceancube.Rcheck/00_pkg_src/oceancube/R/cube_extract.R",FALSE,TRUE,TRUE,TRUE,FALSE,FALSE,"not-scanned","no filename evidence; content not exhaustively inspected",FALSE,"relocate","not tracked; ignored; type=artifact; size_bytes=16455","No credentials were printed. Relocate/review is a proposal, not a deletion decision."
"artifacts/h24-final/oceancube.Rcheck/00_pkg_src/oceancube/R/cube_grid_geometry.R",FALSE,TRUE,TRUE,TRUE,FALSE,FALSE,"not-scanned","no filename evidence; content not exhaustively inspected",FALSE,"relocate","not tracked; ignored; type=artifact; size_bytes=14742","No credentials were printed. Relocate/review is a proposal, not a deletion decision."
"artifacts/h24-final/oceancube.Rcheck/00_pkg_src/oceancube/R/cube_mask.R",FALSE,TRUE,TRUE,TRUE,FALSE,FALSE,"not-scanned","no filename evidence; content not exhaustively inspected",FALSE,"relocate","not tracked; ignored; type=artifact; size_bytes=19063","No credentials were printed. Relocate/review is a proposal, not a deletion decision."
"artifacts/h24-final/oceancube.Rcheck/00_pkg_src/oceancube/R/cube_polygon_weights.R",FALSE,TRUE,TRUE,TRUE,FALSE,FALSE,"not-scanned","no filename evidence; content not exhaustively inspected",FALSE,"relocate","not tracked; ignored; type=artifact; size_bytes=11525","No credentials were printed. Relocate/review is a proposal, not a deletion decision."
"artifacts/h24-final/oceancube.Rcheck/00_pkg_src/oceancube/R/cube_slice.R",FALSE,TRUE,TRUE,TRUE,FALSE,FALSE,"not-scanned","no filename evidence; content not exhaustively inspected",FALSE,"relocate","not tracked; ignored; type=artifact; size_bytes=19400","No credentials were printed. Relocate/review is a proposal, not a deletion decision."
"artifacts/h24-final/oceancube.Rcheck/00_pkg_src/oceancube/R/cube_transect.R",FALSE,TRUE,TRUE,TRUE,FALSE,FALSE,"not-scanned","no filename evidence; content not exhaustively inspected",FALSE,"relocate","not tracked; ignored; type=artifact; size_bytes=19588","No credentials were printed. Relocate/review is a proposal, not a deletion decision."
"artifacts/h24-final/oceancube.Rcheck/00_pkg_src/oceancube/R/download_nc.R",FALSE,TRUE,TRUE,TRUE,FALSE,FALSE,"not-scanned","no filename evidence; content not exhaustively inspected",FALSE,"relocate","not tracked; ignored; type=artifact; size_bytes=3417","No credentials were printed. Relocate/review is a proposal, not a deletion decision."
"artifacts/h24-final/oceancube.Rcheck/00_pkg_src/oceancube/R/layer_mean.R",FALSE,TRUE,TRUE,TRUE,FALSE,FALSE,"not-scanned","no filename evidence; content not exhaustively inspected",FALSE,"relocate","not tracked; ignored; type=artifact; size_bytes=2025","No credentials were printed. Relocate/review is a proposal, not a deletion decision."
"artifacts/h24-final/oceancube.Rcheck/00_pkg_src/oceancube/R/link_events.R",FALSE,TRUE,TRUE,TRUE,FALSE,FALSE,"not-scanned","no filename evidence; content not exhaustively inspected",FALSE,"relocate","not tracked; ignored; type=artifact; size_bytes=5403","No credentials were printed. Relocate/review is a proposal, not a deletion decision."
"artifacts/h24-final/oceancube.Rcheck/00_pkg_src/oceancube/R/ocean_cube.R",FALSE,TRUE,TRUE,TRUE,FALSE,FALSE,"not-scanned","no filename evidence; content not exhaustively inspected",FALSE,"relocate","not tracked; ignored; type=artifact; size_bytes=7861","No credentials were printed. Relocate/review is a proposal, not a deletion decision."
"artifacts/h24-final/oceancube.Rcheck/00_pkg_src/oceancube/R/read_nc.R",FALSE,TRUE,TRUE,TRUE,FALSE,FALSE,"not-scanned","no filename evidence; content not exhaustively inspected",FALSE,"relocate","not tracked; ignored; type=artifact; size_bytes=4002","No credentials were printed. Relocate/review is a proposal, not a deletion decision."
"artifacts/h24-final/oceancube.Rcheck/00_pkg_src/oceancube/R/stock_mask.R",FALSE,TRUE,TRUE,TRUE,FALSE,FALSE,"not-scanned","no filename evidence; content not exhaustively inspected",FALSE,"relocate","not tracked; ignored; type=artifact; size_bytes=3301","No credentials were printed. Relocate/review is a proposal, not a deletion decision."
"artifacts/h24-final/oceancube.Rcheck/00_pkg_src/oceancube/R/to_month.R",FALSE,TRUE,TRUE,TRUE,FALSE,FALSE,"not-scanned","no filename evidence; content not exhaustively inspected",FALSE,"relocate","not tracked; ignored; type=artifact; size_bytes=1174","No credentials were printed. Relocate/review is a proposal, not a deletion decision."
"artifacts/h24-final/oceancube.Rcheck/00_pkg_src/oceancube/R/utils-internal.R",FALSE,TRUE,TRUE,TRUE,FALSE,FALSE,"not-scanned","no filename evidence; content not exhaustively inspected",FALSE,"relocate","not tracked; ignored; type=artifact; size_bytes=12752","No credentials were printed. Relocate/review is a proposal, not a deletion decision."
"artifacts/h24-final/oceancube.Rcheck/00_pkg_src/oceancube/README.md",FALSE,TRUE,TRUE,TRUE,FALSE,FALSE,"not-scanned","no filename evidence; content not exhaustively inspected",FALSE,"relocate","not tracked; ignored; type=documentation; size_bytes=3922","No credentials were printed. Relocate/review is a proposal, not a deletion decision."
"artifacts/h24-final/oceancube.Rcheck/00_pkg_src/oceancube/README.Rmd",FALSE,TRUE,TRUE,TRUE,FALSE,FALSE,"not-scanned","no filename evidence; content not exhaustively inspected",FALSE,"relocate","not tracked; ignored; type=documentation; size_bytes=3953","No credentials were printed. Relocate/review is a proposal, not a deletion decision."
"artifacts/h24-final/oceancube.Rcheck/00_pkg_src/oceancube/tests/testthat.R",FALSE,TRUE,TRUE,TRUE,FALSE,FALSE,"not-scanned","no filename evidence; content not exhaustively inspected",FALSE,"relocate","not tracked; ignored; type=artifact; size_bytes=62","No credentials were printed. Relocate/review is a proposal, not a deletion decision."
"artifacts/h24-final/oceancube.Rcheck/00_pkg_src/oceancube/tests/testthat/helper-architecture.R",FALSE,TRUE,TRUE,TRUE,FALSE,FALSE,"not-scanned","no filename evidence; content not exhaustively inspected",FALSE,"relocate","not tracked; ignored; type=artifact; size_bytes=2086","No credentials were printed. Relocate/review is a proposal, not a deletion decision."
"artifacts/h24-final/oceancube.Rcheck/00_pkg_src/oceancube/tests/testthat/helper-baseline-cube.R",FALSE,TRUE,TRUE,TRUE,FALSE,FALSE,"not-scanned","no filename evidence; content not exhaustively inspected",FALSE,"relocate","not tracked; ignored; type=artifact; size_bytes=1544","No credentials were printed. Relocate/review is a proposal, not a deletion decision."
"artifacts/h24-final/oceancube.Rcheck/00_pkg_src/oceancube/tests/testthat/helper-geometry.R",FALSE,TRUE,TRUE,TRUE,FALSE,FALSE,"not-scanned","no filename evidence; content not exhaustively inspected",FALSE,"relocate","not tracked; ignored; type=artifact; size_bytes=502","No credentials were printed. Relocate/review is a proposal, not a deletion decision."
"artifacts/h24-final/oceancube.Rcheck/00_pkg_src/oceancube/tests/testthat/helper-netcdf-backend.R",FALSE,TRUE,TRUE,TRUE,FALSE,FALSE,"not-scanned","no filename evidence; content not exhaustively inspected",FALSE,"relocate","not tracked; ignored; type=artifact; size_bytes=8204","No credentials were printed. Relocate/review is a proposal, not a deletion decision."
"artifacts/h24-final/oceancube.Rcheck/00_pkg_src/oceancube/tests/testthat/test-backend-memory.R",FALSE,TRUE,TRUE,TRUE,FALSE,FALSE,"not-scanned","no filename evidence; content not exhaustively inspected",FALSE,"relocate","not tracked; ignored; type=artifact; size_bytes=10966","No credentials were printed. Relocate/review is a proposal, not a deletion decision."
"artifacts/h24-final/oceancube.Rcheck/00_pkg_src/oceancube/tests/testthat/test-backend-netcdf-descriptor.R",FALSE,TRUE,TRUE,TRUE,FALSE,FALSE,"not-scanned","no filename evidence; content not exhaustively inspected",FALSE,"relocate","not tracked; ignored; type=artifact; size_bytes=18223","No credentials were printed. Relocate/review is a proposal, not a deletion decision."
"artifacts/h24-final/oceancube.Rcheck/00_pkg_src/oceancube/tests/testthat/test-backend-netcdf-noncontiguous.R",FALSE,TRUE,TRUE,TRUE,FALSE,FALSE,"not-scanned","no filename evidence; content not exhaustively inspected",FALSE,"relocate","not tracked; ignored; type=artifact; size_bytes=10764","No credentials were printed. Relocate/review is a proposal, not a deletion decision."
"artifacts/h24-final/oceancube.Rcheck/00_pkg_src/oceancube/tests/testthat/test-backend-netcdf-read-block.R",FALSE,TRUE,TRUE,TRUE,FALSE,FALSE,"not-scanned","no filename evidence; content not exhaustively inspected",FALSE,"relocate","not tracked; ignored; type=artifact; size_bytes=17998","No credentials were printed. Relocate/review is a proposal, not a deletion decision."
"artifacts/h24-final/oceancube.Rcheck/00_pkg_src/oceancube/tests/testthat/test-clim-anom.R",FALSE,TRUE,TRUE,TRUE,FALSE,FALSE,"not-scanned","no filename evidence; content not exhaustively inspected",FALSE,"relocate","not tracked; ignored; type=artifact; size_bytes=1091","No credentials were printed. Relocate/review is a proposal, not a deletion decision."
"artifacts/h24-final/oceancube.Rcheck/00_pkg_src/oceancube/tests/testthat/test-cube-collect.R",FALSE,TRUE,TRUE,TRUE,FALSE,FALSE,"not-scanned","no filename evidence; content not exhaustively inspected",FALSE,"relocate","not tracked; ignored; type=artifact; size_bytes=7458","No credentials were printed. Relocate/review is a proposal, not a deletion decision."
"artifacts/h24-final/oceancube.Rcheck/00_pkg_src/oceancube/tests/testthat/test-cube-crop.R",FALSE,TRUE,TRUE,TRUE,FALSE,FALSE,"not-scanned","no filename evidence; content not exhaustively inspected",FALSE,"relocate","not tracked; ignored; type=artifact; size_bytes=23828","No credentials were printed. Relocate/review is a proposal, not a deletion decision."
"artifacts/h24-final/oceancube.Rcheck/00_pkg_src/oceancube/tests/testthat/test-cube-extract.R",FALSE,TRUE,TRUE,TRUE,FALSE,FALSE,"not-scanned","no filename evidence; content not exhaustively inspected",FALSE,"relocate","not tracked; ignored; type=artifact; size_bytes=29027","No credentials were printed. Relocate/review is a proposal, not a deletion decision."
"artifacts/h24-final/oceancube.Rcheck/00_pkg_src/oceancube/tests/testthat/test-cube-grid-geometry.R",FALSE,TRUE,TRUE,TRUE,FALSE,FALSE,"not-scanned","no filename evidence; content not exhaustively inspected",FALSE,"relocate","not tracked; ignored; type=artifact; size_bytes=8641","No credentials were printed. Relocate/review is a proposal, not a deletion decision."
"artifacts/h24-final/oceancube.Rcheck/00_pkg_src/oceancube/tests/testthat/test-cube-mask.R",FALSE,TRUE,TRUE,TRUE,FALSE,FALSE,"not-scanned","no filename evidence; content not exhaustively inspected",FALSE,"relocate","not tracked; ignored; type=artifact; size_bytes=11117","No credentials were printed. Relocate/review is a proposal, not a deletion decision."
"artifacts/h24-final/oceancube.Rcheck/00_pkg_src/oceancube/tests/testthat/test-cube-polygon-weights.R",FALSE,TRUE,TRUE,TRUE,FALSE,FALSE,"not-scanned","no filename evidence; content not exhaustively inspected",FALSE,"relocate","not tracked; ignored; type=artifact; size_bytes=12292","No credentials were printed. Relocate/review is a proposal, not a deletion decision."
"artifacts/h24-final/oceancube.Rcheck/00_pkg_src/oceancube/tests/testthat/test-cube-slice.R",FALSE,TRUE,TRUE,TRUE,FALSE,FALSE,"not-scanned","no filename evidence; content not exhaustively inspected",FALSE,"relocate","not tracked; ignored; type=artifact; size_bytes=22898","No credentials were printed. Relocate/review is a proposal, not a deletion decision."
"artifacts/h24-final/oceancube.Rcheck/00_pkg_src/oceancube/tests/testthat/test-cube-transect.R",FALSE,TRUE,TRUE,TRUE,FALSE,FALSE,"not-scanned","no filename evidence; content not exhaustively inspected",FALSE,"relocate","not tracked; ignored; type=artifact; size_bytes=10124","No credentials were printed. Relocate/review is a proposal, not a deletion decision."
"artifacts/h24-final/oceancube.Rcheck/00_pkg_src/oceancube/tests/testthat/test-daily-link.R",FALSE,TRUE,TRUE,TRUE,FALSE,FALSE,"not-scanned","no filename evidence; content not exhaustively inspected",FALSE,"relocate","not tracked; ignored; type=artifact; size_bytes=1500","No credentials were printed. Relocate/review is a proposal, not a deletion decision."
"artifacts/h24-final/oceancube.Rcheck/00_pkg_src/oceancube/tests/testthat/test-layer-time-mask.R",FALSE,TRUE,TRUE,TRUE,FALSE,FALSE,"not-scanned","no filename evidence; content not exhaustively inspected",FALSE,"relocate","not tracked; ignored; type=artifact; size_bytes=1451","No credentials were printed. Relocate/review is a proposal, not a deletion decision."
"artifacts/h24-final/oceancube.Rcheck/00_pkg_src/oceancube/tests/testthat/test-no-direct-data-access.R",FALSE,TRUE,TRUE,TRUE,FALSE,FALSE,"not-scanned","no filename evidence; content not exhaustively inspected",FALSE,"relocate","not tracked; ignored; type=artifact; size_bytes=1912","No credentials were printed. Relocate/review is a proposal, not a deletion decision."
"artifacts/h24-final/oceancube.Rcheck/00_pkg_src/oceancube/tests/testthat/test-ocean-cube-baseline.R",FALSE,TRUE,TRUE,TRUE,FALSE,FALSE,"not-scanned","no filename evidence; content not exhaustively inspected",FALSE,"relocate","not tracked; ignored; type=artifact; size_bytes=3603","No credentials were printed. Relocate/review is a proposal, not a deletion decision."
"artifacts/h24-final/oceancube.Rcheck/00_pkg_src/oceancube/tests/testthat/test-ocean-cube-contract.R",FALSE,TRUE,TRUE,TRUE,FALSE,FALSE,"not-scanned","no filename evidence; content not exhaustively inspected",FALSE,"relocate","not tracked; ignored; type=artifact; size_bytes=10419","No credentials were printed. Relocate/review is a proposal, not a deletion decision."
"artifacts/h24-final/oceancube.Rcheck/00_pkg_src/oceancube/tests/testthat/test-ocean-cube.R",FALSE,TRUE,TRUE,TRUE,FALSE,FALSE,"not-scanned","no filename evidence; content not exhaustively inspected",FALSE,"relocate","not tracked; ignored; type=artifact; size_bytes=836","No credentials were printed. Relocate/review is a proposal, not a deletion decision."
"artifacts/h24-final/oceancube.Rcheck/00_pkg_src/oceancube/tests/testthat/test-package-boundary-spatind.R",FALSE,TRUE,TRUE,TRUE,FALSE,FALSE,"not-scanned","no filename evidence; content not exhaustively inspected",FALSE,"relocate","not tracked; ignored; type=artifact; size_bytes=1584","No credentials were printed. Relocate/review is a proposal, not a deletion decision."
"artifacts/h24-final/oceancube.Rcheck/00_pkg_src/oceancube/tests/testthat/test-read-nc-baseline.R",FALSE,TRUE,TRUE,TRUE,FALSE,FALSE,"not-scanned","no filename evidence; content not exhaustively inspected",FALSE,"relocate","not tracked; ignored; type=artifact; size_bytes=3478","No credentials were printed. Relocate/review is a proposal, not a deletion decision."
"artifacts/h24-final/oceancube.Rcheck/00_pkg_src/oceancube/tests/testthat/test-refactor-coast-dist-backend.R",FALSE,TRUE,TRUE,TRUE,FALSE,FALSE,"not-scanned","no filename evidence; content not exhaustively inspected",FALSE,"relocate","not tracked; ignored; type=artifact; size_bytes=9486","No credentials were printed. Relocate/review is a proposal, not a deletion decision."
"artifacts/h24-final/oceancube.Rcheck/00_pkg_src/oceancube/tests/testthat/test-refactor-layer-annual-backend.R",FALSE,TRUE,TRUE,TRUE,FALSE,FALSE,"not-scanned","no filename evidence; content not exhaustively inspected",FALSE,"relocate","not tracked; ignored; type=artifact; size_bytes=10782","No credentials were printed. Relocate/review is a proposal, not a deletion decision."
"artifacts/h24-final/oceancube.Rcheck/00_pkg_src/oceancube/tests/testthat/test-refactor-link-events-backend.R",FALSE,TRUE,TRUE,TRUE,FALSE,FALSE,"not-scanned","no filename evidence; content not exhaustively inspected",FALSE,"relocate","not tracked; ignored; type=artifact; size_bytes=17309","No credentials were printed. Relocate/review is a proposal, not a deletion decision."
"artifacts/h24-final/oceancube.Rcheck/00_pkg_src/oceancube/tests/testthat/test-refactor-temporal-backend.R",FALSE,TRUE,TRUE,TRUE,FALSE,FALSE,"not-scanned","no filename evidence; content not exhaustively inspected",FALSE,"relocate","not tracked; ignored; type=artifact; size_bytes=11299","No credentials were printed. Relocate/review is a proposal, not a deletion decision."
"artifacts/h24-final/oceancube.Rcheck/00_pkg_src/oceancube/tests/testthat/test-release-contract.R",FALSE,TRUE,TRUE,TRUE,FALSE,FALSE,"not-scanned","no filename evidence; content not exhaustively inspected",FALSE,"relocate","not tracked; ignored; type=artifact; size_bytes=4608","No credentials were printed. Relocate/review is a proposal, not a deletion decision."
"artifacts/h24-final/oceancube.Rcheck/00_pkg_src/oceancube/tests/testthat/test-scientific-baseline.R",FALSE,TRUE,TRUE,TRUE,FALSE,FALSE,"not-scanned","no filename evidence; content not exhaustively inspected",FALSE,"relocate","not tracked; ignored; type=artifact; size_bytes=4598","No credentials were printed. Relocate/review is a proposal, not a deletion decision."
"artifacts/h24-final/oceancube.Rcheck/00_pkg_src/oceancube/vignettes/get-started.Rmd",FALSE,TRUE,TRUE,TRUE,FALSE,FALSE,"not-scanned","no filename evidence; content not exhaustively inspected",FALSE,"relocate","not tracked; ignored; type=artifact; size_bytes=737","No credentials were printed. Relocate/review is a proposal, not a deletion decision."
"artifacts/h24-final/oceancube.Rcheck/00_pkg_src/oceancube/vignettes/oceancube-architecture.Rmd",FALSE,TRUE,TRUE,TRUE,FALSE,FALSE,"not-scanned","no filename evidence; content not exhaustively inspected",FALSE,"relocate","not tracked; ignored; type=artifact; size_bytes=2553","No credentials were printed. Relocate/review is a proposal, not a deletion decision."
"artifacts/h24-final/oceancube.Rcheck/00_pkg_src/oceancube/vignettes/oceancube-geometry-weights.Rmd",FALSE,TRUE,TRUE,TRUE,FALSE,FALSE,"not-scanned","no filename evidence; content not exhaustively inspected",FALSE,"relocate","not tracked; ignored; type=artifact; size_bytes=2215","No credentials were printed. Relocate/review is a proposal, not a deletion decision."
"artifacts/h24-final/oceancube.Rcheck/00_pkg_src/oceancube/vignettes/oceancube-introduction.Rmd",FALSE,TRUE,TRUE,TRUE,FALSE,FALSE,"not-scanned","no filename evidence; content not exhaustively inspected",FALSE,"relocate","not tracked; ignored; type=artifact; size_bytes=3404","No credentials were printed. Relocate/review is a proposal, not a deletion decision."
"artifacts/h24-final/oceancube.Rcheck/00check.log",FALSE,TRUE,TRUE,TRUE,FALSE,FALSE,"not-scanned","no filename evidence; content not exhaustively inspected",FALSE,"relocate","not tracked; ignored; type=artifact; size_bytes=2770","No credentials were printed. Relocate/review is a proposal, not a deletion decision."
"artifacts/h24-final/oceancube.Rcheck/00install.out",FALSE,TRUE,TRUE,TRUE,FALSE,FALSE,"not-scanned","no filename evidence; content not exhaustively inspected",FALSE,"relocate","not tracked; ignored; type=artifact; size_bytes=475","No credentials were printed. Relocate/review is a proposal, not a deletion decision."
"artifacts/h24-final/oceancube.Rcheck/oceancube-Ex.pdf",FALSE,TRUE,TRUE,TRUE,FALSE,FALSE,"not-scanned","no filename evidence; content not exhaustively inspected",FALSE,"relocate","not tracked; ignored; type=artifact; size_bytes=3611","No credentials were printed. Relocate/review is a proposal, not a deletion decision."
"artifacts/h24-final/oceancube.Rcheck/oceancube-Ex.R",FALSE,TRUE,TRUE,TRUE,FALSE,FALSE,"not-scanned","no filename evidence; content not exhaustively inspected",FALSE,"relocate","not tracked; ignored; type=artifact; size_bytes=5011","No credentials were printed. Relocate/review is a proposal, not a deletion decision."
"artifacts/h24-final/oceancube.Rcheck/oceancube-Ex.Rout",FALSE,TRUE,TRUE,TRUE,FALSE,FALSE,"not-scanned","no filename evidence; content not exhaustively inspected",FALSE,"relocate","not tracked; ignored; type=artifact; size_bytes=9911","No credentials were printed. Relocate/review is a proposal, not a deletion decision."
"artifacts/h24-final/oceancube.Rcheck/oceancube/architecture/oceancube-spatind-boundary.md",FALSE,TRUE,TRUE,TRUE,FALSE,FALSE,"not-scanned","no filename evidence; content not exhaustively inspected",FALSE,"relocate","not tracked; ignored; type=artifact; size_bytes=5299","No credentials were printed. Relocate/review is a proposal, not a deletion decision."
"artifacts/h24-final/oceancube.Rcheck/oceancube/CITATION",FALSE,TRUE,TRUE,TRUE,FALSE,FALSE,"not-scanned","no filename evidence; content not exhaustively inspected",FALSE,"relocate","not tracked; ignored; type=metadata; size_bytes=116","No credentials were printed. Relocate/review is a proposal, not a deletion decision."
"artifacts/h24-final/oceancube.Rcheck/oceancube/DESCRIPTION",FALSE,TRUE,TRUE,TRUE,FALSE,FALSE,"not-scanned","no filename evidence; content not exhaustively inspected",FALSE,"relocate","not tracked; ignored; type=metadata; size_bytes=1251","No credentials were printed. Relocate/review is a proposal, not a deletion decision."
"artifacts/h24-final/oceancube.Rcheck/oceancube/doc/get-started.html",FALSE,TRUE,TRUE,TRUE,FALSE,FALSE,"not-scanned","no filename evidence; content not exhaustively inspected",FALSE,"relocate","not tracked; ignored; type=website; size_bytes=11230","No credentials were printed. Relocate/review is a proposal, not a deletion decision."
"artifacts/h24-final/oceancube.Rcheck/oceancube/doc/get-started.R",FALSE,TRUE,TRUE,TRUE,FALSE,FALSE,"not-scanned","no filename evidence; content not exhaustively inspected",FALSE,"relocate","not tracked; ignored; type=artifact; size_bytes=341","No credentials were printed. Relocate/review is a proposal, not a deletion decision."
"artifacts/h24-final/oceancube.Rcheck/oceancube/doc/get-started.Rmd",FALSE,TRUE,TRUE,TRUE,FALSE,FALSE,"not-scanned","no filename evidence; content not exhaustively inspected",FALSE,"relocate","not tracked; ignored; type=artifact; size_bytes=737","No credentials were printed. Relocate/review is a proposal, not a deletion decision."
"artifacts/h24-final/oceancube.Rcheck/oceancube/doc/index.html",FALSE,TRUE,TRUE,TRUE,FALSE,FALSE,"not-scanned","no filename evidence; content not exhaustively inspected",FALSE,"relocate","not tracked; ignored; type=website; size_bytes=3354","No credentials were printed. Relocate/review is a proposal, not a deletion decision."
"artifacts/h24-final/oceancube.Rcheck/oceancube/doc/oceancube-architecture.html",FALSE,TRUE,TRUE,TRUE,FALSE,FALSE,"not-scanned","no filename evidence; content not exhaustively inspected",FALSE,"relocate","not tracked; ignored; type=website; size_bytes=13532","No credentials were printed. Relocate/review is a proposal, not a deletion decision."
"artifacts/h24-final/oceancube.Rcheck/oceancube/doc/oceancube-architecture.R",FALSE,TRUE,TRUE,TRUE,FALSE,FALSE,"not-scanned","no filename evidence; content not exhaustively inspected",FALSE,"relocate","not tracked; ignored; type=artifact; size_bytes=369","No credentials were printed. Relocate/review is a proposal, not a deletion decision."
"artifacts/h24-final/oceancube.Rcheck/oceancube/doc/oceancube-architecture.Rmd",FALSE,TRUE,TRUE,TRUE,FALSE,FALSE,"not-scanned","no filename evidence; content not exhaustively inspected",FALSE,"relocate","not tracked; ignored; type=artifact; size_bytes=2553","No credentials were printed. Relocate/review is a proposal, not a deletion decision."
"artifacts/h24-final/oceancube.Rcheck/oceancube/doc/oceancube-geometry-weights.html",FALSE,TRUE,TRUE,TRUE,FALSE,FALSE,"not-scanned","no filename evidence; content not exhaustively inspected",FALSE,"relocate","not tracked; ignored; type=website; size_bytes=23626","No credentials were printed. Relocate/review is a proposal, not a deletion decision."
"artifacts/h24-final/oceancube.Rcheck/oceancube/doc/oceancube-geometry-weights.R",FALSE,TRUE,TRUE,TRUE,FALSE,FALSE,"not-scanned","no filename evidence; content not exhaustively inspected",FALSE,"relocate","not tracked; ignored; type=artifact; size_bytes=1279","No credentials were printed. Relocate/review is a proposal, not a deletion decision."
"artifacts/h24-final/oceancube.Rcheck/oceancube/doc/oceancube-geometry-weights.Rmd",FALSE,TRUE,TRUE,TRUE,FALSE,FALSE,"not-scanned","no filename evidence; content not exhaustively inspected",FALSE,"relocate","not tracked; ignored; type=artifact; size_bytes=2215","No credentials were printed. Relocate/review is a proposal, not a deletion decision."
"artifacts/h24-final/oceancube.Rcheck/oceancube/doc/oceancube-introduction.html",FALSE,TRUE,TRUE,TRUE,FALSE,FALSE,"not-scanned","no filename evidence; content not exhaustively inspected",FALSE,"relocate","not tracked; ignored; type=website; size_bytes=24863","No credentials were printed. Relocate/review is a proposal, not a deletion decision."
"artifacts/h24-final/oceancube.Rcheck/oceancube/doc/oceancube-introduction.R",FALSE,TRUE,TRUE,TRUE,FALSE,FALSE,"not-scanned","no filename evidence; content not exhaustively inspected",FALSE,"relocate","not tracked; ignored; type=artifact; size_bytes=1818","No credentials were printed. Relocate/review is a proposal, not a deletion decision."
"artifacts/h24-final/oceancube.Rcheck/oceancube/doc/oceancube-introduction.Rmd",FALSE,TRUE,TRUE,TRUE,FALSE,FALSE,"not-scanned","no filename evidence; content not exhaustively inspected",FALSE,"relocate","not tracked; ignored; type=artifact; size_bytes=3404","No credentials were printed. Relocate/review is a proposal, not a deletion decision."
"artifacts/h24-final/oceancube.Rcheck/oceancube/examples/backend_memory.R",FALSE,TRUE,TRUE,TRUE,FALSE,FALSE,"not-scanned","no filename evidence; content not exhaustively inspected",FALSE,"relocate","not tracked; ignored; type=artifact; size_bytes=3995","No credentials were printed. Relocate/review is a proposal, not a deletion decision."
"artifacts/h24-final/oceancube.Rcheck/oceancube/examples/backend_netcdf_descriptor.R",FALSE,TRUE,TRUE,TRUE,FALSE,FALSE,"not-scanned","no filename evidence; content not exhaustively inspected",FALSE,"relocate","not tracked; ignored; type=artifact; size_bytes=5112","No credentials were printed. Relocate/review is a proposal, not a deletion decision."
"artifacts/h24-final/oceancube.Rcheck/oceancube/examples/backend_netcdf_read_block.R",FALSE,TRUE,TRUE,TRUE,FALSE,FALSE,"not-scanned","no filename evidence; content not exhaustively inspected",FALSE,"relocate","not tracked; ignored; type=artifact; size_bytes=6686","No credentials were printed. Relocate/review is a proposal, not a deletion decision."
"artifacts/h24-final/oceancube.Rcheck/oceancube/examples/baseline_ocean_cube.R",FALSE,TRUE,TRUE,TRUE,FALSE,FALSE,"not-scanned","no filename evidence; content not exhaustively inspected",FALSE,"relocate","not tracked; ignored; type=artifact; size_bytes=3704","No credentials were printed. Relocate/review is a proposal, not a deletion decision."
"artifacts/h24-final/oceancube.Rcheck/oceancube/examples/cube_crop.R",FALSE,TRUE,TRUE,TRUE,FALSE,FALSE,"not-scanned","no filename evidence; content not exhaustively inspected",FALSE,"relocate","not tracked; ignored; type=artifact; size_bytes=8540","No credentials were printed. Relocate/review is a proposal, not a deletion decision."
"artifacts/h24-final/oceancube.Rcheck/oceancube/examples/cube_extract.R",FALSE,TRUE,TRUE,TRUE,FALSE,FALSE,"not-scanned","no filename evidence; content not exhaustively inspected",FALSE,"relocate","not tracked; ignored; type=artifact; size_bytes=7836","No credentials were printed. Relocate/review is a proposal, not a deletion decision."
"artifacts/h24-final/oceancube.Rcheck/oceancube/examples/cube_geometry_weights.R",FALSE,TRUE,TRUE,TRUE,FALSE,FALSE,"not-scanned","no filename evidence; content not exhaustively inspected",FALSE,"relocate","not tracked; ignored; type=artifact; size_bytes=4084","No credentials were printed. Relocate/review is a proposal, not a deletion decision."
"artifacts/h24-final/oceancube.Rcheck/oceancube/examples/cube_mask.R",FALSE,TRUE,TRUE,TRUE,FALSE,FALSE,"not-scanned","no filename evidence; content not exhaustively inspected",FALSE,"relocate","not tracked; ignored; type=artifact; size_bytes=6852","No credentials were printed. Relocate/review is a proposal, not a deletion decision."
"artifacts/h24-final/oceancube.Rcheck/oceancube/examples/cube_slice.R",FALSE,TRUE,TRUE,TRUE,FALSE,FALSE,"not-scanned","no filename evidence; content not exhaustively inspected",FALSE,"relocate","not tracked; ignored; type=artifact; size_bytes=6283","No credentials were printed. Relocate/review is a proposal, not a deletion decision."
"artifacts/h24-final/oceancube.Rcheck/oceancube/examples/cube_transect.R",FALSE,TRUE,TRUE,TRUE,FALSE,FALSE,"not-scanned","no filename evidence; content not exhaustively inspected",FALSE,"relocate","not tracked; ignored; type=artifact; size_bytes=7793","No credentials were printed. Relocate/review is a proposal, not a deletion decision."
"artifacts/h24-final/oceancube.Rcheck/oceancube/examples/noncontiguous_collect.R",FALSE,TRUE,TRUE,TRUE,FALSE,FALSE,"not-scanned","no filename evidence; content not exhaustively inspected",FALSE,"relocate","not tracked; ignored; type=artifact; size_bytes=3913","No credentials were printed. Relocate/review is a proposal, not a deletion decision."
"artifacts/h24-final/oceancube.Rcheck/oceancube/examples/ocean_cube_contract.R",FALSE,TRUE,TRUE,TRUE,FALSE,FALSE,"not-scanned","no filename evidence; content not exhaustively inspected",FALSE,"relocate","not tracked; ignored; type=artifact; size_bytes=4027","No credentials were printed. Relocate/review is a proposal, not a deletion decision."
"artifacts/h24-final/oceancube.Rcheck/oceancube/examples/refactor_coast_dist_backend.R",FALSE,TRUE,TRUE,TRUE,FALSE,FALSE,"not-scanned","no filename evidence; content not exhaustively inspected",FALSE,"relocate","not tracked; ignored; type=artifact; size_bytes=4008","No credentials were printed. Relocate/review is a proposal, not a deletion decision."
"artifacts/h24-final/oceancube.Rcheck/oceancube/examples/refactor_layer_annual_backend.R",FALSE,TRUE,TRUE,TRUE,FALSE,FALSE,"not-scanned","no filename evidence; content not exhaustively inspected",FALSE,"relocate","not tracked; ignored; type=artifact; size_bytes=3656","No credentials were printed. Relocate/review is a proposal, not a deletion decision."
"artifacts/h24-final/oceancube.Rcheck/oceancube/examples/refactor_link_events_backend.R",FALSE,TRUE,TRUE,TRUE,FALSE,FALSE,"not-scanned","no filename evidence; content not exhaustively inspected",FALSE,"relocate","not tracked; ignored; type=artifact; size_bytes=5629","No credentials were printed. Relocate/review is a proposal, not a deletion decision."
"artifacts/h24-final/oceancube.Rcheck/oceancube/examples/refactor_temporal_backend.R",FALSE,TRUE,TRUE,TRUE,FALSE,FALSE,"not-scanned","no filename evidence; content not exhaustively inspected",FALSE,"relocate","not tracked; ignored; type=artifact; size_bytes=4304","No credentials were printed. Relocate/review is a proposal, not a deletion decision."
"artifacts/h24-final/oceancube.Rcheck/oceancube/help/aliases.rds",FALSE,TRUE,TRUE,TRUE,FALSE,FALSE,"not-scanned","no filename evidence; content not exhaustively inspected",FALSE,"relocate","not tracked; ignored; type=artifact; size_bytes=309","No credentials were printed. Relocate/review is a proposal, not a deletion decision."
"artifacts/h24-final/oceancube.Rcheck/oceancube/help/AnIndex",FALSE,TRUE,TRUE,TRUE,FALSE,FALSE,"not-scanned","no filename evidence; content not exhaustively inspected",FALSE,"relocate","not tracked; ignored; type=artifact; size_bytes=675","No credentials were printed. Relocate/review is a proposal, not a deletion decision."
"artifacts/h24-final/oceancube.Rcheck/oceancube/help/oceancube.rdb",FALSE,TRUE,TRUE,TRUE,FALSE,FALSE,"not-scanned","no filename evidence; content not exhaustively inspected",FALSE,"relocate","not tracked; ignored; type=artifact; size_bytes=66269","No credentials were printed. Relocate/review is a proposal, not a deletion decision."
"artifacts/h24-final/oceancube.Rcheck/oceancube/help/oceancube.rdx",FALSE,TRUE,TRUE,TRUE,FALSE,FALSE,"not-scanned","no filename evidence; content not exhaustively inspected",FALSE,"relocate","not tracked; ignored; type=artifact; size_bytes=761","No credentials were printed. Relocate/review is a proposal, not a deletion decision."
"artifacts/h24-final/oceancube.Rcheck/oceancube/help/paths.rds",FALSE,TRUE,TRUE,TRUE,FALSE,FALSE,"not-scanned","no filename evidence; content not exhaustively inspected",FALSE,"relocate","not tracked; ignored; type=artifact; size_bytes=395","No credentials were printed. Relocate/review is a proposal, not a deletion decision."
"artifacts/h24-final/oceancube.Rcheck/oceancube/html/00Index.html",FALSE,TRUE,TRUE,TRUE,FALSE,FALSE,"not-scanned","no filename evidence; content not exhaustively inspected",FALSE,"relocate","not tracked; ignored; type=website; size_bytes=4858","No credentials were printed. Relocate/review is a proposal, not a deletion decision."
"artifacts/h24-final/oceancube.Rcheck/oceancube/html/R.css",FALSE,TRUE,TRUE,TRUE,FALSE,FALSE,"not-scanned","no filename evidence; content not exhaustively inspected",FALSE,"relocate","not tracked; ignored; type=artifact; size_bytes=1735","No credentials were printed. Relocate/review is a proposal, not a deletion decision."
"artifacts/h24-final/oceancube.Rcheck/oceancube/INDEX",FALSE,TRUE,TRUE,TRUE,FALSE,FALSE,"not-scanned","no filename evidence; content not exhaustively inspected",FALSE,"relocate","not tracked; ignored; type=artifact; size_bytes=2119","No credentials were printed. Relocate/review is a proposal, not a deletion decision."
"artifacts/h24-final/oceancube.Rcheck/oceancube/LICENSE",FALSE,TRUE,TRUE,TRUE,FALSE,FALSE,"not-scanned","no filename evidence; content not exhaustively inspected",FALSE,"relocate","not tracked; ignored; type=metadata; size_bytes=1082","No credentials were printed. Relocate/review is a proposal, not a deletion decision."
"artifacts/h24-final/oceancube.Rcheck/oceancube/Meta/features.rds",FALSE,TRUE,TRUE,TRUE,FALSE,FALSE,"not-scanned","no filename evidence; content not exhaustively inspected",FALSE,"relocate","not tracked; ignored; type=artifact; size_bytes=122","No credentials were printed. Relocate/review is a proposal, not a deletion decision."
"artifacts/h24-final/oceancube.Rcheck/oceancube/Meta/hsearch.rds",FALSE,TRUE,TRUE,TRUE,FALSE,FALSE,"not-scanned","no filename evidence; content not exhaustively inspected",FALSE,"relocate","not tracked; ignored; type=artifact; size_bytes=1114","No credentials were printed. Relocate/review is a proposal, not a deletion decision."
"artifacts/h24-final/oceancube.Rcheck/oceancube/Meta/links.rds",FALSE,TRUE,TRUE,TRUE,FALSE,FALSE,"not-scanned","no filename evidence; content not exhaustively inspected",FALSE,"relocate","not tracked; ignored; type=artifact; size_bytes=474","No credentials were printed. Relocate/review is a proposal, not a deletion decision."
"artifacts/h24-final/oceancube.Rcheck/oceancube/Meta/nsInfo.rds",FALSE,TRUE,TRUE,TRUE,FALSE,FALSE,"not-scanned","no filename evidence; content not exhaustively inspected",FALSE,"relocate","not tracked; ignored; type=artifact; size_bytes=450","No credentials were printed. Relocate/review is a proposal, not a deletion decision."
"artifacts/h24-final/oceancube.Rcheck/oceancube/Meta/package.rds",FALSE,TRUE,TRUE,TRUE,FALSE,FALSE,"not-scanned","no filename evidence; content not exhaustively inspected",FALSE,"relocate","not tracked; ignored; type=artifact; size_bytes=1184","No credentials were printed. Relocate/review is a proposal, not a deletion decision."
"artifacts/h24-final/oceancube.Rcheck/oceancube/Meta/Rd.rds",FALSE,TRUE,TRUE,TRUE,FALSE,FALSE,"not-scanned","no filename evidence; content not exhaustively inspected",FALSE,"relocate","not tracked; ignored; type=artifact; size_bytes=1225","No credentials were printed. Relocate/review is a proposal, not a deletion decision."
"artifacts/h24-final/oceancube.Rcheck/oceancube/Meta/vignette.rds",FALSE,TRUE,TRUE,TRUE,FALSE,FALSE,"not-scanned","no filename evidence; content not exhaustively inspected",FALSE,"relocate","not tracked; ignored; type=artifact; size_bytes=342","No credentials were printed. Relocate/review is a proposal, not a deletion decision."
"artifacts/h24-final/oceancube.Rcheck/oceancube/NAMESPACE",FALSE,TRUE,TRUE,TRUE,FALSE,FALSE,"not-scanned","no filename evidence; content not exhaustively inspected",FALSE,"relocate","not tracked; ignored; type=metadata; size_bytes=696","No credentials were printed. Relocate/review is a proposal, not a deletion decision."
"artifacts/h24-final/oceancube.Rcheck/oceancube/NEWS.md",FALSE,TRUE,TRUE,TRUE,FALSE,FALSE,"not-scanned","no filename evidence; content not exhaustively inspected",FALSE,"relocate","not tracked; ignored; type=documentation; size_bytes=1673","No credentials were printed. Relocate/review is a proposal, not a deletion decision."
"artifacts/h24-final/oceancube.Rcheck/oceancube/R/oceancube",FALSE,TRUE,TRUE,TRUE,FALSE,FALSE,"not-scanned","no filename evidence; content not exhaustively inspected",FALSE,"relocate","not tracked; ignored; type=artifact; size_bytes=1058","No credentials were printed. Relocate/review is a proposal, not a deletion decision."
"artifacts/h24-final/oceancube.Rcheck/oceancube/R/oceancube.rdb",FALSE,TRUE,TRUE,TRUE,FALSE,FALSE,"not-scanned","no filename evidence; content not exhaustively inspected",FALSE,"relocate","not tracked; ignored; type=artifact; size_bytes=316407","No credentials were printed. Relocate/review is a proposal, not a deletion decision."
"artifacts/h24-final/oceancube.Rcheck/oceancube/R/oceancube.rdx",FALSE,TRUE,TRUE,TRUE,FALSE,FALSE,"not-scanned","no filename evidence; content not exhaustively inspected",FALSE,"relocate","not tracked; ignored; type=artifact; size_bytes=3055","No credentials were printed. Relocate/review is a proposal, not a deletion decision."
"artifacts/h24-final/oceancube.Rcheck/tests/startup.Rs",FALSE,TRUE,TRUE,TRUE,FALSE,FALSE,"not-scanned","no filename evidence; content not exhaustively inspected",FALSE,"relocate","not tracked; ignored; type=artifact; size_bytes=131","No credentials were printed. Relocate/review is a proposal, not a deletion decision."
"artifacts/h24-final/oceancube.Rcheck/tests/testthat.R",FALSE,TRUE,TRUE,TRUE,FALSE,FALSE,"not-scanned","no filename evidence; content not exhaustively inspected",FALSE,"relocate","not tracked; ignored; type=artifact; size_bytes=62","No credentials were printed. Relocate/review is a proposal, not a deletion decision."
"artifacts/h24-final/oceancube.Rcheck/tests/testthat.Rout",FALSE,TRUE,TRUE,TRUE,FALSE,FALSE,"not-scanned","no filename evidence; content not exhaustively inspected",FALSE,"relocate","not tracked; ignored; type=artifact; size_bytes=1636","No credentials were printed. Relocate/review is a proposal, not a deletion decision."
"artifacts/h24-final/oceancube.Rcheck/tests/testthat/helper-architecture.R",FALSE,TRUE,TRUE,TRUE,FALSE,FALSE,"not-scanned","no filename evidence; content not exhaustively inspected",FALSE,"relocate","not tracked; ignored; type=artifact; size_bytes=2086","No credentials were printed. Relocate/review is a proposal, not a deletion decision."
"artifacts/h24-final/oceancube.Rcheck/tests/testthat/helper-baseline-cube.R",FALSE,TRUE,TRUE,TRUE,FALSE,FALSE,"not-scanned","no filename evidence; content not exhaustively inspected",FALSE,"relocate","not tracked; ignored; type=artifact; size_bytes=1544","No credentials were printed. Relocate/review is a proposal, not a deletion decision."
"artifacts/h24-final/oceancube.Rcheck/tests/testthat/helper-geometry.R",FALSE,TRUE,TRUE,TRUE,FALSE,FALSE,"not-scanned","no filename evidence; content not exhaustively inspected",FALSE,"relocate","not tracked; ignored; type=artifact; size_bytes=502","No credentials were printed. Relocate/review is a proposal, not a deletion decision."
"artifacts/h24-final/oceancube.Rcheck/tests/testthat/helper-netcdf-backend.R",FALSE,TRUE,TRUE,TRUE,FALSE,FALSE,"not-scanned","no filename evidence; content not exhaustively inspected",FALSE,"relocate","not tracked; ignored; type=artifact; size_bytes=8204","No credentials were printed. Relocate/review is a proposal, not a deletion decision."
"artifacts/h24-final/oceancube.Rcheck/tests/testthat/test-backend-memory.R",FALSE,TRUE,TRUE,TRUE,FALSE,FALSE,"not-scanned","no filename evidence; content not exhaustively inspected",FALSE,"relocate","not tracked; ignored; type=artifact; size_bytes=10966","No credentials were printed. Relocate/review is a proposal, not a deletion decision."
"artifacts/h24-final/oceancube.Rcheck/tests/testthat/test-backend-netcdf-descriptor.R",FALSE,TRUE,TRUE,TRUE,FALSE,FALSE,"not-scanned","no filename evidence; content not exhaustively inspected",FALSE,"relocate","not tracked; ignored; type=artifact; size_bytes=18223","No credentials were printed. Relocate/review is a proposal, not a deletion decision."
"artifacts/h24-final/oceancube.Rcheck/tests/testthat/test-backend-netcdf-noncontiguous.R",FALSE,TRUE,TRUE,TRUE,FALSE,FALSE,"not-scanned","no filename evidence; content not exhaustively inspected",FALSE,"relocate","not tracked; ignored; type=artifact; size_bytes=10764","No credentials were printed. Relocate/review is a proposal, not a deletion decision."
"artifacts/h24-final/oceancube.Rcheck/tests/testthat/test-backend-netcdf-read-block.R",FALSE,TRUE,TRUE,TRUE,FALSE,FALSE,"not-scanned","no filename evidence; content not exhaustively inspected",FALSE,"relocate","not tracked; ignored; type=artifact; size_bytes=17998","No credentials were printed. Relocate/review is a proposal, not a deletion decision."
"artifacts/h24-final/oceancube.Rcheck/tests/testthat/test-clim-anom.R",FALSE,TRUE,TRUE,TRUE,FALSE,FALSE,"not-scanned","no filename evidence; content not exhaustively inspected",FALSE,"relocate","not tracked; ignored; type=artifact; size_bytes=1091","No credentials were printed. Relocate/review is a proposal, not a deletion decision."
"artifacts/h24-final/oceancube.Rcheck/tests/testthat/test-cube-collect.R",FALSE,TRUE,TRUE,TRUE,FALSE,FALSE,"not-scanned","no filename evidence; content not exhaustively inspected",FALSE,"relocate","not tracked; ignored; type=artifact; size_bytes=7458","No credentials were printed. Relocate/review is a proposal, not a deletion decision."
"artifacts/h24-final/oceancube.Rcheck/tests/testthat/test-cube-crop.R",FALSE,TRUE,TRUE,TRUE,FALSE,FALSE,"not-scanned","no filename evidence; content not exhaustively inspected",FALSE,"relocate","not tracked; ignored; type=artifact; size_bytes=23828","No credentials were printed. Relocate/review is a proposal, not a deletion decision."
"artifacts/h24-final/oceancube.Rcheck/tests/testthat/test-cube-extract.R",FALSE,TRUE,TRUE,TRUE,FALSE,FALSE,"not-scanned","no filename evidence; content not exhaustively inspected",FALSE,"relocate","not tracked; ignored; type=artifact; size_bytes=29027","No credentials were printed. Relocate/review is a proposal, not a deletion decision."
"artifacts/h24-final/oceancube.Rcheck/tests/testthat/test-cube-grid-geometry.R",FALSE,TRUE,TRUE,TRUE,FALSE,FALSE,"not-scanned","no filename evidence; content not exhaustively inspected",FALSE,"relocate","not tracked; ignored; type=artifact; size_bytes=8641","No credentials were printed. Relocate/review is a proposal, not a deletion decision."
"artifacts/h24-final/oceancube.Rcheck/tests/testthat/test-cube-mask.R",FALSE,TRUE,TRUE,TRUE,FALSE,FALSE,"not-scanned","no filename evidence; content not exhaustively inspected",FALSE,"relocate","not tracked; ignored; type=artifact; size_bytes=11117","No credentials were printed. Relocate/review is a proposal, not a deletion decision."
"artifacts/h24-final/oceancube.Rcheck/tests/testthat/test-cube-polygon-weights.R",FALSE,TRUE,TRUE,TRUE,FALSE,FALSE,"not-scanned","no filename evidence; content not exhaustively inspected",FALSE,"relocate","not tracked; ignored; type=artifact; size_bytes=12292","No credentials were printed. Relocate/review is a proposal, not a deletion decision."
"artifacts/h24-final/oceancube.Rcheck/tests/testthat/test-cube-slice.R",FALSE,TRUE,TRUE,TRUE,FALSE,FALSE,"not-scanned","no filename evidence; content not exhaustively inspected",FALSE,"relocate","not tracked; ignored; type=artifact; size_bytes=22898","No credentials were printed. Relocate/review is a proposal, not a deletion decision."
"artifacts/h24-final/oceancube.Rcheck/tests/testthat/test-cube-transect.R",FALSE,TRUE,TRUE,TRUE,FALSE,FALSE,"not-scanned","no filename evidence; content not exhaustively inspected",FALSE,"relocate","not tracked; ignored; type=artifact; size_bytes=10124","No credentials were printed. Relocate/review is a proposal, not a deletion decision."
"artifacts/h24-final/oceancube.Rcheck/tests/testthat/test-daily-link.R",FALSE,TRUE,TRUE,TRUE,FALSE,FALSE,"not-scanned","no filename evidence; content not exhaustively inspected",FALSE,"relocate","not tracked; ignored; type=artifact; size_bytes=1500","No credentials were printed. Relocate/review is a proposal, not a deletion decision."
"artifacts/h24-final/oceancube.Rcheck/tests/testthat/test-layer-time-mask.R",FALSE,TRUE,TRUE,TRUE,FALSE,FALSE,"not-scanned","no filename evidence; content not exhaustively inspected",FALSE,"relocate","not tracked; ignored; type=artifact; size_bytes=1451","No credentials were printed. Relocate/review is a proposal, not a deletion decision."
"artifacts/h24-final/oceancube.Rcheck/tests/testthat/test-no-direct-data-access.R",FALSE,TRUE,TRUE,TRUE,FALSE,FALSE,"not-scanned","no filename evidence; content not exhaustively inspected",FALSE,"relocate","not tracked; ignored; type=artifact; size_bytes=1912","No credentials were printed. Relocate/review is a proposal, not a deletion decision."
"artifacts/h24-final/oceancube.Rcheck/tests/testthat/test-ocean-cube-baseline.R",FALSE,TRUE,TRUE,TRUE,FALSE,FALSE,"not-scanned","no filename evidence; content not exhaustively inspected",FALSE,"relocate","not tracked; ignored; type=artifact; size_bytes=3603","No credentials were printed. Relocate/review is a proposal, not a deletion decision."
"artifacts/h24-final/oceancube.Rcheck/tests/testthat/test-ocean-cube-contract.R",FALSE,TRUE,TRUE,TRUE,FALSE,FALSE,"not-scanned","no filename evidence; content not exhaustively inspected",FALSE,"relocate","not tracked; ignored; type=artifact; size_bytes=10419","No credentials were printed. Relocate/review is a proposal, not a deletion decision."
"artifacts/h24-final/oceancube.Rcheck/tests/testthat/test-ocean-cube.R",FALSE,TRUE,TRUE,TRUE,FALSE,FALSE,"not-scanned","no filename evidence; content not exhaustively inspected",FALSE,"relocate","not tracked; ignored; type=artifact; size_bytes=836","No credentials were printed. Relocate/review is a proposal, not a deletion decision."
"artifacts/h24-final/oceancube.Rcheck/tests/testthat/test-package-boundary-spatind.R",FALSE,TRUE,TRUE,TRUE,FALSE,FALSE,"not-scanned","no filename evidence; content not exhaustively inspected",FALSE,"relocate","not tracked; ignored; type=artifact; size_bytes=1584","No credentials were printed. Relocate/review is a proposal, not a deletion decision."
"artifacts/h24-final/oceancube.Rcheck/tests/testthat/test-read-nc-baseline.R",FALSE,TRUE,TRUE,TRUE,FALSE,FALSE,"not-scanned","no filename evidence; content not exhaustively inspected",FALSE,"relocate","not tracked; ignored; type=artifact; size_bytes=3478","No credentials were printed. Relocate/review is a proposal, not a deletion decision."
"artifacts/h24-final/oceancube.Rcheck/tests/testthat/test-refactor-coast-dist-backend.R",FALSE,TRUE,TRUE,TRUE,FALSE,FALSE,"not-scanned","no filename evidence; content not exhaustively inspected",FALSE,"relocate","not tracked; ignored; type=artifact; size_bytes=9486","No credentials were printed. Relocate/review is a proposal, not a deletion decision."
"artifacts/h24-final/oceancube.Rcheck/tests/testthat/test-refactor-layer-annual-backend.R",FALSE,TRUE,TRUE,TRUE,FALSE,FALSE,"not-scanned","no filename evidence; content not exhaustively inspected",FALSE,"relocate","not tracked; ignored; type=artifact; size_bytes=10782","No credentials were printed. Relocate/review is a proposal, not a deletion decision."
"artifacts/h24-final/oceancube.Rcheck/tests/testthat/test-refactor-link-events-backend.R",FALSE,TRUE,TRUE,TRUE,FALSE,FALSE,"not-scanned","no filename evidence; content not exhaustively inspected",FALSE,"relocate","not tracked; ignored; type=artifact; size_bytes=17309","No credentials were printed. Relocate/review is a proposal, not a deletion decision."
"artifacts/h24-final/oceancube.Rcheck/tests/testthat/test-refactor-temporal-backend.R",FALSE,TRUE,TRUE,TRUE,FALSE,FALSE,"not-scanned","no filename evidence; content not exhaustively inspected",FALSE,"relocate","not tracked; ignored; type=artifact; size_bytes=11299","No credentials were printed. Relocate/review is a proposal, not a deletion decision."
"artifacts/h24-final/oceancube.Rcheck/tests/testthat/test-release-contract.R",FALSE,TRUE,TRUE,TRUE,FALSE,FALSE,"not-scanned","no filename evidence; content not exhaustively inspected",FALSE,"relocate","not tracked; ignored; type=artifact; size_bytes=4608","No credentials were printed. Relocate/review is a proposal, not a deletion decision."
"artifacts/h24-final/oceancube.Rcheck/tests/testthat/test-scientific-baseline.R",FALSE,TRUE,TRUE,TRUE,FALSE,FALSE,"not-scanned","no filename evidence; content not exhaustively inspected",FALSE,"relocate","not tracked; ignored; type=artifact; size_bytes=4598","No credentials were printed. Relocate/review is a proposal, not a deletion decision."
"artifacts/h24-final/oceancube_0.1.0.tar.gz",FALSE,TRUE,TRUE,TRUE,FALSE,FALSE,"not-scanned","no filename evidence; content not exhaustively inspected",FALSE,"relocate","not tracked; ignored; type=artifact; size_bytes=163680","No credentials were printed. Relocate/review is a proposal, not a deletion decision."
"artifacts/h24-final/site-complete/katex-auto.js",FALSE,TRUE,TRUE,TRUE,FALSE,FALSE,"not-scanned","no filename evidence; content not exhaustively inspected",FALSE,"relocate","not tracked; ignored; type=artifact; size_bytes=621","No credentials were printed. Relocate/review is a proposal, not a deletion decision."
"artifacts/h24-final/site-complete/lightswitch.js",FALSE,TRUE,TRUE,TRUE,FALSE,FALSE,"not-scanned","no filename evidence; content not exhaustively inspected",FALSE,"relocate","not tracked; ignored; type=artifact; size_bytes=2498","No credentials were printed. Relocate/review is a proposal, not a deletion decision."
"artifacts/h24-final/site-complete/link.svg",FALSE,TRUE,TRUE,TRUE,FALSE,FALSE,"not-scanned","no filename evidence; content not exhaustively inspected",FALSE,"relocate","not tracked; ignored; type=artifact; size_bytes=810","No credentials were printed. Relocate/review is a proposal, not a deletion decision."
"artifacts/h24-final/site-complete/pkgdown.js",FALSE,TRUE,TRUE,TRUE,FALSE,FALSE,"not-scanned","no filename evidence; content not exhaustively inspected",FALSE,"relocate","not tracked; ignored; type=artifact; size_bytes=4964","No credentials were printed. Relocate/review is a proposal, not a deletion decision."
"artifacts/h24-final/site-installed/404.html",FALSE,TRUE,TRUE,TRUE,FALSE,FALSE,"not-scanned","no filename evidence; content not exhaustively inspected",FALSE,"relocate","not tracked; ignored; type=website; size_bytes=4805","No credentials were printed. Relocate/review is a proposal, not a deletion decision."
"artifacts/h24-final/site-installed/404.md",FALSE,TRUE,TRUE,TRUE,FALSE,FALSE,"not-scanned","no filename evidence; content not exhaustively inspected",FALSE,"relocate","not tracked; ignored; type=artifact; size_bytes=78","No credentials were printed. Relocate/review is a proposal, not a deletion decision."
"artifacts/h24-final/site-installed/articles/get-started.html",FALSE,TRUE,TRUE,TRUE,FALSE,FALSE,"not-scanned","no filename evidence; content not exhaustively inspected",FALSE,"relocate","not tracked; ignored; type=website; size_bytes=7632","No credentials were printed. Relocate/review is a proposal, not a deletion decision."
"artifacts/h24-final/site-installed/articles/get-started.md",FALSE,TRUE,TRUE,TRUE,FALSE,FALSE,"not-scanned","no filename evidence; content not exhaustively inspected",FALSE,"relocate","not tracked; ignored; type=artifact; size_bytes=916","No credentials were printed. Relocate/review is a proposal, not a deletion decision."
"artifacts/h24-final/site-installed/articles/index.html",FALSE,TRUE,TRUE,TRUE,FALSE,FALSE,"not-scanned","no filename evidence; content not exhaustively inspected",FALSE,"relocate","not tracked; ignored; type=website; size_bytes=4619","No credentials were printed. Relocate/review is a proposal, not a deletion decision."
"artifacts/h24-final/site-installed/articles/index.md",FALSE,TRUE,TRUE,TRUE,FALSE,FALSE,"not-scanned","no filename evidence; content not exhaustively inspected",FALSE,"relocate","not tracked; ignored; type=artifact; size_bytes=478","No credentials were printed. Relocate/review is a proposal, not a deletion decision."
"artifacts/h24-final/site-installed/articles/oceancube-architecture.html",FALSE,TRUE,TRUE,TRUE,FALSE,FALSE,"not-scanned","no filename evidence; content not exhaustively inspected",FALSE,"relocate","not tracked; ignored; type=website; size_bytes=10877","No credentials were printed. Relocate/review is a proposal, not a deletion decision."
"artifacts/h24-final/site-installed/articles/oceancube-architecture.md",FALSE,TRUE,TRUE,TRUE,FALSE,FALSE,"not-scanned","no filename evidence; content not exhaustively inspected",FALSE,"relocate","not tracked; ignored; type=artifact; size_bytes=2634","No credentials were printed. Relocate/review is a proposal, not a deletion decision."
"artifacts/h24-final/site-installed/articles/oceancube-geometry-weights.html",FALSE,TRUE,TRUE,TRUE,FALSE,FALSE,"not-scanned","no filename evidence; content not exhaustively inspected",FALSE,"relocate","not tracked; ignored; type=website; size_bytes=18237","No credentials were printed. Relocate/review is a proposal, not a deletion decision."
"artifacts/h24-final/site-installed/articles/oceancube-geometry-weights.md",FALSE,TRUE,TRUE,TRUE,FALSE,FALSE,"not-scanned","no filename evidence; content not exhaustively inspected",FALSE,"relocate","not tracked; ignored; type=artifact; size_bytes=5697","No credentials were printed. Relocate/review is a proposal, not a deletion decision."
"artifacts/h24-final/site-installed/articles/oceancube-introduction.html",FALSE,TRUE,TRUE,TRUE,FALSE,FALSE,"not-scanned","no filename evidence; content not exhaustively inspected",FALSE,"relocate","not tracked; ignored; type=website; size_bytes=21514","No credentials were printed. Relocate/review is a proposal, not a deletion decision."
"artifacts/h24-final/site-installed/articles/oceancube-introduction.md",FALSE,TRUE,TRUE,TRUE,FALSE,FALSE,"not-scanned","no filename evidence; content not exhaustively inspected",FALSE,"relocate","not tracked; ignored; type=artifact; size_bytes=5545","No credentials were printed. Relocate/review is a proposal, not a deletion decision."
"artifacts/h24-final/site-installed/authors.html",FALSE,TRUE,TRUE,TRUE,FALSE,FALSE,"not-scanned","no filename evidence; content not exhaustively inspected",FALSE,"relocate","not tracked; ignored; type=website; size_bytes=5125","No credentials were printed. Relocate/review is a proposal, not a deletion decision."
"artifacts/h24-final/site-installed/authors.md",FALSE,TRUE,TRUE,TRUE,FALSE,FALSE,"not-scanned","no filename evidence; content not exhaustively inspected",FALSE,"relocate","not tracked; ignored; type=artifact; size_bytes=602","No credentials were printed. Relocate/review is a proposal, not a deletion decision."
"artifacts/h24-final/site-installed/CODE_OF_CONDUCT.html",FALSE,TRUE,TRUE,TRUE,FALSE,FALSE,"not-scanned","no filename evidence; content not exhaustively inspected",FALSE,"relocate","not tracked; ignored; type=website; size_bytes=4346","No credentials were printed. Relocate/review is a proposal, not a deletion decision."
"artifacts/h24-final/site-installed/CODE_OF_CONDUCT.md",FALSE,TRUE,TRUE,TRUE,FALSE,FALSE,"not-scanned","no filename evidence; content not exhaustively inspected",FALSE,"relocate","not tracked; ignored; type=artifact; size_bytes=97","No credentials were printed. Relocate/review is a proposal, not a deletion decision."
"artifacts/h24-final/site-installed/CONTRIBUTING.html",FALSE,TRUE,TRUE,TRUE,FALSE,FALSE,"not-scanned","no filename evidence; content not exhaustively inspected",FALSE,"relocate","not tracked; ignored; type=website; size_bytes=4407","No credentials were printed. Relocate/review is a proposal, not a deletion decision."
"artifacts/h24-final/site-installed/CONTRIBUTING.md",FALSE,TRUE,TRUE,TRUE,FALSE,FALSE,"not-scanned","no filename evidence; content not exhaustively inspected",FALSE,"relocate","not tracked; ignored; type=artifact; size_bytes=134","No credentials were printed. Relocate/review is a proposal, not a deletion decision."
"artifacts/h24-final/site-installed/deps/bootstrap-5.3.1/bootstrap.bundle.min.js",FALSE,TRUE,TRUE,TRUE,FALSE,FALSE,"not-scanned","no filename evidence; content not exhaustively inspected",FALSE,"relocate","not tracked; ignored; type=artifact; size_bytes=80668","No credentials were printed. Relocate/review is a proposal, not a deletion decision."
"artifacts/h24-final/site-installed/deps/bootstrap-5.3.1/bootstrap.bundle.min.js.map",FALSE,TRUE,TRUE,TRUE,FALSE,FALSE,"not-scanned","no filename evidence; content not exhaustively inspected",FALSE,"relocate","not tracked; ignored; type=artifact; size_bytes=331827","No credentials were printed. Relocate/review is a proposal, not a deletion decision."
"artifacts/h24-final/site-installed/deps/bootstrap-5.3.1/bootstrap.min.css",FALSE,TRUE,TRUE,TRUE,FALSE,FALSE,"not-scanned","no filename evidence; content not exhaustively inspected",FALSE,"relocate","not tracked; ignored; type=artifact; size_bytes=287894","No credentials were printed. Relocate/review is a proposal, not a deletion decision."
"artifacts/h24-final/site-installed/deps/bootstrap-toc-1.0.1/bootstrap-toc.min.js",FALSE,TRUE,TRUE,TRUE,FALSE,FALSE,"not-scanned","no filename evidence; content not exhaustively inspected",FALSE,"relocate","not tracked; ignored; type=artifact; size_bytes=2107","No credentials were printed. Relocate/review is a proposal, not a deletion decision."
"artifacts/h24-final/site-installed/deps/clipboard.js-2.0.11/clipboard.min.js",FALSE,TRUE,TRUE,TRUE,FALSE,FALSE,"not-scanned","no filename evidence; content not exhaustively inspected",FALSE,"relocate","not tracked; ignored; type=artifact; size_bytes=9160","No credentials were printed. Relocate/review is a proposal, not a deletion decision."
"artifacts/h24-final/site-installed/deps/data-deps.txt",FALSE,TRUE,TRUE,TRUE,FALSE,FALSE,"not-scanned","no filename evidence; content not exhaustively inspected",FALSE,"relocate","not tracked; ignored; type=artifact; size_bytes=898","No credentials were printed. Relocate/review is a proposal, not a deletion decision."
"artifacts/h24-final/site-installed/deps/font-awesome-6.5.2/css/all.css",FALSE,TRUE,TRUE,TRUE,FALSE,FALSE,"not-scanned","no filename evidence; content not exhaustively inspected",FALSE,"relocate","not tracked; ignored; type=artifact; size_bytes=140418","No credentials were printed. Relocate/review is a proposal, not a deletion decision."
"artifacts/h24-final/site-installed/deps/font-awesome-6.5.2/css/all.min.css",FALSE,TRUE,TRUE,TRUE,FALSE,FALSE,"not-scanned","no filename evidence; content not exhaustively inspected",FALSE,"relocate","not tracked; ignored; type=artifact; size_bytes=102250","No credentials were printed. Relocate/review is a proposal, not a deletion decision."
"artifacts/h24-final/site-installed/deps/font-awesome-6.5.2/css/v4-shims.css",FALSE,TRUE,TRUE,TRUE,FALSE,FALSE,"not-scanned","no filename evidence; content not exhaustively inspected",FALSE,"relocate","not tracked; ignored; type=artifact; size_bytes=41574","No credentials were printed. Relocate/review is a proposal, not a deletion decision."
"artifacts/h24-final/site-installed/deps/font-awesome-6.5.2/css/v4-shims.min.css",FALSE,TRUE,TRUE,TRUE,FALSE,FALSE,"not-scanned","no filename evidence; content not exhaustively inspected",FALSE,"relocate","not tracked; ignored; type=artifact; size_bytes=27593","No credentials were printed. Relocate/review is a proposal, not a deletion decision."
"artifacts/h24-final/site-installed/deps/font-awesome-6.5.2/webfonts/fa-brands-400.ttf",FALSE,TRUE,TRUE,TRUE,FALSE,FALSE,"not-scanned","no filename evidence; content not exhaustively inspected",FALSE,"relocate","not tracked; ignored; type=artifact; size_bytes=209128","No credentials were printed. Relocate/review is a proposal, not a deletion decision."
"artifacts/h24-final/site-installed/deps/font-awesome-6.5.2/webfonts/fa-brands-400.woff2",FALSE,TRUE,TRUE,TRUE,FALSE,FALSE,"not-scanned","no filename evidence; content not exhaustively inspected",FALSE,"relocate","not tracked; ignored; type=artifact; size_bytes=117852","No credentials were printed. Relocate/review is a proposal, not a deletion decision."
"artifacts/h24-final/site-installed/deps/font-awesome-6.5.2/webfonts/fa-regular-400.ttf",FALSE,TRUE,TRUE,TRUE,FALSE,FALSE,"not-scanned","no filename evidence; content not exhaustively inspected",FALSE,"relocate","not tracked; ignored; type=artifact; size_bytes=67860","No credentials were printed. Relocate/review is a proposal, not a deletion decision."
"artifacts/h24-final/site-installed/deps/font-awesome-6.5.2/webfonts/fa-regular-400.woff2",FALSE,TRUE,TRUE,TRUE,FALSE,FALSE,"not-scanned","no filename evidence; content not exhaustively inspected",FALSE,"relocate","not tracked; ignored; type=artifact; size_bytes=25392","No credentials were printed. Relocate/review is a proposal, not a deletion decision."
"artifacts/h24-final/site-installed/deps/font-awesome-6.5.2/webfonts/fa-solid-900.ttf",FALSE,TRUE,TRUE,TRUE,FALSE,FALSE,"not-scanned","no filename evidence; content not exhaustively inspected",FALSE,"relocate","not tracked; ignored; type=artifact; size_bytes=420332","No credentials were printed. Relocate/review is a proposal, not a deletion decision."
"artifacts/h24-final/site-installed/deps/font-awesome-6.5.2/webfonts/fa-solid-900.woff2",FALSE,TRUE,TRUE,TRUE,FALSE,FALSE,"not-scanned","no filename evidence; content not exhaustively inspected",FALSE,"relocate","not tracked; ignored; type=artifact; size_bytes=156400","No credentials were printed. Relocate/review is a proposal, not a deletion decision."
"artifacts/h24-final/site-installed/deps/font-awesome-6.5.2/webfonts/fa-v4compatibility.ttf",FALSE,TRUE,TRUE,TRUE,FALSE,FALSE,"not-scanned","no filename evidence; content not exhaustively inspected",FALSE,"relocate","not tracked; ignored; type=artifact; size_bytes=10832","No credentials were printed. Relocate/review is a proposal, not a deletion decision."
"artifacts/h24-final/site-installed/deps/font-awesome-6.5.2/webfonts/fa-v4compatibility.woff2",FALSE,TRUE,TRUE,TRUE,FALSE,FALSE,"not-scanned","no filename evidence; content not exhaustively inspected",FALSE,"relocate","not tracked; ignored; type=artifact; size_bytes=4792","No credentials were printed. Relocate/review is a proposal, not a deletion decision."
"artifacts/h24-final/site-installed/deps/headroom-0.11.0/headroom.min.js",FALSE,TRUE,TRUE,TRUE,FALSE,FALSE,"not-scanned","no filename evidence; content not exhaustively inspected",FALSE,"relocate","not tracked; ignored; type=artifact; size_bytes=4526","No credentials were printed. Relocate/review is a proposal, not a deletion decision."
"artifacts/h24-final/site-installed/deps/headroom-0.11.0/jQuery.headroom.min.js",FALSE,TRUE,TRUE,TRUE,FALSE,FALSE,"not-scanned","no filename evidence; content not exhaustively inspected",FALSE,"relocate","not tracked; ignored; type=artifact; size_bytes=589","No credentials were printed. Relocate/review is a proposal, not a deletion decision."
"artifacts/h24-final/site-installed/deps/jquery-3.6.0/jquery-3.6.0.js",FALSE,TRUE,TRUE,TRUE,FALSE,FALSE,"not-scanned","no filename evidence; content not exhaustively inspected",FALSE,"relocate","not tracked; ignored; type=artifact; size_bytes=288580","No credentials were printed. Relocate/review is a proposal, not a deletion decision."
"artifacts/h24-final/site-installed/deps/jquery-3.6.0/jquery-3.6.0.min.js",FALSE,TRUE,TRUE,TRUE,FALSE,FALSE,"not-scanned","no filename evidence; content not exhaustively inspected",FALSE,"relocate","not tracked; ignored; type=artifact; size_bytes=89501","No credentials were printed. Relocate/review is a proposal, not a deletion decision."
"artifacts/h24-final/site-installed/deps/jquery-3.6.0/jquery-3.6.0.min.map",FALSE,TRUE,TRUE,TRUE,FALSE,FALSE,"not-scanned","no filename evidence; content not exhaustively inspected",FALSE,"relocate","not tracked; ignored; type=artifact; size_bytes=137972","No credentials were printed. Relocate/review is a proposal, not a deletion decision."
"artifacts/h24-final/site-installed/deps/search-1.0.0/autocomplete.jquery.min.js",FALSE,TRUE,TRUE,TRUE,FALSE,FALSE,"not-scanned","no filename evidence; content not exhaustively inspected",FALSE,"relocate","not tracked; ignored; type=artifact; size_bytes=36562","No credentials were printed. Relocate/review is a proposal, not a deletion decision."
"artifacts/h24-final/site-installed/deps/search-1.0.0/fuse.min.js",FALSE,TRUE,TRUE,TRUE,FALSE,FALSE,"not-scanned","no filename evidence; content not exhaustively inspected",FALSE,"relocate","not tracked; ignored; type=artifact; size_bytes=23035","No credentials were printed. Relocate/review is a proposal, not a deletion decision."
"artifacts/h24-final/site-installed/deps/search-1.0.0/mark.min.js",FALSE,TRUE,TRUE,TRUE,FALSE,FALSE,"not-scanned","no filename evidence; content not exhaustively inspected",FALSE,"relocate","not tracked; ignored; type=artifact; size_bytes=16917","No credentials were printed. Relocate/review is a proposal, not a deletion decision."
"artifacts/h24-final/site-installed/index.html",FALSE,TRUE,TRUE,TRUE,FALSE,FALSE,"not-scanned","no filename evidence; content not exhaustively inspected",FALSE,"relocate","not tracked; ignored; type=website; size_bytes=17060","No credentials were printed. Relocate/review is a proposal, not a deletion decision."
"artifacts/h24-final/site-installed/index.md",FALSE,TRUE,TRUE,TRUE,FALSE,FALSE,"not-scanned","no filename evidence; content not exhaustively inspected",FALSE,"relocate","not tracked; ignored; type=artifact; size_bytes=5119","No credentials were printed. Relocate/review is a proposal, not a deletion decision."
"artifacts/h24-final/site-installed/katex-auto.js",FALSE,TRUE,TRUE,TRUE,FALSE,FALSE,"not-scanned","no filename evidence; content not exhaustively inspected",FALSE,"relocate","not tracked; ignored; type=artifact; size_bytes=621","No credentials were printed. Relocate/review is a proposal, not a deletion decision."
"artifacts/h24-final/site-installed/LICENSE-text.html",FALSE,TRUE,TRUE,TRUE,FALSE,FALSE,"not-scanned","no filename evidence; content not exhaustively inspected",FALSE,"relocate","not tracked; ignored; type=website; size_bytes=5094","No credentials were printed. Relocate/review is a proposal, not a deletion decision."
"artifacts/h24-final/site-installed/LICENSE-text.md",FALSE,TRUE,TRUE,TRUE,FALSE,FALSE,"not-scanned","no filename evidence; content not exhaustively inspected",FALSE,"relocate","not tracked; ignored; type=artifact; size_bytes=1164","No credentials were printed. Relocate/review is a proposal, not a deletion decision."
"artifacts/h24-final/site-installed/lightswitch.js",FALSE,TRUE,TRUE,TRUE,FALSE,FALSE,"not-scanned","no filename evidence; content not exhaustively inspected",FALSE,"relocate","not tracked; ignored; type=artifact; size_bytes=2498","No credentials were printed. Relocate/review is a proposal, not a deletion decision."
"artifacts/h24-final/site-installed/link.svg",FALSE,TRUE,TRUE,TRUE,FALSE,FALSE,"not-scanned","no filename evidence; content not exhaustively inspected",FALSE,"relocate","not tracked; ignored; type=artifact; size_bytes=810","No credentials were printed. Relocate/review is a proposal, not a deletion decision."
"artifacts/h24-final/site-installed/llms.txt",FALSE,TRUE,TRUE,TRUE,FALSE,FALSE,"not-scanned","no filename evidence; content not exhaustively inspected",FALSE,"relocate","not tracked; ignored; type=artifact; size_bytes=9467","No credentials were printed. Relocate/review is a proposal, not a deletion decision."
"artifacts/h24-final/site-installed/news/index.html",FALSE,TRUE,TRUE,TRUE,FALSE,FALSE,"not-scanned","no filename evidence; content not exhaustively inspected",FALSE,"relocate","not tracked; ignored; type=website; size_bytes=7575","No credentials were printed. Relocate/review is a proposal, not a deletion decision."
"artifacts/h24-final/site-installed/news/index.md",FALSE,TRUE,TRUE,TRUE,FALSE,FALSE,"not-scanned","no filename evidence; content not exhaustively inspected",FALSE,"relocate","not tracked; ignored; type=artifact; size_bytes=1850","No credentials were printed. Relocate/review is a proposal, not a deletion decision."
"artifacts/h24-final/site-installed/pkgdown.js",FALSE,TRUE,TRUE,TRUE,FALSE,FALSE,"not-scanned","no filename evidence; content not exhaustively inspected",FALSE,"relocate","not tracked; ignored; type=artifact; size_bytes=4964","No credentials were printed. Relocate/review is a proposal, not a deletion decision."
"artifacts/h24-final/site-installed/pkgdown.yml",FALSE,TRUE,TRUE,TRUE,FALSE,FALSE,"not-scanned","no filename evidence; content not exhaustively inspected",FALSE,"relocate","not tracked; ignored; type=configuration; size_bytes=421","No credentials were printed. Relocate/review is a proposal, not a deletion decision."
"artifacts/h24-final/site-installed/reference/annual_index.html",FALSE,TRUE,TRUE,TRUE,FALSE,FALSE,"not-scanned","no filename evidence; content not exhaustively inspected",FALSE,"relocate","not tracked; ignored; type=website; size_bytes=6291","No credentials were printed. Relocate/review is a proposal, not a deletion decision."
"artifacts/h24-final/site-installed/reference/annual_index.md",FALSE,TRUE,TRUE,TRUE,FALSE,FALSE,"not-scanned","no filename evidence; content not exhaustively inspected",FALSE,"relocate","not tracked; ignored; type=artifact; size_bytes=518","No credentials were printed. Relocate/review is a proposal, not a deletion decision."
"artifacts/h24-final/site-installed/reference/anom_diff.html",FALSE,TRUE,TRUE,TRUE,FALSE,FALSE,"not-scanned","no filename evidence; content not exhaustively inspected",FALSE,"relocate","not tracked; ignored; type=website; size_bytes=6025","No credentials were printed. Relocate/review is a proposal, not a deletion decision."
"artifacts/h24-final/site-installed/reference/anom_diff.md",FALSE,TRUE,TRUE,TRUE,FALSE,FALSE,"not-scanned","no filename evidence; content not exhaustively inspected",FALSE,"relocate","not tracked; ignored; type=artifact; size_bytes=488","No credentials were printed. Relocate/review is a proposal, not a deletion decision."
"artifacts/h24-final/site-installed/reference/anom_z.html",FALSE,TRUE,TRUE,TRUE,FALSE,FALSE,"not-scanned","no filename evidence; content not exhaustively inspected",FALSE,"relocate","not tracked; ignored; type=website; size_bytes=6062","No credentials were printed. Relocate/review is a proposal, not a deletion decision."
"artifacts/h24-final/site-installed/reference/anom_z.md",FALSE,TRUE,TRUE,TRUE,FALSE,FALSE,"not-scanned","no filename evidence; content not exhaustively inspected",FALSE,"relocate","not tracked; ignored; type=artifact; size_bytes=519","No credentials were printed. Relocate/review is a proposal, not a deletion decision."
"artifacts/h24-final/site-installed/reference/clim_day.html",FALSE,TRUE,TRUE,TRUE,FALSE,FALSE,"not-scanned","no filename evidence; content not exhaustively inspected",FALSE,"relocate","not tracked; ignored; type=website; size_bytes=7555","No credentials were printed. Relocate/review is a proposal, not a deletion decision."
"artifacts/h24-final/site-installed/reference/clim_day.md",FALSE,TRUE,TRUE,TRUE,FALSE,FALSE,"not-scanned","no filename evidence; content not exhaustively inspected",FALSE,"relocate","not tracked; ignored; type=artifact; size_bytes=1041","No credentials were printed. Relocate/review is a proposal, not a deletion decision."
"artifacts/h24-final/site-installed/reference/clim_month.html",FALSE,TRUE,TRUE,TRUE,FALSE,FALSE,"not-scanned","no filename evidence; content not exhaustively inspected",FALSE,"relocate","not tracked; ignored; type=website; size_bytes=5927","No credentials were printed. Relocate/review is a proposal, not a deletion decision."
"artifacts/h24-final/site-installed/reference/clim_month.md",FALSE,TRUE,TRUE,TRUE,FALSE,FALSE,"not-scanned","no filename evidence; content not exhaustively inspected",FALSE,"relocate","not tracked; ignored; type=artifact; size_bytes=317","No credentials were printed. Relocate/review is a proposal, not a deletion decision."
"artifacts/h24-final/site-installed/reference/cm_connect.html",FALSE,TRUE,TRUE,TRUE,FALSE,FALSE,"not-scanned","no filename evidence; content not exhaustively inspected",FALSE,"relocate","not tracked; ignored; type=website; size_bytes=6465","No credentials were printed. Relocate/review is a proposal, not a deletion decision."
"artifacts/h24-final/site-installed/reference/cm_connect.md",FALSE,TRUE,TRUE,TRUE,FALSE,FALSE,"not-scanned","no filename evidence; content not exhaustively inspected",FALSE,"relocate","not tracked; ignored; type=artifact; size_bytes=515","No credentials were printed. Relocate/review is a proposal, not a deletion decision."
"artifacts/h24-final/site-installed/reference/cm_setup.html",FALSE,TRUE,TRUE,TRUE,FALSE,FALSE,"not-scanned","no filename evidence; content not exhaustively inspected",FALSE,"relocate","not tracked; ignored; type=website; size_bytes=6853","No credentials were printed. Relocate/review is a proposal, not a deletion decision."
"artifacts/h24-final/site-installed/reference/cm_setup.md",FALSE,TRUE,TRUE,TRUE,FALSE,FALSE,"not-scanned","no filename evidence; content not exhaustively inspected",FALSE,"relocate","not tracked; ignored; type=artifact; size_bytes=654","No credentials were printed. Relocate/review is a proposal, not a deletion decision."
"artifacts/h24-final/site-installed/reference/coast_dist.html",FALSE,TRUE,TRUE,TRUE,FALSE,FALSE,"not-scanned","no filename evidence; content not exhaustively inspected",FALSE,"relocate","not tracked; ignored; type=website; size_bytes=6064","No credentials were printed. Relocate/review is a proposal, not a deletion decision."
"artifacts/h24-final/site-installed/reference/coast_dist.md",FALSE,TRUE,TRUE,TRUE,FALSE,FALSE,"not-scanned","no filename evidence; content not exhaustively inspected",FALSE,"relocate","not tracked; ignored; type=artifact; size_bytes=427","No credentials were printed. Relocate/review is a proposal, not a deletion decision."
"artifacts/h24-final/site-installed/reference/crop_stock.html",FALSE,TRUE,TRUE,TRUE,FALSE,FALSE,"not-scanned","no filename evidence; content not exhaustively inspected",FALSE,"relocate","not tracked; ignored; type=website; size_bytes=5813","No credentials were printed. Relocate/review is a proposal, not a deletion decision."
"artifacts/h24-final/site-installed/reference/crop_stock.md",FALSE,TRUE,TRUE,TRUE,FALSE,FALSE,"not-scanned","no filename evidence; content not exhaustively inspected",FALSE,"relocate","not tracked; ignored; type=artifact; size_bytes=269","No credentials were printed. Relocate/review is a proposal, not a deletion decision."
"artifacts/h24-final/site-installed/reference/cube_cell_area.html",FALSE,TRUE,TRUE,TRUE,FALSE,FALSE,"not-scanned","no filename evidence; content not exhaustively inspected",FALSE,"relocate","not tracked; ignored; type=website; size_bytes=6850","No credentials were printed. Relocate/review is a proposal, not a deletion decision."
"artifacts/h24-final/site-installed/reference/cube_cell_area.md",FALSE,TRUE,TRUE,TRUE,FALSE,FALSE,"not-scanned","no filename evidence; content not exhaustively inspected",FALSE,"relocate","not tracked; ignored; type=artifact; size_bytes=711","No credentials were printed. Relocate/review is a proposal, not a deletion decision."
"artifacts/h24-final/site-installed/reference/cube_cell_volume.html",FALSE,TRUE,TRUE,TRUE,FALSE,FALSE,"not-scanned","no filename evidence; content not exhaustively inspected",FALSE,"relocate","not tracked; ignored; type=website; size_bytes=7041","No credentials were printed. Relocate/review is a proposal, not a deletion decision."
"artifacts/h24-final/site-installed/reference/cube_cell_volume.md",FALSE,TRUE,TRUE,TRUE,FALSE,FALSE,"not-scanned","no filename evidence; content not exhaustively inspected",FALSE,"relocate","not tracked; ignored; type=artifact; size_bytes=809","No credentials were printed. Relocate/review is a proposal, not a deletion decision."
"artifacts/h24-final/site-installed/reference/cube_collect.html",FALSE,TRUE,TRUE,TRUE,FALSE,FALSE,"not-scanned","no filename evidence; content not exhaustively inspected",FALSE,"relocate","not tracked; ignored; type=website; size_bytes=9303","No credentials were printed. Relocate/review is a proposal, not a deletion decision."
"artifacts/h24-final/site-installed/reference/cube_collect.md",FALSE,TRUE,TRUE,TRUE,FALSE,FALSE,"not-scanned","no filename evidence; content not exhaustively inspected",FALSE,"relocate","not tracked; ignored; type=artifact; size_bytes=1209","No credentials were printed. Relocate/review is a proposal, not a deletion decision."
"artifacts/h24-final/site-installed/reference/cube_crop.html",FALSE,TRUE,TRUE,TRUE,FALSE,FALSE,"not-scanned","no filename evidence; content not exhaustively inspected",FALSE,"relocate","not tracked; ignored; type=website; size_bytes=15476","No credentials were printed. Relocate/review is a proposal, not a deletion decision."
"artifacts/h24-final/site-installed/reference/cube_crop.md",FALSE,TRUE,TRUE,TRUE,FALSE,FALSE,"not-scanned","no filename evidence; content not exhaustively inspected",FALSE,"relocate","not tracked; ignored; type=artifact; size_bytes=3532","No credentials were printed. Relocate/review is a proposal, not a deletion decision."
"artifacts/h24-final/site-installed/reference/cube_extract.html",FALSE,TRUE,TRUE,TRUE,FALSE,FALSE,"not-scanned","no filename evidence; content not exhaustively inspected",FALSE,"relocate","not tracked; ignored; type=website; size_bytes=17947","No credentials were printed. Relocate/review is a proposal, not a deletion decision."
"artifacts/h24-final/site-installed/reference/cube_extract.md",FALSE,TRUE,TRUE,TRUE,FALSE,FALSE,"not-scanned","no filename evidence; content not exhaustively inspected",FALSE,"relocate","not tracked; ignored; type=artifact; size_bytes=5188","No credentials were printed. Relocate/review is a proposal, not a deletion decision."
"artifacts/h24-final/site-installed/reference/cube_layer_thickness.html",FALSE,TRUE,TRUE,TRUE,FALSE,FALSE,"not-scanned","no filename evidence; content not exhaustively inspected",FALSE,"relocate","not tracked; ignored; type=website; size_bytes=7607","No credentials were printed. Relocate/review is a proposal, not a deletion decision."
"artifacts/h24-final/site-installed/reference/cube_layer_thickness.md",FALSE,TRUE,TRUE,TRUE,FALSE,FALSE,"not-scanned","no filename evidence; content not exhaustively inspected",FALSE,"relocate","not tracked; ignored; type=artifact; size_bytes=950","No credentials were printed. Relocate/review is a proposal, not a deletion decision."
"artifacts/h24-final/site-installed/reference/cube_mask.html",FALSE,TRUE,TRUE,TRUE,FALSE,FALSE,"not-scanned","no filename evidence; content not exhaustively inspected",FALSE,"relocate","not tracked; ignored; type=website; size_bytes=16249","No credentials were printed. Relocate/review is a proposal, not a deletion decision."
"artifacts/h24-final/site-installed/reference/cube_mask.md",FALSE,TRUE,TRUE,TRUE,FALSE,FALSE,"not-scanned","no filename evidence; content not exhaustively inspected",FALSE,"relocate","not tracked; ignored; type=artifact; size_bytes=4037","No credentials were printed. Relocate/review is a proposal, not a deletion decision."
"artifacts/h24-final/site-installed/reference/cube_polygon_weights.html",FALSE,TRUE,TRUE,TRUE,FALSE,FALSE,"not-scanned","no filename evidence; content not exhaustively inspected",FALSE,"relocate","not tracked; ignored; type=website; size_bytes=9530","No credentials were printed. Relocate/review is a proposal, not a deletion decision."
"artifacts/h24-final/site-installed/reference/cube_polygon_weights.md",FALSE,TRUE,TRUE,TRUE,FALSE,FALSE,"not-scanned","no filename evidence; content not exhaustively inspected",FALSE,"relocate","not tracked; ignored; type=artifact; size_bytes=2166","No credentials were printed. Relocate/review is a proposal, not a deletion decision."
"artifacts/h24-final/site-installed/reference/cube_slice.html",FALSE,TRUE,TRUE,TRUE,FALSE,FALSE,"not-scanned","no filename evidence; content not exhaustively inspected",FALSE,"relocate","not tracked; ignored; type=website; size_bytes=16756","No credentials were printed. Relocate/review is a proposal, not a deletion decision."
"artifacts/h24-final/site-installed/reference/cube_slice.md",FALSE,TRUE,TRUE,TRUE,FALSE,FALSE,"not-scanned","no filename evidence; content not exhaustively inspected",FALSE,"relocate","not tracked; ignored; type=artifact; size_bytes=3883","No credentials were printed. Relocate/review is a proposal, not a deletion decision."
"artifacts/h24-final/site-installed/reference/cube_transect.html",FALSE,TRUE,TRUE,TRUE,FALSE,FALSE,"not-scanned","no filename evidence; content not exhaustively inspected",FALSE,"relocate","not tracked; ignored; type=website; size_bytes=20923","No credentials were printed. Relocate/review is a proposal, not a deletion decision."
"artifacts/h24-final/site-installed/reference/cube_transect.md",FALSE,TRUE,TRUE,TRUE,FALSE,FALSE,"not-scanned","no filename evidence; content not exhaustively inspected",FALSE,"relocate","not tracked; ignored; type=artifact; size_bytes=6127","No credentials were printed. Relocate/review is a proposal, not a deletion decision."
"artifacts/h24-final/site-installed/reference/download_nc.html",FALSE,TRUE,TRUE,TRUE,FALSE,FALSE,"not-scanned","no filename evidence; content not exhaustively inspected",FALSE,"relocate","not tracked; ignored; type=website; size_bytes=8853","No credentials were printed. Relocate/review is a proposal, not a deletion decision."
"artifacts/h24-final/site-installed/reference/download_nc.md",FALSE,TRUE,TRUE,TRUE,FALSE,FALSE,"not-scanned","no filename evidence; content not exhaustively inspected",FALSE,"relocate","not tracked; ignored; type=artifact; size_bytes=1198","No credentials were printed. Relocate/review is a proposal, not a deletion decision."
"artifacts/h24-final/site-installed/reference/index.html",FALSE,TRUE,TRUE,TRUE,FALSE,FALSE,"not-scanned","no filename evidence; content not exhaustively inspected",FALSE,"relocate","not tracked; ignored; type=website; size_bytes=10537","No credentials were printed. Relocate/review is a proposal, not a deletion decision."
"artifacts/h24-final/site-installed/reference/index.md",FALSE,TRUE,TRUE,TRUE,FALSE,FALSE,"not-scanned","no filename evidence; content not exhaustively inspected",FALSE,"relocate","not tracked; ignored; type=artifact; size_bytes=3866","No credentials were printed. Relocate/review is a proposal, not a deletion decision."
"artifacts/h24-final/site-installed/reference/layer_mean.html",FALSE,TRUE,TRUE,TRUE,FALSE,FALSE,"not-scanned","no filename evidence; content not exhaustively inspected",FALSE,"relocate","not tracked; ignored; type=website; size_bytes=6018","No credentials were printed. Relocate/review is a proposal, not a deletion decision."
"artifacts/h24-final/site-installed/reference/layer_mean.md",FALSE,TRUE,TRUE,TRUE,FALSE,FALSE,"not-scanned","no filename evidence; content not exhaustively inspected",FALSE,"relocate","not tracked; ignored; type=artifact; size_bytes=441","No credentials were printed. Relocate/review is a proposal, not a deletion decision."
"artifacts/h24-final/site-installed/reference/link_events.html",FALSE,TRUE,TRUE,TRUE,FALSE,FALSE,"not-scanned","no filename evidence; content not exhaustively inspected",FALSE,"relocate","not tracked; ignored; type=website; size_bytes=9057","No credentials were printed. Relocate/review is a proposal, not a deletion decision."
"artifacts/h24-final/site-installed/reference/link_events.md",FALSE,TRUE,TRUE,TRUE,FALSE,FALSE,"not-scanned","no filename evidence; content not exhaustively inspected",FALSE,"relocate","not tracked; ignored; type=artifact; size_bytes=1586","No credentials were printed. Relocate/review is a proposal, not a deletion decision."
"artifacts/h24-final/site-installed/reference/ocean_cube.html",FALSE,TRUE,TRUE,TRUE,FALSE,FALSE,"not-scanned","no filename evidence; content not exhaustively inspected",FALSE,"relocate","not tracked; ignored; type=website; size_bytes=17228","No credentials were printed. Relocate/review is a proposal, not a deletion decision."
"artifacts/h24-final/site-installed/reference/ocean_cube.md",FALSE,TRUE,TRUE,TRUE,FALSE,FALSE,"not-scanned","no filename evidence; content not exhaustively inspected",FALSE,"relocate","not tracked; ignored; type=artifact; size_bytes=4369","No credentials were printed. Relocate/review is a proposal, not a deletion decision."
"artifacts/h24-final/site-installed/reference/read_nc.html",FALSE,TRUE,TRUE,TRUE,FALSE,FALSE,"not-scanned","no filename evidence; content not exhaustively inspected",FALSE,"relocate","not tracked; ignored; type=website; size_bytes=7531","No credentials were printed. Relocate/review is a proposal, not a deletion decision."
"artifacts/h24-final/site-installed/reference/read_nc.md",FALSE,TRUE,TRUE,TRUE,FALSE,FALSE,"not-scanned","no filename evidence; content not exhaustively inspected",FALSE,"relocate","not tracked; ignored; type=artifact; size_bytes=837","No credentials were printed. Relocate/review is a proposal, not a deletion decision."
"artifacts/h24-final/site-installed/reference/signal_noise.html",FALSE,TRUE,TRUE,TRUE,FALSE,FALSE,"not-scanned","no filename evidence; content not exhaustively inspected",FALSE,"relocate","not tracked; ignored; type=website; size_bytes=6247","No credentials were printed. Relocate/review is a proposal, not a deletion decision."
"artifacts/h24-final/site-installed/reference/signal_noise.md",FALSE,TRUE,TRUE,TRUE,FALSE,FALSE,"not-scanned","no filename evidence; content not exhaustively inspected",FALSE,"relocate","not tracked; ignored; type=artifact; size_bytes=572","No credentials were printed. Relocate/review is a proposal, not a deletion decision."
"artifacts/h24-final/site-installed/reference/stock_mask.html",FALSE,TRUE,TRUE,TRUE,FALSE,FALSE,"not-scanned","no filename evidence; content not exhaustively inspected",FALSE,"relocate","not tracked; ignored; type=website; size_bytes=6547","No credentials were printed. Relocate/review is a proposal, not a deletion decision."
"artifacts/h24-final/site-installed/reference/stock_mask.md",FALSE,TRUE,TRUE,TRUE,FALSE,FALSE,"not-scanned","no filename evidence; content not exhaustively inspected",FALSE,"relocate","not tracked; ignored; type=artifact; size_bytes=529","No credentials were printed. Relocate/review is a proposal, not a deletion decision."
"artifacts/h24-final/site-installed/reference/to_month.html",FALSE,TRUE,TRUE,TRUE,FALSE,FALSE,"not-scanned","no filename evidence; content not exhaustively inspected",FALSE,"relocate","not tracked; ignored; type=website; size_bytes=5906","No credentials were printed. Relocate/review is a proposal, not a deletion decision."
"artifacts/h24-final/site-installed/reference/to_month.md",FALSE,TRUE,TRUE,TRUE,FALSE,FALSE,"not-scanned","no filename evidence; content not exhaustively inspected",FALSE,"relocate","not tracked; ignored; type=artifact; size_bytes=327","No credentials were printed. Relocate/review is a proposal, not a deletion decision."
"artifacts/h24-final/site-installed/search.json",FALSE,TRUE,TRUE,TRUE,FALSE,FALSE,"not-scanned","no filename evidence; content not exhaustively inspected",FALSE,"relocate","not tracked; ignored; type=artifact; size_bytes=79167","No credentials were printed. Relocate/review is a proposal, not a deletion decision."
"artifacts/h24-final/site-installed/sitemap.xml",FALSE,TRUE,TRUE,TRUE,FALSE,FALSE,"not-scanned","no filename evidence; content not exhaustively inspected",FALSE,"relocate","not tracked; ignored; type=artifact; size_bytes=3454","No credentials were printed. Relocate/review is a proposal, not a deletion decision."
"artifacts/h24-final/site-network/404.html",FALSE,TRUE,TRUE,TRUE,FALSE,FALSE,"not-scanned","no filename evidence; content not exhaustively inspected",FALSE,"relocate","not tracked; ignored; type=website; size_bytes=4805","No credentials were printed. Relocate/review is a proposal, not a deletion decision."
"artifacts/h24-final/site-network/articles/index.html",FALSE,TRUE,TRUE,TRUE,FALSE,FALSE,"not-scanned","no filename evidence; content not exhaustively inspected",FALSE,"relocate","not tracked; ignored; type=website; size_bytes=4619","No credentials were printed. Relocate/review is a proposal, not a deletion decision."
"artifacts/h24-final/site-network/authors.html",FALSE,TRUE,TRUE,TRUE,FALSE,FALSE,"not-scanned","no filename evidence; content not exhaustively inspected",FALSE,"relocate","not tracked; ignored; type=website; size_bytes=5279","No credentials were printed. Relocate/review is a proposal, not a deletion decision."
"artifacts/h24-final/site-network/CODE_OF_CONDUCT.html",FALSE,TRUE,TRUE,TRUE,FALSE,FALSE,"not-scanned","no filename evidence; content not exhaustively inspected",FALSE,"relocate","not tracked; ignored; type=website; size_bytes=4346","No credentials were printed. Relocate/review is a proposal, not a deletion decision."
"artifacts/h24-final/site-network/CONTRIBUTING.html",FALSE,TRUE,TRUE,TRUE,FALSE,FALSE,"not-scanned","no filename evidence; content not exhaustively inspected",FALSE,"relocate","not tracked; ignored; type=website; size_bytes=4407","No credentials were printed. Relocate/review is a proposal, not a deletion decision."
"artifacts/h24-final/site-network/deps/bootstrap-5.3.1/bootstrap.bundle.min.js",FALSE,TRUE,TRUE,TRUE,FALSE,FALSE,"not-scanned","no filename evidence; content not exhaustively inspected",FALSE,"relocate","not tracked; ignored; type=artifact; size_bytes=80668","No credentials were printed. Relocate/review is a proposal, not a deletion decision."
"artifacts/h24-final/site-network/deps/bootstrap-5.3.1/bootstrap.bundle.min.js.map",FALSE,TRUE,TRUE,TRUE,FALSE,FALSE,"not-scanned","no filename evidence; content not exhaustively inspected",FALSE,"relocate","not tracked; ignored; type=artifact; size_bytes=331827","No credentials were printed. Relocate/review is a proposal, not a deletion decision."
"artifacts/h24-final/site-network/deps/bootstrap-5.3.1/bootstrap.min.css",FALSE,TRUE,TRUE,TRUE,FALSE,FALSE,"not-scanned","no filename evidence; content not exhaustively inspected",FALSE,"relocate","not tracked; ignored; type=artifact; size_bytes=287894","No credentials were printed. Relocate/review is a proposal, not a deletion decision."
"artifacts/h24-final/site-network/deps/bootstrap-toc-1.0.1/bootstrap-toc.min.js",FALSE,TRUE,TRUE,TRUE,FALSE,FALSE,"not-scanned","no filename evidence; content not exhaustively inspected",FALSE,"relocate","not tracked; ignored; type=artifact; size_bytes=2107","No credentials were printed. Relocate/review is a proposal, not a deletion decision."
"artifacts/h24-final/site-network/deps/clipboard.js-2.0.11/clipboard.min.js",FALSE,TRUE,TRUE,TRUE,FALSE,FALSE,"not-scanned","no filename evidence; content not exhaustively inspected",FALSE,"relocate","not tracked; ignored; type=artifact; size_bytes=9160","No credentials were printed. Relocate/review is a proposal, not a deletion decision."
"artifacts/h24-final/site-network/deps/data-deps.txt",FALSE,TRUE,TRUE,TRUE,FALSE,FALSE,"not-scanned","no filename evidence; content not exhaustively inspected",FALSE,"relocate","not tracked; ignored; type=artifact; size_bytes=898","No credentials were printed. Relocate/review is a proposal, not a deletion decision."
"artifacts/h24-final/site-network/deps/font-awesome-6.5.2/css/all.css",FALSE,TRUE,TRUE,TRUE,FALSE,FALSE,"not-scanned","no filename evidence; content not exhaustively inspected",FALSE,"relocate","not tracked; ignored; type=artifact; size_bytes=140418","No credentials were printed. Relocate/review is a proposal, not a deletion decision."
"artifacts/h24-final/site-network/deps/font-awesome-6.5.2/css/all.min.css",FALSE,TRUE,TRUE,TRUE,FALSE,FALSE,"not-scanned","no filename evidence; content not exhaustively inspected",FALSE,"relocate","not tracked; ignored; type=artifact; size_bytes=102250","No credentials were printed. Relocate/review is a proposal, not a deletion decision."
"artifacts/h24-final/site-network/deps/font-awesome-6.5.2/css/v4-shims.css",FALSE,TRUE,TRUE,TRUE,FALSE,FALSE,"not-scanned","no filename evidence; content not exhaustively inspected",FALSE,"relocate","not tracked; ignored; type=artifact; size_bytes=41574","No credentials were printed. Relocate/review is a proposal, not a deletion decision."
"artifacts/h24-final/site-network/deps/font-awesome-6.5.2/css/v4-shims.min.css",FALSE,TRUE,TRUE,TRUE,FALSE,FALSE,"not-scanned","no filename evidence; content not exhaustively inspected",FALSE,"relocate","not tracked; ignored; type=artifact; size_bytes=27593","No credentials were printed. Relocate/review is a proposal, not a deletion decision."
"artifacts/h24-final/site-network/deps/font-awesome-6.5.2/webfonts/fa-brands-400.ttf",FALSE,TRUE,TRUE,TRUE,FALSE,FALSE,"not-scanned","no filename evidence; content not exhaustively inspected",FALSE,"relocate","not tracked; ignored; type=artifact; size_bytes=209128","No credentials were printed. Relocate/review is a proposal, not a deletion decision."
"artifacts/h24-final/site-network/deps/font-awesome-6.5.2/webfonts/fa-brands-400.woff2",FALSE,TRUE,TRUE,TRUE,FALSE,FALSE,"not-scanned","no filename evidence; content not exhaustively inspected",FALSE,"relocate","not tracked; ignored; type=artifact; size_bytes=117852","No credentials were printed. Relocate/review is a proposal, not a deletion decision."
"artifacts/h24-final/site-network/deps/font-awesome-6.5.2/webfonts/fa-regular-400.ttf",FALSE,TRUE,TRUE,TRUE,FALSE,FALSE,"not-scanned","no filename evidence; content not exhaustively inspected",FALSE,"relocate","not tracked; ignored; type=artifact; size_bytes=67860","No credentials were printed. Relocate/review is a proposal, not a deletion decision."
"artifacts/h24-final/site-network/deps/font-awesome-6.5.2/webfonts/fa-regular-400.woff2",FALSE,TRUE,TRUE,TRUE,FALSE,FALSE,"not-scanned","no filename evidence; content not exhaustively inspected",FALSE,"relocate","not tracked; ignored; type=artifact; size_bytes=25392","No credentials were printed. Relocate/review is a proposal, not a deletion decision."
"artifacts/h24-final/site-network/deps/font-awesome-6.5.2/webfonts/fa-solid-900.ttf",FALSE,TRUE,TRUE,TRUE,FALSE,FALSE,"not-scanned","no filename evidence; content not exhaustively inspected",FALSE,"relocate","not tracked; ignored; type=artifact; size_bytes=420332","No credentials were printed. Relocate/review is a proposal, not a deletion decision."
"artifacts/h24-final/site-network/deps/font-awesome-6.5.2/webfonts/fa-solid-900.woff2",FALSE,TRUE,TRUE,TRUE,FALSE,FALSE,"not-scanned","no filename evidence; content not exhaustively inspected",FALSE,"relocate","not tracked; ignored; type=artifact; size_bytes=156400","No credentials were printed. Relocate/review is a proposal, not a deletion decision."
"artifacts/h24-final/site-network/deps/font-awesome-6.5.2/webfonts/fa-v4compatibility.ttf",FALSE,TRUE,TRUE,TRUE,FALSE,FALSE,"not-scanned","no filename evidence; content not exhaustively inspected",FALSE,"relocate","not tracked; ignored; type=artifact; size_bytes=10832","No credentials were printed. Relocate/review is a proposal, not a deletion decision."
"artifacts/h24-final/site-network/deps/font-awesome-6.5.2/webfonts/fa-v4compatibility.woff2",FALSE,TRUE,TRUE,TRUE,FALSE,FALSE,"not-scanned","no filename evidence; content not exhaustively inspected",FALSE,"relocate","not tracked; ignored; type=artifact; size_bytes=4792","No credentials were printed. Relocate/review is a proposal, not a deletion decision."
"artifacts/h24-final/site-network/deps/headroom-0.11.0/headroom.min.js",FALSE,TRUE,TRUE,TRUE,FALSE,FALSE,"not-scanned","no filename evidence; content not exhaustively inspected",FALSE,"relocate","not tracked; ignored; type=artifact; size_bytes=4526","No credentials were printed. Relocate/review is a proposal, not a deletion decision."
"artifacts/h24-final/site-network/deps/headroom-0.11.0/jQuery.headroom.min.js",FALSE,TRUE,TRUE,TRUE,FALSE,FALSE,"not-scanned","no filename evidence; content not exhaustively inspected",FALSE,"relocate","not tracked; ignored; type=artifact; size_bytes=589","No credentials were printed. Relocate/review is a proposal, not a deletion decision."
"artifacts/h24-final/site-network/deps/jquery-3.6.0/jquery-3.6.0.js",FALSE,TRUE,TRUE,TRUE,FALSE,FALSE,"not-scanned","no filename evidence; content not exhaustively inspected",FALSE,"relocate","not tracked; ignored; type=artifact; size_bytes=288580","No credentials were printed. Relocate/review is a proposal, not a deletion decision."
"artifacts/h24-final/site-network/deps/jquery-3.6.0/jquery-3.6.0.min.js",FALSE,TRUE,TRUE,TRUE,FALSE,FALSE,"not-scanned","no filename evidence; content not exhaustively inspected",FALSE,"relocate","not tracked; ignored; type=artifact; size_bytes=89501","No credentials were printed. Relocate/review is a proposal, not a deletion decision."
"artifacts/h24-final/site-network/deps/jquery-3.6.0/jquery-3.6.0.min.map",FALSE,TRUE,TRUE,TRUE,FALSE,FALSE,"not-scanned","no filename evidence; content not exhaustively inspected",FALSE,"relocate","not tracked; ignored; type=artifact; size_bytes=137972","No credentials were printed. Relocate/review is a proposal, not a deletion decision."
"artifacts/h24-final/site-network/deps/search-1.0.0/autocomplete.jquery.min.js",FALSE,TRUE,TRUE,TRUE,FALSE,FALSE,"not-scanned","no filename evidence; content not exhaustively inspected",FALSE,"relocate","not tracked; ignored; type=artifact; size_bytes=36562","No credentials were printed. Relocate/review is a proposal, not a deletion decision."
"artifacts/h24-final/site-network/deps/search-1.0.0/fuse.min.js",FALSE,TRUE,TRUE,TRUE,FALSE,FALSE,"not-scanned","no filename evidence; content not exhaustively inspected",FALSE,"relocate","not tracked; ignored; type=artifact; size_bytes=23035","No credentials were printed. Relocate/review is a proposal, not a deletion decision."
"artifacts/h24-final/site-network/deps/search-1.0.0/mark.min.js",FALSE,TRUE,TRUE,TRUE,FALSE,FALSE,"not-scanned","no filename evidence; content not exhaustively inspected",FALSE,"relocate","not tracked; ignored; type=artifact; size_bytes=16917","No credentials were printed. Relocate/review is a proposal, not a deletion decision."
"artifacts/h24-final/site-network/index.html",FALSE,TRUE,TRUE,TRUE,FALSE,FALSE,"not-scanned","no filename evidence; content not exhaustively inspected",FALSE,"relocate","not tracked; ignored; type=website; size_bytes=17060","No credentials were printed. Relocate/review is a proposal, not a deletion decision."
"artifacts/h24-final/site-network/katex-auto.js",FALSE,TRUE,TRUE,TRUE,FALSE,FALSE,"not-scanned","no filename evidence; content not exhaustively inspected",FALSE,"relocate","not tracked; ignored; type=artifact; size_bytes=621","No credentials were printed. Relocate/review is a proposal, not a deletion decision."
"artifacts/h24-final/site-network/LICENSE-text.html",FALSE,TRUE,TRUE,TRUE,FALSE,FALSE,"not-scanned","no filename evidence; content not exhaustively inspected",FALSE,"relocate","not tracked; ignored; type=website; size_bytes=5094","No credentials were printed. Relocate/review is a proposal, not a deletion decision."
"artifacts/h24-final/site-network/lightswitch.js",FALSE,TRUE,TRUE,TRUE,FALSE,FALSE,"not-scanned","no filename evidence; content not exhaustively inspected",FALSE,"relocate","not tracked; ignored; type=artifact; size_bytes=2498","No credentials were printed. Relocate/review is a proposal, not a deletion decision."
"artifacts/h24-final/site-network/link.svg",FALSE,TRUE,TRUE,TRUE,FALSE,FALSE,"not-scanned","no filename evidence; content not exhaustively inspected",FALSE,"relocate","not tracked; ignored; type=artifact; size_bytes=810","No credentials were printed. Relocate/review is a proposal, not a deletion decision."
"artifacts/h24-final/site-network/pkgdown.js",FALSE,TRUE,TRUE,TRUE,FALSE,FALSE,"not-scanned","no filename evidence; content not exhaustively inspected",FALSE,"relocate","not tracked; ignored; type=artifact; size_bytes=4964","No credentials were printed. Relocate/review is a proposal, not a deletion decision."
"artifacts/h24-final/site-network/pkgdown.yml",FALSE,TRUE,TRUE,TRUE,FALSE,FALSE,"not-scanned","no filename evidence; content not exhaustively inspected",FALSE,"relocate","not tracked; ignored; type=configuration; size_bytes=421","No credentials were printed. Relocate/review is a proposal, not a deletion decision."
"artifacts/h24-final/site-network/reference/annual_index.html",FALSE,TRUE,TRUE,TRUE,FALSE,FALSE,"not-scanned","no filename evidence; content not exhaustively inspected",FALSE,"relocate","not tracked; ignored; type=website; size_bytes=6291","No credentials were printed. Relocate/review is a proposal, not a deletion decision."
"artifacts/h24-final/site-network/reference/anom_diff.html",FALSE,TRUE,TRUE,TRUE,FALSE,FALSE,"not-scanned","no filename evidence; content not exhaustively inspected",FALSE,"relocate","not tracked; ignored; type=website; size_bytes=6025","No credentials were printed. Relocate/review is a proposal, not a deletion decision."
"artifacts/h24-final/site-network/reference/anom_z.html",FALSE,TRUE,TRUE,TRUE,FALSE,FALSE,"not-scanned","no filename evidence; content not exhaustively inspected",FALSE,"relocate","not tracked; ignored; type=website; size_bytes=6062","No credentials were printed. Relocate/review is a proposal, not a deletion decision."
"artifacts/h24-final/site-network/reference/clim_day.html",FALSE,TRUE,TRUE,TRUE,FALSE,FALSE,"not-scanned","no filename evidence; content not exhaustively inspected",FALSE,"relocate","not tracked; ignored; type=website; size_bytes=7555","No credentials were printed. Relocate/review is a proposal, not a deletion decision."
"artifacts/h24-final/site-network/reference/clim_month.html",FALSE,TRUE,TRUE,TRUE,FALSE,FALSE,"not-scanned","no filename evidence; content not exhaustively inspected",FALSE,"relocate","not tracked; ignored; type=website; size_bytes=5927","No credentials were printed. Relocate/review is a proposal, not a deletion decision."
"artifacts/h24-final/site-network/reference/cm_connect.html",FALSE,TRUE,TRUE,TRUE,FALSE,FALSE,"not-scanned","no filename evidence; content not exhaustively inspected",FALSE,"relocate","not tracked; ignored; type=website; size_bytes=6465","No credentials were printed. Relocate/review is a proposal, not a deletion decision."
"artifacts/h24-final/site-network/reference/cm_setup.html",FALSE,TRUE,TRUE,TRUE,FALSE,FALSE,"not-scanned","no filename evidence; content not exhaustively inspected",FALSE,"relocate","not tracked; ignored; type=website; size_bytes=6853","No credentials were printed. Relocate/review is a proposal, not a deletion decision."
"artifacts/h24-final/site-network/reference/coast_dist.html",FALSE,TRUE,TRUE,TRUE,FALSE,FALSE,"not-scanned","no filename evidence; content not exhaustively inspected",FALSE,"relocate","not tracked; ignored; type=website; size_bytes=6064","No credentials were printed. Relocate/review is a proposal, not a deletion decision."
"artifacts/h24-final/site-network/reference/crop_stock.html",FALSE,TRUE,TRUE,TRUE,FALSE,FALSE,"not-scanned","no filename evidence; content not exhaustively inspected",FALSE,"relocate","not tracked; ignored; type=website; size_bytes=5813","No credentials were printed. Relocate/review is a proposal, not a deletion decision."
"artifacts/h24-final/site-network/reference/cube_cell_area.html",FALSE,TRUE,TRUE,TRUE,FALSE,FALSE,"not-scanned","no filename evidence; content not exhaustively inspected",FALSE,"relocate","not tracked; ignored; type=website; size_bytes=6850","No credentials were printed. Relocate/review is a proposal, not a deletion decision."
"artifacts/h24-final/site-network/reference/cube_cell_volume.html",FALSE,TRUE,TRUE,TRUE,FALSE,FALSE,"not-scanned","no filename evidence; content not exhaustively inspected",FALSE,"relocate","not tracked; ignored; type=website; size_bytes=7041","No credentials were printed. Relocate/review is a proposal, not a deletion decision."
"artifacts/h24-final/site-network/reference/cube_collect.html",FALSE,TRUE,TRUE,TRUE,FALSE,FALSE,"not-scanned","no filename evidence; content not exhaustively inspected",FALSE,"relocate","not tracked; ignored; type=website; size_bytes=9515","No credentials were printed. Relocate/review is a proposal, not a deletion decision."
"artifacts/h24-final/site-network/reference/cube_crop.html",FALSE,TRUE,TRUE,TRUE,FALSE,FALSE,"not-scanned","no filename evidence; content not exhaustively inspected",FALSE,"relocate","not tracked; ignored; type=website; size_bytes=14473","No credentials were printed. Relocate/review is a proposal, not a deletion decision."
"artifacts/h24-final/site-network/reference/cube_extract.html",FALSE,TRUE,TRUE,TRUE,FALSE,FALSE,"not-scanned","no filename evidence; content not exhaustively inspected",FALSE,"relocate","not tracked; ignored; type=website; size_bytes=17455","No credentials were printed. Relocate/review is a proposal, not a deletion decision."
"artifacts/h24-final/site-network/reference/cube_layer_thickness.html",FALSE,TRUE,TRUE,TRUE,FALSE,FALSE,"not-scanned","no filename evidence; content not exhaustively inspected",FALSE,"relocate","not tracked; ignored; type=website; size_bytes=7607","No credentials were printed. Relocate/review is a proposal, not a deletion decision."
"artifacts/h24-final/site-network/reference/cube_mask.html",FALSE,TRUE,TRUE,TRUE,FALSE,FALSE,"not-scanned","no filename evidence; content not exhaustively inspected",FALSE,"relocate","not tracked; ignored; type=website; size_bytes=15711","No credentials were printed. Relocate/review is a proposal, not a deletion decision."
"artifacts/h24-final/site-network/reference/cube_polygon_weights.html",FALSE,TRUE,TRUE,TRUE,FALSE,FALSE,"not-scanned","no filename evidence; content not exhaustively inspected",FALSE,"relocate","not tracked; ignored; type=website; size_bytes=9530","No credentials were printed. Relocate/review is a proposal, not a deletion decision."
"artifacts/h24-final/site-network/reference/cube_slice.html",FALSE,TRUE,TRUE,TRUE,FALSE,FALSE,"not-scanned","no filename evidence; content not exhaustively inspected",FALSE,"relocate","not tracked; ignored; type=website; size_bytes=15288","No credentials were printed. Relocate/review is a proposal, not a deletion decision."
"artifacts/h24-final/site-network/reference/cube_transect.html",FALSE,TRUE,TRUE,TRUE,FALSE,FALSE,"not-scanned","no filename evidence; content not exhaustively inspected",FALSE,"relocate","not tracked; ignored; type=website; size_bytes=18704","No credentials were printed. Relocate/review is a proposal, not a deletion decision."
"artifacts/h24-final/site-network/reference/download_nc.html",FALSE,TRUE,TRUE,TRUE,FALSE,FALSE,"not-scanned","no filename evidence; content not exhaustively inspected",FALSE,"relocate","not tracked; ignored; type=website; size_bytes=8853","No credentials were printed. Relocate/review is a proposal, not a deletion decision."
"artifacts/h24-final/site-network/reference/index.html",FALSE,TRUE,TRUE,TRUE,FALSE,FALSE,"not-scanned","no filename evidence; content not exhaustively inspected",FALSE,"relocate","not tracked; ignored; type=website; size_bytes=10537","No credentials were printed. Relocate/review is a proposal, not a deletion decision."
"artifacts/h24-final/site-network/reference/layer_mean.html",FALSE,TRUE,TRUE,TRUE,FALSE,FALSE,"not-scanned","no filename evidence; content not exhaustively inspected",FALSE,"relocate","not tracked; ignored; type=website; size_bytes=6018","No credentials were printed. Relocate/review is a proposal, not a deletion decision."
"artifacts/h24-final/site-network/reference/link_events.html",FALSE,TRUE,TRUE,TRUE,FALSE,FALSE,"not-scanned","no filename evidence; content not exhaustively inspected",FALSE,"relocate","not tracked; ignored; type=website; size_bytes=9057","No credentials were printed. Relocate/review is a proposal, not a deletion decision."
"artifacts/h24-final/site-network/reference/ocean_cube.html",FALSE,TRUE,TRUE,TRUE,FALSE,FALSE,"not-scanned","no filename evidence; content not exhaustively inspected",FALSE,"relocate","not tracked; ignored; type=website; size_bytes=17228","No credentials were printed. Relocate/review is a proposal, not a deletion decision."
"artifacts/h24-final/site-network/reference/read_nc.html",FALSE,TRUE,TRUE,TRUE,FALSE,FALSE,"not-scanned","no filename evidence; content not exhaustively inspected",FALSE,"relocate","not tracked; ignored; type=website; size_bytes=7531","No credentials were printed. Relocate/review is a proposal, not a deletion decision."
"artifacts/h24-final/site-network/reference/signal_noise.html",FALSE,TRUE,TRUE,TRUE,FALSE,FALSE,"not-scanned","no filename evidence; content not exhaustively inspected",FALSE,"relocate","not tracked; ignored; type=website; size_bytes=6247","No credentials were printed. Relocate/review is a proposal, not a deletion decision."
"artifacts/h24-final/site-network/reference/stock_mask.html",FALSE,TRUE,TRUE,TRUE,FALSE,FALSE,"not-scanned","no filename evidence; content not exhaustively inspected",FALSE,"relocate","not tracked; ignored; type=website; size_bytes=6547","No credentials were printed. Relocate/review is a proposal, not a deletion decision."
"artifacts/h24-final/site-network/reference/to_month.html",FALSE,TRUE,TRUE,TRUE,FALSE,FALSE,"not-scanned","no filename evidence; content not exhaustively inspected",FALSE,"relocate","not tracked; ignored; type=website; size_bytes=5906","No credentials were printed. Relocate/review is a proposal, not a deletion decision."
"artifacts/h24-final/site/katex-auto.js",FALSE,TRUE,TRUE,TRUE,FALSE,FALSE,"not-scanned","no filename evidence; content not exhaustively inspected",FALSE,"relocate","not tracked; ignored; type=artifact; size_bytes=621","No credentials were printed. Relocate/review is a proposal, not a deletion decision."
"artifacts/h24-final/site/lightswitch.js",FALSE,TRUE,TRUE,TRUE,FALSE,FALSE,"not-scanned","no filename evidence; content not exhaustively inspected",FALSE,"relocate","not tracked; ignored; type=artifact; size_bytes=2498","No credentials were printed. Relocate/review is a proposal, not a deletion decision."
"artifacts/h24-final/site/link.svg",FALSE,TRUE,TRUE,TRUE,FALSE,FALSE,"not-scanned","no filename evidence; content not exhaustively inspected",FALSE,"relocate","not tracked; ignored; type=artifact; size_bytes=810","No credentials were printed. Relocate/review is a proposal, not a deletion decision."
"artifacts/h24-final/site/pkgdown.js",FALSE,TRUE,TRUE,TRUE,FALSE,FALSE,"not-scanned","no filename evidence; content not exhaustively inspected",FALSE,"relocate","not tracked; ignored; type=artifact; size_bytes=4964","No credentials were printed. Relocate/review is a proposal, not a deletion decision."
"artifacts/h24-final/smoke.R",FALSE,TRUE,TRUE,TRUE,FALSE,FALSE,"not-scanned","no filename evidence; content not exhaustively inspected",FALSE,"relocate","not tracked; ignored; type=artifact; size_bytes=3821","No credentials were printed. Relocate/review is a proposal, not a deletion decision."
"artifacts/h24-final/source/.gitattributes",FALSE,TRUE,TRUE,TRUE,FALSE,FALSE,"not-scanned","no filename evidence; content not exhaustively inspected",FALSE,"relocate","not tracked; ignored; type=artifact; size_bytes=66","No credentials were printed. Relocate/review is a proposal, not a deletion decision."
"artifacts/h24-final/source/.github/workflows/R-CMD-check.yaml",FALSE,TRUE,TRUE,TRUE,FALSE,FALSE,"not-scanned","no filename evidence; content not exhaustively inspected",FALSE,"relocate","not tracked; ignored; type=configuration; size_bytes=691","No credentials were printed. Relocate/review is a proposal, not a deletion decision."
"artifacts/h24-final/source/.gitignore",FALSE,TRUE,TRUE,TRUE,FALSE,FALSE,"not-scanned","no filename evidence; content not exhaustively inspected",FALSE,"relocate","not tracked; ignored; type=configuration; size_bytes=638","No credentials were printed. Relocate/review is a proposal, not a deletion decision."
"artifacts/h24-final/source/.lintr",FALSE,TRUE,TRUE,TRUE,FALSE,FALSE,"not-scanned","no filename evidence; content not exhaustively inspected",FALSE,"relocate","not tracked; ignored; type=configuration; size_bytes=105","No credentials were printed. Relocate/review is a proposal, not a deletion decision."
"artifacts/h24-final/source/.Rbuildignore",FALSE,TRUE,TRUE,TRUE,FALSE,FALSE,"not-scanned","no filename evidence; content not exhaustively inspected",FALSE,"relocate","not tracked; ignored; type=configuration; size_bytes=192","No credentials were printed. Relocate/review is a proposal, not a deletion decision."
"artifacts/h24-final/source/_pkgdown.yml",FALSE,TRUE,TRUE,TRUE,FALSE,FALSE,"not-scanned","no filename evidence; content not exhaustively inspected",FALSE,"relocate","not tracked; ignored; type=configuration; size_bytes=1144","No credentials were printed. Relocate/review is a proposal, not a deletion decision."
"artifacts/h24-final/source/auxdata/layer_sp.Rdata",FALSE,TRUE,TRUE,TRUE,FALSE,FALSE,"not-scanned","no filename evidence; content not exhaustively inspected",FALSE,"relocate","not tracked; ignored; type=artifact; size_bytes=195","No credentials were printed. Relocate/review is a proposal, not a deletion decision."
"artifacts/h24-final/source/auxdata/PER_ADM0.RData",FALSE,TRUE,TRUE,TRUE,FALSE,FALSE,"not-scanned","no filename evidence; content not exhaustively inspected",FALSE,"relocate","not tracked; ignored; type=artifact; size_bytes=1122258","No credentials were printed. Relocate/review is a proposal, not a deletion decision."
"artifacts/h24-final/source/CITATION.cff",FALSE,TRUE,TRUE,TRUE,FALSE,FALSE,"not-scanned","no filename evidence; content not exhaustively inspected",FALSE,"relocate","not tracked; ignored; type=metadata; size_bytes=366","No credentials were printed. Relocate/review is a proposal, not a deletion decision."
"artifacts/h24-final/source/CODE_OF_CONDUCT.md",FALSE,TRUE,TRUE,TRUE,FALSE,FALSE,"not-scanned","no filename evidence; content not exhaustively inspected",FALSE,"relocate","not tracked; ignored; type=artifact; size_bytes=93","No credentials were printed. Relocate/review is a proposal, not a deletion decision."
"artifacts/h24-final/source/CONTRIBUTING.md",FALSE,TRUE,TRUE,TRUE,FALSE,FALSE,"not-scanned","no filename evidence; content not exhaustively inspected",FALSE,"relocate","not tracked; ignored; type=artifact; size_bytes=130","No credentials were printed. Relocate/review is a proposal, not a deletion decision."
"artifacts/h24-final/source/cran-comments.md",FALSE,TRUE,TRUE,TRUE,FALSE,FALSE,"not-scanned","no filename evidence; content not exhaustively inspected",FALSE,"relocate","not tracked; ignored; type=artifact; size_bytes=178","No credentials were printed. Relocate/review is a proposal, not a deletion decision."
"artifacts/h24-final/source/data-raw/make-toy-ocean.R",FALSE,TRUE,TRUE,TRUE,FALSE,FALSE,"not-scanned","no filename evidence; content not exhaustively inspected",FALSE,"relocate","not tracked; ignored; type=artifact; size_bytes=138","No credentials were printed. Relocate/review is a proposal, not a deletion decision."
"artifacts/h24-final/source/DESCRIPTION",FALSE,TRUE,TRUE,TRUE,FALSE,FALSE,"not-scanned","no filename evidence; content not exhaustively inspected",FALSE,"relocate","not tracked; ignored; type=metadata; size_bytes=1076","No credentials were printed. Relocate/review is a proposal, not a deletion decision."
"artifacts/h24-final/source/dev/architecture/netcdf-backend-contract.md",FALSE,TRUE,TRUE,TRUE,FALSE,FALSE,"not-scanned","no filename evidence; content not exhaustively inspected",FALSE,"relocate","not tracked; ignored; type=artifact; size_bytes=36147","No credentials were printed. Relocate/review is a proposal, not a deletion decision."
"artifacts/h24-final/source/dev/diagnostics/netcdf_backend_contract.R",FALSE,TRUE,TRUE,TRUE,FALSE,FALSE,"not-scanned","no filename evidence; content not exhaustively inspected",FALSE,"relocate","not tracked; ignored; type=artifact; size_bytes=12541","No credentials were printed. Relocate/review is a proposal, not a deletion decision."
"artifacts/h24-final/source/inst/architecture/oceancube-spatind-boundary.md",FALSE,TRUE,TRUE,TRUE,FALSE,FALSE,"not-scanned","no filename evidence; content not exhaustively inspected",FALSE,"relocate","not tracked; ignored; type=artifact; size_bytes=5299","No credentials were printed. Relocate/review is a proposal, not a deletion decision."
"artifacts/h24-final/source/inst/CITATION",FALSE,TRUE,TRUE,TRUE,FALSE,FALSE,"not-scanned","no filename evidence; content not exhaustively inspected",FALSE,"relocate","not tracked; ignored; type=metadata; size_bytes=116","No credentials were printed. Relocate/review is a proposal, not a deletion decision."
"artifacts/h24-final/source/inst/examples/backend_memory.R",FALSE,TRUE,TRUE,TRUE,FALSE,FALSE,"not-scanned","no filename evidence; content not exhaustively inspected",FALSE,"relocate","not tracked; ignored; type=artifact; size_bytes=3995","No credentials were printed. Relocate/review is a proposal, not a deletion decision."
"artifacts/h24-final/source/inst/examples/backend_netcdf_descriptor.R",FALSE,TRUE,TRUE,TRUE,FALSE,FALSE,"not-scanned","no filename evidence; content not exhaustively inspected",FALSE,"relocate","not tracked; ignored; type=artifact; size_bytes=5112","No credentials were printed. Relocate/review is a proposal, not a deletion decision."
"artifacts/h24-final/source/inst/examples/backend_netcdf_read_block.R",FALSE,TRUE,TRUE,TRUE,FALSE,FALSE,"not-scanned","no filename evidence; content not exhaustively inspected",FALSE,"relocate","not tracked; ignored; type=artifact; size_bytes=6686","No credentials were printed. Relocate/review is a proposal, not a deletion decision."
"artifacts/h24-final/source/inst/examples/baseline_ocean_cube.R",FALSE,TRUE,TRUE,TRUE,FALSE,FALSE,"not-scanned","no filename evidence; content not exhaustively inspected",FALSE,"relocate","not tracked; ignored; type=artifact; size_bytes=3704","No credentials were printed. Relocate/review is a proposal, not a deletion decision."
"artifacts/h24-final/source/inst/examples/cube_crop.R",FALSE,TRUE,TRUE,TRUE,FALSE,FALSE,"not-scanned","no filename evidence; content not exhaustively inspected",FALSE,"relocate","not tracked; ignored; type=artifact; size_bytes=8540","No credentials were printed. Relocate/review is a proposal, not a deletion decision."
"artifacts/h24-final/source/inst/examples/cube_extract.R",FALSE,TRUE,TRUE,TRUE,FALSE,FALSE,"not-scanned","no filename evidence; content not exhaustively inspected",FALSE,"relocate","not tracked; ignored; type=artifact; size_bytes=7836","No credentials were printed. Relocate/review is a proposal, not a deletion decision."
"artifacts/h24-final/source/inst/examples/cube_geometry_weights.R",FALSE,TRUE,TRUE,TRUE,FALSE,FALSE,"not-scanned","no filename evidence; content not exhaustively inspected",FALSE,"relocate","not tracked; ignored; type=artifact; size_bytes=4084","No credentials were printed. Relocate/review is a proposal, not a deletion decision."
"artifacts/h24-final/source/inst/examples/cube_mask.R",FALSE,TRUE,TRUE,TRUE,FALSE,FALSE,"not-scanned","no filename evidence; content not exhaustively inspected",FALSE,"relocate","not tracked; ignored; type=artifact; size_bytes=6852","No credentials were printed. Relocate/review is a proposal, not a deletion decision."
"artifacts/h24-final/source/inst/examples/cube_slice.R",FALSE,TRUE,TRUE,TRUE,FALSE,FALSE,"not-scanned","no filename evidence; content not exhaustively inspected",FALSE,"relocate","not tracked; ignored; type=artifact; size_bytes=6283","No credentials were printed. Relocate/review is a proposal, not a deletion decision."
"artifacts/h24-final/source/inst/examples/cube_transect.R",FALSE,TRUE,TRUE,TRUE,FALSE,FALSE,"not-scanned","no filename evidence; content not exhaustively inspected",FALSE,"relocate","not tracked; ignored; type=artifact; size_bytes=7793","No credentials were printed. Relocate/review is a proposal, not a deletion decision."
"artifacts/h24-final/source/inst/examples/noncontiguous_collect.R",FALSE,TRUE,TRUE,TRUE,FALSE,FALSE,"not-scanned","no filename evidence; content not exhaustively inspected",FALSE,"relocate","not tracked; ignored; type=artifact; size_bytes=3913","No credentials were printed. Relocate/review is a proposal, not a deletion decision."
"artifacts/h24-final/source/inst/examples/ocean_cube_contract.R",FALSE,TRUE,TRUE,TRUE,FALSE,FALSE,"not-scanned","no filename evidence; content not exhaustively inspected",FALSE,"relocate","not tracked; ignored; type=artifact; size_bytes=4027","No credentials were printed. Relocate/review is a proposal, not a deletion decision."
"artifacts/h24-final/source/inst/examples/refactor_coast_dist_backend.R",FALSE,TRUE,TRUE,TRUE,FALSE,FALSE,"not-scanned","no filename evidence; content not exhaustively inspected",FALSE,"relocate","not tracked; ignored; type=artifact; size_bytes=4008","No credentials were printed. Relocate/review is a proposal, not a deletion decision."
"artifacts/h24-final/source/inst/examples/refactor_layer_annual_backend.R",FALSE,TRUE,TRUE,TRUE,FALSE,FALSE,"not-scanned","no filename evidence; content not exhaustively inspected",FALSE,"relocate","not tracked; ignored; type=artifact; size_bytes=3656","No credentials were printed. Relocate/review is a proposal, not a deletion decision."
"artifacts/h24-final/source/inst/examples/refactor_link_events_backend.R",FALSE,TRUE,TRUE,TRUE,FALSE,FALSE,"not-scanned","no filename evidence; content not exhaustively inspected",FALSE,"relocate","not tracked; ignored; type=artifact; size_bytes=5629","No credentials were printed. Relocate/review is a proposal, not a deletion decision."
"artifacts/h24-final/source/inst/examples/refactor_temporal_backend.R",FALSE,TRUE,TRUE,TRUE,FALSE,FALSE,"not-scanned","no filename evidence; content not exhaustively inspected",FALSE,"relocate","not tracked; ignored; type=artifact; size_bytes=4304","No credentials were printed. Relocate/review is a proposal, not a deletion decision."
"artifacts/h24-final/source/LICENSE",FALSE,TRUE,TRUE,TRUE,FALSE,FALSE,"not-scanned","no filename evidence; content not exhaustively inspected",FALSE,"relocate","not tracked; ignored; type=metadata; size_bytes=1082","No credentials were printed. Relocate/review is a proposal, not a deletion decision."
"artifacts/h24-final/source/man/annual_index.Rd",FALSE,TRUE,TRUE,TRUE,FALSE,FALSE,"not-scanned","no filename evidence; content not exhaustively inspected",FALSE,"relocate","not tracked; ignored; type=artifact; size_bytes=648","No credentials were printed. Relocate/review is a proposal, not a deletion decision."
"artifacts/h24-final/source/man/anom_diff.Rd",FALSE,TRUE,TRUE,TRUE,FALSE,FALSE,"not-scanned","no filename evidence; content not exhaustively inspected",FALSE,"relocate","not tracked; ignored; type=artifact; size_bytes=499","No credentials were printed. Relocate/review is a proposal, not a deletion decision."
"artifacts/h24-final/source/man/anom_z.Rd",FALSE,TRUE,TRUE,TRUE,FALSE,FALSE,"not-scanned","no filename evidence; content not exhaustively inspected",FALSE,"relocate","not tracked; ignored; type=artifact; size_bytes=523","No credentials were printed. Relocate/review is a proposal, not a deletion decision."
"artifacts/h24-final/source/man/clim_day.Rd",FALSE,TRUE,TRUE,TRUE,FALSE,FALSE,"not-scanned","no filename evidence; content not exhaustively inspected",FALSE,"relocate","not tracked; ignored; type=artifact; size_bytes=1180","No credentials were printed. Relocate/review is a proposal, not a deletion decision."
"artifacts/h24-final/source/man/clim_month.Rd",FALSE,TRUE,TRUE,TRUE,FALSE,FALSE,"not-scanned","no filename evidence; content not exhaustively inspected",FALSE,"relocate","not tracked; ignored; type=artifact; size_bytes=449","No credentials were printed. Relocate/review is a proposal, not a deletion decision."
"artifacts/h24-final/source/man/cm_connect.Rd",FALSE,TRUE,TRUE,TRUE,FALSE,FALSE,"not-scanned","no filename evidence; content not exhaustively inspected",FALSE,"relocate","not tracked; ignored; type=artifact; size_bytes=621","No credentials were printed. Relocate/review is a proposal, not a deletion decision."
"artifacts/h24-final/source/man/cm_setup.Rd",FALSE,TRUE,TRUE,TRUE,FALSE,FALSE,"not-scanned","no filename evidence; content not exhaustively inspected",FALSE,"relocate","not tracked; ignored; type=artifact; size_bytes=764","No credentials were printed. Relocate/review is a proposal, not a deletion decision."
"artifacts/h24-final/source/man/coast_dist.Rd",FALSE,TRUE,TRUE,TRUE,FALSE,FALSE,"not-scanned","no filename evidence; content not exhaustively inspected",FALSE,"relocate","not tracked; ignored; type=artifact; size_bytes=518","No credentials were printed. Relocate/review is a proposal, not a deletion decision."
"artifacts/h24-final/source/man/crop_stock.Rd",FALSE,TRUE,TRUE,TRUE,FALSE,FALSE,"not-scanned","no filename evidence; content not exhaustively inspected",FALSE,"relocate","not tracked; ignored; type=artifact; size_bytes=401","No credentials were printed. Relocate/review is a proposal, not a deletion decision."
"artifacts/h24-final/source/man/cube_cell_area.Rd",FALSE,TRUE,TRUE,TRUE,FALSE,FALSE,"not-scanned","no filename evidence; content not exhaustively inspected",FALSE,"relocate","not tracked; ignored; type=artifact; size_bytes=813","No credentials were printed. Relocate/review is a proposal, not a deletion decision."
"artifacts/h24-final/source/man/cube_cell_volume.Rd",FALSE,TRUE,TRUE,TRUE,FALSE,FALSE,"not-scanned","no filename evidence; content not exhaustively inspected",FALSE,"relocate","not tracked; ignored; type=artifact; size_bytes=907","No credentials were printed. Relocate/review is a proposal, not a deletion decision."
"artifacts/h24-final/source/man/cube_collect.Rd",FALSE,TRUE,TRUE,TRUE,FALSE,FALSE,"not-scanned","no filename evidence; content not exhaustively inspected",FALSE,"relocate","not tracked; ignored; type=artifact; size_bytes=1308","No credentials were printed. Relocate/review is a proposal, not a deletion decision."
"artifacts/h24-final/source/man/cube_crop.Rd",FALSE,TRUE,TRUE,TRUE,FALSE,FALSE,"not-scanned","no filename evidence; content not exhaustively inspected",FALSE,"relocate","not tracked; ignored; type=artifact; size_bytes=2954","No credentials were printed. Relocate/review is a proposal, not a deletion decision."
"artifacts/h24-final/source/man/cube_extract.Rd",FALSE,TRUE,TRUE,TRUE,FALSE,FALSE,"not-scanned","no filename evidence; content not exhaustively inspected",FALSE,"relocate","not tracked; ignored; type=artifact; size_bytes=4426","No credentials were printed. Relocate/review is a proposal, not a deletion decision."
"artifacts/h24-final/source/man/cube_layer_thickness.Rd",FALSE,TRUE,TRUE,TRUE,FALSE,FALSE,"not-scanned","no filename evidence; content not exhaustively inspected",FALSE,"relocate","not tracked; ignored; type=artifact; size_bytes=1056","No credentials were printed. Relocate/review is a proposal, not a deletion decision."
"artifacts/h24-final/source/man/cube_mask.Rd",FALSE,TRUE,TRUE,TRUE,FALSE,FALSE,"not-scanned","no filename evidence; content not exhaustively inspected",FALSE,"relocate","not tracked; ignored; type=artifact; size_bytes=3749","No credentials were printed. Relocate/review is a proposal, not a deletion decision."
"artifacts/h24-final/source/man/cube_polygon_weights.Rd",FALSE,TRUE,TRUE,TRUE,FALSE,FALSE,"not-scanned","no filename evidence; content not exhaustively inspected",FALSE,"relocate","not tracked; ignored; type=artifact; size_bytes=2209","No credentials were printed. Relocate/review is a proposal, not a deletion decision."
"artifacts/h24-final/source/man/cube_slice.Rd",FALSE,TRUE,TRUE,TRUE,FALSE,FALSE,"not-scanned","no filename evidence; content not exhaustively inspected",FALSE,"relocate","not tracked; ignored; type=artifact; size_bytes=3121","No credentials were printed. Relocate/review is a proposal, not a deletion decision."
"artifacts/h24-final/source/man/cube_transect.Rd",FALSE,TRUE,TRUE,TRUE,FALSE,FALSE,"not-scanned","no filename evidence; content not exhaustively inspected",FALSE,"relocate","not tracked; ignored; type=artifact; size_bytes=4675","No credentials were printed. Relocate/review is a proposal, not a deletion decision."
"artifacts/h24-final/source/man/download_nc.Rd",FALSE,TRUE,TRUE,TRUE,FALSE,FALSE,"not-scanned","no filename evidence; content not exhaustively inspected",FALSE,"relocate","not tracked; ignored; type=artifact; size_bytes=1322","No credentials were printed. Relocate/review is a proposal, not a deletion decision."
"artifacts/h24-final/source/man/layer_mean.Rd",FALSE,TRUE,TRUE,TRUE,FALSE,FALSE,"not-scanned","no filename evidence; content not exhaustively inspected",FALSE,"relocate","not tracked; ignored; type=artifact; size_bytes=575","No credentials were printed. Relocate/review is a proposal, not a deletion decision."
"artifacts/h24-final/source/man/link_events.Rd",FALSE,TRUE,TRUE,TRUE,FALSE,FALSE,"not-scanned","no filename evidence; content not exhaustively inspected",FALSE,"relocate","not tracked; ignored; type=artifact; size_bytes=1740","No credentials were printed. Relocate/review is a proposal, not a deletion decision."
"artifacts/h24-final/source/man/ocean_cube.Rd",FALSE,TRUE,TRUE,TRUE,FALSE,FALSE,"not-scanned","no filename evidence; content not exhaustively inspected",FALSE,"relocate","not tracked; ignored; type=artifact; size_bytes=4051","No credentials were printed. Relocate/review is a proposal, not a deletion decision."
"artifacts/h24-final/source/man/read_nc.Rd",FALSE,TRUE,TRUE,TRUE,FALSE,FALSE,"not-scanned","no filename evidence; content not exhaustively inspected",FALSE,"relocate","not tracked; ignored; type=artifact; size_bytes=935","No credentials were printed. Relocate/review is a proposal, not a deletion decision."
"artifacts/h24-final/source/man/signal_noise.Rd",FALSE,TRUE,TRUE,TRUE,FALSE,FALSE,"not-scanned","no filename evidence; content not exhaustively inspected",FALSE,"relocate","not tracked; ignored; type=artifact; size_bytes=587","No credentials were printed. Relocate/review is a proposal, not a deletion decision."
"artifacts/h24-final/source/man/stock_mask.Rd",FALSE,TRUE,TRUE,TRUE,FALSE,FALSE,"not-scanned","no filename evidence; content not exhaustively inspected",FALSE,"relocate","not tracked; ignored; type=artifact; size_bytes=667","No credentials were printed. Relocate/review is a proposal, not a deletion decision."
"artifacts/h24-final/source/man/to_month.Rd",FALSE,TRUE,TRUE,TRUE,FALSE,FALSE,"not-scanned","no filename evidence; content not exhaustively inspected",FALSE,"relocate","not tracked; ignored; type=artifact; size_bytes=448","No credentials were printed. Relocate/review is a proposal, not a deletion decision."
"artifacts/h24-final/source/NAMESPACE",FALSE,TRUE,TRUE,TRUE,FALSE,FALSE,"not-scanned","no filename evidence; content not exhaustively inspected",FALSE,"relocate","not tracked; ignored; type=metadata; size_bytes=696","No credentials were printed. Relocate/review is a proposal, not a deletion decision."
"artifacts/h24-final/source/NEWS.md",FALSE,TRUE,TRUE,TRUE,FALSE,FALSE,"not-scanned","no filename evidence; content not exhaustively inspected",FALSE,"relocate","not tracked; ignored; type=documentation; size_bytes=1673","No credentials were printed. Relocate/review is a proposal, not a deletion decision."
"artifacts/h24-final/source/oceancube.Rproj",FALSE,TRUE,TRUE,TRUE,FALSE,FALSE,"not-scanned","no filename evidence; content not exhaustively inspected",FALSE,"relocate","not tracked; ignored; type=artifact; size_bytes=320","No credentials were printed. Relocate/review is a proposal, not a deletion decision."
"artifacts/h24-final/source/R/annual_index.R",FALSE,TRUE,TRUE,TRUE,FALSE,FALSE,"not-scanned","no filename evidence; content not exhaustively inspected",FALSE,"relocate","not tracked; ignored; type=artifact; size_bytes=2148","No credentials were printed. Relocate/review is a proposal, not a deletion decision."
"artifacts/h24-final/source/R/anom_diff.R",FALSE,TRUE,TRUE,TRUE,FALSE,FALSE,"not-scanned","no filename evidence; content not exhaustively inspected",FALSE,"relocate","not tracked; ignored; type=artifact; size_bytes=4308","No credentials were printed. Relocate/review is a proposal, not a deletion decision."
"artifacts/h24-final/source/R/backend-index.R",FALSE,TRUE,TRUE,TRUE,FALSE,FALSE,"not-scanned","no filename evidence; content not exhaustively inspected",FALSE,"relocate","not tracked; ignored; type=artifact; size_bytes=4541","No credentials were printed. Relocate/review is a proposal, not a deletion decision."
"artifacts/h24-final/source/R/backend-memory.R",FALSE,TRUE,TRUE,TRUE,FALSE,FALSE,"not-scanned","no filename evidence; content not exhaustively inspected",FALSE,"relocate","not tracked; ignored; type=artifact; size_bytes=13568","No credentials were printed. Relocate/review is a proposal, not a deletion decision."
"artifacts/h24-final/source/R/backend-netcdf.R",FALSE,TRUE,TRUE,TRUE,FALSE,FALSE,"not-scanned","no filename evidence; content not exhaustively inspected",FALSE,"relocate","not tracked; ignored; type=artifact; size_bytes=47164","No credentials were printed. Relocate/review is a proposal, not a deletion decision."
"artifacts/h24-final/source/R/clim_day.R",FALSE,TRUE,TRUE,TRUE,FALSE,FALSE,"not-scanned","no filename evidence; content not exhaustively inspected",FALSE,"relocate","not tracked; ignored; type=artifact; size_bytes=4446","No credentials were printed. Relocate/review is a proposal, not a deletion decision."
"artifacts/h24-final/source/R/clim_month.R",FALSE,TRUE,TRUE,TRUE,FALSE,FALSE,"not-scanned","no filename evidence; content not exhaustively inspected",FALSE,"relocate","not tracked; ignored; type=artifact; size_bytes=1956","No credentials were printed. Relocate/review is a proposal, not a deletion decision."
"artifacts/h24-final/source/R/cm_setup.R",FALSE,TRUE,TRUE,TRUE,FALSE,FALSE,"not-scanned","no filename evidence; content not exhaustively inspected",FALSE,"relocate","not tracked; ignored; type=artifact; size_bytes=2382","No credentials were printed. Relocate/review is a proposal, not a deletion decision."
"artifacts/h24-final/source/R/coast_dist.R",FALSE,TRUE,TRUE,TRUE,FALSE,FALSE,"not-scanned","no filename evidence; content not exhaustively inspected",FALSE,"relocate","not tracked; ignored; type=artifact; size_bytes=1281","No credentials were printed. Relocate/review is a proposal, not a deletion decision."
"artifacts/h24-final/source/R/cube_collect.R",FALSE,TRUE,TRUE,TRUE,FALSE,FALSE,"not-scanned","no filename evidence; content not exhaustively inspected",FALSE,"relocate","not tracked; ignored; type=artifact; size_bytes=2903","No credentials were printed. Relocate/review is a proposal, not a deletion decision."
"artifacts/h24-final/source/R/cube_crop.R",FALSE,TRUE,TRUE,TRUE,FALSE,FALSE,"not-scanned","no filename evidence; content not exhaustively inspected",FALSE,"relocate","not tracked; ignored; type=artifact; size_bytes=14813","No credentials were printed. Relocate/review is a proposal, not a deletion decision."
"artifacts/h24-final/source/R/cube_extract.R",FALSE,TRUE,TRUE,TRUE,FALSE,FALSE,"not-scanned","no filename evidence; content not exhaustively inspected",FALSE,"relocate","not tracked; ignored; type=artifact; size_bytes=16455","No credentials were printed. Relocate/review is a proposal, not a deletion decision."
"artifacts/h24-final/source/R/cube_grid_geometry.R",FALSE,TRUE,TRUE,TRUE,FALSE,FALSE,"not-scanned","no filename evidence; content not exhaustively inspected",FALSE,"relocate","not tracked; ignored; type=artifact; size_bytes=14742","No credentials were printed. Relocate/review is a proposal, not a deletion decision."
"artifacts/h24-final/source/R/cube_mask.R",FALSE,TRUE,TRUE,TRUE,FALSE,FALSE,"not-scanned","no filename evidence; content not exhaustively inspected",FALSE,"relocate","not tracked; ignored; type=artifact; size_bytes=19063","No credentials were printed. Relocate/review is a proposal, not a deletion decision."
"artifacts/h24-final/source/R/cube_polygon_weights.R",FALSE,TRUE,TRUE,TRUE,FALSE,FALSE,"not-scanned","no filename evidence; content not exhaustively inspected",FALSE,"relocate","not tracked; ignored; type=artifact; size_bytes=11525","No credentials were printed. Relocate/review is a proposal, not a deletion decision."
"artifacts/h24-final/source/R/cube_slice.R",FALSE,TRUE,TRUE,TRUE,FALSE,FALSE,"not-scanned","no filename evidence; content not exhaustively inspected",FALSE,"relocate","not tracked; ignored; type=artifact; size_bytes=19400","No credentials were printed. Relocate/review is a proposal, not a deletion decision."
"artifacts/h24-final/source/R/cube_transect.R",FALSE,TRUE,TRUE,TRUE,FALSE,FALSE,"not-scanned","no filename evidence; content not exhaustively inspected",FALSE,"relocate","not tracked; ignored; type=artifact; size_bytes=19588","No credentials were printed. Relocate/review is a proposal, not a deletion decision."
"artifacts/h24-final/source/R/download_nc.R",FALSE,TRUE,TRUE,TRUE,FALSE,FALSE,"not-scanned","no filename evidence; content not exhaustively inspected",FALSE,"relocate","not tracked; ignored; type=artifact; size_bytes=3417","No credentials were printed. Relocate/review is a proposal, not a deletion decision."
"artifacts/h24-final/source/R/layer_mean.R",FALSE,TRUE,TRUE,TRUE,FALSE,FALSE,"not-scanned","no filename evidence; content not exhaustively inspected",FALSE,"relocate","not tracked; ignored; type=artifact; size_bytes=2025","No credentials were printed. Relocate/review is a proposal, not a deletion decision."
"artifacts/h24-final/source/R/link_events.R",FALSE,TRUE,TRUE,TRUE,FALSE,FALSE,"not-scanned","no filename evidence; content not exhaustively inspected",FALSE,"relocate","not tracked; ignored; type=artifact; size_bytes=5403","No credentials were printed. Relocate/review is a proposal, not a deletion decision."
"artifacts/h24-final/source/R/ocean_cube.R",FALSE,TRUE,TRUE,TRUE,FALSE,FALSE,"not-scanned","no filename evidence; content not exhaustively inspected",FALSE,"relocate","not tracked; ignored; type=artifact; size_bytes=7861","No credentials were printed. Relocate/review is a proposal, not a deletion decision."
"artifacts/h24-final/source/R/read_nc.R",FALSE,TRUE,TRUE,TRUE,FALSE,FALSE,"not-scanned","no filename evidence; content not exhaustively inspected",FALSE,"relocate","not tracked; ignored; type=artifact; size_bytes=4002","No credentials were printed. Relocate/review is a proposal, not a deletion decision."
"artifacts/h24-final/source/R/stock_mask.R",FALSE,TRUE,TRUE,TRUE,FALSE,FALSE,"not-scanned","no filename evidence; content not exhaustively inspected",FALSE,"relocate","not tracked; ignored; type=artifact; size_bytes=3301","No credentials were printed. Relocate/review is a proposal, not a deletion decision."
"artifacts/h24-final/source/R/to_month.R",FALSE,TRUE,TRUE,TRUE,FALSE,FALSE,"not-scanned","no filename evidence; content not exhaustively inspected",FALSE,"relocate","not tracked; ignored; type=artifact; size_bytes=1174","No credentials were printed. Relocate/review is a proposal, not a deletion decision."
"artifacts/h24-final/source/R/utils-internal.R",FALSE,TRUE,TRUE,TRUE,FALSE,FALSE,"not-scanned","no filename evidence; content not exhaustively inspected",FALSE,"relocate","not tracked; ignored; type=artifact; size_bytes=12752","No credentials were printed. Relocate/review is a proposal, not a deletion decision."
"artifacts/h24-final/source/README.md",FALSE,TRUE,TRUE,TRUE,FALSE,FALSE,"not-scanned","no filename evidence; content not exhaustively inspected",FALSE,"relocate","not tracked; ignored; type=documentation; size_bytes=3922","No credentials were printed. Relocate/review is a proposal, not a deletion decision."
"artifacts/h24-final/source/README.Rmd",FALSE,TRUE,TRUE,TRUE,FALSE,FALSE,"not-scanned","no filename evidence; content not exhaustively inspected",FALSE,"relocate","not tracked; ignored; type=documentation; size_bytes=3953","No credentials were printed. Relocate/review is a proposal, not a deletion decision."
"artifacts/h24-final/source/tests/testthat.R",FALSE,TRUE,TRUE,TRUE,FALSE,FALSE,"not-scanned","no filename evidence; content not exhaustively inspected",FALSE,"relocate","not tracked; ignored; type=artifact; size_bytes=62","No credentials were printed. Relocate/review is a proposal, not a deletion decision."
"artifacts/h24-final/source/tests/testthat/helper-architecture.R",FALSE,TRUE,TRUE,TRUE,FALSE,FALSE,"not-scanned","no filename evidence; content not exhaustively inspected",FALSE,"relocate","not tracked; ignored; type=artifact; size_bytes=2086","No credentials were printed. Relocate/review is a proposal, not a deletion decision."
"artifacts/h24-final/source/tests/testthat/helper-baseline-cube.R",FALSE,TRUE,TRUE,TRUE,FALSE,FALSE,"not-scanned","no filename evidence; content not exhaustively inspected",FALSE,"relocate","not tracked; ignored; type=artifact; size_bytes=1544","No credentials were printed. Relocate/review is a proposal, not a deletion decision."
"artifacts/h24-final/source/tests/testthat/helper-geometry.R",FALSE,TRUE,TRUE,TRUE,FALSE,FALSE,"not-scanned","no filename evidence; content not exhaustively inspected",FALSE,"relocate","not tracked; ignored; type=artifact; size_bytes=502","No credentials were printed. Relocate/review is a proposal, not a deletion decision."
"artifacts/h24-final/source/tests/testthat/helper-netcdf-backend.R",FALSE,TRUE,TRUE,TRUE,FALSE,FALSE,"not-scanned","no filename evidence; content not exhaustively inspected",FALSE,"relocate","not tracked; ignored; type=artifact; size_bytes=8204","No credentials were printed. Relocate/review is a proposal, not a deletion decision."
"artifacts/h24-final/source/tests/testthat/test-backend-memory.R",FALSE,TRUE,TRUE,TRUE,FALSE,FALSE,"not-scanned","no filename evidence; content not exhaustively inspected",FALSE,"relocate","not tracked; ignored; type=artifact; size_bytes=10966","No credentials were printed. Relocate/review is a proposal, not a deletion decision."
"artifacts/h24-final/source/tests/testthat/test-backend-netcdf-descriptor.R",FALSE,TRUE,TRUE,TRUE,FALSE,FALSE,"not-scanned","no filename evidence; content not exhaustively inspected",FALSE,"relocate","not tracked; ignored; type=artifact; size_bytes=18223","No credentials were printed. Relocate/review is a proposal, not a deletion decision."
"artifacts/h24-final/source/tests/testthat/test-backend-netcdf-noncontiguous.R",FALSE,TRUE,TRUE,TRUE,FALSE,FALSE,"not-scanned","no filename evidence; content not exhaustively inspected",FALSE,"relocate","not tracked; ignored; type=artifact; size_bytes=10764","No credentials were printed. Relocate/review is a proposal, not a deletion decision."
"artifacts/h24-final/source/tests/testthat/test-backend-netcdf-read-block.R",FALSE,TRUE,TRUE,TRUE,FALSE,FALSE,"not-scanned","no filename evidence; content not exhaustively inspected",FALSE,"relocate","not tracked; ignored; type=artifact; size_bytes=17998","No credentials were printed. Relocate/review is a proposal, not a deletion decision."
"artifacts/h24-final/source/tests/testthat/test-clim-anom.R",FALSE,TRUE,TRUE,TRUE,FALSE,FALSE,"not-scanned","no filename evidence; content not exhaustively inspected",FALSE,"relocate","not tracked; ignored; type=artifact; size_bytes=1091","No credentials were printed. Relocate/review is a proposal, not a deletion decision."
"artifacts/h24-final/source/tests/testthat/test-cube-collect.R",FALSE,TRUE,TRUE,TRUE,FALSE,FALSE,"not-scanned","no filename evidence; content not exhaustively inspected",FALSE,"relocate","not tracked; ignored; type=artifact; size_bytes=7458","No credentials were printed. Relocate/review is a proposal, not a deletion decision."
"artifacts/h24-final/source/tests/testthat/test-cube-crop.R",FALSE,TRUE,TRUE,TRUE,FALSE,FALSE,"not-scanned","no filename evidence; content not exhaustively inspected",FALSE,"relocate","not tracked; ignored; type=artifact; size_bytes=23828","No credentials were printed. Relocate/review is a proposal, not a deletion decision."
"artifacts/h24-final/source/tests/testthat/test-cube-extract.R",FALSE,TRUE,TRUE,TRUE,FALSE,FALSE,"not-scanned","no filename evidence; content not exhaustively inspected",FALSE,"relocate","not tracked; ignored; type=artifact; size_bytes=29027","No credentials were printed. Relocate/review is a proposal, not a deletion decision."
"artifacts/h24-final/source/tests/testthat/test-cube-grid-geometry.R",FALSE,TRUE,TRUE,TRUE,FALSE,FALSE,"not-scanned","no filename evidence; content not exhaustively inspected",FALSE,"relocate","not tracked; ignored; type=artifact; size_bytes=8641","No credentials were printed. Relocate/review is a proposal, not a deletion decision."
"artifacts/h24-final/source/tests/testthat/test-cube-mask.R",FALSE,TRUE,TRUE,TRUE,FALSE,FALSE,"not-scanned","no filename evidence; content not exhaustively inspected",FALSE,"relocate","not tracked; ignored; type=artifact; size_bytes=11117","No credentials were printed. Relocate/review is a proposal, not a deletion decision."
"artifacts/h24-final/source/tests/testthat/test-cube-polygon-weights.R",FALSE,TRUE,TRUE,TRUE,FALSE,FALSE,"not-scanned","no filename evidence; content not exhaustively inspected",FALSE,"relocate","not tracked; ignored; type=artifact; size_bytes=12292","No credentials were printed. Relocate/review is a proposal, not a deletion decision."
"artifacts/h24-final/source/tests/testthat/test-cube-slice.R",FALSE,TRUE,TRUE,TRUE,FALSE,FALSE,"not-scanned","no filename evidence; content not exhaustively inspected",FALSE,"relocate","not tracked; ignored; type=artifact; size_bytes=22898","No credentials were printed. Relocate/review is a proposal, not a deletion decision."
"artifacts/h24-final/source/tests/testthat/test-cube-transect.R",FALSE,TRUE,TRUE,TRUE,FALSE,FALSE,"not-scanned","no filename evidence; content not exhaustively inspected",FALSE,"relocate","not tracked; ignored; type=artifact; size_bytes=10124","No credentials were printed. Relocate/review is a proposal, not a deletion decision."
"artifacts/h24-final/source/tests/testthat/test-daily-link.R",FALSE,TRUE,TRUE,TRUE,FALSE,FALSE,"not-scanned","no filename evidence; content not exhaustively inspected",FALSE,"relocate","not tracked; ignored; type=artifact; size_bytes=1500","No credentials were printed. Relocate/review is a proposal, not a deletion decision."
"artifacts/h24-final/source/tests/testthat/test-layer-time-mask.R",FALSE,TRUE,TRUE,TRUE,FALSE,FALSE,"not-scanned","no filename evidence; content not exhaustively inspected",FALSE,"relocate","not tracked; ignored; type=artifact; size_bytes=1451","No credentials were printed. Relocate/review is a proposal, not a deletion decision."
"artifacts/h24-final/source/tests/testthat/test-no-direct-data-access.R",FALSE,TRUE,TRUE,TRUE,FALSE,FALSE,"not-scanned","no filename evidence; content not exhaustively inspected",FALSE,"relocate","not tracked; ignored; type=artifact; size_bytes=1912","No credentials were printed. Relocate/review is a proposal, not a deletion decision."
"artifacts/h24-final/source/tests/testthat/test-ocean-cube-baseline.R",FALSE,TRUE,TRUE,TRUE,FALSE,FALSE,"not-scanned","no filename evidence; content not exhaustively inspected",FALSE,"relocate","not tracked; ignored; type=artifact; size_bytes=3603","No credentials were printed. Relocate/review is a proposal, not a deletion decision."
"artifacts/h24-final/source/tests/testthat/test-ocean-cube-contract.R",FALSE,TRUE,TRUE,TRUE,FALSE,FALSE,"not-scanned","no filename evidence; content not exhaustively inspected",FALSE,"relocate","not tracked; ignored; type=artifact; size_bytes=10419","No credentials were printed. Relocate/review is a proposal, not a deletion decision."
"artifacts/h24-final/source/tests/testthat/test-ocean-cube.R",FALSE,TRUE,TRUE,TRUE,FALSE,FALSE,"not-scanned","no filename evidence; content not exhaustively inspected",FALSE,"relocate","not tracked; ignored; type=artifact; size_bytes=836","No credentials were printed. Relocate/review is a proposal, not a deletion decision."
"artifacts/h24-final/source/tests/testthat/test-package-boundary-spatind.R",FALSE,TRUE,TRUE,TRUE,FALSE,FALSE,"not-scanned","no filename evidence; content not exhaustively inspected",FALSE,"relocate","not tracked; ignored; type=artifact; size_bytes=1584","No credentials were printed. Relocate/review is a proposal, not a deletion decision."
"artifacts/h24-final/source/tests/testthat/test-read-nc-baseline.R",FALSE,TRUE,TRUE,TRUE,FALSE,FALSE,"not-scanned","no filename evidence; content not exhaustively inspected",FALSE,"relocate","not tracked; ignored; type=artifact; size_bytes=3478","No credentials were printed. Relocate/review is a proposal, not a deletion decision."
"artifacts/h24-final/source/tests/testthat/test-refactor-coast-dist-backend.R",FALSE,TRUE,TRUE,TRUE,FALSE,FALSE,"not-scanned","no filename evidence; content not exhaustively inspected",FALSE,"relocate","not tracked; ignored; type=artifact; size_bytes=9486","No credentials were printed. Relocate/review is a proposal, not a deletion decision."
"artifacts/h24-final/source/tests/testthat/test-refactor-layer-annual-backend.R",FALSE,TRUE,TRUE,TRUE,FALSE,FALSE,"not-scanned","no filename evidence; content not exhaustively inspected",FALSE,"relocate","not tracked; ignored; type=artifact; size_bytes=10782","No credentials were printed. Relocate/review is a proposal, not a deletion decision."
"artifacts/h24-final/source/tests/testthat/test-refactor-link-events-backend.R",FALSE,TRUE,TRUE,TRUE,FALSE,FALSE,"not-scanned","no filename evidence; content not exhaustively inspected",FALSE,"relocate","not tracked; ignored; type=artifact; size_bytes=17309","No credentials were printed. Relocate/review is a proposal, not a deletion decision."
"artifacts/h24-final/source/tests/testthat/test-refactor-temporal-backend.R",FALSE,TRUE,TRUE,TRUE,FALSE,FALSE,"not-scanned","no filename evidence; content not exhaustively inspected",FALSE,"relocate","not tracked; ignored; type=artifact; size_bytes=11299","No credentials were printed. Relocate/review is a proposal, not a deletion decision."
"artifacts/h24-final/source/tests/testthat/test-release-contract.R",FALSE,TRUE,TRUE,TRUE,FALSE,FALSE,"not-scanned","no filename evidence; content not exhaustively inspected",FALSE,"relocate","not tracked; ignored; type=artifact; size_bytes=4608","No credentials were printed. Relocate/review is a proposal, not a deletion decision."
"artifacts/h24-final/source/tests/testthat/test-scientific-baseline.R",FALSE,TRUE,TRUE,TRUE,FALSE,FALSE,"not-scanned","no filename evidence; content not exhaustively inspected",FALSE,"relocate","not tracked; ignored; type=artifact; size_bytes=4598","No credentials were printed. Relocate/review is a proposal, not a deletion decision."
"artifacts/h24-final/source/vignettes/get-started.Rmd",FALSE,TRUE,TRUE,TRUE,FALSE,FALSE,"not-scanned","no filename evidence; content not exhaustively inspected",FALSE,"relocate","not tracked; ignored; type=artifact; size_bytes=737","No credentials were printed. Relocate/review is a proposal, not a deletion decision."
"artifacts/h24-final/source/vignettes/oceancube-architecture.Rmd",FALSE,TRUE,TRUE,TRUE,FALSE,FALSE,"not-scanned","no filename evidence; content not exhaustively inspected",FALSE,"relocate","not tracked; ignored; type=artifact; size_bytes=2553","No credentials were printed. Relocate/review is a proposal, not a deletion decision."
"artifacts/h24-final/source/vignettes/oceancube-geometry-weights.Rmd",FALSE,TRUE,TRUE,TRUE,FALSE,FALSE,"not-scanned","no filename evidence; content not exhaustively inspected",FALSE,"relocate","not tracked; ignored; type=artifact; size_bytes=2215","No credentials were printed. Relocate/review is a proposal, not a deletion decision."
"artifacts/h24-final/source/vignettes/oceancube-introduction.Rmd",FALSE,TRUE,TRUE,TRUE,FALSE,FALSE,"not-scanned","no filename evidence; content not exhaustively inspected",FALSE,"relocate","not tracked; ignored; type=artifact; size_bytes=3404","No credentials were printed. Relocate/review is a proposal, not a deletion decision."
"artifacts/h24-preversion/library/oceancube/architecture/oceancube-spatind-boundary.md",FALSE,TRUE,TRUE,TRUE,FALSE,FALSE,"not-scanned","no filename evidence; content not exhaustively inspected",FALSE,"relocate","not tracked; ignored; type=artifact; size_bytes=5299","No credentials were printed. Relocate/review is a proposal, not a deletion decision."
"artifacts/h24-preversion/library/oceancube/CITATION",FALSE,TRUE,TRUE,TRUE,FALSE,FALSE,"not-scanned","no filename evidence; content not exhaustively inspected",FALSE,"relocate","not tracked; ignored; type=metadata; size_bytes=116","No credentials were printed. Relocate/review is a proposal, not a deletion decision."
"artifacts/h24-preversion/library/oceancube/DESCRIPTION",FALSE,TRUE,TRUE,TRUE,FALSE,FALSE,"not-scanned","no filename evidence; content not exhaustively inspected",FALSE,"relocate","not tracked; ignored; type=metadata; size_bytes=1238","No credentials were printed. Relocate/review is a proposal, not a deletion decision."
"artifacts/h24-preversion/library/oceancube/doc/get-started.html",FALSE,TRUE,TRUE,TRUE,FALSE,FALSE,"not-scanned","no filename evidence; content not exhaustively inspected",FALSE,"relocate","not tracked; ignored; type=website; size_bytes=11230","No credentials were printed. Relocate/review is a proposal, not a deletion decision."
"artifacts/h24-preversion/library/oceancube/doc/get-started.R",FALSE,TRUE,TRUE,TRUE,FALSE,FALSE,"not-scanned","no filename evidence; content not exhaustively inspected",FALSE,"relocate","not tracked; ignored; type=artifact; size_bytes=341","No credentials were printed. Relocate/review is a proposal, not a deletion decision."
"artifacts/h24-preversion/library/oceancube/doc/get-started.Rmd",FALSE,TRUE,TRUE,TRUE,FALSE,FALSE,"not-scanned","no filename evidence; content not exhaustively inspected",FALSE,"relocate","not tracked; ignored; type=artifact; size_bytes=737","No credentials were printed. Relocate/review is a proposal, not a deletion decision."
"artifacts/h24-preversion/library/oceancube/doc/index.html",FALSE,TRUE,TRUE,TRUE,FALSE,FALSE,"not-scanned","no filename evidence; content not exhaustively inspected",FALSE,"relocate","not tracked; ignored; type=website; size_bytes=3354","No credentials were printed. Relocate/review is a proposal, not a deletion decision."
"artifacts/h24-preversion/library/oceancube/doc/oceancube-architecture.html",FALSE,TRUE,TRUE,TRUE,FALSE,FALSE,"not-scanned","no filename evidence; content not exhaustively inspected",FALSE,"relocate","not tracked; ignored; type=website; size_bytes=13532","No credentials were printed. Relocate/review is a proposal, not a deletion decision."
"artifacts/h24-preversion/library/oceancube/doc/oceancube-architecture.R",FALSE,TRUE,TRUE,TRUE,FALSE,FALSE,"not-scanned","no filename evidence; content not exhaustively inspected",FALSE,"relocate","not tracked; ignored; type=artifact; size_bytes=369","No credentials were printed. Relocate/review is a proposal, not a deletion decision."
"artifacts/h24-preversion/library/oceancube/doc/oceancube-architecture.Rmd",FALSE,TRUE,TRUE,TRUE,FALSE,FALSE,"not-scanned","no filename evidence; content not exhaustively inspected",FALSE,"relocate","not tracked; ignored; type=artifact; size_bytes=2553","No credentials were printed. Relocate/review is a proposal, not a deletion decision."
"artifacts/h24-preversion/library/oceancube/doc/oceancube-geometry-weights.html",FALSE,TRUE,TRUE,TRUE,FALSE,FALSE,"not-scanned","no filename evidence; content not exhaustively inspected",FALSE,"relocate","not tracked; ignored; type=website; size_bytes=23626","No credentials were printed. Relocate/review is a proposal, not a deletion decision."
"artifacts/h24-preversion/library/oceancube/doc/oceancube-geometry-weights.R",FALSE,TRUE,TRUE,TRUE,FALSE,FALSE,"not-scanned","no filename evidence; content not exhaustively inspected",FALSE,"relocate","not tracked; ignored; type=artifact; size_bytes=1279","No credentials were printed. Relocate/review is a proposal, not a deletion decision."
"artifacts/h24-preversion/library/oceancube/doc/oceancube-geometry-weights.Rmd",FALSE,TRUE,TRUE,TRUE,FALSE,FALSE,"not-scanned","no filename evidence; content not exhaustively inspected",FALSE,"relocate","not tracked; ignored; type=artifact; size_bytes=2215","No credentials were printed. Relocate/review is a proposal, not a deletion decision."
"artifacts/h24-preversion/library/oceancube/doc/oceancube-introduction.html",FALSE,TRUE,TRUE,TRUE,FALSE,FALSE,"not-scanned","no filename evidence; content not exhaustively inspected",FALSE,"relocate","not tracked; ignored; type=website; size_bytes=24863","No credentials were printed. Relocate/review is a proposal, not a deletion decision."
"artifacts/h24-preversion/library/oceancube/doc/oceancube-introduction.R",FALSE,TRUE,TRUE,TRUE,FALSE,FALSE,"not-scanned","no filename evidence; content not exhaustively inspected",FALSE,"relocate","not tracked; ignored; type=artifact; size_bytes=1818","No credentials were printed. Relocate/review is a proposal, not a deletion decision."
"artifacts/h24-preversion/library/oceancube/doc/oceancube-introduction.Rmd",FALSE,TRUE,TRUE,TRUE,FALSE,FALSE,"not-scanned","no filename evidence; content not exhaustively inspected",FALSE,"relocate","not tracked; ignored; type=artifact; size_bytes=3404","No credentials were printed. Relocate/review is a proposal, not a deletion decision."
"artifacts/h24-preversion/library/oceancube/examples/backend_memory.R",FALSE,TRUE,TRUE,TRUE,FALSE,FALSE,"not-scanned","no filename evidence; content not exhaustively inspected",FALSE,"relocate","not tracked; ignored; type=artifact; size_bytes=3995","No credentials were printed. Relocate/review is a proposal, not a deletion decision."
"artifacts/h24-preversion/library/oceancube/examples/backend_netcdf_descriptor.R",FALSE,TRUE,TRUE,TRUE,FALSE,FALSE,"not-scanned","no filename evidence; content not exhaustively inspected",FALSE,"relocate","not tracked; ignored; type=artifact; size_bytes=5118","No credentials were printed. Relocate/review is a proposal, not a deletion decision."
"artifacts/h24-preversion/library/oceancube/examples/backend_netcdf_read_block.R",FALSE,TRUE,TRUE,TRUE,FALSE,FALSE,"not-scanned","no filename evidence; content not exhaustively inspected",FALSE,"relocate","not tracked; ignored; type=artifact; size_bytes=6763","No credentials were printed. Relocate/review is a proposal, not a deletion decision."
"artifacts/h24-preversion/library/oceancube/examples/baseline_ocean_cube.R",FALSE,TRUE,TRUE,TRUE,FALSE,FALSE,"not-scanned","no filename evidence; content not exhaustively inspected",FALSE,"relocate","not tracked; ignored; type=artifact; size_bytes=3704","No credentials were printed. Relocate/review is a proposal, not a deletion decision."
"artifacts/h24-preversion/library/oceancube/examples/cube_crop.R",FALSE,TRUE,TRUE,TRUE,FALSE,FALSE,"not-scanned","no filename evidence; content not exhaustively inspected",FALSE,"relocate","not tracked; ignored; type=artifact; size_bytes=8540","No credentials were printed. Relocate/review is a proposal, not a deletion decision."
"artifacts/h24-preversion/library/oceancube/examples/cube_extract.R",FALSE,TRUE,TRUE,TRUE,FALSE,FALSE,"not-scanned","no filename evidence; content not exhaustively inspected",FALSE,"relocate","not tracked; ignored; type=artifact; size_bytes=7836","No credentials were printed. Relocate/review is a proposal, not a deletion decision."
"artifacts/h24-preversion/library/oceancube/examples/cube_geometry_weights.R",FALSE,TRUE,TRUE,TRUE,FALSE,FALSE,"not-scanned","no filename evidence; content not exhaustively inspected",FALSE,"relocate","not tracked; ignored; type=artifact; size_bytes=4084","No credentials were printed. Relocate/review is a proposal, not a deletion decision."
"artifacts/h24-preversion/library/oceancube/examples/cube_mask.R",FALSE,TRUE,TRUE,TRUE,FALSE,FALSE,"not-scanned","no filename evidence; content not exhaustively inspected",FALSE,"relocate","not tracked; ignored; type=artifact; size_bytes=6852","No credentials were printed. Relocate/review is a proposal, not a deletion decision."
"artifacts/h24-preversion/library/oceancube/examples/cube_slice.R",FALSE,TRUE,TRUE,TRUE,FALSE,FALSE,"not-scanned","no filename evidence; content not exhaustively inspected",FALSE,"relocate","not tracked; ignored; type=artifact; size_bytes=6283","No credentials were printed. Relocate/review is a proposal, not a deletion decision."
"artifacts/h24-preversion/library/oceancube/examples/cube_transect.R",FALSE,TRUE,TRUE,TRUE,FALSE,FALSE,"not-scanned","no filename evidence; content not exhaustively inspected",FALSE,"relocate","not tracked; ignored; type=artifact; size_bytes=7793","No credentials were printed. Relocate/review is a proposal, not a deletion decision."
"artifacts/h24-preversion/library/oceancube/examples/noncontiguous_collect.R",FALSE,TRUE,TRUE,TRUE,FALSE,FALSE,"not-scanned","no filename evidence; content not exhaustively inspected",FALSE,"relocate","not tracked; ignored; type=artifact; size_bytes=3913","No credentials were printed. Relocate/review is a proposal, not a deletion decision."
"artifacts/h24-preversion/library/oceancube/examples/ocean_cube_contract.R",FALSE,TRUE,TRUE,TRUE,FALSE,FALSE,"not-scanned","no filename evidence; content not exhaustively inspected",FALSE,"relocate","not tracked; ignored; type=artifact; size_bytes=4027","No credentials were printed. Relocate/review is a proposal, not a deletion decision."
"artifacts/h24-preversion/library/oceancube/examples/refactor_coast_dist_backend.R",FALSE,TRUE,TRUE,TRUE,FALSE,FALSE,"not-scanned","no filename evidence; content not exhaustively inspected",FALSE,"relocate","not tracked; ignored; type=artifact; size_bytes=4008","No credentials were printed. Relocate/review is a proposal, not a deletion decision."
"artifacts/h24-preversion/library/oceancube/examples/refactor_layer_annual_backend.R",FALSE,TRUE,TRUE,TRUE,FALSE,FALSE,"not-scanned","no filename evidence; content not exhaustively inspected",FALSE,"relocate","not tracked; ignored; type=artifact; size_bytes=3656","No credentials were printed. Relocate/review is a proposal, not a deletion decision."
"artifacts/h24-preversion/library/oceancube/examples/refactor_link_events_backend.R",FALSE,TRUE,TRUE,TRUE,FALSE,FALSE,"not-scanned","no filename evidence; content not exhaustively inspected",FALSE,"relocate","not tracked; ignored; type=artifact; size_bytes=5629","No credentials were printed. Relocate/review is a proposal, not a deletion decision."
"artifacts/h24-preversion/library/oceancube/examples/refactor_temporal_backend.R",FALSE,TRUE,TRUE,TRUE,FALSE,FALSE,"not-scanned","no filename evidence; content not exhaustively inspected",FALSE,"relocate","not tracked; ignored; type=artifact; size_bytes=4304","No credentials were printed. Relocate/review is a proposal, not a deletion decision."
"artifacts/h24-preversion/library/oceancube/help/aliases.rds",FALSE,TRUE,TRUE,TRUE,FALSE,FALSE,"not-scanned","no filename evidence; content not exhaustively inspected",FALSE,"relocate","not tracked; ignored; type=artifact; size_bytes=309","No credentials were printed. Relocate/review is a proposal, not a deletion decision."
"artifacts/h24-preversion/library/oceancube/help/AnIndex",FALSE,TRUE,TRUE,TRUE,FALSE,FALSE,"not-scanned","no filename evidence; content not exhaustively inspected",FALSE,"relocate","not tracked; ignored; type=artifact; size_bytes=675","No credentials were printed. Relocate/review is a proposal, not a deletion decision."
"artifacts/h24-preversion/library/oceancube/help/oceancube.rdb",FALSE,TRUE,TRUE,TRUE,FALSE,FALSE,"not-scanned","no filename evidence; content not exhaustively inspected",FALSE,"relocate","not tracked; ignored; type=artifact; size_bytes=67846","No credentials were printed. Relocate/review is a proposal, not a deletion decision."
"artifacts/h24-preversion/library/oceancube/help/oceancube.rdx",FALSE,TRUE,TRUE,TRUE,FALSE,FALSE,"not-scanned","no filename evidence; content not exhaustively inspected",FALSE,"relocate","not tracked; ignored; type=artifact; size_bytes=773","No credentials were printed. Relocate/review is a proposal, not a deletion decision."
"artifacts/h24-preversion/library/oceancube/help/paths.rds",FALSE,TRUE,TRUE,TRUE,FALSE,FALSE,"not-scanned","no filename evidence; content not exhaustively inspected",FALSE,"relocate","not tracked; ignored; type=artifact; size_bytes=424","No credentials were printed. Relocate/review is a proposal, not a deletion decision."
"artifacts/h24-preversion/library/oceancube/html/00Index.html",FALSE,TRUE,TRUE,TRUE,FALSE,FALSE,"not-scanned","no filename evidence; content not exhaustively inspected",FALSE,"relocate","not tracked; ignored; type=website; size_bytes=4863","No credentials were printed. Relocate/review is a proposal, not a deletion decision."
"artifacts/h24-preversion/library/oceancube/html/R.css",FALSE,TRUE,TRUE,TRUE,FALSE,FALSE,"not-scanned","no filename evidence; content not exhaustively inspected",FALSE,"relocate","not tracked; ignored; type=artifact; size_bytes=1735","No credentials were printed. Relocate/review is a proposal, not a deletion decision."
"artifacts/h24-preversion/library/oceancube/INDEX",FALSE,TRUE,TRUE,TRUE,FALSE,FALSE,"not-scanned","no filename evidence; content not exhaustively inspected",FALSE,"relocate","not tracked; ignored; type=artifact; size_bytes=2119","No credentials were printed. Relocate/review is a proposal, not a deletion decision."
"artifacts/h24-preversion/library/oceancube/LICENSE",FALSE,TRUE,TRUE,TRUE,FALSE,FALSE,"not-scanned","no filename evidence; content not exhaustively inspected",FALSE,"relocate","not tracked; ignored; type=metadata; size_bytes=1082","No credentials were printed. Relocate/review is a proposal, not a deletion decision."
"artifacts/h24-preversion/library/oceancube/Meta/features.rds",FALSE,TRUE,TRUE,TRUE,FALSE,FALSE,"not-scanned","no filename evidence; content not exhaustively inspected",FALSE,"relocate","not tracked; ignored; type=artifact; size_bytes=122","No credentials were printed. Relocate/review is a proposal, not a deletion decision."
"artifacts/h24-preversion/library/oceancube/Meta/hsearch.rds",FALSE,TRUE,TRUE,TRUE,FALSE,FALSE,"not-scanned","no filename evidence; content not exhaustively inspected",FALSE,"relocate","not tracked; ignored; type=artifact; size_bytes=1114","No credentials were printed. Relocate/review is a proposal, not a deletion decision."
"artifacts/h24-preversion/library/oceancube/Meta/links.rds",FALSE,TRUE,TRUE,TRUE,FALSE,FALSE,"not-scanned","no filename evidence; content not exhaustively inspected",FALSE,"relocate","not tracked; ignored; type=artifact; size_bytes=474","No credentials were printed. Relocate/review is a proposal, not a deletion decision."
"artifacts/h24-preversion/library/oceancube/Meta/nsInfo.rds",FALSE,TRUE,TRUE,TRUE,FALSE,FALSE,"not-scanned","no filename evidence; content not exhaustively inspected",FALSE,"relocate","not tracked; ignored; type=artifact; size_bytes=450","No credentials were printed. Relocate/review is a proposal, not a deletion decision."
"artifacts/h24-preversion/library/oceancube/Meta/package.rds",FALSE,TRUE,TRUE,TRUE,FALSE,FALSE,"not-scanned","no filename evidence; content not exhaustively inspected",FALSE,"relocate","not tracked; ignored; type=artifact; size_bytes=1184","No credentials were printed. Relocate/review is a proposal, not a deletion decision."
"artifacts/h24-preversion/library/oceancube/Meta/Rd.rds",FALSE,TRUE,TRUE,TRUE,FALSE,FALSE,"not-scanned","no filename evidence; content not exhaustively inspected",FALSE,"relocate","not tracked; ignored; type=artifact; size_bytes=1225","No credentials were printed. Relocate/review is a proposal, not a deletion decision."
"artifacts/h24-preversion/library/oceancube/Meta/vignette.rds",FALSE,TRUE,TRUE,TRUE,FALSE,FALSE,"not-scanned","no filename evidence; content not exhaustively inspected",FALSE,"relocate","not tracked; ignored; type=artifact; size_bytes=342","No credentials were printed. Relocate/review is a proposal, not a deletion decision."
"artifacts/h24-preversion/library/oceancube/NAMESPACE",FALSE,TRUE,TRUE,TRUE,FALSE,FALSE,"not-scanned","no filename evidence; content not exhaustively inspected",FALSE,"relocate","not tracked; ignored; type=metadata; size_bytes=696","No credentials were printed. Relocate/review is a proposal, not a deletion decision."
"artifacts/h24-preversion/library/oceancube/NEWS.md",FALSE,TRUE,TRUE,TRUE,FALSE,FALSE,"not-scanned","no filename evidence; content not exhaustively inspected",FALSE,"relocate","not tracked; ignored; type=documentation; size_bytes=1673","No credentials were printed. Relocate/review is a proposal, not a deletion decision."
"artifacts/h24-preversion/library/oceancube/R/oceancube",FALSE,TRUE,TRUE,TRUE,FALSE,FALSE,"not-scanned","no filename evidence; content not exhaustively inspected",FALSE,"relocate","not tracked; ignored; type=artifact; size_bytes=1058","No credentials were printed. Relocate/review is a proposal, not a deletion decision."
"artifacts/h24-preversion/library/oceancube/R/oceancube.rdb",FALSE,TRUE,TRUE,TRUE,FALSE,FALSE,"not-scanned","no filename evidence; content not exhaustively inspected",FALSE,"relocate","not tracked; ignored; type=artifact; size_bytes=316962","No credentials were printed. Relocate/review is a proposal, not a deletion decision."
"artifacts/h24-preversion/library/oceancube/R/oceancube.rdx",FALSE,TRUE,TRUE,TRUE,FALSE,FALSE,"not-scanned","no filename evidence; content not exhaustively inspected",FALSE,"relocate","not tracked; ignored; type=artifact; size_bytes=3044","No credentials were printed. Relocate/review is a proposal, not a deletion decision."
"artifacts/h24-preversion/oceancube.Rcheck/00_pkg_src/oceancube/build/vignette.rds",FALSE,TRUE,TRUE,TRUE,FALSE,FALSE,"not-scanned","no filename evidence; content not exhaustively inspected",FALSE,"relocate","not tracked; ignored; type=artifact; size_bytes=342","No credentials were printed. Relocate/review is a proposal, not a deletion decision."
"artifacts/h24-preversion/oceancube.Rcheck/00_pkg_src/oceancube/CODE_OF_CONDUCT.md",FALSE,TRUE,TRUE,TRUE,FALSE,FALSE,"not-scanned","no filename evidence; content not exhaustively inspected",FALSE,"relocate","not tracked; ignored; type=artifact; size_bytes=93","No credentials were printed. Relocate/review is a proposal, not a deletion decision."
"artifacts/h24-preversion/oceancube.Rcheck/00_pkg_src/oceancube/CONTRIBUTING.md",FALSE,TRUE,TRUE,TRUE,FALSE,FALSE,"not-scanned","no filename evidence; content not exhaustively inspected",FALSE,"relocate","not tracked; ignored; type=artifact; size_bytes=130","No credentials were printed. Relocate/review is a proposal, not a deletion decision."
"artifacts/h24-preversion/oceancube.Rcheck/00_pkg_src/oceancube/DESCRIPTION",FALSE,TRUE,TRUE,TRUE,FALSE,FALSE,"not-scanned","no filename evidence; content not exhaustively inspected",FALSE,"relocate","not tracked; ignored; type=metadata; size_bytes=1186","No credentials were printed. Relocate/review is a proposal, not a deletion decision."
"artifacts/h24-preversion/oceancube.Rcheck/00_pkg_src/oceancube/inst/architecture/oceancube-spatind-boundary.md",FALSE,TRUE,TRUE,TRUE,FALSE,FALSE,"not-scanned","no filename evidence; content not exhaustively inspected",FALSE,"relocate","not tracked; ignored; type=artifact; size_bytes=5299","No credentials were printed. Relocate/review is a proposal, not a deletion decision."
"artifacts/h24-preversion/oceancube.Rcheck/00_pkg_src/oceancube/inst/CITATION",FALSE,TRUE,TRUE,TRUE,FALSE,FALSE,"not-scanned","no filename evidence; content not exhaustively inspected",FALSE,"relocate","not tracked; ignored; type=metadata; size_bytes=116","No credentials were printed. Relocate/review is a proposal, not a deletion decision."
"artifacts/h24-preversion/oceancube.Rcheck/00_pkg_src/oceancube/inst/doc/get-started.html",FALSE,TRUE,TRUE,TRUE,FALSE,FALSE,"not-scanned","no filename evidence; content not exhaustively inspected",FALSE,"relocate","not tracked; ignored; type=website; size_bytes=11230","No credentials were printed. Relocate/review is a proposal, not a deletion decision."
"artifacts/h24-preversion/oceancube.Rcheck/00_pkg_src/oceancube/inst/doc/get-started.R",FALSE,TRUE,TRUE,TRUE,FALSE,FALSE,"not-scanned","no filename evidence; content not exhaustively inspected",FALSE,"relocate","not tracked; ignored; type=artifact; size_bytes=341","No credentials were printed. Relocate/review is a proposal, not a deletion decision."
"artifacts/h24-preversion/oceancube.Rcheck/00_pkg_src/oceancube/inst/doc/get-started.Rmd",FALSE,TRUE,TRUE,TRUE,FALSE,FALSE,"not-scanned","no filename evidence; content not exhaustively inspected",FALSE,"relocate","not tracked; ignored; type=artifact; size_bytes=737","No credentials were printed. Relocate/review is a proposal, not a deletion decision."
"artifacts/h24-preversion/oceancube.Rcheck/00_pkg_src/oceancube/inst/doc/oceancube-architecture.html",FALSE,TRUE,TRUE,TRUE,FALSE,FALSE,"not-scanned","no filename evidence; content not exhaustively inspected",FALSE,"relocate","not tracked; ignored; type=website; size_bytes=13532","No credentials were printed. Relocate/review is a proposal, not a deletion decision."
"artifacts/h24-preversion/oceancube.Rcheck/00_pkg_src/oceancube/inst/doc/oceancube-architecture.R",FALSE,TRUE,TRUE,TRUE,FALSE,FALSE,"not-scanned","no filename evidence; content not exhaustively inspected",FALSE,"relocate","not tracked; ignored; type=artifact; size_bytes=369","No credentials were printed. Relocate/review is a proposal, not a deletion decision."
"artifacts/h24-preversion/oceancube.Rcheck/00_pkg_src/oceancube/inst/doc/oceancube-architecture.Rmd",FALSE,TRUE,TRUE,TRUE,FALSE,FALSE,"not-scanned","no filename evidence; content not exhaustively inspected",FALSE,"relocate","not tracked; ignored; type=artifact; size_bytes=2553","No credentials were printed. Relocate/review is a proposal, not a deletion decision."
"artifacts/h24-preversion/oceancube.Rcheck/00_pkg_src/oceancube/inst/doc/oceancube-geometry-weights.html",FALSE,TRUE,TRUE,TRUE,FALSE,FALSE,"not-scanned","no filename evidence; content not exhaustively inspected",FALSE,"relocate","not tracked; ignored; type=website; size_bytes=23626","No credentials were printed. Relocate/review is a proposal, not a deletion decision."
"artifacts/h24-preversion/oceancube.Rcheck/00_pkg_src/oceancube/inst/doc/oceancube-geometry-weights.R",FALSE,TRUE,TRUE,TRUE,FALSE,FALSE,"not-scanned","no filename evidence; content not exhaustively inspected",FALSE,"relocate","not tracked; ignored; type=artifact; size_bytes=1279","No credentials were printed. Relocate/review is a proposal, not a deletion decision."
"artifacts/h24-preversion/oceancube.Rcheck/00_pkg_src/oceancube/inst/doc/oceancube-geometry-weights.Rmd",FALSE,TRUE,TRUE,TRUE,FALSE,FALSE,"not-scanned","no filename evidence; content not exhaustively inspected",FALSE,"relocate","not tracked; ignored; type=artifact; size_bytes=2215","No credentials were printed. Relocate/review is a proposal, not a deletion decision."
"artifacts/h24-preversion/oceancube.Rcheck/00_pkg_src/oceancube/inst/doc/oceancube-introduction.html",FALSE,TRUE,TRUE,TRUE,FALSE,FALSE,"not-scanned","no filename evidence; content not exhaustively inspected",FALSE,"relocate","not tracked; ignored; type=website; size_bytes=24863","No credentials were printed. Relocate/review is a proposal, not a deletion decision."
"artifacts/h24-preversion/oceancube.Rcheck/00_pkg_src/oceancube/inst/doc/oceancube-introduction.R",FALSE,TRUE,TRUE,TRUE,FALSE,FALSE,"not-scanned","no filename evidence; content not exhaustively inspected",FALSE,"relocate","not tracked; ignored; type=artifact; size_bytes=1818","No credentials were printed. Relocate/review is a proposal, not a deletion decision."
"artifacts/h24-preversion/oceancube.Rcheck/00_pkg_src/oceancube/inst/doc/oceancube-introduction.Rmd",FALSE,TRUE,TRUE,TRUE,FALSE,FALSE,"not-scanned","no filename evidence; content not exhaustively inspected",FALSE,"relocate","not tracked; ignored; type=artifact; size_bytes=3404","No credentials were printed. Relocate/review is a proposal, not a deletion decision."
"artifacts/h24-preversion/oceancube.Rcheck/00_pkg_src/oceancube/inst/examples/backend_memory.R",FALSE,TRUE,TRUE,TRUE,FALSE,FALSE,"not-scanned","no filename evidence; content not exhaustively inspected",FALSE,"relocate","not tracked; ignored; type=artifact; size_bytes=3995","No credentials were printed. Relocate/review is a proposal, not a deletion decision."
"artifacts/h24-preversion/oceancube.Rcheck/00_pkg_src/oceancube/inst/examples/backend_netcdf_descriptor.R",FALSE,TRUE,TRUE,TRUE,FALSE,FALSE,"not-scanned","no filename evidence; content not exhaustively inspected",FALSE,"relocate","not tracked; ignored; type=artifact; size_bytes=5118","No credentials were printed. Relocate/review is a proposal, not a deletion decision."
"artifacts/h24-preversion/oceancube.Rcheck/00_pkg_src/oceancube/inst/examples/backend_netcdf_read_block.R",FALSE,TRUE,TRUE,TRUE,FALSE,FALSE,"not-scanned","no filename evidence; content not exhaustively inspected",FALSE,"relocate","not tracked; ignored; type=artifact; size_bytes=6763","No credentials were printed. Relocate/review is a proposal, not a deletion decision."
"artifacts/h24-preversion/oceancube.Rcheck/00_pkg_src/oceancube/inst/examples/baseline_ocean_cube.R",FALSE,TRUE,TRUE,TRUE,FALSE,FALSE,"not-scanned","no filename evidence; content not exhaustively inspected",FALSE,"relocate","not tracked; ignored; type=artifact; size_bytes=3704","No credentials were printed. Relocate/review is a proposal, not a deletion decision."
"artifacts/h24-preversion/oceancube.Rcheck/00_pkg_src/oceancube/inst/examples/cube_crop.R",FALSE,TRUE,TRUE,TRUE,FALSE,FALSE,"not-scanned","no filename evidence; content not exhaustively inspected",FALSE,"relocate","not tracked; ignored; type=artifact; size_bytes=8540","No credentials were printed. Relocate/review is a proposal, not a deletion decision."
"artifacts/h24-preversion/oceancube.Rcheck/00_pkg_src/oceancube/inst/examples/cube_extract.R",FALSE,TRUE,TRUE,TRUE,FALSE,FALSE,"not-scanned","no filename evidence; content not exhaustively inspected",FALSE,"relocate","not tracked; ignored; type=artifact; size_bytes=7836","No credentials were printed. Relocate/review is a proposal, not a deletion decision."
"artifacts/h24-preversion/oceancube.Rcheck/00_pkg_src/oceancube/inst/examples/cube_geometry_weights.R",FALSE,TRUE,TRUE,TRUE,FALSE,FALSE,"not-scanned","no filename evidence; content not exhaustively inspected",FALSE,"relocate","not tracked; ignored; type=artifact; size_bytes=4084","No credentials were printed. Relocate/review is a proposal, not a deletion decision."
"artifacts/h24-preversion/oceancube.Rcheck/00_pkg_src/oceancube/inst/examples/cube_mask.R",FALSE,TRUE,TRUE,TRUE,FALSE,FALSE,"not-scanned","no filename evidence; content not exhaustively inspected",FALSE,"relocate","not tracked; ignored; type=artifact; size_bytes=6852","No credentials were printed. Relocate/review is a proposal, not a deletion decision."
"artifacts/h24-preversion/oceancube.Rcheck/00_pkg_src/oceancube/inst/examples/cube_slice.R",FALSE,TRUE,TRUE,TRUE,FALSE,FALSE,"not-scanned","no filename evidence; content not exhaustively inspected",FALSE,"relocate","not tracked; ignored; type=artifact; size_bytes=6283","No credentials were printed. Relocate/review is a proposal, not a deletion decision."
"artifacts/h24-preversion/oceancube.Rcheck/00_pkg_src/oceancube/inst/examples/cube_transect.R",FALSE,TRUE,TRUE,TRUE,FALSE,FALSE,"not-scanned","no filename evidence; content not exhaustively inspected",FALSE,"relocate","not tracked; ignored; type=artifact; size_bytes=7793","No credentials were printed. Relocate/review is a proposal, not a deletion decision."
"artifacts/h24-preversion/oceancube.Rcheck/00_pkg_src/oceancube/inst/examples/noncontiguous_collect.R",FALSE,TRUE,TRUE,TRUE,FALSE,FALSE,"not-scanned","no filename evidence; content not exhaustively inspected",FALSE,"relocate","not tracked; ignored; type=artifact; size_bytes=3913","No credentials were printed. Relocate/review is a proposal, not a deletion decision."
"artifacts/h24-preversion/oceancube.Rcheck/00_pkg_src/oceancube/inst/examples/ocean_cube_contract.R",FALSE,TRUE,TRUE,TRUE,FALSE,FALSE,"not-scanned","no filename evidence; content not exhaustively inspected",FALSE,"relocate","not tracked; ignored; type=artifact; size_bytes=4027","No credentials were printed. Relocate/review is a proposal, not a deletion decision."
"artifacts/h24-preversion/oceancube.Rcheck/00_pkg_src/oceancube/inst/examples/refactor_coast_dist_backend.R",FALSE,TRUE,TRUE,TRUE,FALSE,FALSE,"not-scanned","no filename evidence; content not exhaustively inspected",FALSE,"relocate","not tracked; ignored; type=artifact; size_bytes=4008","No credentials were printed. Relocate/review is a proposal, not a deletion decision."
"artifacts/h24-preversion/oceancube.Rcheck/00_pkg_src/oceancube/inst/examples/refactor_layer_annual_backend.R",FALSE,TRUE,TRUE,TRUE,FALSE,FALSE,"not-scanned","no filename evidence; content not exhaustively inspected",FALSE,"relocate","not tracked; ignored; type=artifact; size_bytes=3656","No credentials were printed. Relocate/review is a proposal, not a deletion decision."
"artifacts/h24-preversion/oceancube.Rcheck/00_pkg_src/oceancube/inst/examples/refactor_link_events_backend.R",FALSE,TRUE,TRUE,TRUE,FALSE,FALSE,"not-scanned","no filename evidence; content not exhaustively inspected",FALSE,"relocate","not tracked; ignored; type=artifact; size_bytes=5629","No credentials were printed. Relocate/review is a proposal, not a deletion decision."
"artifacts/h24-preversion/oceancube.Rcheck/00_pkg_src/oceancube/inst/examples/refactor_temporal_backend.R",FALSE,TRUE,TRUE,TRUE,FALSE,FALSE,"not-scanned","no filename evidence; content not exhaustively inspected",FALSE,"relocate","not tracked; ignored; type=artifact; size_bytes=4304","No credentials were printed. Relocate/review is a proposal, not a deletion decision."
"artifacts/h24-preversion/oceancube.Rcheck/00_pkg_src/oceancube/LICENSE",FALSE,TRUE,TRUE,TRUE,FALSE,FALSE,"not-scanned","no filename evidence; content not exhaustively inspected",FALSE,"relocate","not tracked; ignored; type=metadata; size_bytes=1082","No credentials were printed. Relocate/review is a proposal, not a deletion decision."
"artifacts/h24-preversion/oceancube.Rcheck/00_pkg_src/oceancube/man/annual_index.Rd",FALSE,TRUE,TRUE,TRUE,FALSE,FALSE,"not-scanned","no filename evidence; content not exhaustively inspected",FALSE,"relocate","not tracked; ignored; type=artifact; size_bytes=648","No credentials were printed. Relocate/review is a proposal, not a deletion decision."
"artifacts/h24-preversion/oceancube.Rcheck/00_pkg_src/oceancube/man/anom_diff.Rd",FALSE,TRUE,TRUE,TRUE,FALSE,FALSE,"not-scanned","no filename evidence; content not exhaustively inspected",FALSE,"relocate","not tracked; ignored; type=artifact; size_bytes=499","No credentials were printed. Relocate/review is a proposal, not a deletion decision."
"artifacts/h24-preversion/oceancube.Rcheck/00_pkg_src/oceancube/man/anom_z.Rd",FALSE,TRUE,TRUE,TRUE,FALSE,FALSE,"not-scanned","no filename evidence; content not exhaustively inspected",FALSE,"relocate","not tracked; ignored; type=artifact; size_bytes=523","No credentials were printed. Relocate/review is a proposal, not a deletion decision."
"artifacts/h24-preversion/oceancube.Rcheck/00_pkg_src/oceancube/man/clim_day.Rd",FALSE,TRUE,TRUE,TRUE,FALSE,FALSE,"not-scanned","no filename evidence; content not exhaustively inspected",FALSE,"relocate","not tracked; ignored; type=artifact; size_bytes=1180","No credentials were printed. Relocate/review is a proposal, not a deletion decision."
"artifacts/h24-preversion/oceancube.Rcheck/00_pkg_src/oceancube/man/clim_month.Rd",FALSE,TRUE,TRUE,TRUE,FALSE,FALSE,"not-scanned","no filename evidence; content not exhaustively inspected",FALSE,"relocate","not tracked; ignored; type=artifact; size_bytes=449","No credentials were printed. Relocate/review is a proposal, not a deletion decision."
"artifacts/h24-preversion/oceancube.Rcheck/00_pkg_src/oceancube/man/cm_connect.Rd",FALSE,TRUE,TRUE,TRUE,FALSE,FALSE,"not-scanned","no filename evidence; content not exhaustively inspected",FALSE,"relocate","not tracked; ignored; type=artifact; size_bytes=621","No credentials were printed. Relocate/review is a proposal, not a deletion decision."
"artifacts/h24-preversion/oceancube.Rcheck/00_pkg_src/oceancube/man/cm_setup.Rd",FALSE,TRUE,TRUE,TRUE,FALSE,FALSE,"not-scanned","no filename evidence; content not exhaustively inspected",FALSE,"relocate","not tracked; ignored; type=artifact; size_bytes=764","No credentials were printed. Relocate/review is a proposal, not a deletion decision."
"artifacts/h24-preversion/oceancube.Rcheck/00_pkg_src/oceancube/man/coast_dist.Rd",FALSE,TRUE,TRUE,TRUE,FALSE,FALSE,"not-scanned","no filename evidence; content not exhaustively inspected",FALSE,"relocate","not tracked; ignored; type=artifact; size_bytes=518","No credentials were printed. Relocate/review is a proposal, not a deletion decision."
"artifacts/h24-preversion/oceancube.Rcheck/00_pkg_src/oceancube/man/crop_stock.Rd",FALSE,TRUE,TRUE,TRUE,FALSE,FALSE,"not-scanned","no filename evidence; content not exhaustively inspected",FALSE,"relocate","not tracked; ignored; type=artifact; size_bytes=401","No credentials were printed. Relocate/review is a proposal, not a deletion decision."
"artifacts/h24-preversion/oceancube.Rcheck/00_pkg_src/oceancube/man/cube_cell_area.Rd",FALSE,TRUE,TRUE,TRUE,FALSE,FALSE,"not-scanned","no filename evidence; content not exhaustively inspected",FALSE,"relocate","not tracked; ignored; type=artifact; size_bytes=813","No credentials were printed. Relocate/review is a proposal, not a deletion decision."
"artifacts/h24-preversion/oceancube.Rcheck/00_pkg_src/oceancube/man/cube_cell_volume.Rd",FALSE,TRUE,TRUE,TRUE,FALSE,FALSE,"not-scanned","no filename evidence; content not exhaustively inspected",FALSE,"relocate","not tracked; ignored; type=artifact; size_bytes=907","No credentials were printed. Relocate/review is a proposal, not a deletion decision."
"artifacts/h24-preversion/oceancube.Rcheck/00_pkg_src/oceancube/man/cube_collect.Rd",FALSE,TRUE,TRUE,TRUE,FALSE,FALSE,"not-scanned","no filename evidence; content not exhaustively inspected",FALSE,"relocate","not tracked; ignored; type=artifact; size_bytes=1308","No credentials were printed. Relocate/review is a proposal, not a deletion decision."
"artifacts/h24-preversion/oceancube.Rcheck/00_pkg_src/oceancube/man/cube_crop.Rd",FALSE,TRUE,TRUE,TRUE,FALSE,FALSE,"not-scanned","no filename evidence; content not exhaustively inspected",FALSE,"relocate","not tracked; ignored; type=artifact; size_bytes=2954","No credentials were printed. Relocate/review is a proposal, not a deletion decision."
"artifacts/h24-preversion/oceancube.Rcheck/00_pkg_src/oceancube/man/cube_extract.Rd",FALSE,TRUE,TRUE,TRUE,FALSE,FALSE,"not-scanned","no filename evidence; content not exhaustively inspected",FALSE,"relocate","not tracked; ignored; type=artifact; size_bytes=4426","No credentials were printed. Relocate/review is a proposal, not a deletion decision."
"artifacts/h24-preversion/oceancube.Rcheck/00_pkg_src/oceancube/man/cube_layer_thickness.Rd",FALSE,TRUE,TRUE,TRUE,FALSE,FALSE,"not-scanned","no filename evidence; content not exhaustively inspected",FALSE,"relocate","not tracked; ignored; type=artifact; size_bytes=1056","No credentials were printed. Relocate/review is a proposal, not a deletion decision."
"artifacts/h24-preversion/oceancube.Rcheck/00_pkg_src/oceancube/man/cube_mask.Rd",FALSE,TRUE,TRUE,TRUE,FALSE,FALSE,"not-scanned","no filename evidence; content not exhaustively inspected",FALSE,"relocate","not tracked; ignored; type=artifact; size_bytes=3749","No credentials were printed. Relocate/review is a proposal, not a deletion decision."
"artifacts/h24-preversion/oceancube.Rcheck/00_pkg_src/oceancube/man/cube_polygon_weights.Rd",FALSE,TRUE,TRUE,TRUE,FALSE,FALSE,"not-scanned","no filename evidence; content not exhaustively inspected",FALSE,"relocate","not tracked; ignored; type=artifact; size_bytes=2209","No credentials were printed. Relocate/review is a proposal, not a deletion decision."
"artifacts/h24-preversion/oceancube.Rcheck/00_pkg_src/oceancube/man/cube_slice.Rd",FALSE,TRUE,TRUE,TRUE,FALSE,FALSE,"not-scanned","no filename evidence; content not exhaustively inspected",FALSE,"relocate","not tracked; ignored; type=artifact; size_bytes=3121","No credentials were printed. Relocate/review is a proposal, not a deletion decision."
"artifacts/h24-preversion/oceancube.Rcheck/00_pkg_src/oceancube/man/cube_transect.Rd",FALSE,TRUE,TRUE,TRUE,FALSE,FALSE,"not-scanned","no filename evidence; content not exhaustively inspected",FALSE,"relocate","not tracked; ignored; type=artifact; size_bytes=4675","No credentials were printed. Relocate/review is a proposal, not a deletion decision."
"artifacts/h24-preversion/oceancube.Rcheck/00_pkg_src/oceancube/man/download_nc.Rd",FALSE,TRUE,TRUE,TRUE,FALSE,FALSE,"not-scanned","no filename evidence; content not exhaustively inspected",FALSE,"relocate","not tracked; ignored; type=artifact; size_bytes=1322","No credentials were printed. Relocate/review is a proposal, not a deletion decision."
"artifacts/h24-preversion/oceancube.Rcheck/00_pkg_src/oceancube/man/layer_mean.Rd",FALSE,TRUE,TRUE,TRUE,FALSE,FALSE,"not-scanned","no filename evidence; content not exhaustively inspected",FALSE,"relocate","not tracked; ignored; type=artifact; size_bytes=575","No credentials were printed. Relocate/review is a proposal, not a deletion decision."
"artifacts/h24-preversion/oceancube.Rcheck/00_pkg_src/oceancube/man/link_events.Rd",FALSE,TRUE,TRUE,TRUE,FALSE,FALSE,"not-scanned","no filename evidence; content not exhaustively inspected",FALSE,"relocate","not tracked; ignored; type=artifact; size_bytes=1740","No credentials were printed. Relocate/review is a proposal, not a deletion decision."
"artifacts/h24-preversion/oceancube.Rcheck/00_pkg_src/oceancube/man/ocean_cube.Rd",FALSE,TRUE,TRUE,TRUE,FALSE,FALSE,"not-scanned","no filename evidence; content not exhaustively inspected",FALSE,"relocate","not tracked; ignored; type=artifact; size_bytes=4051","No credentials were printed. Relocate/review is a proposal, not a deletion decision."
"artifacts/h24-preversion/oceancube.Rcheck/00_pkg_src/oceancube/man/read_nc.Rd",FALSE,TRUE,TRUE,TRUE,FALSE,FALSE,"not-scanned","no filename evidence; content not exhaustively inspected",FALSE,"relocate","not tracked; ignored; type=artifact; size_bytes=935","No credentials were printed. Relocate/review is a proposal, not a deletion decision."
"artifacts/h24-preversion/oceancube.Rcheck/00_pkg_src/oceancube/man/signal_noise.Rd",FALSE,TRUE,TRUE,TRUE,FALSE,FALSE,"not-scanned","no filename evidence; content not exhaustively inspected",FALSE,"relocate","not tracked; ignored; type=artifact; size_bytes=587","No credentials were printed. Relocate/review is a proposal, not a deletion decision."
"artifacts/h24-preversion/oceancube.Rcheck/00_pkg_src/oceancube/man/stock_mask.Rd",FALSE,TRUE,TRUE,TRUE,FALSE,FALSE,"not-scanned","no filename evidence; content not exhaustively inspected",FALSE,"relocate","not tracked; ignored; type=artifact; size_bytes=667","No credentials were printed. Relocate/review is a proposal, not a deletion decision."
"artifacts/h24-preversion/oceancube.Rcheck/00_pkg_src/oceancube/man/to_month.Rd",FALSE,TRUE,TRUE,TRUE,FALSE,FALSE,"not-scanned","no filename evidence; content not exhaustively inspected",FALSE,"relocate","not tracked; ignored; type=artifact; size_bytes=448","No credentials were printed. Relocate/review is a proposal, not a deletion decision."
"artifacts/h24-preversion/oceancube.Rcheck/00_pkg_src/oceancube/NAMESPACE",FALSE,TRUE,TRUE,TRUE,FALSE,FALSE,"not-scanned","no filename evidence; content not exhaustively inspected",FALSE,"relocate","not tracked; ignored; type=metadata; size_bytes=696","No credentials were printed. Relocate/review is a proposal, not a deletion decision."
"artifacts/h24-preversion/oceancube.Rcheck/00_pkg_src/oceancube/NEWS.md",FALSE,TRUE,TRUE,TRUE,FALSE,FALSE,"not-scanned","no filename evidence; content not exhaustively inspected",FALSE,"relocate","not tracked; ignored; type=documentation; size_bytes=1673","No credentials were printed. Relocate/review is a proposal, not a deletion decision."
"artifacts/h24-preversion/oceancube.Rcheck/00_pkg_src/oceancube/R/annual_index.R",FALSE,TRUE,TRUE,TRUE,FALSE,FALSE,"not-scanned","no filename evidence; content not exhaustively inspected",FALSE,"relocate","not tracked; ignored; type=artifact; size_bytes=2148","No credentials were printed. Relocate/review is a proposal, not a deletion decision."
"artifacts/h24-preversion/oceancube.Rcheck/00_pkg_src/oceancube/R/anom_diff.R",FALSE,TRUE,TRUE,TRUE,FALSE,FALSE,"not-scanned","no filename evidence; content not exhaustively inspected",FALSE,"relocate","not tracked; ignored; type=artifact; size_bytes=4308","No credentials were printed. Relocate/review is a proposal, not a deletion decision."
"artifacts/h24-preversion/oceancube.Rcheck/00_pkg_src/oceancube/R/backend-index.R",FALSE,TRUE,TRUE,TRUE,FALSE,FALSE,"not-scanned","no filename evidence; content not exhaustively inspected",FALSE,"relocate","not tracked; ignored; type=artifact; size_bytes=4541","No credentials were printed. Relocate/review is a proposal, not a deletion decision."
"artifacts/h24-preversion/oceancube.Rcheck/00_pkg_src/oceancube/R/backend-memory.R",FALSE,TRUE,TRUE,TRUE,FALSE,FALSE,"not-scanned","no filename evidence; content not exhaustively inspected",FALSE,"relocate","not tracked; ignored; type=artifact; size_bytes=13568","No credentials were printed. Relocate/review is a proposal, not a deletion decision."
"artifacts/h24-preversion/oceancube.Rcheck/00_pkg_src/oceancube/R/backend-netcdf.R",FALSE,TRUE,TRUE,TRUE,FALSE,FALSE,"not-scanned","no filename evidence; content not exhaustively inspected",FALSE,"relocate","not tracked; ignored; type=artifact; size_bytes=47164","No credentials were printed. Relocate/review is a proposal, not a deletion decision."
"artifacts/h24-preversion/oceancube.Rcheck/00_pkg_src/oceancube/R/clim_day.R",FALSE,TRUE,TRUE,TRUE,FALSE,FALSE,"not-scanned","no filename evidence; content not exhaustively inspected",FALSE,"relocate","not tracked; ignored; type=artifact; size_bytes=4446","No credentials were printed. Relocate/review is a proposal, not a deletion decision."
"artifacts/h24-preversion/oceancube.Rcheck/00_pkg_src/oceancube/R/clim_month.R",FALSE,TRUE,TRUE,TRUE,FALSE,FALSE,"not-scanned","no filename evidence; content not exhaustively inspected",FALSE,"relocate","not tracked; ignored; type=artifact; size_bytes=1956","No credentials were printed. Relocate/review is a proposal, not a deletion decision."
"artifacts/h24-preversion/oceancube.Rcheck/00_pkg_src/oceancube/R/cm_setup.R",FALSE,TRUE,TRUE,TRUE,FALSE,FALSE,"not-scanned","no filename evidence; content not exhaustively inspected",FALSE,"relocate","not tracked; ignored; type=artifact; size_bytes=2382","No credentials were printed. Relocate/review is a proposal, not a deletion decision."
"artifacts/h24-preversion/oceancube.Rcheck/00_pkg_src/oceancube/R/coast_dist.R",FALSE,TRUE,TRUE,TRUE,FALSE,FALSE,"not-scanned","no filename evidence; content not exhaustively inspected",FALSE,"relocate","not tracked; ignored; type=artifact; size_bytes=1281","No credentials were printed. Relocate/review is a proposal, not a deletion decision."
"artifacts/h24-preversion/oceancube.Rcheck/00_pkg_src/oceancube/R/cube_collect.R",FALSE,TRUE,TRUE,TRUE,FALSE,FALSE,"not-scanned","no filename evidence; content not exhaustively inspected",FALSE,"relocate","not tracked; ignored; type=artifact; size_bytes=2903","No credentials were printed. Relocate/review is a proposal, not a deletion decision."
"artifacts/h24-preversion/oceancube.Rcheck/00_pkg_src/oceancube/R/cube_crop.R",FALSE,TRUE,TRUE,TRUE,FALSE,FALSE,"not-scanned","no filename evidence; content not exhaustively inspected",FALSE,"relocate","not tracked; ignored; type=artifact; size_bytes=14813","No credentials were printed. Relocate/review is a proposal, not a deletion decision."
"artifacts/h24-preversion/oceancube.Rcheck/00_pkg_src/oceancube/R/cube_extract.R",FALSE,TRUE,TRUE,TRUE,FALSE,FALSE,"not-scanned","no filename evidence; content not exhaustively inspected",FALSE,"relocate","not tracked; ignored; type=artifact; size_bytes=16455","No credentials were printed. Relocate/review is a proposal, not a deletion decision."
"artifacts/h24-preversion/oceancube.Rcheck/00_pkg_src/oceancube/R/cube_grid_geometry.R",FALSE,TRUE,TRUE,TRUE,FALSE,FALSE,"not-scanned","no filename evidence; content not exhaustively inspected",FALSE,"relocate","not tracked; ignored; type=artifact; size_bytes=14742","No credentials were printed. Relocate/review is a proposal, not a deletion decision."
"artifacts/h24-preversion/oceancube.Rcheck/00_pkg_src/oceancube/R/cube_mask.R",FALSE,TRUE,TRUE,TRUE,FALSE,FALSE,"not-scanned","no filename evidence; content not exhaustively inspected",FALSE,"relocate","not tracked; ignored; type=artifact; size_bytes=19063","No credentials were printed. Relocate/review is a proposal, not a deletion decision."
"artifacts/h24-preversion/oceancube.Rcheck/00_pkg_src/oceancube/R/cube_polygon_weights.R",FALSE,TRUE,TRUE,TRUE,FALSE,FALSE,"not-scanned","no filename evidence; content not exhaustively inspected",FALSE,"relocate","not tracked; ignored; type=artifact; size_bytes=11525","No credentials were printed. Relocate/review is a proposal, not a deletion decision."
"artifacts/h24-preversion/oceancube.Rcheck/00_pkg_src/oceancube/R/cube_slice.R",FALSE,TRUE,TRUE,TRUE,FALSE,FALSE,"not-scanned","no filename evidence; content not exhaustively inspected",FALSE,"relocate","not tracked; ignored; type=artifact; size_bytes=19400","No credentials were printed. Relocate/review is a proposal, not a deletion decision."
"artifacts/h24-preversion/oceancube.Rcheck/00_pkg_src/oceancube/R/cube_transect.R",FALSE,TRUE,TRUE,TRUE,FALSE,FALSE,"not-scanned","no filename evidence; content not exhaustively inspected",FALSE,"relocate","not tracked; ignored; type=artifact; size_bytes=19588","No credentials were printed. Relocate/review is a proposal, not a deletion decision."
"artifacts/h24-preversion/oceancube.Rcheck/00_pkg_src/oceancube/R/download_nc.R",FALSE,TRUE,TRUE,TRUE,FALSE,FALSE,"not-scanned","no filename evidence; content not exhaustively inspected",FALSE,"relocate","not tracked; ignored; type=artifact; size_bytes=3417","No credentials were printed. Relocate/review is a proposal, not a deletion decision."
"artifacts/h24-preversion/oceancube.Rcheck/00_pkg_src/oceancube/R/layer_mean.R",FALSE,TRUE,TRUE,TRUE,FALSE,FALSE,"not-scanned","no filename evidence; content not exhaustively inspected",FALSE,"relocate","not tracked; ignored; type=artifact; size_bytes=2025","No credentials were printed. Relocate/review is a proposal, not a deletion decision."
"artifacts/h24-preversion/oceancube.Rcheck/00_pkg_src/oceancube/R/link_events.R",FALSE,TRUE,TRUE,TRUE,FALSE,FALSE,"not-scanned","no filename evidence; content not exhaustively inspected",FALSE,"relocate","not tracked; ignored; type=artifact; size_bytes=5403","No credentials were printed. Relocate/review is a proposal, not a deletion decision."
"artifacts/h24-preversion/oceancube.Rcheck/00_pkg_src/oceancube/R/ocean_cube.R",FALSE,TRUE,TRUE,TRUE,FALSE,FALSE,"not-scanned","no filename evidence; content not exhaustively inspected",FALSE,"relocate","not tracked; ignored; type=artifact; size_bytes=7861","No credentials were printed. Relocate/review is a proposal, not a deletion decision."
"artifacts/h24-preversion/oceancube.Rcheck/00_pkg_src/oceancube/R/read_nc.R",FALSE,TRUE,TRUE,TRUE,FALSE,FALSE,"not-scanned","no filename evidence; content not exhaustively inspected",FALSE,"relocate","not tracked; ignored; type=artifact; size_bytes=4002","No credentials were printed. Relocate/review is a proposal, not a deletion decision."
"artifacts/h24-preversion/oceancube.Rcheck/00_pkg_src/oceancube/R/stock_mask.R",FALSE,TRUE,TRUE,TRUE,FALSE,FALSE,"not-scanned","no filename evidence; content not exhaustively inspected",FALSE,"relocate","not tracked; ignored; type=artifact; size_bytes=3301","No credentials were printed. Relocate/review is a proposal, not a deletion decision."
"artifacts/h24-preversion/oceancube.Rcheck/00_pkg_src/oceancube/R/to_month.R",FALSE,TRUE,TRUE,TRUE,FALSE,FALSE,"not-scanned","no filename evidence; content not exhaustively inspected",FALSE,"relocate","not tracked; ignored; type=artifact; size_bytes=1174","No credentials were printed. Relocate/review is a proposal, not a deletion decision."
"artifacts/h24-preversion/oceancube.Rcheck/00_pkg_src/oceancube/R/utils-internal.R",FALSE,TRUE,TRUE,TRUE,FALSE,FALSE,"not-scanned","no filename evidence; content not exhaustively inspected",FALSE,"relocate","not tracked; ignored; type=artifact; size_bytes=12752","No credentials were printed. Relocate/review is a proposal, not a deletion decision."
"artifacts/h24-preversion/oceancube.Rcheck/00_pkg_src/oceancube/README.md",FALSE,TRUE,TRUE,TRUE,FALSE,FALSE,"not-scanned","no filename evidence; content not exhaustively inspected",FALSE,"relocate","not tracked; ignored; type=documentation; size_bytes=3922","No credentials were printed. Relocate/review is a proposal, not a deletion decision."
"artifacts/h24-preversion/oceancube.Rcheck/00_pkg_src/oceancube/README.Rmd",FALSE,TRUE,TRUE,TRUE,FALSE,FALSE,"not-scanned","no filename evidence; content not exhaustively inspected",FALSE,"relocate","not tracked; ignored; type=documentation; size_bytes=3953","No credentials were printed. Relocate/review is a proposal, not a deletion decision."
"artifacts/h24-preversion/oceancube.Rcheck/00_pkg_src/oceancube/tests/testthat.R",FALSE,TRUE,TRUE,TRUE,FALSE,FALSE,"not-scanned","no filename evidence; content not exhaustively inspected",FALSE,"relocate","not tracked; ignored; type=artifact; size_bytes=62","No credentials were printed. Relocate/review is a proposal, not a deletion decision."
"artifacts/h24-preversion/oceancube.Rcheck/00_pkg_src/oceancube/tests/testthat/helper-architecture.R",FALSE,TRUE,TRUE,TRUE,FALSE,FALSE,"not-scanned","no filename evidence; content not exhaustively inspected",FALSE,"relocate","not tracked; ignored; type=artifact; size_bytes=2086","No credentials were printed. Relocate/review is a proposal, not a deletion decision."
"artifacts/h24-preversion/oceancube.Rcheck/00_pkg_src/oceancube/tests/testthat/helper-baseline-cube.R",FALSE,TRUE,TRUE,TRUE,FALSE,FALSE,"not-scanned","no filename evidence; content not exhaustively inspected",FALSE,"relocate","not tracked; ignored; type=artifact; size_bytes=1544","No credentials were printed. Relocate/review is a proposal, not a deletion decision."
"artifacts/h24-preversion/oceancube.Rcheck/00_pkg_src/oceancube/tests/testthat/helper-geometry.R",FALSE,TRUE,TRUE,TRUE,FALSE,FALSE,"not-scanned","no filename evidence; content not exhaustively inspected",FALSE,"relocate","not tracked; ignored; type=artifact; size_bytes=502","No credentials were printed. Relocate/review is a proposal, not a deletion decision."
"artifacts/h24-preversion/oceancube.Rcheck/00_pkg_src/oceancube/tests/testthat/helper-netcdf-backend.R",FALSE,TRUE,TRUE,TRUE,FALSE,FALSE,"not-scanned","no filename evidence; content not exhaustively inspected",FALSE,"relocate","not tracked; ignored; type=artifact; size_bytes=8204","No credentials were printed. Relocate/review is a proposal, not a deletion decision."
"artifacts/h24-preversion/oceancube.Rcheck/00_pkg_src/oceancube/tests/testthat/test-backend-memory.R",FALSE,TRUE,TRUE,TRUE,FALSE,FALSE,"not-scanned","no filename evidence; content not exhaustively inspected",FALSE,"relocate","not tracked; ignored; type=artifact; size_bytes=10966","No credentials were printed. Relocate/review is a proposal, not a deletion decision."
"artifacts/h24-preversion/oceancube.Rcheck/00_pkg_src/oceancube/tests/testthat/test-backend-netcdf-descriptor.R",FALSE,TRUE,TRUE,TRUE,FALSE,FALSE,"not-scanned","no filename evidence; content not exhaustively inspected",FALSE,"relocate","not tracked; ignored; type=artifact; size_bytes=18223","No credentials were printed. Relocate/review is a proposal, not a deletion decision."
"artifacts/h24-preversion/oceancube.Rcheck/00_pkg_src/oceancube/tests/testthat/test-backend-netcdf-noncontiguous.R",FALSE,TRUE,TRUE,TRUE,FALSE,FALSE,"not-scanned","no filename evidence; content not exhaustively inspected",FALSE,"relocate","not tracked; ignored; type=artifact; size_bytes=10764","No credentials were printed. Relocate/review is a proposal, not a deletion decision."
"artifacts/h24-preversion/oceancube.Rcheck/00_pkg_src/oceancube/tests/testthat/test-backend-netcdf-read-block.R",FALSE,TRUE,TRUE,TRUE,FALSE,FALSE,"not-scanned","no filename evidence; content not exhaustively inspected",FALSE,"relocate","not tracked; ignored; type=artifact; size_bytes=17998","No credentials were printed. Relocate/review is a proposal, not a deletion decision."
"artifacts/h24-preversion/oceancube.Rcheck/00_pkg_src/oceancube/tests/testthat/test-clim-anom.R",FALSE,TRUE,TRUE,TRUE,FALSE,FALSE,"not-scanned","no filename evidence; content not exhaustively inspected",FALSE,"relocate","not tracked; ignored; type=artifact; size_bytes=1091","No credentials were printed. Relocate/review is a proposal, not a deletion decision."
"artifacts/h24-preversion/oceancube.Rcheck/00_pkg_src/oceancube/tests/testthat/test-cube-collect.R",FALSE,TRUE,TRUE,TRUE,FALSE,FALSE,"not-scanned","no filename evidence; content not exhaustively inspected",FALSE,"relocate","not tracked; ignored; type=artifact; size_bytes=7458","No credentials were printed. Relocate/review is a proposal, not a deletion decision."
"artifacts/h24-preversion/oceancube.Rcheck/00_pkg_src/oceancube/tests/testthat/test-cube-crop.R",FALSE,TRUE,TRUE,TRUE,FALSE,FALSE,"not-scanned","no filename evidence; content not exhaustively inspected",FALSE,"relocate","not tracked; ignored; type=artifact; size_bytes=23828","No credentials were printed. Relocate/review is a proposal, not a deletion decision."
"artifacts/h24-preversion/oceancube.Rcheck/00_pkg_src/oceancube/tests/testthat/test-cube-extract.R",FALSE,TRUE,TRUE,TRUE,FALSE,FALSE,"not-scanned","no filename evidence; content not exhaustively inspected",FALSE,"relocate","not tracked; ignored; type=artifact; size_bytes=29027","No credentials were printed. Relocate/review is a proposal, not a deletion decision."
"artifacts/h24-preversion/oceancube.Rcheck/00_pkg_src/oceancube/tests/testthat/test-cube-grid-geometry.R",FALSE,TRUE,TRUE,TRUE,FALSE,FALSE,"not-scanned","no filename evidence; content not exhaustively inspected",FALSE,"relocate","not tracked; ignored; type=artifact; size_bytes=8641","No credentials were printed. Relocate/review is a proposal, not a deletion decision."
"artifacts/h24-preversion/oceancube.Rcheck/00_pkg_src/oceancube/tests/testthat/test-cube-mask.R",FALSE,TRUE,TRUE,TRUE,FALSE,FALSE,"not-scanned","no filename evidence; content not exhaustively inspected",FALSE,"relocate","not tracked; ignored; type=artifact; size_bytes=11117","No credentials were printed. Relocate/review is a proposal, not a deletion decision."
"artifacts/h24-preversion/oceancube.Rcheck/00_pkg_src/oceancube/tests/testthat/test-cube-polygon-weights.R",FALSE,TRUE,TRUE,TRUE,FALSE,FALSE,"not-scanned","no filename evidence; content not exhaustively inspected",FALSE,"relocate","not tracked; ignored; type=artifact; size_bytes=12292","No credentials were printed. Relocate/review is a proposal, not a deletion decision."
"artifacts/h24-preversion/oceancube.Rcheck/00_pkg_src/oceancube/tests/testthat/test-cube-slice.R",FALSE,TRUE,TRUE,TRUE,FALSE,FALSE,"not-scanned","no filename evidence; content not exhaustively inspected",FALSE,"relocate","not tracked; ignored; type=artifact; size_bytes=22898","No credentials were printed. Relocate/review is a proposal, not a deletion decision."
"artifacts/h24-preversion/oceancube.Rcheck/00_pkg_src/oceancube/tests/testthat/test-cube-transect.R",FALSE,TRUE,TRUE,TRUE,FALSE,FALSE,"not-scanned","no filename evidence; content not exhaustively inspected",FALSE,"relocate","not tracked; ignored; type=artifact; size_bytes=10124","No credentials were printed. Relocate/review is a proposal, not a deletion decision."
"artifacts/h24-preversion/oceancube.Rcheck/00_pkg_src/oceancube/tests/testthat/test-daily-link.R",FALSE,TRUE,TRUE,TRUE,FALSE,FALSE,"not-scanned","no filename evidence; content not exhaustively inspected",FALSE,"relocate","not tracked; ignored; type=artifact; size_bytes=1500","No credentials were printed. Relocate/review is a proposal, not a deletion decision."
"artifacts/h24-preversion/oceancube.Rcheck/00_pkg_src/oceancube/tests/testthat/test-layer-time-mask.R",FALSE,TRUE,TRUE,TRUE,FALSE,FALSE,"not-scanned","no filename evidence; content not exhaustively inspected",FALSE,"relocate","not tracked; ignored; type=artifact; size_bytes=1451","No credentials were printed. Relocate/review is a proposal, not a deletion decision."
"artifacts/h24-preversion/oceancube.Rcheck/00_pkg_src/oceancube/tests/testthat/test-no-direct-data-access.R",FALSE,TRUE,TRUE,TRUE,FALSE,FALSE,"not-scanned","no filename evidence; content not exhaustively inspected",FALSE,"relocate","not tracked; ignored; type=artifact; size_bytes=1912","No credentials were printed. Relocate/review is a proposal, not a deletion decision."
"artifacts/h24-preversion/oceancube.Rcheck/00_pkg_src/oceancube/tests/testthat/test-ocean-cube-baseline.R",FALSE,TRUE,TRUE,TRUE,FALSE,FALSE,"not-scanned","no filename evidence; content not exhaustively inspected",FALSE,"relocate","not tracked; ignored; type=artifact; size_bytes=3603","No credentials were printed. Relocate/review is a proposal, not a deletion decision."
"artifacts/h24-preversion/oceancube.Rcheck/00_pkg_src/oceancube/tests/testthat/test-ocean-cube-contract.R",FALSE,TRUE,TRUE,TRUE,FALSE,FALSE,"not-scanned","no filename evidence; content not exhaustively inspected",FALSE,"relocate","not tracked; ignored; type=artifact; size_bytes=10419","No credentials were printed. Relocate/review is a proposal, not a deletion decision."
"artifacts/h24-preversion/oceancube.Rcheck/00_pkg_src/oceancube/tests/testthat/test-ocean-cube.R",FALSE,TRUE,TRUE,TRUE,FALSE,FALSE,"not-scanned","no filename evidence; content not exhaustively inspected",FALSE,"relocate","not tracked; ignored; type=artifact; size_bytes=836","No credentials were printed. Relocate/review is a proposal, not a deletion decision."
"artifacts/h24-preversion/oceancube.Rcheck/00_pkg_src/oceancube/tests/testthat/test-package-boundary-spatind.R",FALSE,TRUE,TRUE,TRUE,FALSE,FALSE,"not-scanned","no filename evidence; content not exhaustively inspected",FALSE,"relocate","not tracked; ignored; type=artifact; size_bytes=1584","No credentials were printed. Relocate/review is a proposal, not a deletion decision."
"artifacts/h24-preversion/oceancube.Rcheck/00_pkg_src/oceancube/tests/testthat/test-read-nc-baseline.R",FALSE,TRUE,TRUE,TRUE,FALSE,FALSE,"not-scanned","no filename evidence; content not exhaustively inspected",FALSE,"relocate","not tracked; ignored; type=artifact; size_bytes=3478","No credentials were printed. Relocate/review is a proposal, not a deletion decision."
"artifacts/h24-preversion/oceancube.Rcheck/00_pkg_src/oceancube/tests/testthat/test-refactor-coast-dist-backend.R",FALSE,TRUE,TRUE,TRUE,FALSE,FALSE,"not-scanned","no filename evidence; content not exhaustively inspected",FALSE,"relocate","not tracked; ignored; type=artifact; size_bytes=9486","No credentials were printed. Relocate/review is a proposal, not a deletion decision."
"artifacts/h24-preversion/oceancube.Rcheck/00_pkg_src/oceancube/tests/testthat/test-refactor-layer-annual-backend.R",FALSE,TRUE,TRUE,TRUE,FALSE,FALSE,"not-scanned","no filename evidence; content not exhaustively inspected",FALSE,"relocate","not tracked; ignored; type=artifact; size_bytes=10782","No credentials were printed. Relocate/review is a proposal, not a deletion decision."
"artifacts/h24-preversion/oceancube.Rcheck/00_pkg_src/oceancube/tests/testthat/test-refactor-link-events-backend.R",FALSE,TRUE,TRUE,TRUE,FALSE,FALSE,"not-scanned","no filename evidence; content not exhaustively inspected",FALSE,"relocate","not tracked; ignored; type=artifact; size_bytes=17309","No credentials were printed. Relocate/review is a proposal, not a deletion decision."
"artifacts/h24-preversion/oceancube.Rcheck/00_pkg_src/oceancube/tests/testthat/test-refactor-temporal-backend.R",FALSE,TRUE,TRUE,TRUE,FALSE,FALSE,"not-scanned","no filename evidence; content not exhaustively inspected",FALSE,"relocate","not tracked; ignored; type=artifact; size_bytes=11299","No credentials were printed. Relocate/review is a proposal, not a deletion decision."
"artifacts/h24-preversion/oceancube.Rcheck/00_pkg_src/oceancube/tests/testthat/test-release-contract.R",FALSE,TRUE,TRUE,TRUE,FALSE,FALSE,"not-scanned","no filename evidence; content not exhaustively inspected",FALSE,"relocate","not tracked; ignored; type=artifact; size_bytes=4608","No credentials were printed. Relocate/review is a proposal, not a deletion decision."
"artifacts/h24-preversion/oceancube.Rcheck/00_pkg_src/oceancube/tests/testthat/test-scientific-baseline.R",FALSE,TRUE,TRUE,TRUE,FALSE,FALSE,"not-scanned","no filename evidence; content not exhaustively inspected",FALSE,"relocate","not tracked; ignored; type=artifact; size_bytes=4598","No credentials were printed. Relocate/review is a proposal, not a deletion decision."
"artifacts/h24-preversion/oceancube.Rcheck/00_pkg_src/oceancube/vignettes/get-started.Rmd",FALSE,TRUE,TRUE,TRUE,FALSE,FALSE,"not-scanned","no filename evidence; content not exhaustively inspected",FALSE,"relocate","not tracked; ignored; type=artifact; size_bytes=737","No credentials were printed. Relocate/review is a proposal, not a deletion decision."
"artifacts/h24-preversion/oceancube.Rcheck/00_pkg_src/oceancube/vignettes/oceancube-architecture.Rmd",FALSE,TRUE,TRUE,TRUE,FALSE,FALSE,"not-scanned","no filename evidence; content not exhaustively inspected",FALSE,"relocate","not tracked; ignored; type=artifact; size_bytes=2553","No credentials were printed. Relocate/review is a proposal, not a deletion decision."
"artifacts/h24-preversion/oceancube.Rcheck/00_pkg_src/oceancube/vignettes/oceancube-geometry-weights.Rmd",FALSE,TRUE,TRUE,TRUE,FALSE,FALSE,"not-scanned","no filename evidence; content not exhaustively inspected",FALSE,"relocate","not tracked; ignored; type=artifact; size_bytes=2215","No credentials were printed. Relocate/review is a proposal, not a deletion decision."
"artifacts/h24-preversion/oceancube.Rcheck/00_pkg_src/oceancube/vignettes/oceancube-introduction.Rmd",FALSE,TRUE,TRUE,TRUE,FALSE,FALSE,"not-scanned","no filename evidence; content not exhaustively inspected",FALSE,"relocate","not tracked; ignored; type=artifact; size_bytes=3404","No credentials were printed. Relocate/review is a proposal, not a deletion decision."
"artifacts/h24-preversion/oceancube.Rcheck/00check.log",FALSE,TRUE,TRUE,TRUE,FALSE,FALSE,"not-scanned","no filename evidence; content not exhaustively inspected",FALSE,"relocate","not tracked; ignored; type=artifact; size_bytes=2780","No credentials were printed. Relocate/review is a proposal, not a deletion decision."
"artifacts/h24-preversion/oceancube.Rcheck/00install.out",FALSE,TRUE,TRUE,TRUE,FALSE,FALSE,"not-scanned","no filename evidence; content not exhaustively inspected",FALSE,"relocate","not tracked; ignored; type=artifact; size_bytes=475","No credentials were printed. Relocate/review is a proposal, not a deletion decision."
"artifacts/h24-preversion/oceancube.Rcheck/oceancube-Ex.pdf",FALSE,TRUE,TRUE,TRUE,FALSE,FALSE,"not-scanned","no filename evidence; content not exhaustively inspected",FALSE,"relocate","not tracked; ignored; type=artifact; size_bytes=3611","No credentials were printed. Relocate/review is a proposal, not a deletion decision."
"artifacts/h24-preversion/oceancube.Rcheck/oceancube-Ex.R",FALSE,TRUE,TRUE,TRUE,FALSE,FALSE,"not-scanned","no filename evidence; content not exhaustively inspected",FALSE,"relocate","not tracked; ignored; type=artifact; size_bytes=5011","No credentials were printed. Relocate/review is a proposal, not a deletion decision."
"artifacts/h24-preversion/oceancube.Rcheck/oceancube-Ex.Rout",FALSE,TRUE,TRUE,TRUE,FALSE,FALSE,"not-scanned","no filename evidence; content not exhaustively inspected",FALSE,"relocate","not tracked; ignored; type=artifact; size_bytes=9911","No credentials were printed. Relocate/review is a proposal, not a deletion decision."
"artifacts/h24-preversion/oceancube.Rcheck/oceancube/architecture/oceancube-spatind-boundary.md",FALSE,TRUE,TRUE,TRUE,FALSE,FALSE,"not-scanned","no filename evidence; content not exhaustively inspected",FALSE,"relocate","not tracked; ignored; type=artifact; size_bytes=5299","No credentials were printed. Relocate/review is a proposal, not a deletion decision."
"artifacts/h24-preversion/oceancube.Rcheck/oceancube/CITATION",FALSE,TRUE,TRUE,TRUE,FALSE,FALSE,"not-scanned","no filename evidence; content not exhaustively inspected",FALSE,"relocate","not tracked; ignored; type=metadata; size_bytes=116","No credentials were printed. Relocate/review is a proposal, not a deletion decision."
"artifacts/h24-preversion/oceancube.Rcheck/oceancube/DESCRIPTION",FALSE,TRUE,TRUE,TRUE,FALSE,FALSE,"not-scanned","no filename evidence; content not exhaustively inspected",FALSE,"relocate","not tracked; ignored; type=metadata; size_bytes=1238","No credentials were printed. Relocate/review is a proposal, not a deletion decision."
"artifacts/h24-preversion/oceancube.Rcheck/oceancube/doc/get-started.html",FALSE,TRUE,TRUE,TRUE,FALSE,FALSE,"not-scanned","no filename evidence; content not exhaustively inspected",FALSE,"relocate","not tracked; ignored; type=website; size_bytes=11230","No credentials were printed. Relocate/review is a proposal, not a deletion decision."
"artifacts/h24-preversion/oceancube.Rcheck/oceancube/doc/get-started.R",FALSE,TRUE,TRUE,TRUE,FALSE,FALSE,"not-scanned","no filename evidence; content not exhaustively inspected",FALSE,"relocate","not tracked; ignored; type=artifact; size_bytes=341","No credentials were printed. Relocate/review is a proposal, not a deletion decision."
"artifacts/h24-preversion/oceancube.Rcheck/oceancube/doc/get-started.Rmd",FALSE,TRUE,TRUE,TRUE,FALSE,FALSE,"not-scanned","no filename evidence; content not exhaustively inspected",FALSE,"relocate","not tracked; ignored; type=artifact; size_bytes=737","No credentials were printed. Relocate/review is a proposal, not a deletion decision."
"artifacts/h24-preversion/oceancube.Rcheck/oceancube/doc/index.html",FALSE,TRUE,TRUE,TRUE,FALSE,FALSE,"not-scanned","no filename evidence; content not exhaustively inspected",FALSE,"relocate","not tracked; ignored; type=website; size_bytes=3354","No credentials were printed. Relocate/review is a proposal, not a deletion decision."
"artifacts/h24-preversion/oceancube.Rcheck/oceancube/doc/oceancube-architecture.html",FALSE,TRUE,TRUE,TRUE,FALSE,FALSE,"not-scanned","no filename evidence; content not exhaustively inspected",FALSE,"relocate","not tracked; ignored; type=website; size_bytes=13532","No credentials were printed. Relocate/review is a proposal, not a deletion decision."
"artifacts/h24-preversion/oceancube.Rcheck/oceancube/doc/oceancube-architecture.R",FALSE,TRUE,TRUE,TRUE,FALSE,FALSE,"not-scanned","no filename evidence; content not exhaustively inspected",FALSE,"relocate","not tracked; ignored; type=artifact; size_bytes=369","No credentials were printed. Relocate/review is a proposal, not a deletion decision."
"artifacts/h24-preversion/oceancube.Rcheck/oceancube/doc/oceancube-architecture.Rmd",FALSE,TRUE,TRUE,TRUE,FALSE,FALSE,"not-scanned","no filename evidence; content not exhaustively inspected",FALSE,"relocate","not tracked; ignored; type=artifact; size_bytes=2553","No credentials were printed. Relocate/review is a proposal, not a deletion decision."
"artifacts/h24-preversion/oceancube.Rcheck/oceancube/doc/oceancube-geometry-weights.html",FALSE,TRUE,TRUE,TRUE,FALSE,FALSE,"not-scanned","no filename evidence; content not exhaustively inspected",FALSE,"relocate","not tracked; ignored; type=website; size_bytes=23626","No credentials were printed. Relocate/review is a proposal, not a deletion decision."
"artifacts/h24-preversion/oceancube.Rcheck/oceancube/doc/oceancube-geometry-weights.R",FALSE,TRUE,TRUE,TRUE,FALSE,FALSE,"not-scanned","no filename evidence; content not exhaustively inspected",FALSE,"relocate","not tracked; ignored; type=artifact; size_bytes=1279","No credentials were printed. Relocate/review is a proposal, not a deletion decision."
"artifacts/h24-preversion/oceancube.Rcheck/oceancube/doc/oceancube-geometry-weights.Rmd",FALSE,TRUE,TRUE,TRUE,FALSE,FALSE,"not-scanned","no filename evidence; content not exhaustively inspected",FALSE,"relocate","not tracked; ignored; type=artifact; size_bytes=2215","No credentials were printed. Relocate/review is a proposal, not a deletion decision."
"artifacts/h24-preversion/oceancube.Rcheck/oceancube/doc/oceancube-introduction.html",FALSE,TRUE,TRUE,TRUE,FALSE,FALSE,"not-scanned","no filename evidence; content not exhaustively inspected",FALSE,"relocate","not tracked; ignored; type=website; size_bytes=24863","No credentials were printed. Relocate/review is a proposal, not a deletion decision."
"artifacts/h24-preversion/oceancube.Rcheck/oceancube/doc/oceancube-introduction.R",FALSE,TRUE,TRUE,TRUE,FALSE,FALSE,"not-scanned","no filename evidence; content not exhaustively inspected",FALSE,"relocate","not tracked; ignored; type=artifact; size_bytes=1818","No credentials were printed. Relocate/review is a proposal, not a deletion decision."
"artifacts/h24-preversion/oceancube.Rcheck/oceancube/doc/oceancube-introduction.Rmd",FALSE,TRUE,TRUE,TRUE,FALSE,FALSE,"not-scanned","no filename evidence; content not exhaustively inspected",FALSE,"relocate","not tracked; ignored; type=artifact; size_bytes=3404","No credentials were printed. Relocate/review is a proposal, not a deletion decision."
"artifacts/h24-preversion/oceancube.Rcheck/oceancube/examples/backend_memory.R",FALSE,TRUE,TRUE,TRUE,FALSE,FALSE,"not-scanned","no filename evidence; content not exhaustively inspected",FALSE,"relocate","not tracked; ignored; type=artifact; size_bytes=3995","No credentials were printed. Relocate/review is a proposal, not a deletion decision."
"artifacts/h24-preversion/oceancube.Rcheck/oceancube/examples/backend_netcdf_descriptor.R",FALSE,TRUE,TRUE,TRUE,FALSE,FALSE,"not-scanned","no filename evidence; content not exhaustively inspected",FALSE,"relocate","not tracked; ignored; type=artifact; size_bytes=5118","No credentials were printed. Relocate/review is a proposal, not a deletion decision."
"artifacts/h24-preversion/oceancube.Rcheck/oceancube/examples/backend_netcdf_read_block.R",FALSE,TRUE,TRUE,TRUE,FALSE,FALSE,"not-scanned","no filename evidence; content not exhaustively inspected",FALSE,"relocate","not tracked; ignored; type=artifact; size_bytes=6763","No credentials were printed. Relocate/review is a proposal, not a deletion decision."
"artifacts/h24-preversion/oceancube.Rcheck/oceancube/examples/baseline_ocean_cube.R",FALSE,TRUE,TRUE,TRUE,FALSE,FALSE,"not-scanned","no filename evidence; content not exhaustively inspected",FALSE,"relocate","not tracked; ignored; type=artifact; size_bytes=3704","No credentials were printed. Relocate/review is a proposal, not a deletion decision."
"artifacts/h24-preversion/oceancube.Rcheck/oceancube/examples/cube_crop.R",FALSE,TRUE,TRUE,TRUE,FALSE,FALSE,"not-scanned","no filename evidence; content not exhaustively inspected",FALSE,"relocate","not tracked; ignored; type=artifact; size_bytes=8540","No credentials were printed. Relocate/review is a proposal, not a deletion decision."
"artifacts/h24-preversion/oceancube.Rcheck/oceancube/examples/cube_extract.R",FALSE,TRUE,TRUE,TRUE,FALSE,FALSE,"not-scanned","no filename evidence; content not exhaustively inspected",FALSE,"relocate","not tracked; ignored; type=artifact; size_bytes=7836","No credentials were printed. Relocate/review is a proposal, not a deletion decision."
"artifacts/h24-preversion/oceancube.Rcheck/oceancube/examples/cube_geometry_weights.R",FALSE,TRUE,TRUE,TRUE,FALSE,FALSE,"not-scanned","no filename evidence; content not exhaustively inspected",FALSE,"relocate","not tracked; ignored; type=artifact; size_bytes=4084","No credentials were printed. Relocate/review is a proposal, not a deletion decision."
"artifacts/h24-preversion/oceancube.Rcheck/oceancube/examples/cube_mask.R",FALSE,TRUE,TRUE,TRUE,FALSE,FALSE,"not-scanned","no filename evidence; content not exhaustively inspected",FALSE,"relocate","not tracked; ignored; type=artifact; size_bytes=6852","No credentials were printed. Relocate/review is a proposal, not a deletion decision."
"artifacts/h24-preversion/oceancube.Rcheck/oceancube/examples/cube_slice.R",FALSE,TRUE,TRUE,TRUE,FALSE,FALSE,"not-scanned","no filename evidence; content not exhaustively inspected",FALSE,"relocate","not tracked; ignored; type=artifact; size_bytes=6283","No credentials were printed. Relocate/review is a proposal, not a deletion decision."
"artifacts/h24-preversion/oceancube.Rcheck/oceancube/examples/cube_transect.R",FALSE,TRUE,TRUE,TRUE,FALSE,FALSE,"not-scanned","no filename evidence; content not exhaustively inspected",FALSE,"relocate","not tracked; ignored; type=artifact; size_bytes=7793","No credentials were printed. Relocate/review is a proposal, not a deletion decision."
"artifacts/h24-preversion/oceancube.Rcheck/oceancube/examples/noncontiguous_collect.R",FALSE,TRUE,TRUE,TRUE,FALSE,FALSE,"not-scanned","no filename evidence; content not exhaustively inspected",FALSE,"relocate","not tracked; ignored; type=artifact; size_bytes=3913","No credentials were printed. Relocate/review is a proposal, not a deletion decision."
"artifacts/h24-preversion/oceancube.Rcheck/oceancube/examples/ocean_cube_contract.R",FALSE,TRUE,TRUE,TRUE,FALSE,FALSE,"not-scanned","no filename evidence; content not exhaustively inspected",FALSE,"relocate","not tracked; ignored; type=artifact; size_bytes=4027","No credentials were printed. Relocate/review is a proposal, not a deletion decision."
"artifacts/h24-preversion/oceancube.Rcheck/oceancube/examples/refactor_coast_dist_backend.R",FALSE,TRUE,TRUE,TRUE,FALSE,FALSE,"not-scanned","no filename evidence; content not exhaustively inspected",FALSE,"relocate","not tracked; ignored; type=artifact; size_bytes=4008","No credentials were printed. Relocate/review is a proposal, not a deletion decision."
"artifacts/h24-preversion/oceancube.Rcheck/oceancube/examples/refactor_layer_annual_backend.R",FALSE,TRUE,TRUE,TRUE,FALSE,FALSE,"not-scanned","no filename evidence; content not exhaustively inspected",FALSE,"relocate","not tracked; ignored; type=artifact; size_bytes=3656","No credentials were printed. Relocate/review is a proposal, not a deletion decision."
"artifacts/h24-preversion/oceancube.Rcheck/oceancube/examples/refactor_link_events_backend.R",FALSE,TRUE,TRUE,TRUE,FALSE,FALSE,"not-scanned","no filename evidence; content not exhaustively inspected",FALSE,"relocate","not tracked; ignored; type=artifact; size_bytes=5629","No credentials were printed. Relocate/review is a proposal, not a deletion decision."
"artifacts/h24-preversion/oceancube.Rcheck/oceancube/examples/refactor_temporal_backend.R",FALSE,TRUE,TRUE,TRUE,FALSE,FALSE,"not-scanned","no filename evidence; content not exhaustively inspected",FALSE,"relocate","not tracked; ignored; type=artifact; size_bytes=4304","No credentials were printed. Relocate/review is a proposal, not a deletion decision."
"artifacts/h24-preversion/oceancube.Rcheck/oceancube/help/aliases.rds",FALSE,TRUE,TRUE,TRUE,FALSE,FALSE,"not-scanned","no filename evidence; content not exhaustively inspected",FALSE,"relocate","not tracked; ignored; type=artifact; size_bytes=309","No credentials were printed. Relocate/review is a proposal, not a deletion decision."
"artifacts/h24-preversion/oceancube.Rcheck/oceancube/help/AnIndex",FALSE,TRUE,TRUE,TRUE,FALSE,FALSE,"not-scanned","no filename evidence; content not exhaustively inspected",FALSE,"relocate","not tracked; ignored; type=artifact; size_bytes=675","No credentials were printed. Relocate/review is a proposal, not a deletion decision."
"artifacts/h24-preversion/oceancube.Rcheck/oceancube/help/oceancube.rdb",FALSE,TRUE,TRUE,TRUE,FALSE,FALSE,"not-scanned","no filename evidence; content not exhaustively inspected",FALSE,"relocate","not tracked; ignored; type=artifact; size_bytes=66453","No credentials were printed. Relocate/review is a proposal, not a deletion decision."
"artifacts/h24-preversion/oceancube.Rcheck/oceancube/help/oceancube.rdx",FALSE,TRUE,TRUE,TRUE,FALSE,FALSE,"not-scanned","no filename evidence; content not exhaustively inspected",FALSE,"relocate","not tracked; ignored; type=artifact; size_bytes=760","No credentials were printed. Relocate/review is a proposal, not a deletion decision."
"artifacts/h24-preversion/oceancube.Rcheck/oceancube/help/paths.rds",FALSE,TRUE,TRUE,TRUE,FALSE,FALSE,"not-scanned","no filename evidence; content not exhaustively inspected",FALSE,"relocate","not tracked; ignored; type=artifact; size_bytes=401","No credentials were printed. Relocate/review is a proposal, not a deletion decision."
"artifacts/h24-preversion/oceancube.Rcheck/oceancube/html/00Index.html",FALSE,TRUE,TRUE,TRUE,FALSE,FALSE,"not-scanned","no filename evidence; content not exhaustively inspected",FALSE,"relocate","not tracked; ignored; type=website; size_bytes=4863","No credentials were printed. Relocate/review is a proposal, not a deletion decision."
"artifacts/h24-preversion/oceancube.Rcheck/oceancube/html/R.css",FALSE,TRUE,TRUE,TRUE,FALSE,FALSE,"not-scanned","no filename evidence; content not exhaustively inspected",FALSE,"relocate","not tracked; ignored; type=artifact; size_bytes=1735","No credentials were printed. Relocate/review is a proposal, not a deletion decision."
"artifacts/h24-preversion/oceancube.Rcheck/oceancube/INDEX",FALSE,TRUE,TRUE,TRUE,FALSE,FALSE,"not-scanned","no filename evidence; content not exhaustively inspected",FALSE,"relocate","not tracked; ignored; type=artifact; size_bytes=2119","No credentials were printed. Relocate/review is a proposal, not a deletion decision."
"artifacts/h24-preversion/oceancube.Rcheck/oceancube/LICENSE",FALSE,TRUE,TRUE,TRUE,FALSE,FALSE,"not-scanned","no filename evidence; content not exhaustively inspected",FALSE,"relocate","not tracked; ignored; type=metadata; size_bytes=1082","No credentials were printed. Relocate/review is a proposal, not a deletion decision."
"artifacts/h24-preversion/oceancube.Rcheck/oceancube/Meta/features.rds",FALSE,TRUE,TRUE,TRUE,FALSE,FALSE,"not-scanned","no filename evidence; content not exhaustively inspected",FALSE,"relocate","not tracked; ignored; type=artifact; size_bytes=122","No credentials were printed. Relocate/review is a proposal, not a deletion decision."
"artifacts/h24-preversion/oceancube.Rcheck/oceancube/Meta/hsearch.rds",FALSE,TRUE,TRUE,TRUE,FALSE,FALSE,"not-scanned","no filename evidence; content not exhaustively inspected",FALSE,"relocate","not tracked; ignored; type=artifact; size_bytes=1114","No credentials were printed. Relocate/review is a proposal, not a deletion decision."
"artifacts/h24-preversion/oceancube.Rcheck/oceancube/Meta/links.rds",FALSE,TRUE,TRUE,TRUE,FALSE,FALSE,"not-scanned","no filename evidence; content not exhaustively inspected",FALSE,"relocate","not tracked; ignored; type=artifact; size_bytes=474","No credentials were printed. Relocate/review is a proposal, not a deletion decision."
"artifacts/h24-preversion/oceancube.Rcheck/oceancube/Meta/nsInfo.rds",FALSE,TRUE,TRUE,TRUE,FALSE,FALSE,"not-scanned","no filename evidence; content not exhaustively inspected",FALSE,"relocate","not tracked; ignored; type=artifact; size_bytes=450","No credentials were printed. Relocate/review is a proposal, not a deletion decision."
"artifacts/h24-preversion/oceancube.Rcheck/oceancube/Meta/package.rds",FALSE,TRUE,TRUE,TRUE,FALSE,FALSE,"not-scanned","no filename evidence; content not exhaustively inspected",FALSE,"relocate","not tracked; ignored; type=artifact; size_bytes=1182","No credentials were printed. Relocate/review is a proposal, not a deletion decision."
"artifacts/h24-preversion/oceancube.Rcheck/oceancube/Meta/Rd.rds",FALSE,TRUE,TRUE,TRUE,FALSE,FALSE,"not-scanned","no filename evidence; content not exhaustively inspected",FALSE,"relocate","not tracked; ignored; type=artifact; size_bytes=1225","No credentials were printed. Relocate/review is a proposal, not a deletion decision."
"artifacts/h24-preversion/oceancube.Rcheck/oceancube/Meta/vignette.rds",FALSE,TRUE,TRUE,TRUE,FALSE,FALSE,"not-scanned","no filename evidence; content not exhaustively inspected",FALSE,"relocate","not tracked; ignored; type=artifact; size_bytes=342","No credentials were printed. Relocate/review is a proposal, not a deletion decision."
"artifacts/h24-preversion/oceancube.Rcheck/oceancube/NAMESPACE",FALSE,TRUE,TRUE,TRUE,FALSE,FALSE,"not-scanned","no filename evidence; content not exhaustively inspected",FALSE,"relocate","not tracked; ignored; type=metadata; size_bytes=696","No credentials were printed. Relocate/review is a proposal, not a deletion decision."
"artifacts/h24-preversion/oceancube.Rcheck/oceancube/NEWS.md",FALSE,TRUE,TRUE,TRUE,FALSE,FALSE,"not-scanned","no filename evidence; content not exhaustively inspected",FALSE,"relocate","not tracked; ignored; type=documentation; size_bytes=1673","No credentials were printed. Relocate/review is a proposal, not a deletion decision."
"artifacts/h24-preversion/oceancube.Rcheck/oceancube/R/oceancube",FALSE,TRUE,TRUE,TRUE,FALSE,FALSE,"not-scanned","no filename evidence; content not exhaustively inspected",FALSE,"relocate","not tracked; ignored; type=artifact; size_bytes=1058","No credentials were printed. Relocate/review is a proposal, not a deletion decision."
"artifacts/h24-preversion/oceancube.Rcheck/oceancube/R/oceancube.rdb",FALSE,TRUE,TRUE,TRUE,FALSE,FALSE,"not-scanned","no filename evidence; content not exhaustively inspected",FALSE,"relocate","not tracked; ignored; type=artifact; size_bytes=316965","No credentials were printed. Relocate/review is a proposal, not a deletion decision."
"artifacts/h24-preversion/oceancube.Rcheck/oceancube/R/oceancube.rdx",FALSE,TRUE,TRUE,TRUE,FALSE,FALSE,"not-scanned","no filename evidence; content not exhaustively inspected",FALSE,"relocate","not tracked; ignored; type=artifact; size_bytes=3047","No credentials were printed. Relocate/review is a proposal, not a deletion decision."
"artifacts/h24-preversion/oceancube.Rcheck/tests/startup.Rs",FALSE,TRUE,TRUE,TRUE,FALSE,FALSE,"not-scanned","no filename evidence; content not exhaustively inspected",FALSE,"relocate","not tracked; ignored; type=artifact; size_bytes=131","No credentials were printed. Relocate/review is a proposal, not a deletion decision."
"artifacts/h24-preversion/oceancube.Rcheck/tests/testthat.R",FALSE,TRUE,TRUE,TRUE,FALSE,FALSE,"not-scanned","no filename evidence; content not exhaustively inspected",FALSE,"relocate","not tracked; ignored; type=artifact; size_bytes=62","No credentials were printed. Relocate/review is a proposal, not a deletion decision."
"artifacts/h24-preversion/oceancube.Rcheck/tests/testthat.Rout",FALSE,TRUE,TRUE,TRUE,FALSE,FALSE,"not-scanned","no filename evidence; content not exhaustively inspected",FALSE,"relocate","not tracked; ignored; type=artifact; size_bytes=1636","No credentials were printed. Relocate/review is a proposal, not a deletion decision."
"artifacts/h24-preversion/oceancube.Rcheck/tests/testthat/helper-architecture.R",FALSE,TRUE,TRUE,TRUE,FALSE,FALSE,"not-scanned","no filename evidence; content not exhaustively inspected",FALSE,"relocate","not tracked; ignored; type=artifact; size_bytes=2086","No credentials were printed. Relocate/review is a proposal, not a deletion decision."
"artifacts/h24-preversion/oceancube.Rcheck/tests/testthat/helper-baseline-cube.R",FALSE,TRUE,TRUE,TRUE,FALSE,FALSE,"not-scanned","no filename evidence; content not exhaustively inspected",FALSE,"relocate","not tracked; ignored; type=artifact; size_bytes=1544","No credentials were printed. Relocate/review is a proposal, not a deletion decision."
"artifacts/h24-preversion/oceancube.Rcheck/tests/testthat/helper-geometry.R",FALSE,TRUE,TRUE,TRUE,FALSE,FALSE,"not-scanned","no filename evidence; content not exhaustively inspected",FALSE,"relocate","not tracked; ignored; type=artifact; size_bytes=502","No credentials were printed. Relocate/review is a proposal, not a deletion decision."
"artifacts/h24-preversion/oceancube.Rcheck/tests/testthat/helper-netcdf-backend.R",FALSE,TRUE,TRUE,TRUE,FALSE,FALSE,"not-scanned","no filename evidence; content not exhaustively inspected",FALSE,"relocate","not tracked; ignored; type=artifact; size_bytes=8204","No credentials were printed. Relocate/review is a proposal, not a deletion decision."
"artifacts/h24-preversion/oceancube.Rcheck/tests/testthat/test-backend-memory.R",FALSE,TRUE,TRUE,TRUE,FALSE,FALSE,"not-scanned","no filename evidence; content not exhaustively inspected",FALSE,"relocate","not tracked; ignored; type=artifact; size_bytes=10966","No credentials were printed. Relocate/review is a proposal, not a deletion decision."
"artifacts/h24-preversion/oceancube.Rcheck/tests/testthat/test-backend-netcdf-descriptor.R",FALSE,TRUE,TRUE,TRUE,FALSE,FALSE,"not-scanned","no filename evidence; content not exhaustively inspected",FALSE,"relocate","not tracked; ignored; type=artifact; size_bytes=18223","No credentials were printed. Relocate/review is a proposal, not a deletion decision."
"artifacts/h24-preversion/oceancube.Rcheck/tests/testthat/test-backend-netcdf-noncontiguous.R",FALSE,TRUE,TRUE,TRUE,FALSE,FALSE,"not-scanned","no filename evidence; content not exhaustively inspected",FALSE,"relocate","not tracked; ignored; type=artifact; size_bytes=10764","No credentials were printed. Relocate/review is a proposal, not a deletion decision."
"artifacts/h24-preversion/oceancube.Rcheck/tests/testthat/test-backend-netcdf-read-block.R",FALSE,TRUE,TRUE,TRUE,FALSE,FALSE,"not-scanned","no filename evidence; content not exhaustively inspected",FALSE,"relocate","not tracked; ignored; type=artifact; size_bytes=17998","No credentials were printed. Relocate/review is a proposal, not a deletion decision."
"artifacts/h24-preversion/oceancube.Rcheck/tests/testthat/test-clim-anom.R",FALSE,TRUE,TRUE,TRUE,FALSE,FALSE,"not-scanned","no filename evidence; content not exhaustively inspected",FALSE,"relocate","not tracked; ignored; type=artifact; size_bytes=1091","No credentials were printed. Relocate/review is a proposal, not a deletion decision."
"artifacts/h24-preversion/oceancube.Rcheck/tests/testthat/test-cube-collect.R",FALSE,TRUE,TRUE,TRUE,FALSE,FALSE,"not-scanned","no filename evidence; content not exhaustively inspected",FALSE,"relocate","not tracked; ignored; type=artifact; size_bytes=7458","No credentials were printed. Relocate/review is a proposal, not a deletion decision."
"artifacts/h24-preversion/oceancube.Rcheck/tests/testthat/test-cube-crop.R",FALSE,TRUE,TRUE,TRUE,FALSE,FALSE,"not-scanned","no filename evidence; content not exhaustively inspected",FALSE,"relocate","not tracked; ignored; type=artifact; size_bytes=23828","No credentials were printed. Relocate/review is a proposal, not a deletion decision."
"artifacts/h24-preversion/oceancube.Rcheck/tests/testthat/test-cube-extract.R",FALSE,TRUE,TRUE,TRUE,FALSE,FALSE,"not-scanned","no filename evidence; content not exhaustively inspected",FALSE,"relocate","not tracked; ignored; type=artifact; size_bytes=29027","No credentials were printed. Relocate/review is a proposal, not a deletion decision."
"artifacts/h24-preversion/oceancube.Rcheck/tests/testthat/test-cube-grid-geometry.R",FALSE,TRUE,TRUE,TRUE,FALSE,FALSE,"not-scanned","no filename evidence; content not exhaustively inspected",FALSE,"relocate","not tracked; ignored; type=artifact; size_bytes=8641","No credentials were printed. Relocate/review is a proposal, not a deletion decision."
"artifacts/h24-preversion/oceancube.Rcheck/tests/testthat/test-cube-mask.R",FALSE,TRUE,TRUE,TRUE,FALSE,FALSE,"not-scanned","no filename evidence; content not exhaustively inspected",FALSE,"relocate","not tracked; ignored; type=artifact; size_bytes=11117","No credentials were printed. Relocate/review is a proposal, not a deletion decision."
"artifacts/h24-preversion/oceancube.Rcheck/tests/testthat/test-cube-polygon-weights.R",FALSE,TRUE,TRUE,TRUE,FALSE,FALSE,"not-scanned","no filename evidence; content not exhaustively inspected",FALSE,"relocate","not tracked; ignored; type=artifact; size_bytes=12292","No credentials were printed. Relocate/review is a proposal, not a deletion decision."
"artifacts/h24-preversion/oceancube.Rcheck/tests/testthat/test-cube-slice.R",FALSE,TRUE,TRUE,TRUE,FALSE,FALSE,"not-scanned","no filename evidence; content not exhaustively inspected",FALSE,"relocate","not tracked; ignored; type=artifact; size_bytes=22898","No credentials were printed. Relocate/review is a proposal, not a deletion decision."
"artifacts/h24-preversion/oceancube.Rcheck/tests/testthat/test-cube-transect.R",FALSE,TRUE,TRUE,TRUE,FALSE,FALSE,"not-scanned","no filename evidence; content not exhaustively inspected",FALSE,"relocate","not tracked; ignored; type=artifact; size_bytes=10124","No credentials were printed. Relocate/review is a proposal, not a deletion decision."
"artifacts/h24-preversion/oceancube.Rcheck/tests/testthat/test-daily-link.R",FALSE,TRUE,TRUE,TRUE,FALSE,FALSE,"not-scanned","no filename evidence; content not exhaustively inspected",FALSE,"relocate","not tracked; ignored; type=artifact; size_bytes=1500","No credentials were printed. Relocate/review is a proposal, not a deletion decision."
"artifacts/h24-preversion/oceancube.Rcheck/tests/testthat/test-layer-time-mask.R",FALSE,TRUE,TRUE,TRUE,FALSE,FALSE,"not-scanned","no filename evidence; content not exhaustively inspected",FALSE,"relocate","not tracked; ignored; type=artifact; size_bytes=1451","No credentials were printed. Relocate/review is a proposal, not a deletion decision."
"artifacts/h24-preversion/oceancube.Rcheck/tests/testthat/test-no-direct-data-access.R",FALSE,TRUE,TRUE,TRUE,FALSE,FALSE,"not-scanned","no filename evidence; content not exhaustively inspected",FALSE,"relocate","not tracked; ignored; type=artifact; size_bytes=1912","No credentials were printed. Relocate/review is a proposal, not a deletion decision."
"artifacts/h24-preversion/oceancube.Rcheck/tests/testthat/test-ocean-cube-baseline.R",FALSE,TRUE,TRUE,TRUE,FALSE,FALSE,"not-scanned","no filename evidence; content not exhaustively inspected",FALSE,"relocate","not tracked; ignored; type=artifact; size_bytes=3603","No credentials were printed. Relocate/review is a proposal, not a deletion decision."
"artifacts/h24-preversion/oceancube.Rcheck/tests/testthat/test-ocean-cube-contract.R",FALSE,TRUE,TRUE,TRUE,FALSE,FALSE,"not-scanned","no filename evidence; content not exhaustively inspected",FALSE,"relocate","not tracked; ignored; type=artifact; size_bytes=10419","No credentials were printed. Relocate/review is a proposal, not a deletion decision."
"artifacts/h24-preversion/oceancube.Rcheck/tests/testthat/test-ocean-cube.R",FALSE,TRUE,TRUE,TRUE,FALSE,FALSE,"not-scanned","no filename evidence; content not exhaustively inspected",FALSE,"relocate","not tracked; ignored; type=artifact; size_bytes=836","No credentials were printed. Relocate/review is a proposal, not a deletion decision."
"artifacts/h24-preversion/oceancube.Rcheck/tests/testthat/test-package-boundary-spatind.R",FALSE,TRUE,TRUE,TRUE,FALSE,FALSE,"not-scanned","no filename evidence; content not exhaustively inspected",FALSE,"relocate","not tracked; ignored; type=artifact; size_bytes=1584","No credentials were printed. Relocate/review is a proposal, not a deletion decision."
"artifacts/h24-preversion/oceancube.Rcheck/tests/testthat/test-read-nc-baseline.R",FALSE,TRUE,TRUE,TRUE,FALSE,FALSE,"not-scanned","no filename evidence; content not exhaustively inspected",FALSE,"relocate","not tracked; ignored; type=artifact; size_bytes=3478","No credentials were printed. Relocate/review is a proposal, not a deletion decision."
"artifacts/h24-preversion/oceancube.Rcheck/tests/testthat/test-refactor-coast-dist-backend.R",FALSE,TRUE,TRUE,TRUE,FALSE,FALSE,"not-scanned","no filename evidence; content not exhaustively inspected",FALSE,"relocate","not tracked; ignored; type=artifact; size_bytes=9486","No credentials were printed. Relocate/review is a proposal, not a deletion decision."
"artifacts/h24-preversion/oceancube.Rcheck/tests/testthat/test-refactor-layer-annual-backend.R",FALSE,TRUE,TRUE,TRUE,FALSE,FALSE,"not-scanned","no filename evidence; content not exhaustively inspected",FALSE,"relocate","not tracked; ignored; type=artifact; size_bytes=10782","No credentials were printed. Relocate/review is a proposal, not a deletion decision."
"artifacts/h24-preversion/oceancube.Rcheck/tests/testthat/test-refactor-link-events-backend.R",FALSE,TRUE,TRUE,TRUE,FALSE,FALSE,"not-scanned","no filename evidence; content not exhaustively inspected",FALSE,"relocate","not tracked; ignored; type=artifact; size_bytes=17309","No credentials were printed. Relocate/review is a proposal, not a deletion decision."
"artifacts/h24-preversion/oceancube.Rcheck/tests/testthat/test-refactor-temporal-backend.R",FALSE,TRUE,TRUE,TRUE,FALSE,FALSE,"not-scanned","no filename evidence; content not exhaustively inspected",FALSE,"relocate","not tracked; ignored; type=artifact; size_bytes=11299","No credentials were printed. Relocate/review is a proposal, not a deletion decision."
"artifacts/h24-preversion/oceancube.Rcheck/tests/testthat/test-release-contract.R",FALSE,TRUE,TRUE,TRUE,FALSE,FALSE,"not-scanned","no filename evidence; content not exhaustively inspected",FALSE,"relocate","not tracked; ignored; type=artifact; size_bytes=4608","No credentials were printed. Relocate/review is a proposal, not a deletion decision."
"artifacts/h24-preversion/oceancube.Rcheck/tests/testthat/test-scientific-baseline.R",FALSE,TRUE,TRUE,TRUE,FALSE,FALSE,"not-scanned","no filename evidence; content not exhaustively inspected",FALSE,"relocate","not tracked; ignored; type=artifact; size_bytes=4598","No credentials were printed. Relocate/review is a proposal, not a deletion decision."
"artifacts/h24-preversion/oceancube_0.0.0.9000.tar.gz",FALSE,TRUE,TRUE,TRUE,FALSE,FALSE,"not-scanned","no filename evidence; content not exhaustively inspected",FALSE,"relocate","not tracked; ignored; type=artifact; size_bytes=163695","No credentials were printed. Relocate/review is a proposal, not a deletion decision."
"artifacts/h24-preversion/source/.gitattributes",FALSE,TRUE,TRUE,TRUE,FALSE,FALSE,"not-scanned","no filename evidence; content not exhaustively inspected",FALSE,"relocate","not tracked; ignored; type=artifact; size_bytes=66","No credentials were printed. Relocate/review is a proposal, not a deletion decision."
"artifacts/h24-preversion/source/.github/workflows/R-CMD-check.yaml",FALSE,TRUE,TRUE,TRUE,FALSE,FALSE,"not-scanned","no filename evidence; content not exhaustively inspected",FALSE,"relocate","not tracked; ignored; type=configuration; size_bytes=691","No credentials were printed. Relocate/review is a proposal, not a deletion decision."
"artifacts/h24-preversion/source/.gitignore",FALSE,TRUE,TRUE,TRUE,FALSE,FALSE,"not-scanned","no filename evidence; content not exhaustively inspected",FALSE,"relocate","not tracked; ignored; type=configuration; size_bytes=638","No credentials were printed. Relocate/review is a proposal, not a deletion decision."
"artifacts/h24-preversion/source/.lintr",FALSE,TRUE,TRUE,TRUE,FALSE,FALSE,"not-scanned","no filename evidence; content not exhaustively inspected",FALSE,"relocate","not tracked; ignored; type=configuration; size_bytes=105","No credentials were printed. Relocate/review is a proposal, not a deletion decision."
"artifacts/h24-preversion/source/.Rbuildignore",FALSE,TRUE,TRUE,TRUE,FALSE,FALSE,"not-scanned","no filename evidence; content not exhaustively inspected",FALSE,"relocate","not tracked; ignored; type=configuration; size_bytes=192","No credentials were printed. Relocate/review is a proposal, not a deletion decision."
"artifacts/h24-preversion/source/_pkgdown.yml",FALSE,TRUE,TRUE,TRUE,FALSE,FALSE,"not-scanned","no filename evidence; content not exhaustively inspected",FALSE,"relocate","not tracked; ignored; type=configuration; size_bytes=406","No credentials were printed. Relocate/review is a proposal, not a deletion decision."
"artifacts/h24-preversion/source/auxdata/layer_sp.Rdata",FALSE,TRUE,TRUE,TRUE,FALSE,FALSE,"not-scanned","no filename evidence; content not exhaustively inspected",FALSE,"relocate","not tracked; ignored; type=artifact; size_bytes=195","No credentials were printed. Relocate/review is a proposal, not a deletion decision."
"artifacts/h24-preversion/source/auxdata/PER_ADM0.RData",FALSE,TRUE,TRUE,TRUE,FALSE,FALSE,"not-scanned","no filename evidence; content not exhaustively inspected",FALSE,"relocate","not tracked; ignored; type=artifact; size_bytes=1122258","No credentials were printed. Relocate/review is a proposal, not a deletion decision."
"artifacts/h24-preversion/source/CITATION.cff",FALSE,TRUE,TRUE,TRUE,FALSE,FALSE,"not-scanned","no filename evidence; content not exhaustively inspected",FALSE,"relocate","not tracked; ignored; type=metadata; size_bytes=345","No credentials were printed. Relocate/review is a proposal, not a deletion decision."
"artifacts/h24-preversion/source/CODE_OF_CONDUCT.md",FALSE,TRUE,TRUE,TRUE,FALSE,FALSE,"not-scanned","no filename evidence; content not exhaustively inspected",FALSE,"relocate","not tracked; ignored; type=artifact; size_bytes=93","No credentials were printed. Relocate/review is a proposal, not a deletion decision."
"artifacts/h24-preversion/source/CONTRIBUTING.md",FALSE,TRUE,TRUE,TRUE,FALSE,FALSE,"not-scanned","no filename evidence; content not exhaustively inspected",FALSE,"relocate","not tracked; ignored; type=artifact; size_bytes=130","No credentials were printed. Relocate/review is a proposal, not a deletion decision."
"artifacts/h24-preversion/source/cran-comments.md",FALSE,TRUE,TRUE,TRUE,FALSE,FALSE,"not-scanned","no filename evidence; content not exhaustively inspected",FALSE,"relocate","not tracked; ignored; type=artifact; size_bytes=178","No credentials were printed. Relocate/review is a proposal, not a deletion decision."
"artifacts/h24-preversion/source/data-raw/make-toy-ocean.R",FALSE,TRUE,TRUE,TRUE,FALSE,FALSE,"not-scanned","no filename evidence; content not exhaustively inspected",FALSE,"relocate","not tracked; ignored; type=artifact; size_bytes=138","No credentials were printed. Relocate/review is a proposal, not a deletion decision."
"artifacts/h24-preversion/source/DESCRIPTION",FALSE,TRUE,TRUE,TRUE,FALSE,FALSE,"not-scanned","no filename evidence; content not exhaustively inspected",FALSE,"relocate","not tracked; ignored; type=metadata; size_bytes=1064","No credentials were printed. Relocate/review is a proposal, not a deletion decision."
"artifacts/h24-preversion/source/dev/architecture/netcdf-backend-contract.md",FALSE,TRUE,TRUE,TRUE,FALSE,FALSE,"not-scanned","no filename evidence; content not exhaustively inspected",FALSE,"relocate","not tracked; ignored; type=artifact; size_bytes=36147","No credentials were printed. Relocate/review is a proposal, not a deletion decision."
"artifacts/h24-preversion/source/dev/diagnostics/netcdf_backend_contract.R",FALSE,TRUE,TRUE,TRUE,FALSE,FALSE,"not-scanned","no filename evidence; content not exhaustively inspected",FALSE,"relocate","not tracked; ignored; type=artifact; size_bytes=12541","No credentials were printed. Relocate/review is a proposal, not a deletion decision."
"artifacts/h24-preversion/source/inst/architecture/oceancube-spatind-boundary.md",FALSE,TRUE,TRUE,TRUE,FALSE,FALSE,"not-scanned","no filename evidence; content not exhaustively inspected",FALSE,"relocate","not tracked; ignored; type=artifact; size_bytes=5299","No credentials were printed. Relocate/review is a proposal, not a deletion decision."
"artifacts/h24-preversion/source/inst/CITATION",FALSE,TRUE,TRUE,TRUE,FALSE,FALSE,"not-scanned","no filename evidence; content not exhaustively inspected",FALSE,"relocate","not tracked; ignored; type=metadata; size_bytes=116","No credentials were printed. Relocate/review is a proposal, not a deletion decision."
"artifacts/h24-preversion/source/inst/examples/backend_memory.R",FALSE,TRUE,TRUE,TRUE,FALSE,FALSE,"not-scanned","no filename evidence; content not exhaustively inspected",FALSE,"relocate","not tracked; ignored; type=artifact; size_bytes=3995","No credentials were printed. Relocate/review is a proposal, not a deletion decision."
"artifacts/h24-preversion/source/inst/examples/backend_netcdf_descriptor.R",FALSE,TRUE,TRUE,TRUE,FALSE,FALSE,"not-scanned","no filename evidence; content not exhaustively inspected",FALSE,"relocate","not tracked; ignored; type=artifact; size_bytes=5118","No credentials were printed. Relocate/review is a proposal, not a deletion decision."
"artifacts/h24-preversion/source/inst/examples/backend_netcdf_read_block.R",FALSE,TRUE,TRUE,TRUE,FALSE,FALSE,"not-scanned","no filename evidence; content not exhaustively inspected",FALSE,"relocate","not tracked; ignored; type=artifact; size_bytes=6763","No credentials were printed. Relocate/review is a proposal, not a deletion decision."
"artifacts/h24-preversion/source/inst/examples/baseline_ocean_cube.R",FALSE,TRUE,TRUE,TRUE,FALSE,FALSE,"not-scanned","no filename evidence; content not exhaustively inspected",FALSE,"relocate","not tracked; ignored; type=artifact; size_bytes=3704","No credentials were printed. Relocate/review is a proposal, not a deletion decision."
"artifacts/h24-preversion/source/inst/examples/cube_crop.R",FALSE,TRUE,TRUE,TRUE,FALSE,FALSE,"not-scanned","no filename evidence; content not exhaustively inspected",FALSE,"relocate","not tracked; ignored; type=artifact; size_bytes=8540","No credentials were printed. Relocate/review is a proposal, not a deletion decision."
"artifacts/h24-preversion/source/inst/examples/cube_extract.R",FALSE,TRUE,TRUE,TRUE,FALSE,FALSE,"not-scanned","no filename evidence; content not exhaustively inspected",FALSE,"relocate","not tracked; ignored; type=artifact; size_bytes=7836","No credentials were printed. Relocate/review is a proposal, not a deletion decision."
"artifacts/h24-preversion/source/inst/examples/cube_geometry_weights.R",FALSE,TRUE,TRUE,TRUE,FALSE,FALSE,"not-scanned","no filename evidence; content not exhaustively inspected",FALSE,"relocate","not tracked; ignored; type=artifact; size_bytes=4084","No credentials were printed. Relocate/review is a proposal, not a deletion decision."
"artifacts/h24-preversion/source/inst/examples/cube_mask.R",FALSE,TRUE,TRUE,TRUE,FALSE,FALSE,"not-scanned","no filename evidence; content not exhaustively inspected",FALSE,"relocate","not tracked; ignored; type=artifact; size_bytes=6852","No credentials were printed. Relocate/review is a proposal, not a deletion decision."
"artifacts/h24-preversion/source/inst/examples/cube_slice.R",FALSE,TRUE,TRUE,TRUE,FALSE,FALSE,"not-scanned","no filename evidence; content not exhaustively inspected",FALSE,"relocate","not tracked; ignored; type=artifact; size_bytes=6283","No credentials were printed. Relocate/review is a proposal, not a deletion decision."
"artifacts/h24-preversion/source/inst/examples/cube_transect.R",FALSE,TRUE,TRUE,TRUE,FALSE,FALSE,"not-scanned","no filename evidence; content not exhaustively inspected",FALSE,"relocate","not tracked; ignored; type=artifact; size_bytes=7793","No credentials were printed. Relocate/review is a proposal, not a deletion decision."
"artifacts/h24-preversion/source/inst/examples/noncontiguous_collect.R",FALSE,TRUE,TRUE,TRUE,FALSE,FALSE,"not-scanned","no filename evidence; content not exhaustively inspected",FALSE,"relocate","not tracked; ignored; type=artifact; size_bytes=3913","No credentials were printed. Relocate/review is a proposal, not a deletion decision."
"artifacts/h24-preversion/source/inst/examples/ocean_cube_contract.R",FALSE,TRUE,TRUE,TRUE,FALSE,FALSE,"not-scanned","no filename evidence; content not exhaustively inspected",FALSE,"relocate","not tracked; ignored; type=artifact; size_bytes=4027","No credentials were printed. Relocate/review is a proposal, not a deletion decision."
"artifacts/h24-preversion/source/inst/examples/refactor_coast_dist_backend.R",FALSE,TRUE,TRUE,TRUE,FALSE,FALSE,"not-scanned","no filename evidence; content not exhaustively inspected",FALSE,"relocate","not tracked; ignored; type=artifact; size_bytes=4008","No credentials were printed. Relocate/review is a proposal, not a deletion decision."
"artifacts/h24-preversion/source/inst/examples/refactor_layer_annual_backend.R",FALSE,TRUE,TRUE,TRUE,FALSE,FALSE,"not-scanned","no filename evidence; content not exhaustively inspected",FALSE,"relocate","not tracked; ignored; type=artifact; size_bytes=3656","No credentials were printed. Relocate/review is a proposal, not a deletion decision."
"artifacts/h24-preversion/source/inst/examples/refactor_link_events_backend.R",FALSE,TRUE,TRUE,TRUE,FALSE,FALSE,"not-scanned","no filename evidence; content not exhaustively inspected",FALSE,"relocate","not tracked; ignored; type=artifact; size_bytes=5629","No credentials were printed. Relocate/review is a proposal, not a deletion decision."
"artifacts/h24-preversion/source/inst/examples/refactor_temporal_backend.R",FALSE,TRUE,TRUE,TRUE,FALSE,FALSE,"not-scanned","no filename evidence; content not exhaustively inspected",FALSE,"relocate","not tracked; ignored; type=artifact; size_bytes=4304","No credentials were printed. Relocate/review is a proposal, not a deletion decision."
"artifacts/h24-preversion/source/LICENSE",FALSE,TRUE,TRUE,TRUE,FALSE,FALSE,"not-scanned","no filename evidence; content not exhaustively inspected",FALSE,"relocate","not tracked; ignored; type=metadata; size_bytes=1082","No credentials were printed. Relocate/review is a proposal, not a deletion decision."
"artifacts/h24-preversion/source/man/annual_index.Rd",FALSE,TRUE,TRUE,TRUE,FALSE,FALSE,"not-scanned","no filename evidence; content not exhaustively inspected",FALSE,"relocate","not tracked; ignored; type=artifact; size_bytes=648","No credentials were printed. Relocate/review is a proposal, not a deletion decision."
"artifacts/h24-preversion/source/man/anom_diff.Rd",FALSE,TRUE,TRUE,TRUE,FALSE,FALSE,"not-scanned","no filename evidence; content not exhaustively inspected",FALSE,"relocate","not tracked; ignored; type=artifact; size_bytes=499","No credentials were printed. Relocate/review is a proposal, not a deletion decision."
"artifacts/h24-preversion/source/man/anom_z.Rd",FALSE,TRUE,TRUE,TRUE,FALSE,FALSE,"not-scanned","no filename evidence; content not exhaustively inspected",FALSE,"relocate","not tracked; ignored; type=artifact; size_bytes=523","No credentials were printed. Relocate/review is a proposal, not a deletion decision."
"artifacts/h24-preversion/source/man/clim_day.Rd",FALSE,TRUE,TRUE,TRUE,FALSE,FALSE,"not-scanned","no filename evidence; content not exhaustively inspected",FALSE,"relocate","not tracked; ignored; type=artifact; size_bytes=1180","No credentials were printed. Relocate/review is a proposal, not a deletion decision."
"artifacts/h24-preversion/source/man/clim_month.Rd",FALSE,TRUE,TRUE,TRUE,FALSE,FALSE,"not-scanned","no filename evidence; content not exhaustively inspected",FALSE,"relocate","not tracked; ignored; type=artifact; size_bytes=449","No credentials were printed. Relocate/review is a proposal, not a deletion decision."
"artifacts/h24-preversion/source/man/cm_connect.Rd",FALSE,TRUE,TRUE,TRUE,FALSE,FALSE,"not-scanned","no filename evidence; content not exhaustively inspected",FALSE,"relocate","not tracked; ignored; type=artifact; size_bytes=621","No credentials were printed. Relocate/review is a proposal, not a deletion decision."
"artifacts/h24-preversion/source/man/cm_setup.Rd",FALSE,TRUE,TRUE,TRUE,FALSE,FALSE,"not-scanned","no filename evidence; content not exhaustively inspected",FALSE,"relocate","not tracked; ignored; type=artifact; size_bytes=764","No credentials were printed. Relocate/review is a proposal, not a deletion decision."
"artifacts/h24-preversion/source/man/coast_dist.Rd",FALSE,TRUE,TRUE,TRUE,FALSE,FALSE,"not-scanned","no filename evidence; content not exhaustively inspected",FALSE,"relocate","not tracked; ignored; type=artifact; size_bytes=518","No credentials were printed. Relocate/review is a proposal, not a deletion decision."
"artifacts/h24-preversion/source/man/crop_stock.Rd",FALSE,TRUE,TRUE,TRUE,FALSE,FALSE,"not-scanned","no filename evidence; content not exhaustively inspected",FALSE,"relocate","not tracked; ignored; type=artifact; size_bytes=401","No credentials were printed. Relocate/review is a proposal, not a deletion decision."
"artifacts/h24-preversion/source/man/cube_cell_area.Rd",FALSE,TRUE,TRUE,TRUE,FALSE,FALSE,"not-scanned","no filename evidence; content not exhaustively inspected",FALSE,"relocate","not tracked; ignored; type=artifact; size_bytes=813","No credentials were printed. Relocate/review is a proposal, not a deletion decision."
"artifacts/h24-preversion/source/man/cube_cell_volume.Rd",FALSE,TRUE,TRUE,TRUE,FALSE,FALSE,"not-scanned","no filename evidence; content not exhaustively inspected",FALSE,"relocate","not tracked; ignored; type=artifact; size_bytes=907","No credentials were printed. Relocate/review is a proposal, not a deletion decision."
"artifacts/h24-preversion/source/man/cube_collect.Rd",FALSE,TRUE,TRUE,TRUE,FALSE,FALSE,"not-scanned","no filename evidence; content not exhaustively inspected",FALSE,"relocate","not tracked; ignored; type=artifact; size_bytes=1308","No credentials were printed. Relocate/review is a proposal, not a deletion decision."
"artifacts/h24-preversion/source/man/cube_crop.Rd",FALSE,TRUE,TRUE,TRUE,FALSE,FALSE,"not-scanned","no filename evidence; content not exhaustively inspected",FALSE,"relocate","not tracked; ignored; type=artifact; size_bytes=2954","No credentials were printed. Relocate/review is a proposal, not a deletion decision."
"artifacts/h24-preversion/source/man/cube_extract.Rd",FALSE,TRUE,TRUE,TRUE,FALSE,FALSE,"not-scanned","no filename evidence; content not exhaustively inspected",FALSE,"relocate","not tracked; ignored; type=artifact; size_bytes=4426","No credentials were printed. Relocate/review is a proposal, not a deletion decision."
"artifacts/h24-preversion/source/man/cube_layer_thickness.Rd",FALSE,TRUE,TRUE,TRUE,FALSE,FALSE,"not-scanned","no filename evidence; content not exhaustively inspected",FALSE,"relocate","not tracked; ignored; type=artifact; size_bytes=1056","No credentials were printed. Relocate/review is a proposal, not a deletion decision."
"artifacts/h24-preversion/source/man/cube_mask.Rd",FALSE,TRUE,TRUE,TRUE,FALSE,FALSE,"not-scanned","no filename evidence; content not exhaustively inspected",FALSE,"relocate","not tracked; ignored; type=artifact; size_bytes=3749","No credentials were printed. Relocate/review is a proposal, not a deletion decision."
"artifacts/h24-preversion/source/man/cube_polygon_weights.Rd",FALSE,TRUE,TRUE,TRUE,FALSE,FALSE,"not-scanned","no filename evidence; content not exhaustively inspected",FALSE,"relocate","not tracked; ignored; type=artifact; size_bytes=2209","No credentials were printed. Relocate/review is a proposal, not a deletion decision."
"artifacts/h24-preversion/source/man/cube_slice.Rd",FALSE,TRUE,TRUE,TRUE,FALSE,FALSE,"not-scanned","no filename evidence; content not exhaustively inspected",FALSE,"relocate","not tracked; ignored; type=artifact; size_bytes=3121","No credentials were printed. Relocate/review is a proposal, not a deletion decision."
"artifacts/h24-preversion/source/man/cube_transect.Rd",FALSE,TRUE,TRUE,TRUE,FALSE,FALSE,"not-scanned","no filename evidence; content not exhaustively inspected",FALSE,"relocate","not tracked; ignored; type=artifact; size_bytes=4675","No credentials were printed. Relocate/review is a proposal, not a deletion decision."
"artifacts/h24-preversion/source/man/download_nc.Rd",FALSE,TRUE,TRUE,TRUE,FALSE,FALSE,"not-scanned","no filename evidence; content not exhaustively inspected",FALSE,"relocate","not tracked; ignored; type=artifact; size_bytes=1322","No credentials were printed. Relocate/review is a proposal, not a deletion decision."
"artifacts/h24-preversion/source/man/layer_mean.Rd",FALSE,TRUE,TRUE,TRUE,FALSE,FALSE,"not-scanned","no filename evidence; content not exhaustively inspected",FALSE,"relocate","not tracked; ignored; type=artifact; size_bytes=575","No credentials were printed. Relocate/review is a proposal, not a deletion decision."
"artifacts/h24-preversion/source/man/link_events.Rd",FALSE,TRUE,TRUE,TRUE,FALSE,FALSE,"not-scanned","no filename evidence; content not exhaustively inspected",FALSE,"relocate","not tracked; ignored; type=artifact; size_bytes=1740","No credentials were printed. Relocate/review is a proposal, not a deletion decision."
"artifacts/h24-preversion/source/man/ocean_cube.Rd",FALSE,TRUE,TRUE,TRUE,FALSE,FALSE,"not-scanned","no filename evidence; content not exhaustively inspected",FALSE,"relocate","not tracked; ignored; type=artifact; size_bytes=4051","No credentials were printed. Relocate/review is a proposal, not a deletion decision."
"artifacts/h24-preversion/source/man/read_nc.Rd",FALSE,TRUE,TRUE,TRUE,FALSE,FALSE,"not-scanned","no filename evidence; content not exhaustively inspected",FALSE,"relocate","not tracked; ignored; type=artifact; size_bytes=935","No credentials were printed. Relocate/review is a proposal, not a deletion decision."
"artifacts/h24-preversion/source/man/signal_noise.Rd",FALSE,TRUE,TRUE,TRUE,FALSE,FALSE,"not-scanned","no filename evidence; content not exhaustively inspected",FALSE,"relocate","not tracked; ignored; type=artifact; size_bytes=587","No credentials were printed. Relocate/review is a proposal, not a deletion decision."
"artifacts/h24-preversion/source/man/stock_mask.Rd",FALSE,TRUE,TRUE,TRUE,FALSE,FALSE,"not-scanned","no filename evidence; content not exhaustively inspected",FALSE,"relocate","not tracked; ignored; type=artifact; size_bytes=667","No credentials were printed. Relocate/review is a proposal, not a deletion decision."
"artifacts/h24-preversion/source/man/to_month.Rd",FALSE,TRUE,TRUE,TRUE,FALSE,FALSE,"not-scanned","no filename evidence; content not exhaustively inspected",FALSE,"relocate","not tracked; ignored; type=artifact; size_bytes=448","No credentials were printed. Relocate/review is a proposal, not a deletion decision."
"artifacts/h24-preversion/source/NAMESPACE",FALSE,TRUE,TRUE,TRUE,FALSE,FALSE,"not-scanned","no filename evidence; content not exhaustively inspected",FALSE,"relocate","not tracked; ignored; type=metadata; size_bytes=696","No credentials were printed. Relocate/review is a proposal, not a deletion decision."
"artifacts/h24-preversion/source/NEWS.md",FALSE,TRUE,TRUE,TRUE,FALSE,FALSE,"not-scanned","no filename evidence; content not exhaustively inspected",FALSE,"relocate","not tracked; ignored; type=documentation; size_bytes=1673","No credentials were printed. Relocate/review is a proposal, not a deletion decision."
"artifacts/h24-preversion/source/oceancube.Rproj",FALSE,TRUE,TRUE,TRUE,FALSE,FALSE,"not-scanned","no filename evidence; content not exhaustively inspected",FALSE,"relocate","not tracked; ignored; type=artifact; size_bytes=320","No credentials were printed. Relocate/review is a proposal, not a deletion decision."
"artifacts/h24-preversion/source/R/annual_index.R",FALSE,TRUE,TRUE,TRUE,FALSE,FALSE,"not-scanned","no filename evidence; content not exhaustively inspected",FALSE,"relocate","not tracked; ignored; type=artifact; size_bytes=2148","No credentials were printed. Relocate/review is a proposal, not a deletion decision."
"artifacts/h24-preversion/source/R/anom_diff.R",FALSE,TRUE,TRUE,TRUE,FALSE,FALSE,"not-scanned","no filename evidence; content not exhaustively inspected",FALSE,"relocate","not tracked; ignored; type=artifact; size_bytes=4308","No credentials were printed. Relocate/review is a proposal, not a deletion decision."
"artifacts/h24-preversion/source/R/backend-index.R",FALSE,TRUE,TRUE,TRUE,FALSE,FALSE,"not-scanned","no filename evidence; content not exhaustively inspected",FALSE,"relocate","not tracked; ignored; type=artifact; size_bytes=4541","No credentials were printed. Relocate/review is a proposal, not a deletion decision."
"artifacts/h24-preversion/source/R/backend-memory.R",FALSE,TRUE,TRUE,TRUE,FALSE,FALSE,"not-scanned","no filename evidence; content not exhaustively inspected",FALSE,"relocate","not tracked; ignored; type=artifact; size_bytes=13568","No credentials were printed. Relocate/review is a proposal, not a deletion decision."
"artifacts/h24-preversion/source/R/backend-netcdf.R",FALSE,TRUE,TRUE,TRUE,FALSE,FALSE,"not-scanned","no filename evidence; content not exhaustively inspected",FALSE,"relocate","not tracked; ignored; type=artifact; size_bytes=47164","No credentials were printed. Relocate/review is a proposal, not a deletion decision."
"artifacts/h24-preversion/source/R/clim_day.R",FALSE,TRUE,TRUE,TRUE,FALSE,FALSE,"not-scanned","no filename evidence; content not exhaustively inspected",FALSE,"relocate","not tracked; ignored; type=artifact; size_bytes=4446","No credentials were printed. Relocate/review is a proposal, not a deletion decision."
"artifacts/h24-preversion/source/R/clim_month.R",FALSE,TRUE,TRUE,TRUE,FALSE,FALSE,"not-scanned","no filename evidence; content not exhaustively inspected",FALSE,"relocate","not tracked; ignored; type=artifact; size_bytes=1956","No credentials were printed. Relocate/review is a proposal, not a deletion decision."
"artifacts/h24-preversion/source/R/cm_setup.R",FALSE,TRUE,TRUE,TRUE,FALSE,FALSE,"not-scanned","no filename evidence; content not exhaustively inspected",FALSE,"relocate","not tracked; ignored; type=artifact; size_bytes=2382","No credentials were printed. Relocate/review is a proposal, not a deletion decision."
"artifacts/h24-preversion/source/R/coast_dist.R",FALSE,TRUE,TRUE,TRUE,FALSE,FALSE,"not-scanned","no filename evidence; content not exhaustively inspected",FALSE,"relocate","not tracked; ignored; type=artifact; size_bytes=1281","No credentials were printed. Relocate/review is a proposal, not a deletion decision."
"artifacts/h24-preversion/source/R/cube_collect.R",FALSE,TRUE,TRUE,TRUE,FALSE,FALSE,"not-scanned","no filename evidence; content not exhaustively inspected",FALSE,"relocate","not tracked; ignored; type=artifact; size_bytes=2903","No credentials were printed. Relocate/review is a proposal, not a deletion decision."
"artifacts/h24-preversion/source/R/cube_crop.R",FALSE,TRUE,TRUE,TRUE,FALSE,FALSE,"not-scanned","no filename evidence; content not exhaustively inspected",FALSE,"relocate","not tracked; ignored; type=artifact; size_bytes=14813","No credentials were printed. Relocate/review is a proposal, not a deletion decision."
"artifacts/h24-preversion/source/R/cube_extract.R",FALSE,TRUE,TRUE,TRUE,FALSE,FALSE,"not-scanned","no filename evidence; content not exhaustively inspected",FALSE,"relocate","not tracked; ignored; type=artifact; size_bytes=16455","No credentials were printed. Relocate/review is a proposal, not a deletion decision."
"artifacts/h24-preversion/source/R/cube_grid_geometry.R",FALSE,TRUE,TRUE,TRUE,FALSE,FALSE,"not-scanned","no filename evidence; content not exhaustively inspected",FALSE,"relocate","not tracked; ignored; type=artifact; size_bytes=14742","No credentials were printed. Relocate/review is a proposal, not a deletion decision."
"artifacts/h24-preversion/source/R/cube_mask.R",FALSE,TRUE,TRUE,TRUE,FALSE,FALSE,"not-scanned","no filename evidence; content not exhaustively inspected",FALSE,"relocate","not tracked; ignored; type=artifact; size_bytes=19063","No credentials were printed. Relocate/review is a proposal, not a deletion decision."
"artifacts/h24-preversion/source/R/cube_polygon_weights.R",FALSE,TRUE,TRUE,TRUE,FALSE,FALSE,"not-scanned","no filename evidence; content not exhaustively inspected",FALSE,"relocate","not tracked; ignored; type=artifact; size_bytes=11525","No credentials were printed. Relocate/review is a proposal, not a deletion decision."
"artifacts/h24-preversion/source/R/cube_slice.R",FALSE,TRUE,TRUE,TRUE,FALSE,FALSE,"not-scanned","no filename evidence; content not exhaustively inspected",FALSE,"relocate","not tracked; ignored; type=artifact; size_bytes=19400","No credentials were printed. Relocate/review is a proposal, not a deletion decision."
"artifacts/h24-preversion/source/R/cube_transect.R",FALSE,TRUE,TRUE,TRUE,FALSE,FALSE,"not-scanned","no filename evidence; content not exhaustively inspected",FALSE,"relocate","not tracked; ignored; type=artifact; size_bytes=19588","No credentials were printed. Relocate/review is a proposal, not a deletion decision."
"artifacts/h24-preversion/source/R/download_nc.R",FALSE,TRUE,TRUE,TRUE,FALSE,FALSE,"not-scanned","no filename evidence; content not exhaustively inspected",FALSE,"relocate","not tracked; ignored; type=artifact; size_bytes=3417","No credentials were printed. Relocate/review is a proposal, not a deletion decision."
"artifacts/h24-preversion/source/R/layer_mean.R",FALSE,TRUE,TRUE,TRUE,FALSE,FALSE,"not-scanned","no filename evidence; content not exhaustively inspected",FALSE,"relocate","not tracked; ignored; type=artifact; size_bytes=2025","No credentials were printed. Relocate/review is a proposal, not a deletion decision."
"artifacts/h24-preversion/source/R/link_events.R",FALSE,TRUE,TRUE,TRUE,FALSE,FALSE,"not-scanned","no filename evidence; content not exhaustively inspected",FALSE,"relocate","not tracked; ignored; type=artifact; size_bytes=5403","No credentials were printed. Relocate/review is a proposal, not a deletion decision."
"artifacts/h24-preversion/source/R/ocean_cube.R",FALSE,TRUE,TRUE,TRUE,FALSE,FALSE,"not-scanned","no filename evidence; content not exhaustively inspected",FALSE,"relocate","not tracked; ignored; type=artifact; size_bytes=7861","No credentials were printed. Relocate/review is a proposal, not a deletion decision."
"artifacts/h24-preversion/source/R/read_nc.R",FALSE,TRUE,TRUE,TRUE,FALSE,FALSE,"not-scanned","no filename evidence; content not exhaustively inspected",FALSE,"relocate","not tracked; ignored; type=artifact; size_bytes=4002","No credentials were printed. Relocate/review is a proposal, not a deletion decision."
"artifacts/h24-preversion/source/R/stock_mask.R",FALSE,TRUE,TRUE,TRUE,FALSE,FALSE,"not-scanned","no filename evidence; content not exhaustively inspected",FALSE,"relocate","not tracked; ignored; type=artifact; size_bytes=3301","No credentials were printed. Relocate/review is a proposal, not a deletion decision."
"artifacts/h24-preversion/source/R/to_month.R",FALSE,TRUE,TRUE,TRUE,FALSE,FALSE,"not-scanned","no filename evidence; content not exhaustively inspected",FALSE,"relocate","not tracked; ignored; type=artifact; size_bytes=1174","No credentials were printed. Relocate/review is a proposal, not a deletion decision."
"artifacts/h24-preversion/source/R/utils-internal.R",FALSE,TRUE,TRUE,TRUE,FALSE,FALSE,"not-scanned","no filename evidence; content not exhaustively inspected",FALSE,"relocate","not tracked; ignored; type=artifact; size_bytes=12752","No credentials were printed. Relocate/review is a proposal, not a deletion decision."
"artifacts/h24-preversion/source/README.md",FALSE,TRUE,TRUE,TRUE,FALSE,FALSE,"not-scanned","no filename evidence; content not exhaustively inspected",FALSE,"relocate","not tracked; ignored; type=documentation; size_bytes=3922","No credentials were printed. Relocate/review is a proposal, not a deletion decision."
"artifacts/h24-preversion/source/README.Rmd",FALSE,TRUE,TRUE,TRUE,FALSE,FALSE,"not-scanned","no filename evidence; content not exhaustively inspected",FALSE,"relocate","not tracked; ignored; type=documentation; size_bytes=3953","No credentials were printed. Relocate/review is a proposal, not a deletion decision."
"artifacts/h24-preversion/source/tests/testthat.R",FALSE,TRUE,TRUE,TRUE,FALSE,FALSE,"not-scanned","no filename evidence; content not exhaustively inspected",FALSE,"relocate","not tracked; ignored; type=artifact; size_bytes=62","No credentials were printed. Relocate/review is a proposal, not a deletion decision."
"artifacts/h24-preversion/source/tests/testthat/helper-architecture.R",FALSE,TRUE,TRUE,TRUE,FALSE,FALSE,"not-scanned","no filename evidence; content not exhaustively inspected",FALSE,"relocate","not tracked; ignored; type=artifact; size_bytes=2086","No credentials were printed. Relocate/review is a proposal, not a deletion decision."
"artifacts/h24-preversion/source/tests/testthat/helper-baseline-cube.R",FALSE,TRUE,TRUE,TRUE,FALSE,FALSE,"not-scanned","no filename evidence; content not exhaustively inspected",FALSE,"relocate","not tracked; ignored; type=artifact; size_bytes=1544","No credentials were printed. Relocate/review is a proposal, not a deletion decision."
"artifacts/h24-preversion/source/tests/testthat/helper-geometry.R",FALSE,TRUE,TRUE,TRUE,FALSE,FALSE,"not-scanned","no filename evidence; content not exhaustively inspected",FALSE,"relocate","not tracked; ignored; type=artifact; size_bytes=502","No credentials were printed. Relocate/review is a proposal, not a deletion decision."
"artifacts/h24-preversion/source/tests/testthat/helper-netcdf-backend.R",FALSE,TRUE,TRUE,TRUE,FALSE,FALSE,"not-scanned","no filename evidence; content not exhaustively inspected",FALSE,"relocate","not tracked; ignored; type=artifact; size_bytes=8204","No credentials were printed. Relocate/review is a proposal, not a deletion decision."
"artifacts/h24-preversion/source/tests/testthat/test-backend-memory.R",FALSE,TRUE,TRUE,TRUE,FALSE,FALSE,"not-scanned","no filename evidence; content not exhaustively inspected",FALSE,"relocate","not tracked; ignored; type=artifact; size_bytes=10966","No credentials were printed. Relocate/review is a proposal, not a deletion decision."
"artifacts/h24-preversion/source/tests/testthat/test-backend-netcdf-descriptor.R",FALSE,TRUE,TRUE,TRUE,FALSE,FALSE,"not-scanned","no filename evidence; content not exhaustively inspected",FALSE,"relocate","not tracked; ignored; type=artifact; size_bytes=18223","No credentials were printed. Relocate/review is a proposal, not a deletion decision."
"artifacts/h24-preversion/source/tests/testthat/test-backend-netcdf-noncontiguous.R",FALSE,TRUE,TRUE,TRUE,FALSE,FALSE,"not-scanned","no filename evidence; content not exhaustively inspected",FALSE,"relocate","not tracked; ignored; type=artifact; size_bytes=10764","No credentials were printed. Relocate/review is a proposal, not a deletion decision."
"artifacts/h24-preversion/source/tests/testthat/test-backend-netcdf-read-block.R",FALSE,TRUE,TRUE,TRUE,FALSE,FALSE,"not-scanned","no filename evidence; content not exhaustively inspected",FALSE,"relocate","not tracked; ignored; type=artifact; size_bytes=17998","No credentials were printed. Relocate/review is a proposal, not a deletion decision."
"artifacts/h24-preversion/source/tests/testthat/test-clim-anom.R",FALSE,TRUE,TRUE,TRUE,FALSE,FALSE,"not-scanned","no filename evidence; content not exhaustively inspected",FALSE,"relocate","not tracked; ignored; type=artifact; size_bytes=1091","No credentials were printed. Relocate/review is a proposal, not a deletion decision."
"artifacts/h24-preversion/source/tests/testthat/test-cube-collect.R",FALSE,TRUE,TRUE,TRUE,FALSE,FALSE,"not-scanned","no filename evidence; content not exhaustively inspected",FALSE,"relocate","not tracked; ignored; type=artifact; size_bytes=7458","No credentials were printed. Relocate/review is a proposal, not a deletion decision."
"artifacts/h24-preversion/source/tests/testthat/test-cube-crop.R",FALSE,TRUE,TRUE,TRUE,FALSE,FALSE,"not-scanned","no filename evidence; content not exhaustively inspected",FALSE,"relocate","not tracked; ignored; type=artifact; size_bytes=23828","No credentials were printed. Relocate/review is a proposal, not a deletion decision."
"artifacts/h24-preversion/source/tests/testthat/test-cube-extract.R",FALSE,TRUE,TRUE,TRUE,FALSE,FALSE,"not-scanned","no filename evidence; content not exhaustively inspected",FALSE,"relocate","not tracked; ignored; type=artifact; size_bytes=29027","No credentials were printed. Relocate/review is a proposal, not a deletion decision."
"artifacts/h24-preversion/source/tests/testthat/test-cube-grid-geometry.R",FALSE,TRUE,TRUE,TRUE,FALSE,FALSE,"not-scanned","no filename evidence; content not exhaustively inspected",FALSE,"relocate","not tracked; ignored; type=artifact; size_bytes=8641","No credentials were printed. Relocate/review is a proposal, not a deletion decision."
"artifacts/h24-preversion/source/tests/testthat/test-cube-mask.R",FALSE,TRUE,TRUE,TRUE,FALSE,FALSE,"not-scanned","no filename evidence; content not exhaustively inspected",FALSE,"relocate","not tracked; ignored; type=artifact; size_bytes=11117","No credentials were printed. Relocate/review is a proposal, not a deletion decision."
"artifacts/h24-preversion/source/tests/testthat/test-cube-polygon-weights.R",FALSE,TRUE,TRUE,TRUE,FALSE,FALSE,"not-scanned","no filename evidence; content not exhaustively inspected",FALSE,"relocate","not tracked; ignored; type=artifact; size_bytes=12292","No credentials were printed. Relocate/review is a proposal, not a deletion decision."
"artifacts/h24-preversion/source/tests/testthat/test-cube-slice.R",FALSE,TRUE,TRUE,TRUE,FALSE,FALSE,"not-scanned","no filename evidence; content not exhaustively inspected",FALSE,"relocate","not tracked; ignored; type=artifact; size_bytes=22898","No credentials were printed. Relocate/review is a proposal, not a deletion decision."
"artifacts/h24-preversion/source/tests/testthat/test-cube-transect.R",FALSE,TRUE,TRUE,TRUE,FALSE,FALSE,"not-scanned","no filename evidence; content not exhaustively inspected",FALSE,"relocate","not tracked; ignored; type=artifact; size_bytes=10124","No credentials were printed. Relocate/review is a proposal, not a deletion decision."
"artifacts/h24-preversion/source/tests/testthat/test-daily-link.R",FALSE,TRUE,TRUE,TRUE,FALSE,FALSE,"not-scanned","no filename evidence; content not exhaustively inspected",FALSE,"relocate","not tracked; ignored; type=artifact; size_bytes=1500","No credentials were printed. Relocate/review is a proposal, not a deletion decision."
"artifacts/h24-preversion/source/tests/testthat/test-layer-time-mask.R",FALSE,TRUE,TRUE,TRUE,FALSE,FALSE,"not-scanned","no filename evidence; content not exhaustively inspected",FALSE,"relocate","not tracked; ignored; type=artifact; size_bytes=1451","No credentials were printed. Relocate/review is a proposal, not a deletion decision."
"artifacts/h24-preversion/source/tests/testthat/test-no-direct-data-access.R",FALSE,TRUE,TRUE,TRUE,FALSE,FALSE,"not-scanned","no filename evidence; content not exhaustively inspected",FALSE,"relocate","not tracked; ignored; type=artifact; size_bytes=1912","No credentials were printed. Relocate/review is a proposal, not a deletion decision."
"artifacts/h24-preversion/source/tests/testthat/test-ocean-cube-baseline.R",FALSE,TRUE,TRUE,TRUE,FALSE,FALSE,"not-scanned","no filename evidence; content not exhaustively inspected",FALSE,"relocate","not tracked; ignored; type=artifact; size_bytes=3603","No credentials were printed. Relocate/review is a proposal, not a deletion decision."
"artifacts/h24-preversion/source/tests/testthat/test-ocean-cube-contract.R",FALSE,TRUE,TRUE,TRUE,FALSE,FALSE,"not-scanned","no filename evidence; content not exhaustively inspected",FALSE,"relocate","not tracked; ignored; type=artifact; size_bytes=10419","No credentials were printed. Relocate/review is a proposal, not a deletion decision."
"artifacts/h24-preversion/source/tests/testthat/test-ocean-cube.R",FALSE,TRUE,TRUE,TRUE,FALSE,FALSE,"not-scanned","no filename evidence; content not exhaustively inspected",FALSE,"relocate","not tracked; ignored; type=artifact; size_bytes=836","No credentials were printed. Relocate/review is a proposal, not a deletion decision."
"artifacts/h24-preversion/source/tests/testthat/test-package-boundary-spatind.R",FALSE,TRUE,TRUE,TRUE,FALSE,FALSE,"not-scanned","no filename evidence; content not exhaustively inspected",FALSE,"relocate","not tracked; ignored; type=artifact; size_bytes=1584","No credentials were printed. Relocate/review is a proposal, not a deletion decision."
"artifacts/h24-preversion/source/tests/testthat/test-read-nc-baseline.R",FALSE,TRUE,TRUE,TRUE,FALSE,FALSE,"not-scanned","no filename evidence; content not exhaustively inspected",FALSE,"relocate","not tracked; ignored; type=artifact; size_bytes=3478","No credentials were printed. Relocate/review is a proposal, not a deletion decision."
"artifacts/h24-preversion/source/tests/testthat/test-refactor-coast-dist-backend.R",FALSE,TRUE,TRUE,TRUE,FALSE,FALSE,"not-scanned","no filename evidence; content not exhaustively inspected",FALSE,"relocate","not tracked; ignored; type=artifact; size_bytes=9486","No credentials were printed. Relocate/review is a proposal, not a deletion decision."
"artifacts/h24-preversion/source/tests/testthat/test-refactor-layer-annual-backend.R",FALSE,TRUE,TRUE,TRUE,FALSE,FALSE,"not-scanned","no filename evidence; content not exhaustively inspected",FALSE,"relocate","not tracked; ignored; type=artifact; size_bytes=10782","No credentials were printed. Relocate/review is a proposal, not a deletion decision."
"artifacts/h24-preversion/source/tests/testthat/test-refactor-link-events-backend.R",FALSE,TRUE,TRUE,TRUE,FALSE,FALSE,"not-scanned","no filename evidence; content not exhaustively inspected",FALSE,"relocate","not tracked; ignored; type=artifact; size_bytes=17309","No credentials were printed. Relocate/review is a proposal, not a deletion decision."
"artifacts/h24-preversion/source/tests/testthat/test-refactor-temporal-backend.R",FALSE,TRUE,TRUE,TRUE,FALSE,FALSE,"not-scanned","no filename evidence; content not exhaustively inspected",FALSE,"relocate","not tracked; ignored; type=artifact; size_bytes=11299","No credentials were printed. Relocate/review is a proposal, not a deletion decision."
"artifacts/h24-preversion/source/tests/testthat/test-release-contract.R",FALSE,TRUE,TRUE,TRUE,FALSE,FALSE,"not-scanned","no filename evidence; content not exhaustively inspected",FALSE,"relocate","not tracked; ignored; type=artifact; size_bytes=4608","No credentials were printed. Relocate/review is a proposal, not a deletion decision."
"artifacts/h24-preversion/source/tests/testthat/test-scientific-baseline.R",FALSE,TRUE,TRUE,TRUE,FALSE,FALSE,"not-scanned","no filename evidence; content not exhaustively inspected",FALSE,"relocate","not tracked; ignored; type=artifact; size_bytes=4598","No credentials were printed. Relocate/review is a proposal, not a deletion decision."
"artifacts/h24-preversion/source/vignettes/get-started.Rmd",FALSE,TRUE,TRUE,TRUE,FALSE,FALSE,"not-scanned","no filename evidence; content not exhaustively inspected",FALSE,"relocate","not tracked; ignored; type=artifact; size_bytes=737","No credentials were printed. Relocate/review is a proposal, not a deletion decision."
"artifacts/h24-preversion/source/vignettes/oceancube-architecture.Rmd",FALSE,TRUE,TRUE,TRUE,FALSE,FALSE,"not-scanned","no filename evidence; content not exhaustively inspected",FALSE,"relocate","not tracked; ignored; type=artifact; size_bytes=2553","No credentials were printed. Relocate/review is a proposal, not a deletion decision."
"artifacts/h24-preversion/source/vignettes/oceancube-geometry-weights.Rmd",FALSE,TRUE,TRUE,TRUE,FALSE,FALSE,"not-scanned","no filename evidence; content not exhaustively inspected",FALSE,"relocate","not tracked; ignored; type=artifact; size_bytes=2215","No credentials were printed. Relocate/review is a proposal, not a deletion decision."
"artifacts/h24-preversion/source/vignettes/oceancube-introduction.Rmd",FALSE,TRUE,TRUE,TRUE,FALSE,FALSE,"not-scanned","no filename evidence; content not exhaustively inspected",FALSE,"relocate","not tracked; ignored; type=artifact; size_bytes=3404","No credentials were printed. Relocate/review is a proposal, not a deletion decision."
"artifacts/h24-release-force/oceancube.Rcheck/00_pkg_src/oceancube/build/vignette.rds",FALSE,TRUE,TRUE,TRUE,FALSE,FALSE,"not-scanned","no filename evidence; content not exhaustively inspected",FALSE,"relocate","not tracked; ignored; type=artifact; size_bytes=342","No credentials were printed. Relocate/review is a proposal, not a deletion decision."
"artifacts/h24-release-force/oceancube.Rcheck/00_pkg_src/oceancube/CODE_OF_CONDUCT.md",FALSE,TRUE,TRUE,TRUE,FALSE,FALSE,"not-scanned","no filename evidence; content not exhaustively inspected",FALSE,"relocate","not tracked; ignored; type=artifact; size_bytes=93","No credentials were printed. Relocate/review is a proposal, not a deletion decision."
"artifacts/h24-release-force/oceancube.Rcheck/00_pkg_src/oceancube/CONTRIBUTING.md",FALSE,TRUE,TRUE,TRUE,FALSE,FALSE,"not-scanned","no filename evidence; content not exhaustively inspected",FALSE,"relocate","not tracked; ignored; type=artifact; size_bytes=130","No credentials were printed. Relocate/review is a proposal, not a deletion decision."
"artifacts/h24-release-force/oceancube.Rcheck/00_pkg_src/oceancube/DESCRIPTION",FALSE,TRUE,TRUE,TRUE,FALSE,FALSE,"not-scanned","no filename evidence; content not exhaustively inspected",FALSE,"relocate","not tracked; ignored; type=metadata; size_bytes=1246","No credentials were printed. Relocate/review is a proposal, not a deletion decision."
"artifacts/h24-release-force/oceancube.Rcheck/00_pkg_src/oceancube/inst/architecture/oceancube-spatind-boundary.md",FALSE,TRUE,TRUE,TRUE,FALSE,FALSE,"not-scanned","no filename evidence; content not exhaustively inspected",FALSE,"relocate","not tracked; ignored; type=artifact; size_bytes=5299","No credentials were printed. Relocate/review is a proposal, not a deletion decision."
"artifacts/h24-release-force/oceancube.Rcheck/00_pkg_src/oceancube/inst/CITATION",FALSE,TRUE,TRUE,TRUE,FALSE,FALSE,"not-scanned","no filename evidence; content not exhaustively inspected",FALSE,"relocate","not tracked; ignored; type=metadata; size_bytes=116","No credentials were printed. Relocate/review is a proposal, not a deletion decision."
"artifacts/h24-release-force/oceancube.Rcheck/00_pkg_src/oceancube/inst/doc/get-started.html",FALSE,TRUE,TRUE,TRUE,FALSE,FALSE,"not-scanned","no filename evidence; content not exhaustively inspected",FALSE,"relocate","not tracked; ignored; type=website; size_bytes=11230","No credentials were printed. Relocate/review is a proposal, not a deletion decision."
"artifacts/h24-release-force/oceancube.Rcheck/00_pkg_src/oceancube/inst/doc/get-started.R",FALSE,TRUE,TRUE,TRUE,FALSE,FALSE,"not-scanned","no filename evidence; content not exhaustively inspected",FALSE,"relocate","not tracked; ignored; type=artifact; size_bytes=341","No credentials were printed. Relocate/review is a proposal, not a deletion decision."
"artifacts/h24-release-force/oceancube.Rcheck/00_pkg_src/oceancube/inst/doc/get-started.Rmd",FALSE,TRUE,TRUE,TRUE,FALSE,FALSE,"not-scanned","no filename evidence; content not exhaustively inspected",FALSE,"relocate","not tracked; ignored; type=artifact; size_bytes=737","No credentials were printed. Relocate/review is a proposal, not a deletion decision."
"artifacts/h24-release-force/oceancube.Rcheck/00_pkg_src/oceancube/inst/doc/oceancube-architecture.html",FALSE,TRUE,TRUE,TRUE,FALSE,FALSE,"not-scanned","no filename evidence; content not exhaustively inspected",FALSE,"relocate","not tracked; ignored; type=website; size_bytes=13532","No credentials were printed. Relocate/review is a proposal, not a deletion decision."
"artifacts/h24-release-force/oceancube.Rcheck/00_pkg_src/oceancube/inst/doc/oceancube-architecture.R",FALSE,TRUE,TRUE,TRUE,FALSE,FALSE,"not-scanned","no filename evidence; content not exhaustively inspected",FALSE,"relocate","not tracked; ignored; type=artifact; size_bytes=369","No credentials were printed. Relocate/review is a proposal, not a deletion decision."
"artifacts/h24-release-force/oceancube.Rcheck/00_pkg_src/oceancube/inst/doc/oceancube-architecture.Rmd",FALSE,TRUE,TRUE,TRUE,FALSE,FALSE,"not-scanned","no filename evidence; content not exhaustively inspected",FALSE,"relocate","not tracked; ignored; type=artifact; size_bytes=2553","No credentials were printed. Relocate/review is a proposal, not a deletion decision."
"artifacts/h24-release-force/oceancube.Rcheck/00_pkg_src/oceancube/inst/doc/oceancube-geometry-weights.html",FALSE,TRUE,TRUE,TRUE,FALSE,FALSE,"not-scanned","no filename evidence; content not exhaustively inspected",FALSE,"relocate","not tracked; ignored; type=website; size_bytes=23626","No credentials were printed. Relocate/review is a proposal, not a deletion decision."
"artifacts/h24-release-force/oceancube.Rcheck/00_pkg_src/oceancube/inst/doc/oceancube-geometry-weights.R",FALSE,TRUE,TRUE,TRUE,FALSE,FALSE,"not-scanned","no filename evidence; content not exhaustively inspected",FALSE,"relocate","not tracked; ignored; type=artifact; size_bytes=1279","No credentials were printed. Relocate/review is a proposal, not a deletion decision."
"artifacts/h24-release-force/oceancube.Rcheck/00_pkg_src/oceancube/inst/doc/oceancube-geometry-weights.Rmd",FALSE,TRUE,TRUE,TRUE,FALSE,FALSE,"not-scanned","no filename evidence; content not exhaustively inspected",FALSE,"relocate","not tracked; ignored; type=artifact; size_bytes=2215","No credentials were printed. Relocate/review is a proposal, not a deletion decision."
"artifacts/h24-release-force/oceancube.Rcheck/00_pkg_src/oceancube/inst/doc/oceancube-introduction.html",FALSE,TRUE,TRUE,TRUE,FALSE,FALSE,"not-scanned","no filename evidence; content not exhaustively inspected",FALSE,"relocate","not tracked; ignored; type=website; size_bytes=24863","No credentials were printed. Relocate/review is a proposal, not a deletion decision."
"artifacts/h24-release-force/oceancube.Rcheck/00_pkg_src/oceancube/inst/doc/oceancube-introduction.R",FALSE,TRUE,TRUE,TRUE,FALSE,FALSE,"not-scanned","no filename evidence; content not exhaustively inspected",FALSE,"relocate","not tracked; ignored; type=artifact; size_bytes=1818","No credentials were printed. Relocate/review is a proposal, not a deletion decision."
"artifacts/h24-release-force/oceancube.Rcheck/00_pkg_src/oceancube/inst/doc/oceancube-introduction.Rmd",FALSE,TRUE,TRUE,TRUE,FALSE,FALSE,"not-scanned","no filename evidence; content not exhaustively inspected",FALSE,"relocate","not tracked; ignored; type=artifact; size_bytes=3404","No credentials were printed. Relocate/review is a proposal, not a deletion decision."
"artifacts/h24-release-force/oceancube.Rcheck/00_pkg_src/oceancube/inst/examples/backend_memory.R",FALSE,TRUE,TRUE,TRUE,FALSE,FALSE,"not-scanned","no filename evidence; content not exhaustively inspected",FALSE,"relocate","not tracked; ignored; type=artifact; size_bytes=3995","No credentials were printed. Relocate/review is a proposal, not a deletion decision."
"artifacts/h24-release-force/oceancube.Rcheck/00_pkg_src/oceancube/inst/examples/backend_netcdf_descriptor.R",FALSE,TRUE,TRUE,TRUE,FALSE,FALSE,"not-scanned","no filename evidence; content not exhaustively inspected",FALSE,"relocate","not tracked; ignored; type=artifact; size_bytes=5112","No credentials were printed. Relocate/review is a proposal, not a deletion decision."
"artifacts/h24-release-force/oceancube.Rcheck/00_pkg_src/oceancube/inst/examples/backend_netcdf_read_block.R",FALSE,TRUE,TRUE,TRUE,FALSE,FALSE,"not-scanned","no filename evidence; content not exhaustively inspected",FALSE,"relocate","not tracked; ignored; type=artifact; size_bytes=6686","No credentials were printed. Relocate/review is a proposal, not a deletion decision."
"artifacts/h24-release-force/oceancube.Rcheck/00_pkg_src/oceancube/inst/examples/baseline_ocean_cube.R",FALSE,TRUE,TRUE,TRUE,FALSE,FALSE,"not-scanned","no filename evidence; content not exhaustively inspected",FALSE,"relocate","not tracked; ignored; type=artifact; size_bytes=3704","No credentials were printed. Relocate/review is a proposal, not a deletion decision."
"artifacts/h24-release-force/oceancube.Rcheck/00_pkg_src/oceancube/inst/examples/cube_crop.R",FALSE,TRUE,TRUE,TRUE,FALSE,FALSE,"not-scanned","no filename evidence; content not exhaustively inspected",FALSE,"relocate","not tracked; ignored; type=artifact; size_bytes=8540","No credentials were printed. Relocate/review is a proposal, not a deletion decision."
"artifacts/h24-release-force/oceancube.Rcheck/00_pkg_src/oceancube/inst/examples/cube_extract.R",FALSE,TRUE,TRUE,TRUE,FALSE,FALSE,"not-scanned","no filename evidence; content not exhaustively inspected",FALSE,"relocate","not tracked; ignored; type=artifact; size_bytes=7836","No credentials were printed. Relocate/review is a proposal, not a deletion decision."
"artifacts/h24-release-force/oceancube.Rcheck/00_pkg_src/oceancube/inst/examples/cube_geometry_weights.R",FALSE,TRUE,TRUE,TRUE,FALSE,FALSE,"not-scanned","no filename evidence; content not exhaustively inspected",FALSE,"relocate","not tracked; ignored; type=artifact; size_bytes=4084","No credentials were printed. Relocate/review is a proposal, not a deletion decision."
"artifacts/h24-release-force/oceancube.Rcheck/00_pkg_src/oceancube/inst/examples/cube_mask.R",FALSE,TRUE,TRUE,TRUE,FALSE,FALSE,"not-scanned","no filename evidence; content not exhaustively inspected",FALSE,"relocate","not tracked; ignored; type=artifact; size_bytes=6852","No credentials were printed. Relocate/review is a proposal, not a deletion decision."
"artifacts/h24-release-force/oceancube.Rcheck/00_pkg_src/oceancube/inst/examples/cube_slice.R",FALSE,TRUE,TRUE,TRUE,FALSE,FALSE,"not-scanned","no filename evidence; content not exhaustively inspected",FALSE,"relocate","not tracked; ignored; type=artifact; size_bytes=6283","No credentials were printed. Relocate/review is a proposal, not a deletion decision."
"artifacts/h24-release-force/oceancube.Rcheck/00_pkg_src/oceancube/inst/examples/cube_transect.R",FALSE,TRUE,TRUE,TRUE,FALSE,FALSE,"not-scanned","no filename evidence; content not exhaustively inspected",FALSE,"relocate","not tracked; ignored; type=artifact; size_bytes=7793","No credentials were printed. Relocate/review is a proposal, not a deletion decision."
"artifacts/h24-release-force/oceancube.Rcheck/00_pkg_src/oceancube/inst/examples/noncontiguous_collect.R",FALSE,TRUE,TRUE,TRUE,FALSE,FALSE,"not-scanned","no filename evidence; content not exhaustively inspected",FALSE,"relocate","not tracked; ignored; type=artifact; size_bytes=3913","No credentials were printed. Relocate/review is a proposal, not a deletion decision."
"artifacts/h24-release-force/oceancube.Rcheck/00_pkg_src/oceancube/inst/examples/ocean_cube_contract.R",FALSE,TRUE,TRUE,TRUE,FALSE,FALSE,"not-scanned","no filename evidence; content not exhaustively inspected",FALSE,"relocate","not tracked; ignored; type=artifact; size_bytes=4027","No credentials were printed. Relocate/review is a proposal, not a deletion decision."
"artifacts/h24-release-force/oceancube.Rcheck/00_pkg_src/oceancube/inst/examples/refactor_coast_dist_backend.R",FALSE,TRUE,TRUE,TRUE,FALSE,FALSE,"not-scanned","no filename evidence; content not exhaustively inspected",FALSE,"relocate","not tracked; ignored; type=artifact; size_bytes=4008","No credentials were printed. Relocate/review is a proposal, not a deletion decision."
"artifacts/h24-release-force/oceancube.Rcheck/00_pkg_src/oceancube/inst/examples/refactor_layer_annual_backend.R",FALSE,TRUE,TRUE,TRUE,FALSE,FALSE,"not-scanned","no filename evidence; content not exhaustively inspected",FALSE,"relocate","not tracked; ignored; type=artifact; size_bytes=3656","No credentials were printed. Relocate/review is a proposal, not a deletion decision."
"artifacts/h24-release-force/oceancube.Rcheck/00_pkg_src/oceancube/inst/examples/refactor_link_events_backend.R",FALSE,TRUE,TRUE,TRUE,FALSE,FALSE,"not-scanned","no filename evidence; content not exhaustively inspected",FALSE,"relocate","not tracked; ignored; type=artifact; size_bytes=5629","No credentials were printed. Relocate/review is a proposal, not a deletion decision."
"artifacts/h24-release-force/oceancube.Rcheck/00_pkg_src/oceancube/inst/examples/refactor_temporal_backend.R",FALSE,TRUE,TRUE,TRUE,FALSE,FALSE,"not-scanned","no filename evidence; content not exhaustively inspected",FALSE,"relocate","not tracked; ignored; type=artifact; size_bytes=4304","No credentials were printed. Relocate/review is a proposal, not a deletion decision."
"artifacts/h24-release-force/oceancube.Rcheck/00_pkg_src/oceancube/LICENSE",FALSE,TRUE,TRUE,TRUE,FALSE,FALSE,"not-scanned","no filename evidence; content not exhaustively inspected",FALSE,"relocate","not tracked; ignored; type=metadata; size_bytes=1082","No credentials were printed. Relocate/review is a proposal, not a deletion decision."
"artifacts/h24-release-force/oceancube.Rcheck/00_pkg_src/oceancube/man/annual_index.Rd",FALSE,TRUE,TRUE,TRUE,FALSE,FALSE,"not-scanned","no filename evidence; content not exhaustively inspected",FALSE,"relocate","not tracked; ignored; type=artifact; size_bytes=648","No credentials were printed. Relocate/review is a proposal, not a deletion decision."
"artifacts/h24-release-force/oceancube.Rcheck/00_pkg_src/oceancube/man/anom_diff.Rd",FALSE,TRUE,TRUE,TRUE,FALSE,FALSE,"not-scanned","no filename evidence; content not exhaustively inspected",FALSE,"relocate","not tracked; ignored; type=artifact; size_bytes=499","No credentials were printed. Relocate/review is a proposal, not a deletion decision."
"artifacts/h24-release-force/oceancube.Rcheck/00_pkg_src/oceancube/man/anom_z.Rd",FALSE,TRUE,TRUE,TRUE,FALSE,FALSE,"not-scanned","no filename evidence; content not exhaustively inspected",FALSE,"relocate","not tracked; ignored; type=artifact; size_bytes=523","No credentials were printed. Relocate/review is a proposal, not a deletion decision."
"artifacts/h24-release-force/oceancube.Rcheck/00_pkg_src/oceancube/man/clim_day.Rd",FALSE,TRUE,TRUE,TRUE,FALSE,FALSE,"not-scanned","no filename evidence; content not exhaustively inspected",FALSE,"relocate","not tracked; ignored; type=artifact; size_bytes=1180","No credentials were printed. Relocate/review is a proposal, not a deletion decision."
"artifacts/h24-release-force/oceancube.Rcheck/00_pkg_src/oceancube/man/clim_month.Rd",FALSE,TRUE,TRUE,TRUE,FALSE,FALSE,"not-scanned","no filename evidence; content not exhaustively inspected",FALSE,"relocate","not tracked; ignored; type=artifact; size_bytes=449","No credentials were printed. Relocate/review is a proposal, not a deletion decision."
"artifacts/h24-release-force/oceancube.Rcheck/00_pkg_src/oceancube/man/cm_connect.Rd",FALSE,TRUE,TRUE,TRUE,FALSE,FALSE,"not-scanned","no filename evidence; content not exhaustively inspected",FALSE,"relocate","not tracked; ignored; type=artifact; size_bytes=621","No credentials were printed. Relocate/review is a proposal, not a deletion decision."
"artifacts/h24-release-force/oceancube.Rcheck/00_pkg_src/oceancube/man/cm_setup.Rd",FALSE,TRUE,TRUE,TRUE,FALSE,FALSE,"not-scanned","no filename evidence; content not exhaustively inspected",FALSE,"relocate","not tracked; ignored; type=artifact; size_bytes=764","No credentials were printed. Relocate/review is a proposal, not a deletion decision."
"artifacts/h24-release-force/oceancube.Rcheck/00_pkg_src/oceancube/man/coast_dist.Rd",FALSE,TRUE,TRUE,TRUE,FALSE,FALSE,"not-scanned","no filename evidence; content not exhaustively inspected",FALSE,"relocate","not tracked; ignored; type=artifact; size_bytes=518","No credentials were printed. Relocate/review is a proposal, not a deletion decision."
"artifacts/h24-release-force/oceancube.Rcheck/00_pkg_src/oceancube/man/crop_stock.Rd",FALSE,TRUE,TRUE,TRUE,FALSE,FALSE,"not-scanned","no filename evidence; content not exhaustively inspected",FALSE,"relocate","not tracked; ignored; type=artifact; size_bytes=401","No credentials were printed. Relocate/review is a proposal, not a deletion decision."
"artifacts/h24-release-force/oceancube.Rcheck/00_pkg_src/oceancube/man/cube_cell_area.Rd",FALSE,TRUE,TRUE,TRUE,FALSE,FALSE,"not-scanned","no filename evidence; content not exhaustively inspected",FALSE,"relocate","not tracked; ignored; type=artifact; size_bytes=813","No credentials were printed. Relocate/review is a proposal, not a deletion decision."
"artifacts/h24-release-force/oceancube.Rcheck/00_pkg_src/oceancube/man/cube_cell_volume.Rd",FALSE,TRUE,TRUE,TRUE,FALSE,FALSE,"not-scanned","no filename evidence; content not exhaustively inspected",FALSE,"relocate","not tracked; ignored; type=artifact; size_bytes=907","No credentials were printed. Relocate/review is a proposal, not a deletion decision."
"artifacts/h24-release-force/oceancube.Rcheck/00_pkg_src/oceancube/man/cube_collect.Rd",FALSE,TRUE,TRUE,TRUE,FALSE,FALSE,"not-scanned","no filename evidence; content not exhaustively inspected",FALSE,"relocate","not tracked; ignored; type=artifact; size_bytes=1308","No credentials were printed. Relocate/review is a proposal, not a deletion decision."
"artifacts/h24-release-force/oceancube.Rcheck/00_pkg_src/oceancube/man/cube_crop.Rd",FALSE,TRUE,TRUE,TRUE,FALSE,FALSE,"not-scanned","no filename evidence; content not exhaustively inspected",FALSE,"relocate","not tracked; ignored; type=artifact; size_bytes=2954","No credentials were printed. Relocate/review is a proposal, not a deletion decision."
"artifacts/h24-release-force/oceancube.Rcheck/00_pkg_src/oceancube/man/cube_extract.Rd",FALSE,TRUE,TRUE,TRUE,FALSE,FALSE,"not-scanned","no filename evidence; content not exhaustively inspected",FALSE,"relocate","not tracked; ignored; type=artifact; size_bytes=4426","No credentials were printed. Relocate/review is a proposal, not a deletion decision."
"artifacts/h24-release-force/oceancube.Rcheck/00_pkg_src/oceancube/man/cube_layer_thickness.Rd",FALSE,TRUE,TRUE,TRUE,FALSE,FALSE,"not-scanned","no filename evidence; content not exhaustively inspected",FALSE,"relocate","not tracked; ignored; type=artifact; size_bytes=1056","No credentials were printed. Relocate/review is a proposal, not a deletion decision."
"artifacts/h24-release-force/oceancube.Rcheck/00_pkg_src/oceancube/man/cube_mask.Rd",FALSE,TRUE,TRUE,TRUE,FALSE,FALSE,"not-scanned","no filename evidence; content not exhaustively inspected",FALSE,"relocate","not tracked; ignored; type=artifact; size_bytes=3749","No credentials were printed. Relocate/review is a proposal, not a deletion decision."
"artifacts/h24-release-force/oceancube.Rcheck/00_pkg_src/oceancube/man/cube_polygon_weights.Rd",FALSE,TRUE,TRUE,TRUE,FALSE,FALSE,"not-scanned","no filename evidence; content not exhaustively inspected",FALSE,"relocate","not tracked; ignored; type=artifact; size_bytes=2209","No credentials were printed. Relocate/review is a proposal, not a deletion decision."
"artifacts/h24-release-force/oceancube.Rcheck/00_pkg_src/oceancube/man/cube_slice.Rd",FALSE,TRUE,TRUE,TRUE,FALSE,FALSE,"not-scanned","no filename evidence; content not exhaustively inspected",FALSE,"relocate","not tracked; ignored; type=artifact; size_bytes=3121","No credentials were printed. Relocate/review is a proposal, not a deletion decision."
"artifacts/h24-release-force/oceancube.Rcheck/00_pkg_src/oceancube/man/cube_transect.Rd",FALSE,TRUE,TRUE,TRUE,FALSE,FALSE,"not-scanned","no filename evidence; content not exhaustively inspected",FALSE,"relocate","not tracked; ignored; type=artifact; size_bytes=4675","No credentials were printed. Relocate/review is a proposal, not a deletion decision."
"artifacts/h24-release-force/oceancube.Rcheck/00_pkg_src/oceancube/man/download_nc.Rd",FALSE,TRUE,TRUE,TRUE,FALSE,FALSE,"not-scanned","no filename evidence; content not exhaustively inspected",FALSE,"relocate","not tracked; ignored; type=artifact; size_bytes=1322","No credentials were printed. Relocate/review is a proposal, not a deletion decision."
"artifacts/h24-release-force/oceancube.Rcheck/00_pkg_src/oceancube/man/layer_mean.Rd",FALSE,TRUE,TRUE,TRUE,FALSE,FALSE,"not-scanned","no filename evidence; content not exhaustively inspected",FALSE,"relocate","not tracked; ignored; type=artifact; size_bytes=575","No credentials were printed. Relocate/review is a proposal, not a deletion decision."
"artifacts/h24-release-force/oceancube.Rcheck/00_pkg_src/oceancube/man/link_events.Rd",FALSE,TRUE,TRUE,TRUE,FALSE,FALSE,"not-scanned","no filename evidence; content not exhaustively inspected",FALSE,"relocate","not tracked; ignored; type=artifact; size_bytes=1740","No credentials were printed. Relocate/review is a proposal, not a deletion decision."
"artifacts/h24-release-force/oceancube.Rcheck/00_pkg_src/oceancube/man/ocean_cube.Rd",FALSE,TRUE,TRUE,TRUE,FALSE,FALSE,"not-scanned","no filename evidence; content not exhaustively inspected",FALSE,"relocate","not tracked; ignored; type=artifact; size_bytes=4051","No credentials were printed. Relocate/review is a proposal, not a deletion decision."
"artifacts/h24-release-force/oceancube.Rcheck/00_pkg_src/oceancube/man/read_nc.Rd",FALSE,TRUE,TRUE,TRUE,FALSE,FALSE,"not-scanned","no filename evidence; content not exhaustively inspected",FALSE,"relocate","not tracked; ignored; type=artifact; size_bytes=935","No credentials were printed. Relocate/review is a proposal, not a deletion decision."
"artifacts/h24-release-force/oceancube.Rcheck/00_pkg_src/oceancube/man/signal_noise.Rd",FALSE,TRUE,TRUE,TRUE,FALSE,FALSE,"not-scanned","no filename evidence; content not exhaustively inspected",FALSE,"relocate","not tracked; ignored; type=artifact; size_bytes=587","No credentials were printed. Relocate/review is a proposal, not a deletion decision."
"artifacts/h24-release-force/oceancube.Rcheck/00_pkg_src/oceancube/man/stock_mask.Rd",FALSE,TRUE,TRUE,TRUE,FALSE,FALSE,"not-scanned","no filename evidence; content not exhaustively inspected",FALSE,"relocate","not tracked; ignored; type=artifact; size_bytes=667","No credentials were printed. Relocate/review is a proposal, not a deletion decision."
"artifacts/h24-release-force/oceancube.Rcheck/00_pkg_src/oceancube/man/to_month.Rd",FALSE,TRUE,TRUE,TRUE,FALSE,FALSE,"not-scanned","no filename evidence; content not exhaustively inspected",FALSE,"relocate","not tracked; ignored; type=artifact; size_bytes=448","No credentials were printed. Relocate/review is a proposal, not a deletion decision."
"artifacts/h24-release-force/oceancube.Rcheck/00_pkg_src/oceancube/NAMESPACE",FALSE,TRUE,TRUE,TRUE,FALSE,FALSE,"not-scanned","no filename evidence; content not exhaustively inspected",FALSE,"relocate","not tracked; ignored; type=metadata; size_bytes=696","No credentials were printed. Relocate/review is a proposal, not a deletion decision."
"artifacts/h24-release-force/oceancube.Rcheck/00_pkg_src/oceancube/NEWS.md",FALSE,TRUE,TRUE,TRUE,FALSE,FALSE,"not-scanned","no filename evidence; content not exhaustively inspected",FALSE,"relocate","not tracked; ignored; type=documentation; size_bytes=1673","No credentials were printed. Relocate/review is a proposal, not a deletion decision."
"artifacts/h24-release-force/oceancube.Rcheck/00_pkg_src/oceancube/R/annual_index.R",FALSE,TRUE,TRUE,TRUE,FALSE,FALSE,"not-scanned","no filename evidence; content not exhaustively inspected",FALSE,"relocate","not tracked; ignored; type=artifact; size_bytes=2148","No credentials were printed. Relocate/review is a proposal, not a deletion decision."
"artifacts/h24-release-force/oceancube.Rcheck/00_pkg_src/oceancube/R/anom_diff.R",FALSE,TRUE,TRUE,TRUE,FALSE,FALSE,"not-scanned","no filename evidence; content not exhaustively inspected",FALSE,"relocate","not tracked; ignored; type=artifact; size_bytes=4308","No credentials were printed. Relocate/review is a proposal, not a deletion decision."
"artifacts/h24-release-force/oceancube.Rcheck/00_pkg_src/oceancube/R/backend-index.R",FALSE,TRUE,TRUE,TRUE,FALSE,FALSE,"not-scanned","no filename evidence; content not exhaustively inspected",FALSE,"relocate","not tracked; ignored; type=artifact; size_bytes=4541","No credentials were printed. Relocate/review is a proposal, not a deletion decision."
"artifacts/h24-release-force/oceancube.Rcheck/00_pkg_src/oceancube/R/backend-memory.R",FALSE,TRUE,TRUE,TRUE,FALSE,FALSE,"not-scanned","no filename evidence; content not exhaustively inspected",FALSE,"relocate","not tracked; ignored; type=artifact; size_bytes=13568","No credentials were printed. Relocate/review is a proposal, not a deletion decision."
"artifacts/h24-release-force/oceancube.Rcheck/00_pkg_src/oceancube/R/backend-netcdf.R",FALSE,TRUE,TRUE,TRUE,FALSE,FALSE,"not-scanned","no filename evidence; content not exhaustively inspected",FALSE,"relocate","not tracked; ignored; type=artifact; size_bytes=47164","No credentials were printed. Relocate/review is a proposal, not a deletion decision."
"artifacts/h24-release-force/oceancube.Rcheck/00_pkg_src/oceancube/R/clim_day.R",FALSE,TRUE,TRUE,TRUE,FALSE,FALSE,"not-scanned","no filename evidence; content not exhaustively inspected",FALSE,"relocate","not tracked; ignored; type=artifact; size_bytes=4446","No credentials were printed. Relocate/review is a proposal, not a deletion decision."
"artifacts/h24-release-force/oceancube.Rcheck/00_pkg_src/oceancube/R/clim_month.R",FALSE,TRUE,TRUE,TRUE,FALSE,FALSE,"not-scanned","no filename evidence; content not exhaustively inspected",FALSE,"relocate","not tracked; ignored; type=artifact; size_bytes=1956","No credentials were printed. Relocate/review is a proposal, not a deletion decision."
"artifacts/h24-release-force/oceancube.Rcheck/00_pkg_src/oceancube/R/cm_setup.R",FALSE,TRUE,TRUE,TRUE,FALSE,FALSE,"not-scanned","no filename evidence; content not exhaustively inspected",FALSE,"relocate","not tracked; ignored; type=artifact; size_bytes=2382","No credentials were printed. Relocate/review is a proposal, not a deletion decision."
"artifacts/h24-release-force/oceancube.Rcheck/00_pkg_src/oceancube/R/coast_dist.R",FALSE,TRUE,TRUE,TRUE,FALSE,FALSE,"not-scanned","no filename evidence; content not exhaustively inspected",FALSE,"relocate","not tracked; ignored; type=artifact; size_bytes=1281","No credentials were printed. Relocate/review is a proposal, not a deletion decision."
"artifacts/h24-release-force/oceancube.Rcheck/00_pkg_src/oceancube/R/cube_collect.R",FALSE,TRUE,TRUE,TRUE,FALSE,FALSE,"not-scanned","no filename evidence; content not exhaustively inspected",FALSE,"relocate","not tracked; ignored; type=artifact; size_bytes=2903","No credentials were printed. Relocate/review is a proposal, not a deletion decision."
"artifacts/h24-release-force/oceancube.Rcheck/00_pkg_src/oceancube/R/cube_crop.R",FALSE,TRUE,TRUE,TRUE,FALSE,FALSE,"not-scanned","no filename evidence; content not exhaustively inspected",FALSE,"relocate","not tracked; ignored; type=artifact; size_bytes=14813","No credentials were printed. Relocate/review is a proposal, not a deletion decision."
"artifacts/h24-release-force/oceancube.Rcheck/00_pkg_src/oceancube/R/cube_extract.R",FALSE,TRUE,TRUE,TRUE,FALSE,FALSE,"not-scanned","no filename evidence; content not exhaustively inspected",FALSE,"relocate","not tracked; ignored; type=artifact; size_bytes=16455","No credentials were printed. Relocate/review is a proposal, not a deletion decision."
"artifacts/h24-release-force/oceancube.Rcheck/00_pkg_src/oceancube/R/cube_grid_geometry.R",FALSE,TRUE,TRUE,TRUE,FALSE,FALSE,"not-scanned","no filename evidence; content not exhaustively inspected",FALSE,"relocate","not tracked; ignored; type=artifact; size_bytes=14742","No credentials were printed. Relocate/review is a proposal, not a deletion decision."
"artifacts/h24-release-force/oceancube.Rcheck/00_pkg_src/oceancube/R/cube_mask.R",FALSE,TRUE,TRUE,TRUE,FALSE,FALSE,"not-scanned","no filename evidence; content not exhaustively inspected",FALSE,"relocate","not tracked; ignored; type=artifact; size_bytes=19063","No credentials were printed. Relocate/review is a proposal, not a deletion decision."
"artifacts/h24-release-force/oceancube.Rcheck/00_pkg_src/oceancube/R/cube_polygon_weights.R",FALSE,TRUE,TRUE,TRUE,FALSE,FALSE,"not-scanned","no filename evidence; content not exhaustively inspected",FALSE,"relocate","not tracked; ignored; type=artifact; size_bytes=11525","No credentials were printed. Relocate/review is a proposal, not a deletion decision."
"artifacts/h24-release-force/oceancube.Rcheck/00_pkg_src/oceancube/R/cube_slice.R",FALSE,TRUE,TRUE,TRUE,FALSE,FALSE,"not-scanned","no filename evidence; content not exhaustively inspected",FALSE,"relocate","not tracked; ignored; type=artifact; size_bytes=19400","No credentials were printed. Relocate/review is a proposal, not a deletion decision."
"artifacts/h24-release-force/oceancube.Rcheck/00_pkg_src/oceancube/R/cube_transect.R",FALSE,TRUE,TRUE,TRUE,FALSE,FALSE,"not-scanned","no filename evidence; content not exhaustively inspected",FALSE,"relocate","not tracked; ignored; type=artifact; size_bytes=19588","No credentials were printed. Relocate/review is a proposal, not a deletion decision."
"artifacts/h24-release-force/oceancube.Rcheck/00_pkg_src/oceancube/R/download_nc.R",FALSE,TRUE,TRUE,TRUE,FALSE,FALSE,"not-scanned","no filename evidence; content not exhaustively inspected",FALSE,"relocate","not tracked; ignored; type=artifact; size_bytes=3417","No credentials were printed. Relocate/review is a proposal, not a deletion decision."
"artifacts/h24-release-force/oceancube.Rcheck/00_pkg_src/oceancube/R/layer_mean.R",FALSE,TRUE,TRUE,TRUE,FALSE,FALSE,"not-scanned","no filename evidence; content not exhaustively inspected",FALSE,"relocate","not tracked; ignored; type=artifact; size_bytes=2025","No credentials were printed. Relocate/review is a proposal, not a deletion decision."
"artifacts/h24-release-force/oceancube.Rcheck/00_pkg_src/oceancube/R/link_events.R",FALSE,TRUE,TRUE,TRUE,FALSE,FALSE,"not-scanned","no filename evidence; content not exhaustively inspected",FALSE,"relocate","not tracked; ignored; type=artifact; size_bytes=5403","No credentials were printed. Relocate/review is a proposal, not a deletion decision."
"artifacts/h24-release-force/oceancube.Rcheck/00_pkg_src/oceancube/R/ocean_cube.R",FALSE,TRUE,TRUE,TRUE,FALSE,FALSE,"not-scanned","no filename evidence; content not exhaustively inspected",FALSE,"relocate","not tracked; ignored; type=artifact; size_bytes=7861","No credentials were printed. Relocate/review is a proposal, not a deletion decision."
"artifacts/h24-release-force/oceancube.Rcheck/00_pkg_src/oceancube/R/read_nc.R",FALSE,TRUE,TRUE,TRUE,FALSE,FALSE,"not-scanned","no filename evidence; content not exhaustively inspected",FALSE,"relocate","not tracked; ignored; type=artifact; size_bytes=4002","No credentials were printed. Relocate/review is a proposal, not a deletion decision."
"artifacts/h24-release-force/oceancube.Rcheck/00_pkg_src/oceancube/R/stock_mask.R",FALSE,TRUE,TRUE,TRUE,FALSE,FALSE,"not-scanned","no filename evidence; content not exhaustively inspected",FALSE,"relocate","not tracked; ignored; type=artifact; size_bytes=3301","No credentials were printed. Relocate/review is a proposal, not a deletion decision."
"artifacts/h24-release-force/oceancube.Rcheck/00_pkg_src/oceancube/R/to_month.R",FALSE,TRUE,TRUE,TRUE,FALSE,FALSE,"not-scanned","no filename evidence; content not exhaustively inspected",FALSE,"relocate","not tracked; ignored; type=artifact; size_bytes=1174","No credentials were printed. Relocate/review is a proposal, not a deletion decision."
"artifacts/h24-release-force/oceancube.Rcheck/00_pkg_src/oceancube/R/utils-internal.R",FALSE,TRUE,TRUE,TRUE,FALSE,FALSE,"not-scanned","no filename evidence; content not exhaustively inspected",FALSE,"relocate","not tracked; ignored; type=artifact; size_bytes=12752","No credentials were printed. Relocate/review is a proposal, not a deletion decision."
"artifacts/h24-release-force/oceancube.Rcheck/00_pkg_src/oceancube/README.md",FALSE,TRUE,TRUE,TRUE,FALSE,FALSE,"not-scanned","no filename evidence; content not exhaustively inspected",FALSE,"relocate","not tracked; ignored; type=documentation; size_bytes=3922","No credentials were printed. Relocate/review is a proposal, not a deletion decision."
"artifacts/h24-release-force/oceancube.Rcheck/00_pkg_src/oceancube/README.Rmd",FALSE,TRUE,TRUE,TRUE,FALSE,FALSE,"not-scanned","no filename evidence; content not exhaustively inspected",FALSE,"relocate","not tracked; ignored; type=documentation; size_bytes=3953","No credentials were printed. Relocate/review is a proposal, not a deletion decision."
"artifacts/h24-release-force/oceancube.Rcheck/00_pkg_src/oceancube/tests/testthat.R",FALSE,TRUE,TRUE,TRUE,FALSE,FALSE,"not-scanned","no filename evidence; content not exhaustively inspected",FALSE,"relocate","not tracked; ignored; type=artifact; size_bytes=62","No credentials were printed. Relocate/review is a proposal, not a deletion decision."
"artifacts/h24-release-force/oceancube.Rcheck/00_pkg_src/oceancube/tests/testthat/helper-architecture.R",FALSE,TRUE,TRUE,TRUE,FALSE,FALSE,"not-scanned","no filename evidence; content not exhaustively inspected",FALSE,"relocate","not tracked; ignored; type=artifact; size_bytes=2086","No credentials were printed. Relocate/review is a proposal, not a deletion decision."
"artifacts/h24-release-force/oceancube.Rcheck/00_pkg_src/oceancube/tests/testthat/helper-baseline-cube.R",FALSE,TRUE,TRUE,TRUE,FALSE,FALSE,"not-scanned","no filename evidence; content not exhaustively inspected",FALSE,"relocate","not tracked; ignored; type=artifact; size_bytes=1544","No credentials were printed. Relocate/review is a proposal, not a deletion decision."
"artifacts/h24-release-force/oceancube.Rcheck/00_pkg_src/oceancube/tests/testthat/helper-geometry.R",FALSE,TRUE,TRUE,TRUE,FALSE,FALSE,"not-scanned","no filename evidence; content not exhaustively inspected",FALSE,"relocate","not tracked; ignored; type=artifact; size_bytes=502","No credentials were printed. Relocate/review is a proposal, not a deletion decision."
"artifacts/h24-release-force/oceancube.Rcheck/00_pkg_src/oceancube/tests/testthat/helper-netcdf-backend.R",FALSE,TRUE,TRUE,TRUE,FALSE,FALSE,"not-scanned","no filename evidence; content not exhaustively inspected",FALSE,"relocate","not tracked; ignored; type=artifact; size_bytes=8204","No credentials were printed. Relocate/review is a proposal, not a deletion decision."
"artifacts/h24-release-force/oceancube.Rcheck/00_pkg_src/oceancube/tests/testthat/test-backend-memory.R",FALSE,TRUE,TRUE,TRUE,FALSE,FALSE,"not-scanned","no filename evidence; content not exhaustively inspected",FALSE,"relocate","not tracked; ignored; type=artifact; size_bytes=10966","No credentials were printed. Relocate/review is a proposal, not a deletion decision."
"artifacts/h24-release-force/oceancube.Rcheck/00_pkg_src/oceancube/tests/testthat/test-backend-netcdf-descriptor.R",FALSE,TRUE,TRUE,TRUE,FALSE,FALSE,"not-scanned","no filename evidence; content not exhaustively inspected",FALSE,"relocate","not tracked; ignored; type=artifact; size_bytes=18223","No credentials were printed. Relocate/review is a proposal, not a deletion decision."
"artifacts/h24-release-force/oceancube.Rcheck/00_pkg_src/oceancube/tests/testthat/test-backend-netcdf-noncontiguous.R",FALSE,TRUE,TRUE,TRUE,FALSE,FALSE,"not-scanned","no filename evidence; content not exhaustively inspected",FALSE,"relocate","not tracked; ignored; type=artifact; size_bytes=10764","No credentials were printed. Relocate/review is a proposal, not a deletion decision."
"artifacts/h24-release-force/oceancube.Rcheck/00_pkg_src/oceancube/tests/testthat/test-backend-netcdf-read-block.R",FALSE,TRUE,TRUE,TRUE,FALSE,FALSE,"not-scanned","no filename evidence; content not exhaustively inspected",FALSE,"relocate","not tracked; ignored; type=artifact; size_bytes=17998","No credentials were printed. Relocate/review is a proposal, not a deletion decision."
"artifacts/h24-release-force/oceancube.Rcheck/00_pkg_src/oceancube/tests/testthat/test-clim-anom.R",FALSE,TRUE,TRUE,TRUE,FALSE,FALSE,"not-scanned","no filename evidence; content not exhaustively inspected",FALSE,"relocate","not tracked; ignored; type=artifact; size_bytes=1091","No credentials were printed. Relocate/review is a proposal, not a deletion decision."
"artifacts/h24-release-force/oceancube.Rcheck/00_pkg_src/oceancube/tests/testthat/test-cube-collect.R",FALSE,TRUE,TRUE,TRUE,FALSE,FALSE,"not-scanned","no filename evidence; content not exhaustively inspected",FALSE,"relocate","not tracked; ignored; type=artifact; size_bytes=7458","No credentials were printed. Relocate/review is a proposal, not a deletion decision."
"artifacts/h24-release-force/oceancube.Rcheck/00_pkg_src/oceancube/tests/testthat/test-cube-crop.R",FALSE,TRUE,TRUE,TRUE,FALSE,FALSE,"not-scanned","no filename evidence; content not exhaustively inspected",FALSE,"relocate","not tracked; ignored; type=artifact; size_bytes=23828","No credentials were printed. Relocate/review is a proposal, not a deletion decision."
"artifacts/h24-release-force/oceancube.Rcheck/00_pkg_src/oceancube/tests/testthat/test-cube-extract.R",FALSE,TRUE,TRUE,TRUE,FALSE,FALSE,"not-scanned","no filename evidence; content not exhaustively inspected",FALSE,"relocate","not tracked; ignored; type=artifact; size_bytes=29027","No credentials were printed. Relocate/review is a proposal, not a deletion decision."
"artifacts/h24-release-force/oceancube.Rcheck/00_pkg_src/oceancube/tests/testthat/test-cube-grid-geometry.R",FALSE,TRUE,TRUE,TRUE,FALSE,FALSE,"not-scanned","no filename evidence; content not exhaustively inspected",FALSE,"relocate","not tracked; ignored; type=artifact; size_bytes=8641","No credentials were printed. Relocate/review is a proposal, not a deletion decision."
"artifacts/h24-release-force/oceancube.Rcheck/00_pkg_src/oceancube/tests/testthat/test-cube-mask.R",FALSE,TRUE,TRUE,TRUE,FALSE,FALSE,"not-scanned","no filename evidence; content not exhaustively inspected",FALSE,"relocate","not tracked; ignored; type=artifact; size_bytes=11117","No credentials were printed. Relocate/review is a proposal, not a deletion decision."
"artifacts/h24-release-force/oceancube.Rcheck/00_pkg_src/oceancube/tests/testthat/test-cube-polygon-weights.R",FALSE,TRUE,TRUE,TRUE,FALSE,FALSE,"not-scanned","no filename evidence; content not exhaustively inspected",FALSE,"relocate","not tracked; ignored; type=artifact; size_bytes=12292","No credentials were printed. Relocate/review is a proposal, not a deletion decision."
"artifacts/h24-release-force/oceancube.Rcheck/00_pkg_src/oceancube/tests/testthat/test-cube-slice.R",FALSE,TRUE,TRUE,TRUE,FALSE,FALSE,"not-scanned","no filename evidence; content not exhaustively inspected",FALSE,"relocate","not tracked; ignored; type=artifact; size_bytes=22898","No credentials were printed. Relocate/review is a proposal, not a deletion decision."
"artifacts/h24-release-force/oceancube.Rcheck/00_pkg_src/oceancube/tests/testthat/test-cube-transect.R",FALSE,TRUE,TRUE,TRUE,FALSE,FALSE,"not-scanned","no filename evidence; content not exhaustively inspected",FALSE,"relocate","not tracked; ignored; type=artifact; size_bytes=10124","No credentials were printed. Relocate/review is a proposal, not a deletion decision."
"artifacts/h24-release-force/oceancube.Rcheck/00_pkg_src/oceancube/tests/testthat/test-daily-link.R",FALSE,TRUE,TRUE,TRUE,FALSE,FALSE,"not-scanned","no filename evidence; content not exhaustively inspected",FALSE,"relocate","not tracked; ignored; type=artifact; size_bytes=1500","No credentials were printed. Relocate/review is a proposal, not a deletion decision."
"artifacts/h24-release-force/oceancube.Rcheck/00_pkg_src/oceancube/tests/testthat/test-layer-time-mask.R",FALSE,TRUE,TRUE,TRUE,FALSE,FALSE,"not-scanned","no filename evidence; content not exhaustively inspected",FALSE,"relocate","not tracked; ignored; type=artifact; size_bytes=1451","No credentials were printed. Relocate/review is a proposal, not a deletion decision."
"artifacts/h24-release-force/oceancube.Rcheck/00_pkg_src/oceancube/tests/testthat/test-no-direct-data-access.R",FALSE,TRUE,TRUE,TRUE,FALSE,FALSE,"not-scanned","no filename evidence; content not exhaustively inspected",FALSE,"relocate","not tracked; ignored; type=artifact; size_bytes=1912","No credentials were printed. Relocate/review is a proposal, not a deletion decision."
"artifacts/h24-release-force/oceancube.Rcheck/00_pkg_src/oceancube/tests/testthat/test-ocean-cube-baseline.R",FALSE,TRUE,TRUE,TRUE,FALSE,FALSE,"not-scanned","no filename evidence; content not exhaustively inspected",FALSE,"relocate","not tracked; ignored; type=artifact; size_bytes=3603","No credentials were printed. Relocate/review is a proposal, not a deletion decision."
"artifacts/h24-release-force/oceancube.Rcheck/00_pkg_src/oceancube/tests/testthat/test-ocean-cube-contract.R",FALSE,TRUE,TRUE,TRUE,FALSE,FALSE,"not-scanned","no filename evidence; content not exhaustively inspected",FALSE,"relocate","not tracked; ignored; type=artifact; size_bytes=10419","No credentials were printed. Relocate/review is a proposal, not a deletion decision."
"artifacts/h24-release-force/oceancube.Rcheck/00_pkg_src/oceancube/tests/testthat/test-ocean-cube.R",FALSE,TRUE,TRUE,TRUE,FALSE,FALSE,"not-scanned","no filename evidence; content not exhaustively inspected",FALSE,"relocate","not tracked; ignored; type=artifact; size_bytes=836","No credentials were printed. Relocate/review is a proposal, not a deletion decision."
"artifacts/h24-release-force/oceancube.Rcheck/00_pkg_src/oceancube/tests/testthat/test-package-boundary-spatind.R",FALSE,TRUE,TRUE,TRUE,FALSE,FALSE,"not-scanned","no filename evidence; content not exhaustively inspected",FALSE,"relocate","not tracked; ignored; type=artifact; size_bytes=1584","No credentials were printed. Relocate/review is a proposal, not a deletion decision."
"artifacts/h24-release-force/oceancube.Rcheck/00_pkg_src/oceancube/tests/testthat/test-read-nc-baseline.R",FALSE,TRUE,TRUE,TRUE,FALSE,FALSE,"not-scanned","no filename evidence; content not exhaustively inspected",FALSE,"relocate","not tracked; ignored; type=artifact; size_bytes=3478","No credentials were printed. Relocate/review is a proposal, not a deletion decision."
"artifacts/h24-release-force/oceancube.Rcheck/00_pkg_src/oceancube/tests/testthat/test-refactor-coast-dist-backend.R",FALSE,TRUE,TRUE,TRUE,FALSE,FALSE,"not-scanned","no filename evidence; content not exhaustively inspected",FALSE,"relocate","not tracked; ignored; type=artifact; size_bytes=9486","No credentials were printed. Relocate/review is a proposal, not a deletion decision."
"artifacts/h24-release-force/oceancube.Rcheck/00_pkg_src/oceancube/tests/testthat/test-refactor-layer-annual-backend.R",FALSE,TRUE,TRUE,TRUE,FALSE,FALSE,"not-scanned","no filename evidence; content not exhaustively inspected",FALSE,"relocate","not tracked; ignored; type=artifact; size_bytes=10782","No credentials were printed. Relocate/review is a proposal, not a deletion decision."
"artifacts/h24-release-force/oceancube.Rcheck/00_pkg_src/oceancube/tests/testthat/test-refactor-link-events-backend.R",FALSE,TRUE,TRUE,TRUE,FALSE,FALSE,"not-scanned","no filename evidence; content not exhaustively inspected",FALSE,"relocate","not tracked; ignored; type=artifact; size_bytes=17309","No credentials were printed. Relocate/review is a proposal, not a deletion decision."
"artifacts/h24-release-force/oceancube.Rcheck/00_pkg_src/oceancube/tests/testthat/test-refactor-temporal-backend.R",FALSE,TRUE,TRUE,TRUE,FALSE,FALSE,"not-scanned","no filename evidence; content not exhaustively inspected",FALSE,"relocate","not tracked; ignored; type=artifact; size_bytes=11299","No credentials were printed. Relocate/review is a proposal, not a deletion decision."
"artifacts/h24-release-force/oceancube.Rcheck/00_pkg_src/oceancube/tests/testthat/test-release-contract.R",FALSE,TRUE,TRUE,TRUE,FALSE,FALSE,"not-scanned","no filename evidence; content not exhaustively inspected",FALSE,"relocate","not tracked; ignored; type=artifact; size_bytes=4608","No credentials were printed. Relocate/review is a proposal, not a deletion decision."
"artifacts/h24-release-force/oceancube.Rcheck/00_pkg_src/oceancube/tests/testthat/test-scientific-baseline.R",FALSE,TRUE,TRUE,TRUE,FALSE,FALSE,"not-scanned","no filename evidence; content not exhaustively inspected",FALSE,"relocate","not tracked; ignored; type=artifact; size_bytes=4598","No credentials were printed. Relocate/review is a proposal, not a deletion decision."
"artifacts/h24-release-force/oceancube.Rcheck/00_pkg_src/oceancube/vignettes/get-started.Rmd",FALSE,TRUE,TRUE,TRUE,FALSE,FALSE,"not-scanned","no filename evidence; content not exhaustively inspected",FALSE,"relocate","not tracked; ignored; type=artifact; size_bytes=737","No credentials were printed. Relocate/review is a proposal, not a deletion decision."
"artifacts/h24-release-force/oceancube.Rcheck/00_pkg_src/oceancube/vignettes/oceancube-architecture.Rmd",FALSE,TRUE,TRUE,TRUE,FALSE,FALSE,"not-scanned","no filename evidence; content not exhaustively inspected",FALSE,"relocate","not tracked; ignored; type=artifact; size_bytes=2553","No credentials were printed. Relocate/review is a proposal, not a deletion decision."
"artifacts/h24-release-force/oceancube.Rcheck/00_pkg_src/oceancube/vignettes/oceancube-geometry-weights.Rmd",FALSE,TRUE,TRUE,TRUE,FALSE,FALSE,"not-scanned","no filename evidence; content not exhaustively inspected",FALSE,"relocate","not tracked; ignored; type=artifact; size_bytes=2215","No credentials were printed. Relocate/review is a proposal, not a deletion decision."
"artifacts/h24-release-force/oceancube.Rcheck/00_pkg_src/oceancube/vignettes/oceancube-introduction.Rmd",FALSE,TRUE,TRUE,TRUE,FALSE,FALSE,"not-scanned","no filename evidence; content not exhaustively inspected",FALSE,"relocate","not tracked; ignored; type=artifact; size_bytes=3404","No credentials were printed. Relocate/review is a proposal, not a deletion decision."
"artifacts/h24-release-force/oceancube.Rcheck/00check.log",FALSE,TRUE,TRUE,TRUE,FALSE,FALSE,"not-scanned","no filename evidence; content not exhaustively inspected",FALSE,"relocate","not tracked; ignored; type=artifact; size_bytes=2778","No credentials were printed. Relocate/review is a proposal, not a deletion decision."
"artifacts/h24-release-force/oceancube.Rcheck/00install.out",FALSE,TRUE,TRUE,TRUE,FALSE,FALSE,"not-scanned","no filename evidence; content not exhaustively inspected",FALSE,"relocate","not tracked; ignored; type=artifact; size_bytes=475","No credentials were printed. Relocate/review is a proposal, not a deletion decision."
"artifacts/h24-release-force/oceancube.Rcheck/oceancube-Ex.pdf",FALSE,TRUE,TRUE,TRUE,FALSE,FALSE,"not-scanned","no filename evidence; content not exhaustively inspected",FALSE,"relocate","not tracked; ignored; type=artifact; size_bytes=3611","No credentials were printed. Relocate/review is a proposal, not a deletion decision."
"artifacts/h24-release-force/oceancube.Rcheck/oceancube-Ex.R",FALSE,TRUE,TRUE,TRUE,FALSE,FALSE,"not-scanned","no filename evidence; content not exhaustively inspected",FALSE,"relocate","not tracked; ignored; type=artifact; size_bytes=5011","No credentials were printed. Relocate/review is a proposal, not a deletion decision."
"artifacts/h24-release-force/oceancube.Rcheck/oceancube-Ex.Rout",FALSE,TRUE,TRUE,TRUE,FALSE,FALSE,"not-scanned","no filename evidence; content not exhaustively inspected",FALSE,"relocate","not tracked; ignored; type=artifact; size_bytes=9911","No credentials were printed. Relocate/review is a proposal, not a deletion decision."
"artifacts/h24-release-force/oceancube.Rcheck/oceancube/architecture/oceancube-spatind-boundary.md",FALSE,TRUE,TRUE,TRUE,FALSE,FALSE,"not-scanned","no filename evidence; content not exhaustively inspected",FALSE,"relocate","not tracked; ignored; type=artifact; size_bytes=5299","No credentials were printed. Relocate/review is a proposal, not a deletion decision."
"artifacts/h24-release-force/oceancube.Rcheck/oceancube/CITATION",FALSE,TRUE,TRUE,TRUE,FALSE,FALSE,"not-scanned","no filename evidence; content not exhaustively inspected",FALSE,"relocate","not tracked; ignored; type=metadata; size_bytes=116","No credentials were printed. Relocate/review is a proposal, not a deletion decision."
"artifacts/h24-release-force/oceancube.Rcheck/oceancube/DESCRIPTION",FALSE,TRUE,TRUE,TRUE,FALSE,FALSE,"not-scanned","no filename evidence; content not exhaustively inspected",FALSE,"relocate","not tracked; ignored; type=metadata; size_bytes=1298","No credentials were printed. Relocate/review is a proposal, not a deletion decision."
"artifacts/h24-release-force/oceancube.Rcheck/oceancube/doc/get-started.html",FALSE,TRUE,TRUE,TRUE,FALSE,FALSE,"not-scanned","no filename evidence; content not exhaustively inspected",FALSE,"relocate","not tracked; ignored; type=website; size_bytes=11230","No credentials were printed. Relocate/review is a proposal, not a deletion decision."
"artifacts/h24-release-force/oceancube.Rcheck/oceancube/doc/get-started.R",FALSE,TRUE,TRUE,TRUE,FALSE,FALSE,"not-scanned","no filename evidence; content not exhaustively inspected",FALSE,"relocate","not tracked; ignored; type=artifact; size_bytes=341","No credentials were printed. Relocate/review is a proposal, not a deletion decision."
"artifacts/h24-release-force/oceancube.Rcheck/oceancube/doc/get-started.Rmd",FALSE,TRUE,TRUE,TRUE,FALSE,FALSE,"not-scanned","no filename evidence; content not exhaustively inspected",FALSE,"relocate","not tracked; ignored; type=artifact; size_bytes=737","No credentials were printed. Relocate/review is a proposal, not a deletion decision."
"artifacts/h24-release-force/oceancube.Rcheck/oceancube/doc/index.html",FALSE,TRUE,TRUE,TRUE,FALSE,FALSE,"not-scanned","no filename evidence; content not exhaustively inspected",FALSE,"relocate","not tracked; ignored; type=website; size_bytes=3354","No credentials were printed. Relocate/review is a proposal, not a deletion decision."
"artifacts/h24-release-force/oceancube.Rcheck/oceancube/doc/oceancube-architecture.html",FALSE,TRUE,TRUE,TRUE,FALSE,FALSE,"not-scanned","no filename evidence; content not exhaustively inspected",FALSE,"relocate","not tracked; ignored; type=website; size_bytes=13532","No credentials were printed. Relocate/review is a proposal, not a deletion decision."
"artifacts/h24-release-force/oceancube.Rcheck/oceancube/doc/oceancube-architecture.R",FALSE,TRUE,TRUE,TRUE,FALSE,FALSE,"not-scanned","no filename evidence; content not exhaustively inspected",FALSE,"relocate","not tracked; ignored; type=artifact; size_bytes=369","No credentials were printed. Relocate/review is a proposal, not a deletion decision."
"artifacts/h24-release-force/oceancube.Rcheck/oceancube/doc/oceancube-architecture.Rmd",FALSE,TRUE,TRUE,TRUE,FALSE,FALSE,"not-scanned","no filename evidence; content not exhaustively inspected",FALSE,"relocate","not tracked; ignored; type=artifact; size_bytes=2553","No credentials were printed. Relocate/review is a proposal, not a deletion decision."
"artifacts/h24-release-force/oceancube.Rcheck/oceancube/doc/oceancube-geometry-weights.html",FALSE,TRUE,TRUE,TRUE,FALSE,FALSE,"not-scanned","no filename evidence; content not exhaustively inspected",FALSE,"relocate","not tracked; ignored; type=website; size_bytes=23626","No credentials were printed. Relocate/review is a proposal, not a deletion decision."
"artifacts/h24-release-force/oceancube.Rcheck/oceancube/doc/oceancube-geometry-weights.R",FALSE,TRUE,TRUE,TRUE,FALSE,FALSE,"not-scanned","no filename evidence; content not exhaustively inspected",FALSE,"relocate","not tracked; ignored; type=artifact; size_bytes=1279","No credentials were printed. Relocate/review is a proposal, not a deletion decision."
"artifacts/h24-release-force/oceancube.Rcheck/oceancube/doc/oceancube-geometry-weights.Rmd",FALSE,TRUE,TRUE,TRUE,FALSE,FALSE,"not-scanned","no filename evidence; content not exhaustively inspected",FALSE,"relocate","not tracked; ignored; type=artifact; size_bytes=2215","No credentials were printed. Relocate/review is a proposal, not a deletion decision."
"artifacts/h24-release-force/oceancube.Rcheck/oceancube/doc/oceancube-introduction.html",FALSE,TRUE,TRUE,TRUE,FALSE,FALSE,"not-scanned","no filename evidence; content not exhaustively inspected",FALSE,"relocate","not tracked; ignored; type=website; size_bytes=24863","No credentials were printed. Relocate/review is a proposal, not a deletion decision."
"artifacts/h24-release-force/oceancube.Rcheck/oceancube/doc/oceancube-introduction.R",FALSE,TRUE,TRUE,TRUE,FALSE,FALSE,"not-scanned","no filename evidence; content not exhaustively inspected",FALSE,"relocate","not tracked; ignored; type=artifact; size_bytes=1818","No credentials were printed. Relocate/review is a proposal, not a deletion decision."
"artifacts/h24-release-force/oceancube.Rcheck/oceancube/doc/oceancube-introduction.Rmd",FALSE,TRUE,TRUE,TRUE,FALSE,FALSE,"not-scanned","no filename evidence; content not exhaustively inspected",FALSE,"relocate","not tracked; ignored; type=artifact; size_bytes=3404","No credentials were printed. Relocate/review is a proposal, not a deletion decision."
"artifacts/h24-release-force/oceancube.Rcheck/oceancube/examples/backend_memory.R",FALSE,TRUE,TRUE,TRUE,FALSE,FALSE,"not-scanned","no filename evidence; content not exhaustively inspected",FALSE,"relocate","not tracked; ignored; type=artifact; size_bytes=3995","No credentials were printed. Relocate/review is a proposal, not a deletion decision."
"artifacts/h24-release-force/oceancube.Rcheck/oceancube/examples/backend_netcdf_descriptor.R",FALSE,TRUE,TRUE,TRUE,FALSE,FALSE,"not-scanned","no filename evidence; content not exhaustively inspected",FALSE,"relocate","not tracked; ignored; type=artifact; size_bytes=5112","No credentials were printed. Relocate/review is a proposal, not a deletion decision."
"artifacts/h24-release-force/oceancube.Rcheck/oceancube/examples/backend_netcdf_read_block.R",FALSE,TRUE,TRUE,TRUE,FALSE,FALSE,"not-scanned","no filename evidence; content not exhaustively inspected",FALSE,"relocate","not tracked; ignored; type=artifact; size_bytes=6686","No credentials were printed. Relocate/review is a proposal, not a deletion decision."
"artifacts/h24-release-force/oceancube.Rcheck/oceancube/examples/baseline_ocean_cube.R",FALSE,TRUE,TRUE,TRUE,FALSE,FALSE,"not-scanned","no filename evidence; content not exhaustively inspected",FALSE,"relocate","not tracked; ignored; type=artifact; size_bytes=3704","No credentials were printed. Relocate/review is a proposal, not a deletion decision."
"artifacts/h24-release-force/oceancube.Rcheck/oceancube/examples/cube_crop.R",FALSE,TRUE,TRUE,TRUE,FALSE,FALSE,"not-scanned","no filename evidence; content not exhaustively inspected",FALSE,"relocate","not tracked; ignored; type=artifact; size_bytes=8540","No credentials were printed. Relocate/review is a proposal, not a deletion decision."
"artifacts/h24-release-force/oceancube.Rcheck/oceancube/examples/cube_extract.R",FALSE,TRUE,TRUE,TRUE,FALSE,FALSE,"not-scanned","no filename evidence; content not exhaustively inspected",FALSE,"relocate","not tracked; ignored; type=artifact; size_bytes=7836","No credentials were printed. Relocate/review is a proposal, not a deletion decision."
"artifacts/h24-release-force/oceancube.Rcheck/oceancube/examples/cube_geometry_weights.R",FALSE,TRUE,TRUE,TRUE,FALSE,FALSE,"not-scanned","no filename evidence; content not exhaustively inspected",FALSE,"relocate","not tracked; ignored; type=artifact; size_bytes=4084","No credentials were printed. Relocate/review is a proposal, not a deletion decision."
"artifacts/h24-release-force/oceancube.Rcheck/oceancube/examples/cube_mask.R",FALSE,TRUE,TRUE,TRUE,FALSE,FALSE,"not-scanned","no filename evidence; content not exhaustively inspected",FALSE,"relocate","not tracked; ignored; type=artifact; size_bytes=6852","No credentials were printed. Relocate/review is a proposal, not a deletion decision."
"artifacts/h24-release-force/oceancube.Rcheck/oceancube/examples/cube_slice.R",FALSE,TRUE,TRUE,TRUE,FALSE,FALSE,"not-scanned","no filename evidence; content not exhaustively inspected",FALSE,"relocate","not tracked; ignored; type=artifact; size_bytes=6283","No credentials were printed. Relocate/review is a proposal, not a deletion decision."
"artifacts/h24-release-force/oceancube.Rcheck/oceancube/examples/cube_transect.R",FALSE,TRUE,TRUE,TRUE,FALSE,FALSE,"not-scanned","no filename evidence; content not exhaustively inspected",FALSE,"relocate","not tracked; ignored; type=artifact; size_bytes=7793","No credentials were printed. Relocate/review is a proposal, not a deletion decision."
"artifacts/h24-release-force/oceancube.Rcheck/oceancube/examples/noncontiguous_collect.R",FALSE,TRUE,TRUE,TRUE,FALSE,FALSE,"not-scanned","no filename evidence; content not exhaustively inspected",FALSE,"relocate","not tracked; ignored; type=artifact; size_bytes=3913","No credentials were printed. Relocate/review is a proposal, not a deletion decision."
"artifacts/h24-release-force/oceancube.Rcheck/oceancube/examples/ocean_cube_contract.R",FALSE,TRUE,TRUE,TRUE,FALSE,FALSE,"not-scanned","no filename evidence; content not exhaustively inspected",FALSE,"relocate","not tracked; ignored; type=artifact; size_bytes=4027","No credentials were printed. Relocate/review is a proposal, not a deletion decision."
"artifacts/h24-release-force/oceancube.Rcheck/oceancube/examples/refactor_coast_dist_backend.R",FALSE,TRUE,TRUE,TRUE,FALSE,FALSE,"not-scanned","no filename evidence; content not exhaustively inspected",FALSE,"relocate","not tracked; ignored; type=artifact; size_bytes=4008","No credentials were printed. Relocate/review is a proposal, not a deletion decision."
"artifacts/h24-release-force/oceancube.Rcheck/oceancube/examples/refactor_layer_annual_backend.R",FALSE,TRUE,TRUE,TRUE,FALSE,FALSE,"not-scanned","no filename evidence; content not exhaustively inspected",FALSE,"relocate","not tracked; ignored; type=artifact; size_bytes=3656","No credentials were printed. Relocate/review is a proposal, not a deletion decision."
"artifacts/h24-release-force/oceancube.Rcheck/oceancube/examples/refactor_link_events_backend.R",FALSE,TRUE,TRUE,TRUE,FALSE,FALSE,"not-scanned","no filename evidence; content not exhaustively inspected",FALSE,"relocate","not tracked; ignored; type=artifact; size_bytes=5629","No credentials were printed. Relocate/review is a proposal, not a deletion decision."
"artifacts/h24-release-force/oceancube.Rcheck/oceancube/examples/refactor_temporal_backend.R",FALSE,TRUE,TRUE,TRUE,FALSE,FALSE,"not-scanned","no filename evidence; content not exhaustively inspected",FALSE,"relocate","not tracked; ignored; type=artifact; size_bytes=4304","No credentials were printed. Relocate/review is a proposal, not a deletion decision."
"artifacts/h24-release-force/oceancube.Rcheck/oceancube/help/aliases.rds",FALSE,TRUE,TRUE,TRUE,FALSE,FALSE,"not-scanned","no filename evidence; content not exhaustively inspected",FALSE,"relocate","not tracked; ignored; type=artifact; size_bytes=309","No credentials were printed. Relocate/review is a proposal, not a deletion decision."
"artifacts/h24-release-force/oceancube.Rcheck/oceancube/help/AnIndex",FALSE,TRUE,TRUE,TRUE,FALSE,FALSE,"not-scanned","no filename evidence; content not exhaustively inspected",FALSE,"relocate","not tracked; ignored; type=artifact; size_bytes=675","No credentials were printed. Relocate/review is a proposal, not a deletion decision."
"artifacts/h24-release-force/oceancube.Rcheck/oceancube/help/oceancube.rdb",FALSE,TRUE,TRUE,TRUE,FALSE,FALSE,"not-scanned","no filename evidence; content not exhaustively inspected",FALSE,"relocate","not tracked; ignored; type=artifact; size_bytes=66584","No credentials were printed. Relocate/review is a proposal, not a deletion decision."
"artifacts/h24-release-force/oceancube.Rcheck/oceancube/help/oceancube.rdx",FALSE,TRUE,TRUE,TRUE,FALSE,FALSE,"not-scanned","no filename evidence; content not exhaustively inspected",FALSE,"relocate","not tracked; ignored; type=artifact; size_bytes=766","No credentials were printed. Relocate/review is a proposal, not a deletion decision."
"artifacts/h24-release-force/oceancube.Rcheck/oceancube/help/paths.rds",FALSE,TRUE,TRUE,TRUE,FALSE,FALSE,"not-scanned","no filename evidence; content not exhaustively inspected",FALSE,"relocate","not tracked; ignored; type=artifact; size_bytes=403","No credentials were printed. Relocate/review is a proposal, not a deletion decision."
"artifacts/h24-release-force/oceancube.Rcheck/oceancube/html/00Index.html",FALSE,TRUE,TRUE,TRUE,FALSE,FALSE,"not-scanned","no filename evidence; content not exhaustively inspected",FALSE,"relocate","not tracked; ignored; type=website; size_bytes=4858","No credentials were printed. Relocate/review is a proposal, not a deletion decision."
"artifacts/h24-release-force/oceancube.Rcheck/oceancube/html/R.css",FALSE,TRUE,TRUE,TRUE,FALSE,FALSE,"not-scanned","no filename evidence; content not exhaustively inspected",FALSE,"relocate","not tracked; ignored; type=artifact; size_bytes=1735","No credentials were printed. Relocate/review is a proposal, not a deletion decision."
"artifacts/h24-release-force/oceancube.Rcheck/oceancube/INDEX",FALSE,TRUE,TRUE,TRUE,FALSE,FALSE,"not-scanned","no filename evidence; content not exhaustively inspected",FALSE,"relocate","not tracked; ignored; type=artifact; size_bytes=2119","No credentials were printed. Relocate/review is a proposal, not a deletion decision."
"artifacts/h24-release-force/oceancube.Rcheck/oceancube/LICENSE",FALSE,TRUE,TRUE,TRUE,FALSE,FALSE,"not-scanned","no filename evidence; content not exhaustively inspected",FALSE,"relocate","not tracked; ignored; type=metadata; size_bytes=1082","No credentials were printed. Relocate/review is a proposal, not a deletion decision."
"artifacts/h24-release-force/oceancube.Rcheck/oceancube/Meta/features.rds",FALSE,TRUE,TRUE,TRUE,FALSE,FALSE,"not-scanned","no filename evidence; content not exhaustively inspected",FALSE,"relocate","not tracked; ignored; type=artifact; size_bytes=122","No credentials were printed. Relocate/review is a proposal, not a deletion decision."
"artifacts/h24-release-force/oceancube.Rcheck/oceancube/Meta/hsearch.rds",FALSE,TRUE,TRUE,TRUE,FALSE,FALSE,"not-scanned","no filename evidence; content not exhaustively inspected",FALSE,"relocate","not tracked; ignored; type=artifact; size_bytes=1114","No credentials were printed. Relocate/review is a proposal, not a deletion decision."
"artifacts/h24-release-force/oceancube.Rcheck/oceancube/Meta/links.rds",FALSE,TRUE,TRUE,TRUE,FALSE,FALSE,"not-scanned","no filename evidence; content not exhaustively inspected",FALSE,"relocate","not tracked; ignored; type=artifact; size_bytes=474","No credentials were printed. Relocate/review is a proposal, not a deletion decision."
"artifacts/h24-release-force/oceancube.Rcheck/oceancube/Meta/nsInfo.rds",FALSE,TRUE,TRUE,TRUE,FALSE,FALSE,"not-scanned","no filename evidence; content not exhaustively inspected",FALSE,"relocate","not tracked; ignored; type=artifact; size_bytes=450","No credentials were printed. Relocate/review is a proposal, not a deletion decision."
"artifacts/h24-release-force/oceancube.Rcheck/oceancube/Meta/package.rds",FALSE,TRUE,TRUE,TRUE,FALSE,FALSE,"not-scanned","no filename evidence; content not exhaustively inspected",FALSE,"relocate","not tracked; ignored; type=artifact; size_bytes=1201","No credentials were printed. Relocate/review is a proposal, not a deletion decision."
"artifacts/h24-release-force/oceancube.Rcheck/oceancube/Meta/Rd.rds",FALSE,TRUE,TRUE,TRUE,FALSE,FALSE,"not-scanned","no filename evidence; content not exhaustively inspected",FALSE,"relocate","not tracked; ignored; type=artifact; size_bytes=1225","No credentials were printed. Relocate/review is a proposal, not a deletion decision."
"artifacts/h24-release-force/oceancube.Rcheck/oceancube/Meta/vignette.rds",FALSE,TRUE,TRUE,TRUE,FALSE,FALSE,"not-scanned","no filename evidence; content not exhaustively inspected",FALSE,"relocate","not tracked; ignored; type=artifact; size_bytes=342","No credentials were printed. Relocate/review is a proposal, not a deletion decision."
"artifacts/h24-release-force/oceancube.Rcheck/oceancube/NAMESPACE",FALSE,TRUE,TRUE,TRUE,FALSE,FALSE,"not-scanned","no filename evidence; content not exhaustively inspected",FALSE,"relocate","not tracked; ignored; type=metadata; size_bytes=696","No credentials were printed. Relocate/review is a proposal, not a deletion decision."
"artifacts/h24-release-force/oceancube.Rcheck/oceancube/NEWS.md",FALSE,TRUE,TRUE,TRUE,FALSE,FALSE,"not-scanned","no filename evidence; content not exhaustively inspected",FALSE,"relocate","not tracked; ignored; type=documentation; size_bytes=1673","No credentials were printed. Relocate/review is a proposal, not a deletion decision."
"artifacts/h24-release-force/oceancube.Rcheck/oceancube/R/oceancube",FALSE,TRUE,TRUE,TRUE,FALSE,FALSE,"not-scanned","no filename evidence; content not exhaustively inspected",FALSE,"relocate","not tracked; ignored; type=artifact; size_bytes=1058","No credentials were printed. Relocate/review is a proposal, not a deletion decision."
"artifacts/h24-release-force/oceancube.Rcheck/oceancube/R/oceancube.rdb",FALSE,TRUE,TRUE,TRUE,FALSE,FALSE,"not-scanned","no filename evidence; content not exhaustively inspected",FALSE,"relocate","not tracked; ignored; type=artifact; size_bytes=316414","No credentials were printed. Relocate/review is a proposal, not a deletion decision."
"artifacts/h24-release-force/oceancube.Rcheck/oceancube/R/oceancube.rdx",FALSE,TRUE,TRUE,TRUE,FALSE,FALSE,"not-scanned","no filename evidence; content not exhaustively inspected",FALSE,"relocate","not tracked; ignored; type=artifact; size_bytes=3051","No credentials were printed. Relocate/review is a proposal, not a deletion decision."
"artifacts/h24-release-force/oceancube.Rcheck/tests/startup.Rs",FALSE,TRUE,TRUE,TRUE,FALSE,FALSE,"not-scanned","no filename evidence; content not exhaustively inspected",FALSE,"relocate","not tracked; ignored; type=artifact; size_bytes=131","No credentials were printed. Relocate/review is a proposal, not a deletion decision."
"artifacts/h24-release-force/oceancube.Rcheck/tests/testthat.R",FALSE,TRUE,TRUE,TRUE,FALSE,FALSE,"not-scanned","no filename evidence; content not exhaustively inspected",FALSE,"relocate","not tracked; ignored; type=artifact; size_bytes=62","No credentials were printed. Relocate/review is a proposal, not a deletion decision."
"artifacts/h24-release-force/oceancube.Rcheck/tests/testthat.Rout",FALSE,TRUE,TRUE,TRUE,FALSE,FALSE,"not-scanned","no filename evidence; content not exhaustively inspected",FALSE,"relocate","not tracked; ignored; type=artifact; size_bytes=1636","No credentials were printed. Relocate/review is a proposal, not a deletion decision."
"artifacts/h24-release-force/oceancube.Rcheck/tests/testthat/helper-architecture.R",FALSE,TRUE,TRUE,TRUE,FALSE,FALSE,"not-scanned","no filename evidence; content not exhaustively inspected",FALSE,"relocate","not tracked; ignored; type=artifact; size_bytes=2086","No credentials were printed. Relocate/review is a proposal, not a deletion decision."
"artifacts/h24-release-force/oceancube.Rcheck/tests/testthat/helper-baseline-cube.R",FALSE,TRUE,TRUE,TRUE,FALSE,FALSE,"not-scanned","no filename evidence; content not exhaustively inspected",FALSE,"relocate","not tracked; ignored; type=artifact; size_bytes=1544","No credentials were printed. Relocate/review is a proposal, not a deletion decision."
"artifacts/h24-release-force/oceancube.Rcheck/tests/testthat/helper-geometry.R",FALSE,TRUE,TRUE,TRUE,FALSE,FALSE,"not-scanned","no filename evidence; content not exhaustively inspected",FALSE,"relocate","not tracked; ignored; type=artifact; size_bytes=502","No credentials were printed. Relocate/review is a proposal, not a deletion decision."
"artifacts/h24-release-force/oceancube.Rcheck/tests/testthat/helper-netcdf-backend.R",FALSE,TRUE,TRUE,TRUE,FALSE,FALSE,"not-scanned","no filename evidence; content not exhaustively inspected",FALSE,"relocate","not tracked; ignored; type=artifact; size_bytes=8204","No credentials were printed. Relocate/review is a proposal, not a deletion decision."
"artifacts/h24-release-force/oceancube.Rcheck/tests/testthat/test-backend-memory.R",FALSE,TRUE,TRUE,TRUE,FALSE,FALSE,"not-scanned","no filename evidence; content not exhaustively inspected",FALSE,"relocate","not tracked; ignored; type=artifact; size_bytes=10966","No credentials were printed. Relocate/review is a proposal, not a deletion decision."
"artifacts/h24-release-force/oceancube.Rcheck/tests/testthat/test-backend-netcdf-descriptor.R",FALSE,TRUE,TRUE,TRUE,FALSE,FALSE,"not-scanned","no filename evidence; content not exhaustively inspected",FALSE,"relocate","not tracked; ignored; type=artifact; size_bytes=18223","No credentials were printed. Relocate/review is a proposal, not a deletion decision."
"artifacts/h24-release-force/oceancube.Rcheck/tests/testthat/test-backend-netcdf-noncontiguous.R",FALSE,TRUE,TRUE,TRUE,FALSE,FALSE,"not-scanned","no filename evidence; content not exhaustively inspected",FALSE,"relocate","not tracked; ignored; type=artifact; size_bytes=10764","No credentials were printed. Relocate/review is a proposal, not a deletion decision."
"artifacts/h24-release-force/oceancube.Rcheck/tests/testthat/test-backend-netcdf-read-block.R",FALSE,TRUE,TRUE,TRUE,FALSE,FALSE,"not-scanned","no filename evidence; content not exhaustively inspected",FALSE,"relocate","not tracked; ignored; type=artifact; size_bytes=17998","No credentials were printed. Relocate/review is a proposal, not a deletion decision."
"artifacts/h24-release-force/oceancube.Rcheck/tests/testthat/test-clim-anom.R",FALSE,TRUE,TRUE,TRUE,FALSE,FALSE,"not-scanned","no filename evidence; content not exhaustively inspected",FALSE,"relocate","not tracked; ignored; type=artifact; size_bytes=1091","No credentials were printed. Relocate/review is a proposal, not a deletion decision."
"artifacts/h24-release-force/oceancube.Rcheck/tests/testthat/test-cube-collect.R",FALSE,TRUE,TRUE,TRUE,FALSE,FALSE,"not-scanned","no filename evidence; content not exhaustively inspected",FALSE,"relocate","not tracked; ignored; type=artifact; size_bytes=7458","No credentials were printed. Relocate/review is a proposal, not a deletion decision."
"artifacts/h24-release-force/oceancube.Rcheck/tests/testthat/test-cube-crop.R",FALSE,TRUE,TRUE,TRUE,FALSE,FALSE,"not-scanned","no filename evidence; content not exhaustively inspected",FALSE,"relocate","not tracked; ignored; type=artifact; size_bytes=23828","No credentials were printed. Relocate/review is a proposal, not a deletion decision."
"artifacts/h24-release-force/oceancube.Rcheck/tests/testthat/test-cube-extract.R",FALSE,TRUE,TRUE,TRUE,FALSE,FALSE,"not-scanned","no filename evidence; content not exhaustively inspected",FALSE,"relocate","not tracked; ignored; type=artifact; size_bytes=29027","No credentials were printed. Relocate/review is a proposal, not a deletion decision."
"artifacts/h24-release-force/oceancube.Rcheck/tests/testthat/test-cube-grid-geometry.R",FALSE,TRUE,TRUE,TRUE,FALSE,FALSE,"not-scanned","no filename evidence; content not exhaustively inspected",FALSE,"relocate","not tracked; ignored; type=artifact; size_bytes=8641","No credentials were printed. Relocate/review is a proposal, not a deletion decision."
"artifacts/h24-release-force/oceancube.Rcheck/tests/testthat/test-cube-mask.R",FALSE,TRUE,TRUE,TRUE,FALSE,FALSE,"not-scanned","no filename evidence; content not exhaustively inspected",FALSE,"relocate","not tracked; ignored; type=artifact; size_bytes=11117","No credentials were printed. Relocate/review is a proposal, not a deletion decision."
"artifacts/h24-release-force/oceancube.Rcheck/tests/testthat/test-cube-polygon-weights.R",FALSE,TRUE,TRUE,TRUE,FALSE,FALSE,"not-scanned","no filename evidence; content not exhaustively inspected",FALSE,"relocate","not tracked; ignored; type=artifact; size_bytes=12292","No credentials were printed. Relocate/review is a proposal, not a deletion decision."
"artifacts/h24-release-force/oceancube.Rcheck/tests/testthat/test-cube-slice.R",FALSE,TRUE,TRUE,TRUE,FALSE,FALSE,"not-scanned","no filename evidence; content not exhaustively inspected",FALSE,"relocate","not tracked; ignored; type=artifact; size_bytes=22898","No credentials were printed. Relocate/review is a proposal, not a deletion decision."
"artifacts/h24-release-force/oceancube.Rcheck/tests/testthat/test-cube-transect.R",FALSE,TRUE,TRUE,TRUE,FALSE,FALSE,"not-scanned","no filename evidence; content not exhaustively inspected",FALSE,"relocate","not tracked; ignored; type=artifact; size_bytes=10124","No credentials were printed. Relocate/review is a proposal, not a deletion decision."
"artifacts/h24-release-force/oceancube.Rcheck/tests/testthat/test-daily-link.R",FALSE,TRUE,TRUE,TRUE,FALSE,FALSE,"not-scanned","no filename evidence; content not exhaustively inspected",FALSE,"relocate","not tracked; ignored; type=artifact; size_bytes=1500","No credentials were printed. Relocate/review is a proposal, not a deletion decision."
"artifacts/h24-release-force/oceancube.Rcheck/tests/testthat/test-layer-time-mask.R",FALSE,TRUE,TRUE,TRUE,FALSE,FALSE,"not-scanned","no filename evidence; content not exhaustively inspected",FALSE,"relocate","not tracked; ignored; type=artifact; size_bytes=1451","No credentials were printed. Relocate/review is a proposal, not a deletion decision."
"artifacts/h24-release-force/oceancube.Rcheck/tests/testthat/test-no-direct-data-access.R",FALSE,TRUE,TRUE,TRUE,FALSE,FALSE,"not-scanned","no filename evidence; content not exhaustively inspected",FALSE,"relocate","not tracked; ignored; type=artifact; size_bytes=1912","No credentials were printed. Relocate/review is a proposal, not a deletion decision."
"artifacts/h24-release-force/oceancube.Rcheck/tests/testthat/test-ocean-cube-baseline.R",FALSE,TRUE,TRUE,TRUE,FALSE,FALSE,"not-scanned","no filename evidence; content not exhaustively inspected",FALSE,"relocate","not tracked; ignored; type=artifact; size_bytes=3603","No credentials were printed. Relocate/review is a proposal, not a deletion decision."
"artifacts/h24-release-force/oceancube.Rcheck/tests/testthat/test-ocean-cube-contract.R",FALSE,TRUE,TRUE,TRUE,FALSE,FALSE,"not-scanned","no filename evidence; content not exhaustively inspected",FALSE,"relocate","not tracked; ignored; type=artifact; size_bytes=10419","No credentials were printed. Relocate/review is a proposal, not a deletion decision."
"artifacts/h24-release-force/oceancube.Rcheck/tests/testthat/test-ocean-cube.R",FALSE,TRUE,TRUE,TRUE,FALSE,FALSE,"not-scanned","no filename evidence; content not exhaustively inspected",FALSE,"relocate","not tracked; ignored; type=artifact; size_bytes=836","No credentials were printed. Relocate/review is a proposal, not a deletion decision."
"artifacts/h24-release-force/oceancube.Rcheck/tests/testthat/test-package-boundary-spatind.R",FALSE,TRUE,TRUE,TRUE,FALSE,FALSE,"not-scanned","no filename evidence; content not exhaustively inspected",FALSE,"relocate","not tracked; ignored; type=artifact; size_bytes=1584","No credentials were printed. Relocate/review is a proposal, not a deletion decision."
"artifacts/h24-release-force/oceancube.Rcheck/tests/testthat/test-read-nc-baseline.R",FALSE,TRUE,TRUE,TRUE,FALSE,FALSE,"not-scanned","no filename evidence; content not exhaustively inspected",FALSE,"relocate","not tracked; ignored; type=artifact; size_bytes=3478","No credentials were printed. Relocate/review is a proposal, not a deletion decision."
"artifacts/h24-release-force/oceancube.Rcheck/tests/testthat/test-refactor-coast-dist-backend.R",FALSE,TRUE,TRUE,TRUE,FALSE,FALSE,"not-scanned","no filename evidence; content not exhaustively inspected",FALSE,"relocate","not tracked; ignored; type=artifact; size_bytes=9486","No credentials were printed. Relocate/review is a proposal, not a deletion decision."
"artifacts/h24-release-force/oceancube.Rcheck/tests/testthat/test-refactor-layer-annual-backend.R",FALSE,TRUE,TRUE,TRUE,FALSE,FALSE,"not-scanned","no filename evidence; content not exhaustively inspected",FALSE,"relocate","not tracked; ignored; type=artifact; size_bytes=10782","No credentials were printed. Relocate/review is a proposal, not a deletion decision."
"artifacts/h24-release-force/oceancube.Rcheck/tests/testthat/test-refactor-link-events-backend.R",FALSE,TRUE,TRUE,TRUE,FALSE,FALSE,"not-scanned","no filename evidence; content not exhaustively inspected",FALSE,"relocate","not tracked; ignored; type=artifact; size_bytes=17309","No credentials were printed. Relocate/review is a proposal, not a deletion decision."
"artifacts/h24-release-force/oceancube.Rcheck/tests/testthat/test-refactor-temporal-backend.R",FALSE,TRUE,TRUE,TRUE,FALSE,FALSE,"not-scanned","no filename evidence; content not exhaustively inspected",FALSE,"relocate","not tracked; ignored; type=artifact; size_bytes=11299","No credentials were printed. Relocate/review is a proposal, not a deletion decision."
"artifacts/h24-release-force/oceancube.Rcheck/tests/testthat/test-release-contract.R",FALSE,TRUE,TRUE,TRUE,FALSE,FALSE,"not-scanned","no filename evidence; content not exhaustively inspected",FALSE,"relocate","not tracked; ignored; type=artifact; size_bytes=4608","No credentials were printed. Relocate/review is a proposal, not a deletion decision."
"artifacts/h24-release-force/oceancube.Rcheck/tests/testthat/test-scientific-baseline.R",FALSE,TRUE,TRUE,TRUE,FALSE,FALSE,"not-scanned","no filename evidence; content not exhaustively inspected",FALSE,"relocate","not tracked; ignored; type=artifact; size_bytes=4598","No credentials were printed. Relocate/review is a proposal, not a deletion decision."
"artifacts/h24-release-force/oceancube_0.1.0.tar.gz",FALSE,TRUE,TRUE,TRUE,FALSE,FALSE,"not-scanned","no filename evidence; content not exhaustively inspected",FALSE,"relocate","not tracked; ignored; type=artifact; size_bytes=163696","No credentials were printed. Relocate/review is a proposal, not a deletion decision."
"artifacts/h24-release/library/oceancube/architecture/oceancube-spatind-boundary.md",FALSE,TRUE,TRUE,TRUE,FALSE,FALSE,"not-scanned","no filename evidence; content not exhaustively inspected",FALSE,"relocate","not tracked; ignored; type=artifact; size_bytes=5299","No credentials were printed. Relocate/review is a proposal, not a deletion decision."
"artifacts/h24-release/library/oceancube/CITATION",FALSE,TRUE,TRUE,TRUE,FALSE,FALSE,"not-scanned","no filename evidence; content not exhaustively inspected",FALSE,"relocate","not tracked; ignored; type=metadata; size_bytes=116","No credentials were printed. Relocate/review is a proposal, not a deletion decision."
"artifacts/h24-release/library/oceancube/DESCRIPTION",FALSE,TRUE,TRUE,TRUE,FALSE,FALSE,"not-scanned","no filename evidence; content not exhaustively inspected",FALSE,"relocate","not tracked; ignored; type=metadata; size_bytes=1298","No credentials were printed. Relocate/review is a proposal, not a deletion decision."
"artifacts/h24-release/library/oceancube/doc/get-started.html",FALSE,TRUE,TRUE,TRUE,FALSE,FALSE,"not-scanned","no filename evidence; content not exhaustively inspected",FALSE,"relocate","not tracked; ignored; type=website; size_bytes=11230","No credentials were printed. Relocate/review is a proposal, not a deletion decision."
"artifacts/h24-release/library/oceancube/doc/get-started.R",FALSE,TRUE,TRUE,TRUE,FALSE,FALSE,"not-scanned","no filename evidence; content not exhaustively inspected",FALSE,"relocate","not tracked; ignored; type=artifact; size_bytes=341","No credentials were printed. Relocate/review is a proposal, not a deletion decision."
"artifacts/h24-release/library/oceancube/doc/get-started.Rmd",FALSE,TRUE,TRUE,TRUE,FALSE,FALSE,"not-scanned","no filename evidence; content not exhaustively inspected",FALSE,"relocate","not tracked; ignored; type=artifact; size_bytes=737","No credentials were printed. Relocate/review is a proposal, not a deletion decision."
"artifacts/h24-release/library/oceancube/doc/index.html",FALSE,TRUE,TRUE,TRUE,FALSE,FALSE,"not-scanned","no filename evidence; content not exhaustively inspected",FALSE,"relocate","not tracked; ignored; type=website; size_bytes=3354","No credentials were printed. Relocate/review is a proposal, not a deletion decision."
"artifacts/h24-release/library/oceancube/doc/oceancube-architecture.html",FALSE,TRUE,TRUE,TRUE,FALSE,FALSE,"not-scanned","no filename evidence; content not exhaustively inspected",FALSE,"relocate","not tracked; ignored; type=website; size_bytes=13532","No credentials were printed. Relocate/review is a proposal, not a deletion decision."
"artifacts/h24-release/library/oceancube/doc/oceancube-architecture.R",FALSE,TRUE,TRUE,TRUE,FALSE,FALSE,"not-scanned","no filename evidence; content not exhaustively inspected",FALSE,"relocate","not tracked; ignored; type=artifact; size_bytes=369","No credentials were printed. Relocate/review is a proposal, not a deletion decision."
"artifacts/h24-release/library/oceancube/doc/oceancube-architecture.Rmd",FALSE,TRUE,TRUE,TRUE,FALSE,FALSE,"not-scanned","no filename evidence; content not exhaustively inspected",FALSE,"relocate","not tracked; ignored; type=artifact; size_bytes=2553","No credentials were printed. Relocate/review is a proposal, not a deletion decision."
"artifacts/h24-release/library/oceancube/doc/oceancube-geometry-weights.html",FALSE,TRUE,TRUE,TRUE,FALSE,FALSE,"not-scanned","no filename evidence; content not exhaustively inspected",FALSE,"relocate","not tracked; ignored; type=website; size_bytes=23626","No credentials were printed. Relocate/review is a proposal, not a deletion decision."
"artifacts/h24-release/library/oceancube/doc/oceancube-geometry-weights.R",FALSE,TRUE,TRUE,TRUE,FALSE,FALSE,"not-scanned","no filename evidence; content not exhaustively inspected",FALSE,"relocate","not tracked; ignored; type=artifact; size_bytes=1279","No credentials were printed. Relocate/review is a proposal, not a deletion decision."
"artifacts/h24-release/library/oceancube/doc/oceancube-geometry-weights.Rmd",FALSE,TRUE,TRUE,TRUE,FALSE,FALSE,"not-scanned","no filename evidence; content not exhaustively inspected",FALSE,"relocate","not tracked; ignored; type=artifact; size_bytes=2215","No credentials were printed. Relocate/review is a proposal, not a deletion decision."
"artifacts/h24-release/library/oceancube/doc/oceancube-introduction.html",FALSE,TRUE,TRUE,TRUE,FALSE,FALSE,"not-scanned","no filename evidence; content not exhaustively inspected",FALSE,"relocate","not tracked; ignored; type=website; size_bytes=24863","No credentials were printed. Relocate/review is a proposal, not a deletion decision."
"artifacts/h24-release/library/oceancube/doc/oceancube-introduction.R",FALSE,TRUE,TRUE,TRUE,FALSE,FALSE,"not-scanned","no filename evidence; content not exhaustively inspected",FALSE,"relocate","not tracked; ignored; type=artifact; size_bytes=1818","No credentials were printed. Relocate/review is a proposal, not a deletion decision."
"artifacts/h24-release/library/oceancube/doc/oceancube-introduction.Rmd",FALSE,TRUE,TRUE,TRUE,FALSE,FALSE,"not-scanned","no filename evidence; content not exhaustively inspected",FALSE,"relocate","not tracked; ignored; type=artifact; size_bytes=3404","No credentials were printed. Relocate/review is a proposal, not a deletion decision."
"artifacts/h24-release/library/oceancube/examples/backend_memory.R",FALSE,TRUE,TRUE,TRUE,FALSE,FALSE,"not-scanned","no filename evidence; content not exhaustively inspected",FALSE,"relocate","not tracked; ignored; type=artifact; size_bytes=3995","No credentials were printed. Relocate/review is a proposal, not a deletion decision."
"artifacts/h24-release/library/oceancube/examples/backend_netcdf_descriptor.R",FALSE,TRUE,TRUE,TRUE,FALSE,FALSE,"not-scanned","no filename evidence; content not exhaustively inspected",FALSE,"relocate","not tracked; ignored; type=artifact; size_bytes=5112","No credentials were printed. Relocate/review is a proposal, not a deletion decision."
"artifacts/h24-release/library/oceancube/examples/backend_netcdf_read_block.R",FALSE,TRUE,TRUE,TRUE,FALSE,FALSE,"not-scanned","no filename evidence; content not exhaustively inspected",FALSE,"relocate","not tracked; ignored; type=artifact; size_bytes=6686","No credentials were printed. Relocate/review is a proposal, not a deletion decision."
"artifacts/h24-release/library/oceancube/examples/baseline_ocean_cube.R",FALSE,TRUE,TRUE,TRUE,FALSE,FALSE,"not-scanned","no filename evidence; content not exhaustively inspected",FALSE,"relocate","not tracked; ignored; type=artifact; size_bytes=3704","No credentials were printed. Relocate/review is a proposal, not a deletion decision."
"artifacts/h24-release/library/oceancube/examples/cube_crop.R",FALSE,TRUE,TRUE,TRUE,FALSE,FALSE,"not-scanned","no filename evidence; content not exhaustively inspected",FALSE,"relocate","not tracked; ignored; type=artifact; size_bytes=8540","No credentials were printed. Relocate/review is a proposal, not a deletion decision."
"artifacts/h24-release/library/oceancube/examples/cube_extract.R",FALSE,TRUE,TRUE,TRUE,FALSE,FALSE,"not-scanned","no filename evidence; content not exhaustively inspected",FALSE,"relocate","not tracked; ignored; type=artifact; size_bytes=7836","No credentials were printed. Relocate/review is a proposal, not a deletion decision."
"artifacts/h24-release/library/oceancube/examples/cube_geometry_weights.R",FALSE,TRUE,TRUE,TRUE,FALSE,FALSE,"not-scanned","no filename evidence; content not exhaustively inspected",FALSE,"relocate","not tracked; ignored; type=artifact; size_bytes=4084","No credentials were printed. Relocate/review is a proposal, not a deletion decision."
"artifacts/h24-release/library/oceancube/examples/cube_mask.R",FALSE,TRUE,TRUE,TRUE,FALSE,FALSE,"not-scanned","no filename evidence; content not exhaustively inspected",FALSE,"relocate","not tracked; ignored; type=artifact; size_bytes=6852","No credentials were printed. Relocate/review is a proposal, not a deletion decision."
"artifacts/h24-release/library/oceancube/examples/cube_slice.R",FALSE,TRUE,TRUE,TRUE,FALSE,FALSE,"not-scanned","no filename evidence; content not exhaustively inspected",FALSE,"relocate","not tracked; ignored; type=artifact; size_bytes=6283","No credentials were printed. Relocate/review is a proposal, not a deletion decision."
"artifacts/h24-release/library/oceancube/examples/cube_transect.R",FALSE,TRUE,TRUE,TRUE,FALSE,FALSE,"not-scanned","no filename evidence; content not exhaustively inspected",FALSE,"relocate","not tracked; ignored; type=artifact; size_bytes=7793","No credentials were printed. Relocate/review is a proposal, not a deletion decision."
"artifacts/h24-release/library/oceancube/examples/noncontiguous_collect.R",FALSE,TRUE,TRUE,TRUE,FALSE,FALSE,"not-scanned","no filename evidence; content not exhaustively inspected",FALSE,"relocate","not tracked; ignored; type=artifact; size_bytes=3913","No credentials were printed. Relocate/review is a proposal, not a deletion decision."
"artifacts/h24-release/library/oceancube/examples/ocean_cube_contract.R",FALSE,TRUE,TRUE,TRUE,FALSE,FALSE,"not-scanned","no filename evidence; content not exhaustively inspected",FALSE,"relocate","not tracked; ignored; type=artifact; size_bytes=4027","No credentials were printed. Relocate/review is a proposal, not a deletion decision."
"artifacts/h24-release/library/oceancube/examples/refactor_coast_dist_backend.R",FALSE,TRUE,TRUE,TRUE,FALSE,FALSE,"not-scanned","no filename evidence; content not exhaustively inspected",FALSE,"relocate","not tracked; ignored; type=artifact; size_bytes=4008","No credentials were printed. Relocate/review is a proposal, not a deletion decision."
"artifacts/h24-release/library/oceancube/examples/refactor_layer_annual_backend.R",FALSE,TRUE,TRUE,TRUE,FALSE,FALSE,"not-scanned","no filename evidence; content not exhaustively inspected",FALSE,"relocate","not tracked; ignored; type=artifact; size_bytes=3656","No credentials were printed. Relocate/review is a proposal, not a deletion decision."
"artifacts/h24-release/library/oceancube/examples/refactor_link_events_backend.R",FALSE,TRUE,TRUE,TRUE,FALSE,FALSE,"not-scanned","no filename evidence; content not exhaustively inspected",FALSE,"relocate","not tracked; ignored; type=artifact; size_bytes=5629","No credentials were printed. Relocate/review is a proposal, not a deletion decision."
"artifacts/h24-release/library/oceancube/examples/refactor_temporal_backend.R",FALSE,TRUE,TRUE,TRUE,FALSE,FALSE,"not-scanned","no filename evidence; content not exhaustively inspected",FALSE,"relocate","not tracked; ignored; type=artifact; size_bytes=4304","No credentials were printed. Relocate/review is a proposal, not a deletion decision."
"artifacts/h24-release/library/oceancube/help/aliases.rds",FALSE,TRUE,TRUE,TRUE,FALSE,FALSE,"not-scanned","no filename evidence; content not exhaustively inspected",FALSE,"relocate","not tracked; ignored; type=artifact; size_bytes=309","No credentials were printed. Relocate/review is a proposal, not a deletion decision."
"artifacts/h24-release/library/oceancube/help/AnIndex",FALSE,TRUE,TRUE,TRUE,FALSE,FALSE,"not-scanned","no filename evidence; content not exhaustively inspected",FALSE,"relocate","not tracked; ignored; type=artifact; size_bytes=675","No credentials were printed. Relocate/review is a proposal, not a deletion decision."
"artifacts/h24-release/library/oceancube/help/oceancube.rdb",FALSE,TRUE,TRUE,TRUE,FALSE,FALSE,"not-scanned","no filename evidence; content not exhaustively inspected",FALSE,"relocate","not tracked; ignored; type=artifact; size_bytes=67862","No credentials were printed. Relocate/review is a proposal, not a deletion decision."
"artifacts/h24-release/library/oceancube/help/oceancube.rdx",FALSE,TRUE,TRUE,TRUE,FALSE,FALSE,"not-scanned","no filename evidence; content not exhaustively inspected",FALSE,"relocate","not tracked; ignored; type=artifact; size_bytes=771","No credentials were printed. Relocate/review is a proposal, not a deletion decision."
"artifacts/h24-release/library/oceancube/help/paths.rds",FALSE,TRUE,TRUE,TRUE,FALSE,FALSE,"not-scanned","no filename evidence; content not exhaustively inspected",FALSE,"relocate","not tracked; ignored; type=artifact; size_bytes=424","No credentials were printed. Relocate/review is a proposal, not a deletion decision."
"artifacts/h24-release/library/oceancube/html/00Index.html",FALSE,TRUE,TRUE,TRUE,FALSE,FALSE,"not-scanned","no filename evidence; content not exhaustively inspected",FALSE,"relocate","not tracked; ignored; type=website; size_bytes=4858","No credentials were printed. Relocate/review is a proposal, not a deletion decision."
"artifacts/h24-release/library/oceancube/html/R.css",FALSE,TRUE,TRUE,TRUE,FALSE,FALSE,"not-scanned","no filename evidence; content not exhaustively inspected",FALSE,"relocate","not tracked; ignored; type=artifact; size_bytes=1735","No credentials were printed. Relocate/review is a proposal, not a deletion decision."
"artifacts/h24-release/library/oceancube/INDEX",FALSE,TRUE,TRUE,TRUE,FALSE,FALSE,"not-scanned","no filename evidence; content not exhaustively inspected",FALSE,"relocate","not tracked; ignored; type=artifact; size_bytes=2119","No credentials were printed. Relocate/review is a proposal, not a deletion decision."
"artifacts/h24-release/library/oceancube/LICENSE",FALSE,TRUE,TRUE,TRUE,FALSE,FALSE,"not-scanned","no filename evidence; content not exhaustively inspected",FALSE,"relocate","not tracked; ignored; type=metadata; size_bytes=1082","No credentials were printed. Relocate/review is a proposal, not a deletion decision."
"artifacts/h24-release/library/oceancube/Meta/features.rds",FALSE,TRUE,TRUE,TRUE,FALSE,FALSE,"not-scanned","no filename evidence; content not exhaustively inspected",FALSE,"relocate","not tracked; ignored; type=artifact; size_bytes=122","No credentials were printed. Relocate/review is a proposal, not a deletion decision."
"artifacts/h24-release/library/oceancube/Meta/hsearch.rds",FALSE,TRUE,TRUE,TRUE,FALSE,FALSE,"not-scanned","no filename evidence; content not exhaustively inspected",FALSE,"relocate","not tracked; ignored; type=artifact; size_bytes=1114","No credentials were printed. Relocate/review is a proposal, not a deletion decision."
"artifacts/h24-release/library/oceancube/Meta/links.rds",FALSE,TRUE,TRUE,TRUE,FALSE,FALSE,"not-scanned","no filename evidence; content not exhaustively inspected",FALSE,"relocate","not tracked; ignored; type=artifact; size_bytes=474","No credentials were printed. Relocate/review is a proposal, not a deletion decision."
"artifacts/h24-release/library/oceancube/Meta/nsInfo.rds",FALSE,TRUE,TRUE,TRUE,FALSE,FALSE,"not-scanned","no filename evidence; content not exhaustively inspected",FALSE,"relocate","not tracked; ignored; type=artifact; size_bytes=450","No credentials were printed. Relocate/review is a proposal, not a deletion decision."
"artifacts/h24-release/library/oceancube/Meta/package.rds",FALSE,TRUE,TRUE,TRUE,FALSE,FALSE,"not-scanned","no filename evidence; content not exhaustively inspected",FALSE,"relocate","not tracked; ignored; type=artifact; size_bytes=1201","No credentials were printed. Relocate/review is a proposal, not a deletion decision."
"artifacts/h24-release/library/oceancube/Meta/Rd.rds",FALSE,TRUE,TRUE,TRUE,FALSE,FALSE,"not-scanned","no filename evidence; content not exhaustively inspected",FALSE,"relocate","not tracked; ignored; type=artifact; size_bytes=1225","No credentials were printed. Relocate/review is a proposal, not a deletion decision."
"artifacts/h24-release/library/oceancube/Meta/vignette.rds",FALSE,TRUE,TRUE,TRUE,FALSE,FALSE,"not-scanned","no filename evidence; content not exhaustively inspected",FALSE,"relocate","not tracked; ignored; type=artifact; size_bytes=342","No credentials were printed. Relocate/review is a proposal, not a deletion decision."
"artifacts/h24-release/library/oceancube/NAMESPACE",FALSE,TRUE,TRUE,TRUE,FALSE,FALSE,"not-scanned","no filename evidence; content not exhaustively inspected",FALSE,"relocate","not tracked; ignored; type=metadata; size_bytes=696","No credentials were printed. Relocate/review is a proposal, not a deletion decision."
"artifacts/h24-release/library/oceancube/NEWS.md",FALSE,TRUE,TRUE,TRUE,FALSE,FALSE,"not-scanned","no filename evidence; content not exhaustively inspected",FALSE,"relocate","not tracked; ignored; type=documentation; size_bytes=1673","No credentials were printed. Relocate/review is a proposal, not a deletion decision."
"artifacts/h24-release/library/oceancube/R/oceancube",FALSE,TRUE,TRUE,TRUE,FALSE,FALSE,"not-scanned","no filename evidence; content not exhaustively inspected",FALSE,"relocate","not tracked; ignored; type=artifact; size_bytes=1058","No credentials were printed. Relocate/review is a proposal, not a deletion decision."
"artifacts/h24-release/library/oceancube/R/oceancube.rdb",FALSE,TRUE,TRUE,TRUE,FALSE,FALSE,"not-scanned","no filename evidence; content not exhaustively inspected",FALSE,"relocate","not tracked; ignored; type=artifact; size_bytes=316407","No credentials were printed. Relocate/review is a proposal, not a deletion decision."
"artifacts/h24-release/library/oceancube/R/oceancube.rdx",FALSE,TRUE,TRUE,TRUE,FALSE,FALSE,"not-scanned","no filename evidence; content not exhaustively inspected",FALSE,"relocate","not tracked; ignored; type=artifact; size_bytes=3055","No credentials were printed. Relocate/review is a proposal, not a deletion decision."
"artifacts/h24-release/oceancube.Rcheck/00_pkg_src/oceancube/build/vignette.rds",FALSE,TRUE,TRUE,TRUE,FALSE,FALSE,"not-scanned","no filename evidence; content not exhaustively inspected",FALSE,"relocate","not tracked; ignored; type=artifact; size_bytes=342","No credentials were printed. Relocate/review is a proposal, not a deletion decision."
"artifacts/h24-release/oceancube.Rcheck/00_pkg_src/oceancube/CODE_OF_CONDUCT.md",FALSE,TRUE,TRUE,TRUE,FALSE,FALSE,"not-scanned","no filename evidence; content not exhaustively inspected",FALSE,"relocate","not tracked; ignored; type=artifact; size_bytes=93","No credentials were printed. Relocate/review is a proposal, not a deletion decision."
"artifacts/h24-release/oceancube.Rcheck/00_pkg_src/oceancube/CONTRIBUTING.md",FALSE,TRUE,TRUE,TRUE,FALSE,FALSE,"not-scanned","no filename evidence; content not exhaustively inspected",FALSE,"relocate","not tracked; ignored; type=artifact; size_bytes=130","No credentials were printed. Relocate/review is a proposal, not a deletion decision."
"artifacts/h24-release/oceancube.Rcheck/00_pkg_src/oceancube/DESCRIPTION",FALSE,TRUE,TRUE,TRUE,FALSE,FALSE,"not-scanned","no filename evidence; content not exhaustively inspected",FALSE,"relocate","not tracked; ignored; type=metadata; size_bytes=1246","No credentials were printed. Relocate/review is a proposal, not a deletion decision."
"artifacts/h24-release/oceancube.Rcheck/00_pkg_src/oceancube/inst/architecture/oceancube-spatind-boundary.md",FALSE,TRUE,TRUE,TRUE,FALSE,FALSE,"not-scanned","no filename evidence; content not exhaustively inspected",FALSE,"relocate","not tracked; ignored; type=artifact; size_bytes=5299","No credentials were printed. Relocate/review is a proposal, not a deletion decision."
"artifacts/h24-release/oceancube.Rcheck/00_pkg_src/oceancube/inst/CITATION",FALSE,TRUE,TRUE,TRUE,FALSE,FALSE,"not-scanned","no filename evidence; content not exhaustively inspected",FALSE,"relocate","not tracked; ignored; type=metadata; size_bytes=116","No credentials were printed. Relocate/review is a proposal, not a deletion decision."
"artifacts/h24-release/oceancube.Rcheck/00_pkg_src/oceancube/inst/doc/get-started.html",FALSE,TRUE,TRUE,TRUE,FALSE,FALSE,"not-scanned","no filename evidence; content not exhaustively inspected",FALSE,"relocate","not tracked; ignored; type=website; size_bytes=11230","No credentials were printed. Relocate/review is a proposal, not a deletion decision."
"artifacts/h24-release/oceancube.Rcheck/00_pkg_src/oceancube/inst/doc/get-started.R",FALSE,TRUE,TRUE,TRUE,FALSE,FALSE,"not-scanned","no filename evidence; content not exhaustively inspected",FALSE,"relocate","not tracked; ignored; type=artifact; size_bytes=341","No credentials were printed. Relocate/review is a proposal, not a deletion decision."
"artifacts/h24-release/oceancube.Rcheck/00_pkg_src/oceancube/inst/doc/get-started.Rmd",FALSE,TRUE,TRUE,TRUE,FALSE,FALSE,"not-scanned","no filename evidence; content not exhaustively inspected",FALSE,"relocate","not tracked; ignored; type=artifact; size_bytes=737","No credentials were printed. Relocate/review is a proposal, not a deletion decision."
"artifacts/h24-release/oceancube.Rcheck/00_pkg_src/oceancube/inst/doc/oceancube-architecture.html",FALSE,TRUE,TRUE,TRUE,FALSE,FALSE,"not-scanned","no filename evidence; content not exhaustively inspected",FALSE,"relocate","not tracked; ignored; type=website; size_bytes=13532","No credentials were printed. Relocate/review is a proposal, not a deletion decision."
"artifacts/h24-release/oceancube.Rcheck/00_pkg_src/oceancube/inst/doc/oceancube-architecture.R",FALSE,TRUE,TRUE,TRUE,FALSE,FALSE,"not-scanned","no filename evidence; content not exhaustively inspected",FALSE,"relocate","not tracked; ignored; type=artifact; size_bytes=369","No credentials were printed. Relocate/review is a proposal, not a deletion decision."
"artifacts/h24-release/oceancube.Rcheck/00_pkg_src/oceancube/inst/doc/oceancube-architecture.Rmd",FALSE,TRUE,TRUE,TRUE,FALSE,FALSE,"not-scanned","no filename evidence; content not exhaustively inspected",FALSE,"relocate","not tracked; ignored; type=artifact; size_bytes=2553","No credentials were printed. Relocate/review is a proposal, not a deletion decision."
"artifacts/h24-release/oceancube.Rcheck/00_pkg_src/oceancube/inst/doc/oceancube-geometry-weights.html",FALSE,TRUE,TRUE,TRUE,FALSE,FALSE,"not-scanned","no filename evidence; content not exhaustively inspected",FALSE,"relocate","not tracked; ignored; type=website; size_bytes=23626","No credentials were printed. Relocate/review is a proposal, not a deletion decision."
"artifacts/h24-release/oceancube.Rcheck/00_pkg_src/oceancube/inst/doc/oceancube-geometry-weights.R",FALSE,TRUE,TRUE,TRUE,FALSE,FALSE,"not-scanned","no filename evidence; content not exhaustively inspected",FALSE,"relocate","not tracked; ignored; type=artifact; size_bytes=1279","No credentials were printed. Relocate/review is a proposal, not a deletion decision."
"artifacts/h24-release/oceancube.Rcheck/00_pkg_src/oceancube/inst/doc/oceancube-geometry-weights.Rmd",FALSE,TRUE,TRUE,TRUE,FALSE,FALSE,"not-scanned","no filename evidence; content not exhaustively inspected",FALSE,"relocate","not tracked; ignored; type=artifact; size_bytes=2215","No credentials were printed. Relocate/review is a proposal, not a deletion decision."
"artifacts/h24-release/oceancube.Rcheck/00_pkg_src/oceancube/inst/doc/oceancube-introduction.html",FALSE,TRUE,TRUE,TRUE,FALSE,FALSE,"not-scanned","no filename evidence; content not exhaustively inspected",FALSE,"relocate","not tracked; ignored; type=website; size_bytes=24863","No credentials were printed. Relocate/review is a proposal, not a deletion decision."
"artifacts/h24-release/oceancube.Rcheck/00_pkg_src/oceancube/inst/doc/oceancube-introduction.R",FALSE,TRUE,TRUE,TRUE,FALSE,FALSE,"not-scanned","no filename evidence; content not exhaustively inspected",FALSE,"relocate","not tracked; ignored; type=artifact; size_bytes=1818","No credentials were printed. Relocate/review is a proposal, not a deletion decision."
"artifacts/h24-release/oceancube.Rcheck/00_pkg_src/oceancube/inst/doc/oceancube-introduction.Rmd",FALSE,TRUE,TRUE,TRUE,FALSE,FALSE,"not-scanned","no filename evidence; content not exhaustively inspected",FALSE,"relocate","not tracked; ignored; type=artifact; size_bytes=3404","No credentials were printed. Relocate/review is a proposal, not a deletion decision."
"artifacts/h24-release/oceancube.Rcheck/00_pkg_src/oceancube/inst/examples/backend_memory.R",FALSE,TRUE,TRUE,TRUE,FALSE,FALSE,"not-scanned","no filename evidence; content not exhaustively inspected",FALSE,"relocate","not tracked; ignored; type=artifact; size_bytes=3995","No credentials were printed. Relocate/review is a proposal, not a deletion decision."
"artifacts/h24-release/oceancube.Rcheck/00_pkg_src/oceancube/inst/examples/backend_netcdf_descriptor.R",FALSE,TRUE,TRUE,TRUE,FALSE,FALSE,"not-scanned","no filename evidence; content not exhaustively inspected",FALSE,"relocate","not tracked; ignored; type=artifact; size_bytes=5112","No credentials were printed. Relocate/review is a proposal, not a deletion decision."
"artifacts/h24-release/oceancube.Rcheck/00_pkg_src/oceancube/inst/examples/backend_netcdf_read_block.R",FALSE,TRUE,TRUE,TRUE,FALSE,FALSE,"not-scanned","no filename evidence; content not exhaustively inspected",FALSE,"relocate","not tracked; ignored; type=artifact; size_bytes=6686","No credentials were printed. Relocate/review is a proposal, not a deletion decision."
"artifacts/h24-release/oceancube.Rcheck/00_pkg_src/oceancube/inst/examples/baseline_ocean_cube.R",FALSE,TRUE,TRUE,TRUE,FALSE,FALSE,"not-scanned","no filename evidence; content not exhaustively inspected",FALSE,"relocate","not tracked; ignored; type=artifact; size_bytes=3704","No credentials were printed. Relocate/review is a proposal, not a deletion decision."
"artifacts/h24-release/oceancube.Rcheck/00_pkg_src/oceancube/inst/examples/cube_crop.R",FALSE,TRUE,TRUE,TRUE,FALSE,FALSE,"not-scanned","no filename evidence; content not exhaustively inspected",FALSE,"relocate","not tracked; ignored; type=artifact; size_bytes=8540","No credentials were printed. Relocate/review is a proposal, not a deletion decision."
"artifacts/h24-release/oceancube.Rcheck/00_pkg_src/oceancube/inst/examples/cube_extract.R",FALSE,TRUE,TRUE,TRUE,FALSE,FALSE,"not-scanned","no filename evidence; content not exhaustively inspected",FALSE,"relocate","not tracked; ignored; type=artifact; size_bytes=7836","No credentials were printed. Relocate/review is a proposal, not a deletion decision."
"artifacts/h24-release/oceancube.Rcheck/00_pkg_src/oceancube/inst/examples/cube_geometry_weights.R",FALSE,TRUE,TRUE,TRUE,FALSE,FALSE,"not-scanned","no filename evidence; content not exhaustively inspected",FALSE,"relocate","not tracked; ignored; type=artifact; size_bytes=4084","No credentials were printed. Relocate/review is a proposal, not a deletion decision."
"artifacts/h24-release/oceancube.Rcheck/00_pkg_src/oceancube/inst/examples/cube_mask.R",FALSE,TRUE,TRUE,TRUE,FALSE,FALSE,"not-scanned","no filename evidence; content not exhaustively inspected",FALSE,"relocate","not tracked; ignored; type=artifact; size_bytes=6852","No credentials were printed. Relocate/review is a proposal, not a deletion decision."
"artifacts/h24-release/oceancube.Rcheck/00_pkg_src/oceancube/inst/examples/cube_slice.R",FALSE,TRUE,TRUE,TRUE,FALSE,FALSE,"not-scanned","no filename evidence; content not exhaustively inspected",FALSE,"relocate","not tracked; ignored; type=artifact; size_bytes=6283","No credentials were printed. Relocate/review is a proposal, not a deletion decision."
"artifacts/h24-release/oceancube.Rcheck/00_pkg_src/oceancube/inst/examples/cube_transect.R",FALSE,TRUE,TRUE,TRUE,FALSE,FALSE,"not-scanned","no filename evidence; content not exhaustively inspected",FALSE,"relocate","not tracked; ignored; type=artifact; size_bytes=7793","No credentials were printed. Relocate/review is a proposal, not a deletion decision."
"artifacts/h24-release/oceancube.Rcheck/00_pkg_src/oceancube/inst/examples/noncontiguous_collect.R",FALSE,TRUE,TRUE,TRUE,FALSE,FALSE,"not-scanned","no filename evidence; content not exhaustively inspected",FALSE,"relocate","not tracked; ignored; type=artifact; size_bytes=3913","No credentials were printed. Relocate/review is a proposal, not a deletion decision."
"artifacts/h24-release/oceancube.Rcheck/00_pkg_src/oceancube/inst/examples/ocean_cube_contract.R",FALSE,TRUE,TRUE,TRUE,FALSE,FALSE,"not-scanned","no filename evidence; content not exhaustively inspected",FALSE,"relocate","not tracked; ignored; type=artifact; size_bytes=4027","No credentials were printed. Relocate/review is a proposal, not a deletion decision."
"artifacts/h24-release/oceancube.Rcheck/00_pkg_src/oceancube/inst/examples/refactor_coast_dist_backend.R",FALSE,TRUE,TRUE,TRUE,FALSE,FALSE,"not-scanned","no filename evidence; content not exhaustively inspected",FALSE,"relocate","not tracked; ignored; type=artifact; size_bytes=4008","No credentials were printed. Relocate/review is a proposal, not a deletion decision."
"artifacts/h24-release/oceancube.Rcheck/00_pkg_src/oceancube/inst/examples/refactor_layer_annual_backend.R",FALSE,TRUE,TRUE,TRUE,FALSE,FALSE,"not-scanned","no filename evidence; content not exhaustively inspected",FALSE,"relocate","not tracked; ignored; type=artifact; size_bytes=3656","No credentials were printed. Relocate/review is a proposal, not a deletion decision."
"artifacts/h24-release/oceancube.Rcheck/00_pkg_src/oceancube/inst/examples/refactor_link_events_backend.R",FALSE,TRUE,TRUE,TRUE,FALSE,FALSE,"not-scanned","no filename evidence; content not exhaustively inspected",FALSE,"relocate","not tracked; ignored; type=artifact; size_bytes=5629","No credentials were printed. Relocate/review is a proposal, not a deletion decision."
"artifacts/h24-release/oceancube.Rcheck/00_pkg_src/oceancube/inst/examples/refactor_temporal_backend.R",FALSE,TRUE,TRUE,TRUE,FALSE,FALSE,"not-scanned","no filename evidence; content not exhaustively inspected",FALSE,"relocate","not tracked; ignored; type=artifact; size_bytes=4304","No credentials were printed. Relocate/review is a proposal, not a deletion decision."
"artifacts/h24-release/oceancube.Rcheck/00_pkg_src/oceancube/LICENSE",FALSE,TRUE,TRUE,TRUE,FALSE,FALSE,"not-scanned","no filename evidence; content not exhaustively inspected",FALSE,"relocate","not tracked; ignored; type=metadata; size_bytes=1082","No credentials were printed. Relocate/review is a proposal, not a deletion decision."
"artifacts/h24-release/oceancube.Rcheck/00_pkg_src/oceancube/man/annual_index.Rd",FALSE,TRUE,TRUE,TRUE,FALSE,FALSE,"not-scanned","no filename evidence; content not exhaustively inspected",FALSE,"relocate","not tracked; ignored; type=artifact; size_bytes=648","No credentials were printed. Relocate/review is a proposal, not a deletion decision."
"artifacts/h24-release/oceancube.Rcheck/00_pkg_src/oceancube/man/anom_diff.Rd",FALSE,TRUE,TRUE,TRUE,FALSE,FALSE,"not-scanned","no filename evidence; content not exhaustively inspected",FALSE,"relocate","not tracked; ignored; type=artifact; size_bytes=499","No credentials were printed. Relocate/review is a proposal, not a deletion decision."
"artifacts/h24-release/oceancube.Rcheck/00_pkg_src/oceancube/man/anom_z.Rd",FALSE,TRUE,TRUE,TRUE,FALSE,FALSE,"not-scanned","no filename evidence; content not exhaustively inspected",FALSE,"relocate","not tracked; ignored; type=artifact; size_bytes=523","No credentials were printed. Relocate/review is a proposal, not a deletion decision."
"artifacts/h24-release/oceancube.Rcheck/00_pkg_src/oceancube/man/clim_day.Rd",FALSE,TRUE,TRUE,TRUE,FALSE,FALSE,"not-scanned","no filename evidence; content not exhaustively inspected",FALSE,"relocate","not tracked; ignored; type=artifact; size_bytes=1180","No credentials were printed. Relocate/review is a proposal, not a deletion decision."
"artifacts/h24-release/oceancube.Rcheck/00_pkg_src/oceancube/man/clim_month.Rd",FALSE,TRUE,TRUE,TRUE,FALSE,FALSE,"not-scanned","no filename evidence; content not exhaustively inspected",FALSE,"relocate","not tracked; ignored; type=artifact; size_bytes=449","No credentials were printed. Relocate/review is a proposal, not a deletion decision."
"artifacts/h24-release/oceancube.Rcheck/00_pkg_src/oceancube/man/cm_connect.Rd",FALSE,TRUE,TRUE,TRUE,FALSE,FALSE,"not-scanned","no filename evidence; content not exhaustively inspected",FALSE,"relocate","not tracked; ignored; type=artifact; size_bytes=621","No credentials were printed. Relocate/review is a proposal, not a deletion decision."
"artifacts/h24-release/oceancube.Rcheck/00_pkg_src/oceancube/man/cm_setup.Rd",FALSE,TRUE,TRUE,TRUE,FALSE,FALSE,"not-scanned","no filename evidence; content not exhaustively inspected",FALSE,"relocate","not tracked; ignored; type=artifact; size_bytes=764","No credentials were printed. Relocate/review is a proposal, not a deletion decision."
"artifacts/h24-release/oceancube.Rcheck/00_pkg_src/oceancube/man/coast_dist.Rd",FALSE,TRUE,TRUE,TRUE,FALSE,FALSE,"not-scanned","no filename evidence; content not exhaustively inspected",FALSE,"relocate","not tracked; ignored; type=artifact; size_bytes=518","No credentials were printed. Relocate/review is a proposal, not a deletion decision."
"artifacts/h24-release/oceancube.Rcheck/00_pkg_src/oceancube/man/crop_stock.Rd",FALSE,TRUE,TRUE,TRUE,FALSE,FALSE,"not-scanned","no filename evidence; content not exhaustively inspected",FALSE,"relocate","not tracked; ignored; type=artifact; size_bytes=401","No credentials were printed. Relocate/review is a proposal, not a deletion decision."
"artifacts/h24-release/oceancube.Rcheck/00_pkg_src/oceancube/man/cube_cell_area.Rd",FALSE,TRUE,TRUE,TRUE,FALSE,FALSE,"not-scanned","no filename evidence; content not exhaustively inspected",FALSE,"relocate","not tracked; ignored; type=artifact; size_bytes=813","No credentials were printed. Relocate/review is a proposal, not a deletion decision."
"artifacts/h24-release/oceancube.Rcheck/00_pkg_src/oceancube/man/cube_cell_volume.Rd",FALSE,TRUE,TRUE,TRUE,FALSE,FALSE,"not-scanned","no filename evidence; content not exhaustively inspected",FALSE,"relocate","not tracked; ignored; type=artifact; size_bytes=907","No credentials were printed. Relocate/review is a proposal, not a deletion decision."
"artifacts/h24-release/oceancube.Rcheck/00_pkg_src/oceancube/man/cube_collect.Rd",FALSE,TRUE,TRUE,TRUE,FALSE,FALSE,"not-scanned","no filename evidence; content not exhaustively inspected",FALSE,"relocate","not tracked; ignored; type=artifact; size_bytes=1308","No credentials were printed. Relocate/review is a proposal, not a deletion decision."
"artifacts/h24-release/oceancube.Rcheck/00_pkg_src/oceancube/man/cube_crop.Rd",FALSE,TRUE,TRUE,TRUE,FALSE,FALSE,"not-scanned","no filename evidence; content not exhaustively inspected",FALSE,"relocate","not tracked; ignored; type=artifact; size_bytes=2954","No credentials were printed. Relocate/review is a proposal, not a deletion decision."
"artifacts/h24-release/oceancube.Rcheck/00_pkg_src/oceancube/man/cube_extract.Rd",FALSE,TRUE,TRUE,TRUE,FALSE,FALSE,"not-scanned","no filename evidence; content not exhaustively inspected",FALSE,"relocate","not tracked; ignored; type=artifact; size_bytes=4426","No credentials were printed. Relocate/review is a proposal, not a deletion decision."
"artifacts/h24-release/oceancube.Rcheck/00_pkg_src/oceancube/man/cube_layer_thickness.Rd",FALSE,TRUE,TRUE,TRUE,FALSE,FALSE,"not-scanned","no filename evidence; content not exhaustively inspected",FALSE,"relocate","not tracked; ignored; type=artifact; size_bytes=1056","No credentials were printed. Relocate/review is a proposal, not a deletion decision."
"artifacts/h24-release/oceancube.Rcheck/00_pkg_src/oceancube/man/cube_mask.Rd",FALSE,TRUE,TRUE,TRUE,FALSE,FALSE,"not-scanned","no filename evidence; content not exhaustively inspected",FALSE,"relocate","not tracked; ignored; type=artifact; size_bytes=3749","No credentials were printed. Relocate/review is a proposal, not a deletion decision."
"artifacts/h24-release/oceancube.Rcheck/00_pkg_src/oceancube/man/cube_polygon_weights.Rd",FALSE,TRUE,TRUE,TRUE,FALSE,FALSE,"not-scanned","no filename evidence; content not exhaustively inspected",FALSE,"relocate","not tracked; ignored; type=artifact; size_bytes=2209","No credentials were printed. Relocate/review is a proposal, not a deletion decision."
"artifacts/h24-release/oceancube.Rcheck/00_pkg_src/oceancube/man/cube_slice.Rd",FALSE,TRUE,TRUE,TRUE,FALSE,FALSE,"not-scanned","no filename evidence; content not exhaustively inspected",FALSE,"relocate","not tracked; ignored; type=artifact; size_bytes=3121","No credentials were printed. Relocate/review is a proposal, not a deletion decision."
"artifacts/h24-release/oceancube.Rcheck/00_pkg_src/oceancube/man/cube_transect.Rd",FALSE,TRUE,TRUE,TRUE,FALSE,FALSE,"not-scanned","no filename evidence; content not exhaustively inspected",FALSE,"relocate","not tracked; ignored; type=artifact; size_bytes=4675","No credentials were printed. Relocate/review is a proposal, not a deletion decision."
"artifacts/h24-release/oceancube.Rcheck/00_pkg_src/oceancube/man/download_nc.Rd",FALSE,TRUE,TRUE,TRUE,FALSE,FALSE,"not-scanned","no filename evidence; content not exhaustively inspected",FALSE,"relocate","not tracked; ignored; type=artifact; size_bytes=1322","No credentials were printed. Relocate/review is a proposal, not a deletion decision."
"artifacts/h24-release/oceancube.Rcheck/00_pkg_src/oceancube/man/layer_mean.Rd",FALSE,TRUE,TRUE,TRUE,FALSE,FALSE,"not-scanned","no filename evidence; content not exhaustively inspected",FALSE,"relocate","not tracked; ignored; type=artifact; size_bytes=575","No credentials were printed. Relocate/review is a proposal, not a deletion decision."
"artifacts/h24-release/oceancube.Rcheck/00_pkg_src/oceancube/man/link_events.Rd",FALSE,TRUE,TRUE,TRUE,FALSE,FALSE,"not-scanned","no filename evidence; content not exhaustively inspected",FALSE,"relocate","not tracked; ignored; type=artifact; size_bytes=1740","No credentials were printed. Relocate/review is a proposal, not a deletion decision."
"artifacts/h24-release/oceancube.Rcheck/00_pkg_src/oceancube/man/ocean_cube.Rd",FALSE,TRUE,TRUE,TRUE,FALSE,FALSE,"not-scanned","no filename evidence; content not exhaustively inspected",FALSE,"relocate","not tracked; ignored; type=artifact; size_bytes=4051","No credentials were printed. Relocate/review is a proposal, not a deletion decision."
"artifacts/h24-release/oceancube.Rcheck/00_pkg_src/oceancube/man/read_nc.Rd",FALSE,TRUE,TRUE,TRUE,FALSE,FALSE,"not-scanned","no filename evidence; content not exhaustively inspected",FALSE,"relocate","not tracked; ignored; type=artifact; size_bytes=935","No credentials were printed. Relocate/review is a proposal, not a deletion decision."
"artifacts/h24-release/oceancube.Rcheck/00_pkg_src/oceancube/man/signal_noise.Rd",FALSE,TRUE,TRUE,TRUE,FALSE,FALSE,"not-scanned","no filename evidence; content not exhaustively inspected",FALSE,"relocate","not tracked; ignored; type=artifact; size_bytes=587","No credentials were printed. Relocate/review is a proposal, not a deletion decision."
"artifacts/h24-release/oceancube.Rcheck/00_pkg_src/oceancube/man/stock_mask.Rd",FALSE,TRUE,TRUE,TRUE,FALSE,FALSE,"not-scanned","no filename evidence; content not exhaustively inspected",FALSE,"relocate","not tracked; ignored; type=artifact; size_bytes=667","No credentials were printed. Relocate/review is a proposal, not a deletion decision."
"artifacts/h24-release/oceancube.Rcheck/00_pkg_src/oceancube/man/to_month.Rd",FALSE,TRUE,TRUE,TRUE,FALSE,FALSE,"not-scanned","no filename evidence; content not exhaustively inspected",FALSE,"relocate","not tracked; ignored; type=artifact; size_bytes=448","No credentials were printed. Relocate/review is a proposal, not a deletion decision."
"artifacts/h24-release/oceancube.Rcheck/00_pkg_src/oceancube/NAMESPACE",FALSE,TRUE,TRUE,TRUE,FALSE,FALSE,"not-scanned","no filename evidence; content not exhaustively inspected",FALSE,"relocate","not tracked; ignored; type=metadata; size_bytes=696","No credentials were printed. Relocate/review is a proposal, not a deletion decision."
"artifacts/h24-release/oceancube.Rcheck/00_pkg_src/oceancube/NEWS.md",FALSE,TRUE,TRUE,TRUE,FALSE,FALSE,"not-scanned","no filename evidence; content not exhaustively inspected",FALSE,"relocate","not tracked; ignored; type=documentation; size_bytes=1673","No credentials were printed. Relocate/review is a proposal, not a deletion decision."
"artifacts/h24-release/oceancube.Rcheck/00_pkg_src/oceancube/R/annual_index.R",FALSE,TRUE,TRUE,TRUE,FALSE,FALSE,"not-scanned","no filename evidence; content not exhaustively inspected",FALSE,"relocate","not tracked; ignored; type=artifact; size_bytes=2148","No credentials were printed. Relocate/review is a proposal, not a deletion decision."
"artifacts/h24-release/oceancube.Rcheck/00_pkg_src/oceancube/R/anom_diff.R",FALSE,TRUE,TRUE,TRUE,FALSE,FALSE,"not-scanned","no filename evidence; content not exhaustively inspected",FALSE,"relocate","not tracked; ignored; type=artifact; size_bytes=4308","No credentials were printed. Relocate/review is a proposal, not a deletion decision."
"artifacts/h24-release/oceancube.Rcheck/00_pkg_src/oceancube/R/backend-index.R",FALSE,TRUE,TRUE,TRUE,FALSE,FALSE,"not-scanned","no filename evidence; content not exhaustively inspected",FALSE,"relocate","not tracked; ignored; type=artifact; size_bytes=4541","No credentials were printed. Relocate/review is a proposal, not a deletion decision."
"artifacts/h24-release/oceancube.Rcheck/00_pkg_src/oceancube/R/backend-memory.R",FALSE,TRUE,TRUE,TRUE,FALSE,FALSE,"not-scanned","no filename evidence; content not exhaustively inspected",FALSE,"relocate","not tracked; ignored; type=artifact; size_bytes=13568","No credentials were printed. Relocate/review is a proposal, not a deletion decision."
"artifacts/h24-release/oceancube.Rcheck/00_pkg_src/oceancube/R/backend-netcdf.R",FALSE,TRUE,TRUE,TRUE,FALSE,FALSE,"not-scanned","no filename evidence; content not exhaustively inspected",FALSE,"relocate","not tracked; ignored; type=artifact; size_bytes=47164","No credentials were printed. Relocate/review is a proposal, not a deletion decision."
"artifacts/h24-release/oceancube.Rcheck/00_pkg_src/oceancube/R/clim_day.R",FALSE,TRUE,TRUE,TRUE,FALSE,FALSE,"not-scanned","no filename evidence; content not exhaustively inspected",FALSE,"relocate","not tracked; ignored; type=artifact; size_bytes=4446","No credentials were printed. Relocate/review is a proposal, not a deletion decision."
"artifacts/h24-release/oceancube.Rcheck/00_pkg_src/oceancube/R/clim_month.R",FALSE,TRUE,TRUE,TRUE,FALSE,FALSE,"not-scanned","no filename evidence; content not exhaustively inspected",FALSE,"relocate","not tracked; ignored; type=artifact; size_bytes=1956","No credentials were printed. Relocate/review is a proposal, not a deletion decision."
"artifacts/h24-release/oceancube.Rcheck/00_pkg_src/oceancube/R/cm_setup.R",FALSE,TRUE,TRUE,TRUE,FALSE,FALSE,"not-scanned","no filename evidence; content not exhaustively inspected",FALSE,"relocate","not tracked; ignored; type=artifact; size_bytes=2382","No credentials were printed. Relocate/review is a proposal, not a deletion decision."
"artifacts/h24-release/oceancube.Rcheck/00_pkg_src/oceancube/R/coast_dist.R",FALSE,TRUE,TRUE,TRUE,FALSE,FALSE,"not-scanned","no filename evidence; content not exhaustively inspected",FALSE,"relocate","not tracked; ignored; type=artifact; size_bytes=1281","No credentials were printed. Relocate/review is a proposal, not a deletion decision."
"artifacts/h24-release/oceancube.Rcheck/00_pkg_src/oceancube/R/cube_collect.R",FALSE,TRUE,TRUE,TRUE,FALSE,FALSE,"not-scanned","no filename evidence; content not exhaustively inspected",FALSE,"relocate","not tracked; ignored; type=artifact; size_bytes=2903","No credentials were printed. Relocate/review is a proposal, not a deletion decision."
"artifacts/h24-release/oceancube.Rcheck/00_pkg_src/oceancube/R/cube_crop.R",FALSE,TRUE,TRUE,TRUE,FALSE,FALSE,"not-scanned","no filename evidence; content not exhaustively inspected",FALSE,"relocate","not tracked; ignored; type=artifact; size_bytes=14813","No credentials were printed. Relocate/review is a proposal, not a deletion decision."
"artifacts/h24-release/oceancube.Rcheck/00_pkg_src/oceancube/R/cube_extract.R",FALSE,TRUE,TRUE,TRUE,FALSE,FALSE,"not-scanned","no filename evidence; content not exhaustively inspected",FALSE,"relocate","not tracked; ignored; type=artifact; size_bytes=16455","No credentials were printed. Relocate/review is a proposal, not a deletion decision."
"artifacts/h24-release/oceancube.Rcheck/00_pkg_src/oceancube/R/cube_grid_geometry.R",FALSE,TRUE,TRUE,TRUE,FALSE,FALSE,"not-scanned","no filename evidence; content not exhaustively inspected",FALSE,"relocate","not tracked; ignored; type=artifact; size_bytes=14742","No credentials were printed. Relocate/review is a proposal, not a deletion decision."
"artifacts/h24-release/oceancube.Rcheck/00_pkg_src/oceancube/R/cube_mask.R",FALSE,TRUE,TRUE,TRUE,FALSE,FALSE,"not-scanned","no filename evidence; content not exhaustively inspected",FALSE,"relocate","not tracked; ignored; type=artifact; size_bytes=19063","No credentials were printed. Relocate/review is a proposal, not a deletion decision."
"artifacts/h24-release/oceancube.Rcheck/00_pkg_src/oceancube/R/cube_polygon_weights.R",FALSE,TRUE,TRUE,TRUE,FALSE,FALSE,"not-scanned","no filename evidence; content not exhaustively inspected",FALSE,"relocate","not tracked; ignored; type=artifact; size_bytes=11525","No credentials were printed. Relocate/review is a proposal, not a deletion decision."
"artifacts/h24-release/oceancube.Rcheck/00_pkg_src/oceancube/R/cube_slice.R",FALSE,TRUE,TRUE,TRUE,FALSE,FALSE,"not-scanned","no filename evidence; content not exhaustively inspected",FALSE,"relocate","not tracked; ignored; type=artifact; size_bytes=19400","No credentials were printed. Relocate/review is a proposal, not a deletion decision."
"artifacts/h24-release/oceancube.Rcheck/00_pkg_src/oceancube/R/cube_transect.R",FALSE,TRUE,TRUE,TRUE,FALSE,FALSE,"not-scanned","no filename evidence; content not exhaustively inspected",FALSE,"relocate","not tracked; ignored; type=artifact; size_bytes=19588","No credentials were printed. Relocate/review is a proposal, not a deletion decision."
"artifacts/h24-release/oceancube.Rcheck/00_pkg_src/oceancube/R/download_nc.R",FALSE,TRUE,TRUE,TRUE,FALSE,FALSE,"not-scanned","no filename evidence; content not exhaustively inspected",FALSE,"relocate","not tracked; ignored; type=artifact; size_bytes=3417","No credentials were printed. Relocate/review is a proposal, not a deletion decision."
"artifacts/h24-release/oceancube.Rcheck/00_pkg_src/oceancube/R/layer_mean.R",FALSE,TRUE,TRUE,TRUE,FALSE,FALSE,"not-scanned","no filename evidence; content not exhaustively inspected",FALSE,"relocate","not tracked; ignored; type=artifact; size_bytes=2025","No credentials were printed. Relocate/review is a proposal, not a deletion decision."
"artifacts/h24-release/oceancube.Rcheck/00_pkg_src/oceancube/R/link_events.R",FALSE,TRUE,TRUE,TRUE,FALSE,FALSE,"not-scanned","no filename evidence; content not exhaustively inspected",FALSE,"relocate","not tracked; ignored; type=artifact; size_bytes=5403","No credentials were printed. Relocate/review is a proposal, not a deletion decision."
"artifacts/h24-release/oceancube.Rcheck/00_pkg_src/oceancube/R/ocean_cube.R",FALSE,TRUE,TRUE,TRUE,FALSE,FALSE,"not-scanned","no filename evidence; content not exhaustively inspected",FALSE,"relocate","not tracked; ignored; type=artifact; size_bytes=7861","No credentials were printed. Relocate/review is a proposal, not a deletion decision."
"artifacts/h24-release/oceancube.Rcheck/00_pkg_src/oceancube/R/read_nc.R",FALSE,TRUE,TRUE,TRUE,FALSE,FALSE,"not-scanned","no filename evidence; content not exhaustively inspected",FALSE,"relocate","not tracked; ignored; type=artifact; size_bytes=4002","No credentials were printed. Relocate/review is a proposal, not a deletion decision."
"artifacts/h24-release/oceancube.Rcheck/00_pkg_src/oceancube/R/stock_mask.R",FALSE,TRUE,TRUE,TRUE,FALSE,FALSE,"not-scanned","no filename evidence; content not exhaustively inspected",FALSE,"relocate","not tracked; ignored; type=artifact; size_bytes=3301","No credentials were printed. Relocate/review is a proposal, not a deletion decision."
"artifacts/h24-release/oceancube.Rcheck/00_pkg_src/oceancube/R/to_month.R",FALSE,TRUE,TRUE,TRUE,FALSE,FALSE,"not-scanned","no filename evidence; content not exhaustively inspected",FALSE,"relocate","not tracked; ignored; type=artifact; size_bytes=1174","No credentials were printed. Relocate/review is a proposal, not a deletion decision."
"artifacts/h24-release/oceancube.Rcheck/00_pkg_src/oceancube/R/utils-internal.R",FALSE,TRUE,TRUE,TRUE,FALSE,FALSE,"not-scanned","no filename evidence; content not exhaustively inspected",FALSE,"relocate","not tracked; ignored; type=artifact; size_bytes=12752","No credentials were printed. Relocate/review is a proposal, not a deletion decision."
"artifacts/h24-release/oceancube.Rcheck/00_pkg_src/oceancube/README.md",FALSE,TRUE,TRUE,TRUE,FALSE,FALSE,"not-scanned","no filename evidence; content not exhaustively inspected",FALSE,"relocate","not tracked; ignored; type=documentation; size_bytes=3922","No credentials were printed. Relocate/review is a proposal, not a deletion decision."
"artifacts/h24-release/oceancube.Rcheck/00_pkg_src/oceancube/README.Rmd",FALSE,TRUE,TRUE,TRUE,FALSE,FALSE,"not-scanned","no filename evidence; content not exhaustively inspected",FALSE,"relocate","not tracked; ignored; type=documentation; size_bytes=3953","No credentials were printed. Relocate/review is a proposal, not a deletion decision."
"artifacts/h24-release/oceancube.Rcheck/00_pkg_src/oceancube/tests/testthat.R",FALSE,TRUE,TRUE,TRUE,FALSE,FALSE,"not-scanned","no filename evidence; content not exhaustively inspected",FALSE,"relocate","not tracked; ignored; type=artifact; size_bytes=62","No credentials were printed. Relocate/review is a proposal, not a deletion decision."
"artifacts/h24-release/oceancube.Rcheck/00_pkg_src/oceancube/tests/testthat/helper-architecture.R",FALSE,TRUE,TRUE,TRUE,FALSE,FALSE,"not-scanned","no filename evidence; content not exhaustively inspected",FALSE,"relocate","not tracked; ignored; type=artifact; size_bytes=2086","No credentials were printed. Relocate/review is a proposal, not a deletion decision."
"artifacts/h24-release/oceancube.Rcheck/00_pkg_src/oceancube/tests/testthat/helper-baseline-cube.R",FALSE,TRUE,TRUE,TRUE,FALSE,FALSE,"not-scanned","no filename evidence; content not exhaustively inspected",FALSE,"relocate","not tracked; ignored; type=artifact; size_bytes=1544","No credentials were printed. Relocate/review is a proposal, not a deletion decision."
"artifacts/h24-release/oceancube.Rcheck/00_pkg_src/oceancube/tests/testthat/helper-geometry.R",FALSE,TRUE,TRUE,TRUE,FALSE,FALSE,"not-scanned","no filename evidence; content not exhaustively inspected",FALSE,"relocate","not tracked; ignored; type=artifact; size_bytes=502","No credentials were printed. Relocate/review is a proposal, not a deletion decision."
"artifacts/h24-release/oceancube.Rcheck/00_pkg_src/oceancube/tests/testthat/helper-netcdf-backend.R",FALSE,TRUE,TRUE,TRUE,FALSE,FALSE,"not-scanned","no filename evidence; content not exhaustively inspected",FALSE,"relocate","not tracked; ignored; type=artifact; size_bytes=8204","No credentials were printed. Relocate/review is a proposal, not a deletion decision."
"artifacts/h24-release/oceancube.Rcheck/00_pkg_src/oceancube/tests/testthat/test-backend-memory.R",FALSE,TRUE,TRUE,TRUE,FALSE,FALSE,"not-scanned","no filename evidence; content not exhaustively inspected",FALSE,"relocate","not tracked; ignored; type=artifact; size_bytes=10966","No credentials were printed. Relocate/review is a proposal, not a deletion decision."
"artifacts/h24-release/oceancube.Rcheck/00_pkg_src/oceancube/tests/testthat/test-backend-netcdf-descriptor.R",FALSE,TRUE,TRUE,TRUE,FALSE,FALSE,"not-scanned","no filename evidence; content not exhaustively inspected",FALSE,"relocate","not tracked; ignored; type=artifact; size_bytes=18223","No credentials were printed. Relocate/review is a proposal, not a deletion decision."
"artifacts/h24-release/oceancube.Rcheck/00_pkg_src/oceancube/tests/testthat/test-backend-netcdf-noncontiguous.R",FALSE,TRUE,TRUE,TRUE,FALSE,FALSE,"not-scanned","no filename evidence; content not exhaustively inspected",FALSE,"relocate","not tracked; ignored; type=artifact; size_bytes=10764","No credentials were printed. Relocate/review is a proposal, not a deletion decision."
"artifacts/h24-release/oceancube.Rcheck/00_pkg_src/oceancube/tests/testthat/test-backend-netcdf-read-block.R",FALSE,TRUE,TRUE,TRUE,FALSE,FALSE,"not-scanned","no filename evidence; content not exhaustively inspected",FALSE,"relocate","not tracked; ignored; type=artifact; size_bytes=17998","No credentials were printed. Relocate/review is a proposal, not a deletion decision."
"artifacts/h24-release/oceancube.Rcheck/00_pkg_src/oceancube/tests/testthat/test-clim-anom.R",FALSE,TRUE,TRUE,TRUE,FALSE,FALSE,"not-scanned","no filename evidence; content not exhaustively inspected",FALSE,"relocate","not tracked; ignored; type=artifact; size_bytes=1091","No credentials were printed. Relocate/review is a proposal, not a deletion decision."
"artifacts/h24-release/oceancube.Rcheck/00_pkg_src/oceancube/tests/testthat/test-cube-collect.R",FALSE,TRUE,TRUE,TRUE,FALSE,FALSE,"not-scanned","no filename evidence; content not exhaustively inspected",FALSE,"relocate","not tracked; ignored; type=artifact; size_bytes=7458","No credentials were printed. Relocate/review is a proposal, not a deletion decision."
"artifacts/h24-release/oceancube.Rcheck/00_pkg_src/oceancube/tests/testthat/test-cube-crop.R",FALSE,TRUE,TRUE,TRUE,FALSE,FALSE,"not-scanned","no filename evidence; content not exhaustively inspected",FALSE,"relocate","not tracked; ignored; type=artifact; size_bytes=23828","No credentials were printed. Relocate/review is a proposal, not a deletion decision."
"artifacts/h24-release/oceancube.Rcheck/00_pkg_src/oceancube/tests/testthat/test-cube-extract.R",FALSE,TRUE,TRUE,TRUE,FALSE,FALSE,"not-scanned","no filename evidence; content not exhaustively inspected",FALSE,"relocate","not tracked; ignored; type=artifact; size_bytes=29027","No credentials were printed. Relocate/review is a proposal, not a deletion decision."
"artifacts/h24-release/oceancube.Rcheck/00_pkg_src/oceancube/tests/testthat/test-cube-grid-geometry.R",FALSE,TRUE,TRUE,TRUE,FALSE,FALSE,"not-scanned","no filename evidence; content not exhaustively inspected",FALSE,"relocate","not tracked; ignored; type=artifact; size_bytes=8641","No credentials were printed. Relocate/review is a proposal, not a deletion decision."
"artifacts/h24-release/oceancube.Rcheck/00_pkg_src/oceancube/tests/testthat/test-cube-mask.R",FALSE,TRUE,TRUE,TRUE,FALSE,FALSE,"not-scanned","no filename evidence; content not exhaustively inspected",FALSE,"relocate","not tracked; ignored; type=artifact; size_bytes=11117","No credentials were printed. Relocate/review is a proposal, not a deletion decision."
"artifacts/h24-release/oceancube.Rcheck/00_pkg_src/oceancube/tests/testthat/test-cube-polygon-weights.R",FALSE,TRUE,TRUE,TRUE,FALSE,FALSE,"not-scanned","no filename evidence; content not exhaustively inspected",FALSE,"relocate","not tracked; ignored; type=artifact; size_bytes=12292","No credentials were printed. Relocate/review is a proposal, not a deletion decision."
"artifacts/h24-release/oceancube.Rcheck/00_pkg_src/oceancube/tests/testthat/test-cube-slice.R",FALSE,TRUE,TRUE,TRUE,FALSE,FALSE,"not-scanned","no filename evidence; content not exhaustively inspected",FALSE,"relocate","not tracked; ignored; type=artifact; size_bytes=22898","No credentials were printed. Relocate/review is a proposal, not a deletion decision."
"artifacts/h24-release/oceancube.Rcheck/00_pkg_src/oceancube/tests/testthat/test-cube-transect.R",FALSE,TRUE,TRUE,TRUE,FALSE,FALSE,"not-scanned","no filename evidence; content not exhaustively inspected",FALSE,"relocate","not tracked; ignored; type=artifact; size_bytes=10124","No credentials were printed. Relocate/review is a proposal, not a deletion decision."
"artifacts/h24-release/oceancube.Rcheck/00_pkg_src/oceancube/tests/testthat/test-daily-link.R",FALSE,TRUE,TRUE,TRUE,FALSE,FALSE,"not-scanned","no filename evidence; content not exhaustively inspected",FALSE,"relocate","not tracked; ignored; type=artifact; size_bytes=1500","No credentials were printed. Relocate/review is a proposal, not a deletion decision."
"artifacts/h24-release/oceancube.Rcheck/00_pkg_src/oceancube/tests/testthat/test-layer-time-mask.R",FALSE,TRUE,TRUE,TRUE,FALSE,FALSE,"not-scanned","no filename evidence; content not exhaustively inspected",FALSE,"relocate","not tracked; ignored; type=artifact; size_bytes=1451","No credentials were printed. Relocate/review is a proposal, not a deletion decision."
"artifacts/h24-release/oceancube.Rcheck/00_pkg_src/oceancube/tests/testthat/test-no-direct-data-access.R",FALSE,TRUE,TRUE,TRUE,FALSE,FALSE,"not-scanned","no filename evidence; content not exhaustively inspected",FALSE,"relocate","not tracked; ignored; type=artifact; size_bytes=1912","No credentials were printed. Relocate/review is a proposal, not a deletion decision."
"artifacts/h24-release/oceancube.Rcheck/00_pkg_src/oceancube/tests/testthat/test-ocean-cube-baseline.R",FALSE,TRUE,TRUE,TRUE,FALSE,FALSE,"not-scanned","no filename evidence; content not exhaustively inspected",FALSE,"relocate","not tracked; ignored; type=artifact; size_bytes=3603","No credentials were printed. Relocate/review is a proposal, not a deletion decision."
"artifacts/h24-release/oceancube.Rcheck/00_pkg_src/oceancube/tests/testthat/test-ocean-cube-contract.R",FALSE,TRUE,TRUE,TRUE,FALSE,FALSE,"not-scanned","no filename evidence; content not exhaustively inspected",FALSE,"relocate","not tracked; ignored; type=artifact; size_bytes=10419","No credentials were printed. Relocate/review is a proposal, not a deletion decision."
"artifacts/h24-release/oceancube.Rcheck/00_pkg_src/oceancube/tests/testthat/test-ocean-cube.R",FALSE,TRUE,TRUE,TRUE,FALSE,FALSE,"not-scanned","no filename evidence; content not exhaustively inspected",FALSE,"relocate","not tracked; ignored; type=artifact; size_bytes=836","No credentials were printed. Relocate/review is a proposal, not a deletion decision."
"artifacts/h24-release/oceancube.Rcheck/00_pkg_src/oceancube/tests/testthat/test-package-boundary-spatind.R",FALSE,TRUE,TRUE,TRUE,FALSE,FALSE,"not-scanned","no filename evidence; content not exhaustively inspected",FALSE,"relocate","not tracked; ignored; type=artifact; size_bytes=1584","No credentials were printed. Relocate/review is a proposal, not a deletion decision."
"artifacts/h24-release/oceancube.Rcheck/00_pkg_src/oceancube/tests/testthat/test-read-nc-baseline.R",FALSE,TRUE,TRUE,TRUE,FALSE,FALSE,"not-scanned","no filename evidence; content not exhaustively inspected",FALSE,"relocate","not tracked; ignored; type=artifact; size_bytes=3478","No credentials were printed. Relocate/review is a proposal, not a deletion decision."
"artifacts/h24-release/oceancube.Rcheck/00_pkg_src/oceancube/tests/testthat/test-refactor-coast-dist-backend.R",FALSE,TRUE,TRUE,TRUE,FALSE,FALSE,"not-scanned","no filename evidence; content not exhaustively inspected",FALSE,"relocate","not tracked; ignored; type=artifact; size_bytes=9486","No credentials were printed. Relocate/review is a proposal, not a deletion decision."
"artifacts/h24-release/oceancube.Rcheck/00_pkg_src/oceancube/tests/testthat/test-refactor-layer-annual-backend.R",FALSE,TRUE,TRUE,TRUE,FALSE,FALSE,"not-scanned","no filename evidence; content not exhaustively inspected",FALSE,"relocate","not tracked; ignored; type=artifact; size_bytes=10782","No credentials were printed. Relocate/review is a proposal, not a deletion decision."
"artifacts/h24-release/oceancube.Rcheck/00_pkg_src/oceancube/tests/testthat/test-refactor-link-events-backend.R",FALSE,TRUE,TRUE,TRUE,FALSE,FALSE,"not-scanned","no filename evidence; content not exhaustively inspected",FALSE,"relocate","not tracked; ignored; type=artifact; size_bytes=17309","No credentials were printed. Relocate/review is a proposal, not a deletion decision."
"artifacts/h24-release/oceancube.Rcheck/00_pkg_src/oceancube/tests/testthat/test-refactor-temporal-backend.R",FALSE,TRUE,TRUE,TRUE,FALSE,FALSE,"not-scanned","no filename evidence; content not exhaustively inspected",FALSE,"relocate","not tracked; ignored; type=artifact; size_bytes=11299","No credentials were printed. Relocate/review is a proposal, not a deletion decision."
"artifacts/h24-release/oceancube.Rcheck/00_pkg_src/oceancube/tests/testthat/test-release-contract.R",FALSE,TRUE,TRUE,TRUE,FALSE,FALSE,"not-scanned","no filename evidence; content not exhaustively inspected",FALSE,"relocate","not tracked; ignored; type=artifact; size_bytes=4608","No credentials were printed. Relocate/review is a proposal, not a deletion decision."
"artifacts/h24-release/oceancube.Rcheck/00_pkg_src/oceancube/tests/testthat/test-scientific-baseline.R",FALSE,TRUE,TRUE,TRUE,FALSE,FALSE,"not-scanned","no filename evidence; content not exhaustively inspected",FALSE,"relocate","not tracked; ignored; type=artifact; size_bytes=4598","No credentials were printed. Relocate/review is a proposal, not a deletion decision."
"artifacts/h24-release/oceancube.Rcheck/00_pkg_src/oceancube/vignettes/get-started.Rmd",FALSE,TRUE,TRUE,TRUE,FALSE,FALSE,"not-scanned","no filename evidence; content not exhaustively inspected",FALSE,"relocate","not tracked; ignored; type=artifact; size_bytes=737","No credentials were printed. Relocate/review is a proposal, not a deletion decision."
"artifacts/h24-release/oceancube.Rcheck/00_pkg_src/oceancube/vignettes/oceancube-architecture.Rmd",FALSE,TRUE,TRUE,TRUE,FALSE,FALSE,"not-scanned","no filename evidence; content not exhaustively inspected",FALSE,"relocate","not tracked; ignored; type=artifact; size_bytes=2553","No credentials were printed. Relocate/review is a proposal, not a deletion decision."
"artifacts/h24-release/oceancube.Rcheck/00_pkg_src/oceancube/vignettes/oceancube-geometry-weights.Rmd",FALSE,TRUE,TRUE,TRUE,FALSE,FALSE,"not-scanned","no filename evidence; content not exhaustively inspected",FALSE,"relocate","not tracked; ignored; type=artifact; size_bytes=2215","No credentials were printed. Relocate/review is a proposal, not a deletion decision."
"artifacts/h24-release/oceancube.Rcheck/00_pkg_src/oceancube/vignettes/oceancube-introduction.Rmd",FALSE,TRUE,TRUE,TRUE,FALSE,FALSE,"not-scanned","no filename evidence; content not exhaustively inspected",FALSE,"relocate","not tracked; ignored; type=artifact; size_bytes=3404","No credentials were printed. Relocate/review is a proposal, not a deletion decision."
"artifacts/h24-release/oceancube.Rcheck/00check.log",FALSE,TRUE,TRUE,TRUE,FALSE,FALSE,"not-scanned","no filename evidence; content not exhaustively inspected",FALSE,"relocate","not tracked; ignored; type=artifact; size_bytes=2772","No credentials were printed. Relocate/review is a proposal, not a deletion decision."
"artifacts/h24-release/oceancube.Rcheck/00install.out",FALSE,TRUE,TRUE,TRUE,FALSE,FALSE,"not-scanned","no filename evidence; content not exhaustively inspected",FALSE,"relocate","not tracked; ignored; type=artifact; size_bytes=475","No credentials were printed. Relocate/review is a proposal, not a deletion decision."
"artifacts/h24-release/oceancube.Rcheck/oceancube-Ex.pdf",FALSE,TRUE,TRUE,TRUE,FALSE,FALSE,"not-scanned","no filename evidence; content not exhaustively inspected",FALSE,"relocate","not tracked; ignored; type=artifact; size_bytes=3611","No credentials were printed. Relocate/review is a proposal, not a deletion decision."
"artifacts/h24-release/oceancube.Rcheck/oceancube-Ex.R",FALSE,TRUE,TRUE,TRUE,FALSE,FALSE,"not-scanned","no filename evidence; content not exhaustively inspected",FALSE,"relocate","not tracked; ignored; type=artifact; size_bytes=5011","No credentials were printed. Relocate/review is a proposal, not a deletion decision."
"artifacts/h24-release/oceancube.Rcheck/oceancube-Ex.Rout",FALSE,TRUE,TRUE,TRUE,FALSE,FALSE,"not-scanned","no filename evidence; content not exhaustively inspected",FALSE,"relocate","not tracked; ignored; type=artifact; size_bytes=9910","No credentials were printed. Relocate/review is a proposal, not a deletion decision."
"artifacts/h24-release/oceancube.Rcheck/oceancube/architecture/oceancube-spatind-boundary.md",FALSE,TRUE,TRUE,TRUE,FALSE,FALSE,"not-scanned","no filename evidence; content not exhaustively inspected",FALSE,"relocate","not tracked; ignored; type=artifact; size_bytes=5299","No credentials were printed. Relocate/review is a proposal, not a deletion decision."
"artifacts/h24-release/oceancube.Rcheck/oceancube/CITATION",FALSE,TRUE,TRUE,TRUE,FALSE,FALSE,"not-scanned","no filename evidence; content not exhaustively inspected",FALSE,"relocate","not tracked; ignored; type=metadata; size_bytes=116","No credentials were printed. Relocate/review is a proposal, not a deletion decision."
"artifacts/h24-release/oceancube.Rcheck/oceancube/DESCRIPTION",FALSE,TRUE,TRUE,TRUE,FALSE,FALSE,"not-scanned","no filename evidence; content not exhaustively inspected",FALSE,"relocate","not tracked; ignored; type=metadata; size_bytes=1298","No credentials were printed. Relocate/review is a proposal, not a deletion decision."
"artifacts/h24-release/oceancube.Rcheck/oceancube/doc/get-started.html",FALSE,TRUE,TRUE,TRUE,FALSE,FALSE,"not-scanned","no filename evidence; content not exhaustively inspected",FALSE,"relocate","not tracked; ignored; type=website; size_bytes=11230","No credentials were printed. Relocate/review is a proposal, not a deletion decision."
"artifacts/h24-release/oceancube.Rcheck/oceancube/doc/get-started.R",FALSE,TRUE,TRUE,TRUE,FALSE,FALSE,"not-scanned","no filename evidence; content not exhaustively inspected",FALSE,"relocate","not tracked; ignored; type=artifact; size_bytes=341","No credentials were printed. Relocate/review is a proposal, not a deletion decision."
"artifacts/h24-release/oceancube.Rcheck/oceancube/doc/get-started.Rmd",FALSE,TRUE,TRUE,TRUE,FALSE,FALSE,"not-scanned","no filename evidence; content not exhaustively inspected",FALSE,"relocate","not tracked; ignored; type=artifact; size_bytes=737","No credentials were printed. Relocate/review is a proposal, not a deletion decision."
"artifacts/h24-release/oceancube.Rcheck/oceancube/doc/index.html",FALSE,TRUE,TRUE,TRUE,FALSE,FALSE,"not-scanned","no filename evidence; content not exhaustively inspected",FALSE,"relocate","not tracked; ignored; type=website; size_bytes=3354","No credentials were printed. Relocate/review is a proposal, not a deletion decision."
"artifacts/h24-release/oceancube.Rcheck/oceancube/doc/oceancube-architecture.html",FALSE,TRUE,TRUE,TRUE,FALSE,FALSE,"not-scanned","no filename evidence; content not exhaustively inspected",FALSE,"relocate","not tracked; ignored; type=website; size_bytes=13532","No credentials were printed. Relocate/review is a proposal, not a deletion decision."
"artifacts/h24-release/oceancube.Rcheck/oceancube/doc/oceancube-architecture.R",FALSE,TRUE,TRUE,TRUE,FALSE,FALSE,"not-scanned","no filename evidence; content not exhaustively inspected",FALSE,"relocate","not tracked; ignored; type=artifact; size_bytes=369","No credentials were printed. Relocate/review is a proposal, not a deletion decision."
"artifacts/h24-release/oceancube.Rcheck/oceancube/doc/oceancube-architecture.Rmd",FALSE,TRUE,TRUE,TRUE,FALSE,FALSE,"not-scanned","no filename evidence; content not exhaustively inspected",FALSE,"relocate","not tracked; ignored; type=artifact; size_bytes=2553","No credentials were printed. Relocate/review is a proposal, not a deletion decision."
"artifacts/h24-release/oceancube.Rcheck/oceancube/doc/oceancube-geometry-weights.html",FALSE,TRUE,TRUE,TRUE,FALSE,FALSE,"not-scanned","no filename evidence; content not exhaustively inspected",FALSE,"relocate","not tracked; ignored; type=website; size_bytes=23626","No credentials were printed. Relocate/review is a proposal, not a deletion decision."
"artifacts/h24-release/oceancube.Rcheck/oceancube/doc/oceancube-geometry-weights.R",FALSE,TRUE,TRUE,TRUE,FALSE,FALSE,"not-scanned","no filename evidence; content not exhaustively inspected",FALSE,"relocate","not tracked; ignored; type=artifact; size_bytes=1279","No credentials were printed. Relocate/review is a proposal, not a deletion decision."
"artifacts/h24-release/oceancube.Rcheck/oceancube/doc/oceancube-geometry-weights.Rmd",FALSE,TRUE,TRUE,TRUE,FALSE,FALSE,"not-scanned","no filename evidence; content not exhaustively inspected",FALSE,"relocate","not tracked; ignored; type=artifact; size_bytes=2215","No credentials were printed. Relocate/review is a proposal, not a deletion decision."
"artifacts/h24-release/oceancube.Rcheck/oceancube/doc/oceancube-introduction.html",FALSE,TRUE,TRUE,TRUE,FALSE,FALSE,"not-scanned","no filename evidence; content not exhaustively inspected",FALSE,"relocate","not tracked; ignored; type=website; size_bytes=24863","No credentials were printed. Relocate/review is a proposal, not a deletion decision."
"artifacts/h24-release/oceancube.Rcheck/oceancube/doc/oceancube-introduction.R",FALSE,TRUE,TRUE,TRUE,FALSE,FALSE,"not-scanned","no filename evidence; content not exhaustively inspected",FALSE,"relocate","not tracked; ignored; type=artifact; size_bytes=1818","No credentials were printed. Relocate/review is a proposal, not a deletion decision."
"artifacts/h24-release/oceancube.Rcheck/oceancube/doc/oceancube-introduction.Rmd",FALSE,TRUE,TRUE,TRUE,FALSE,FALSE,"not-scanned","no filename evidence; content not exhaustively inspected",FALSE,"relocate","not tracked; ignored; type=artifact; size_bytes=3404","No credentials were printed. Relocate/review is a proposal, not a deletion decision."
"artifacts/h24-release/oceancube.Rcheck/oceancube/examples/backend_memory.R",FALSE,TRUE,TRUE,TRUE,FALSE,FALSE,"not-scanned","no filename evidence; content not exhaustively inspected",FALSE,"relocate","not tracked; ignored; type=artifact; size_bytes=3995","No credentials were printed. Relocate/review is a proposal, not a deletion decision."
"artifacts/h24-release/oceancube.Rcheck/oceancube/examples/backend_netcdf_descriptor.R",FALSE,TRUE,TRUE,TRUE,FALSE,FALSE,"not-scanned","no filename evidence; content not exhaustively inspected",FALSE,"relocate","not tracked; ignored; type=artifact; size_bytes=5112","No credentials were printed. Relocate/review is a proposal, not a deletion decision."
"artifacts/h24-release/oceancube.Rcheck/oceancube/examples/backend_netcdf_read_block.R",FALSE,TRUE,TRUE,TRUE,FALSE,FALSE,"not-scanned","no filename evidence; content not exhaustively inspected",FALSE,"relocate","not tracked; ignored; type=artifact; size_bytes=6686","No credentials were printed. Relocate/review is a proposal, not a deletion decision."
"artifacts/h24-release/oceancube.Rcheck/oceancube/examples/baseline_ocean_cube.R",FALSE,TRUE,TRUE,TRUE,FALSE,FALSE,"not-scanned","no filename evidence; content not exhaustively inspected",FALSE,"relocate","not tracked; ignored; type=artifact; size_bytes=3704","No credentials were printed. Relocate/review is a proposal, not a deletion decision."
"artifacts/h24-release/oceancube.Rcheck/oceancube/examples/cube_crop.R",FALSE,TRUE,TRUE,TRUE,FALSE,FALSE,"not-scanned","no filename evidence; content not exhaustively inspected",FALSE,"relocate","not tracked; ignored; type=artifact; size_bytes=8540","No credentials were printed. Relocate/review is a proposal, not a deletion decision."
"artifacts/h24-release/oceancube.Rcheck/oceancube/examples/cube_extract.R",FALSE,TRUE,TRUE,TRUE,FALSE,FALSE,"not-scanned","no filename evidence; content not exhaustively inspected",FALSE,"relocate","not tracked; ignored; type=artifact; size_bytes=7836","No credentials were printed. Relocate/review is a proposal, not a deletion decision."
"artifacts/h24-release/oceancube.Rcheck/oceancube/examples/cube_geometry_weights.R",FALSE,TRUE,TRUE,TRUE,FALSE,FALSE,"not-scanned","no filename evidence; content not exhaustively inspected",FALSE,"relocate","not tracked; ignored; type=artifact; size_bytes=4084","No credentials were printed. Relocate/review is a proposal, not a deletion decision."
"artifacts/h24-release/oceancube.Rcheck/oceancube/examples/cube_mask.R",FALSE,TRUE,TRUE,TRUE,FALSE,FALSE,"not-scanned","no filename evidence; content not exhaustively inspected",FALSE,"relocate","not tracked; ignored; type=artifact; size_bytes=6852","No credentials were printed. Relocate/review is a proposal, not a deletion decision."
"artifacts/h24-release/oceancube.Rcheck/oceancube/examples/cube_slice.R",FALSE,TRUE,TRUE,TRUE,FALSE,FALSE,"not-scanned","no filename evidence; content not exhaustively inspected",FALSE,"relocate","not tracked; ignored; type=artifact; size_bytes=6283","No credentials were printed. Relocate/review is a proposal, not a deletion decision."
"artifacts/h24-release/oceancube.Rcheck/oceancube/examples/cube_transect.R",FALSE,TRUE,TRUE,TRUE,FALSE,FALSE,"not-scanned","no filename evidence; content not exhaustively inspected",FALSE,"relocate","not tracked; ignored; type=artifact; size_bytes=7793","No credentials were printed. Relocate/review is a proposal, not a deletion decision."
"artifacts/h24-release/oceancube.Rcheck/oceancube/examples/noncontiguous_collect.R",FALSE,TRUE,TRUE,TRUE,FALSE,FALSE,"not-scanned","no filename evidence; content not exhaustively inspected",FALSE,"relocate","not tracked; ignored; type=artifact; size_bytes=3913","No credentials were printed. Relocate/review is a proposal, not a deletion decision."
"artifacts/h24-release/oceancube.Rcheck/oceancube/examples/ocean_cube_contract.R",FALSE,TRUE,TRUE,TRUE,FALSE,FALSE,"not-scanned","no filename evidence; content not exhaustively inspected",FALSE,"relocate","not tracked; ignored; type=artifact; size_bytes=4027","No credentials were printed. Relocate/review is a proposal, not a deletion decision."
"artifacts/h24-release/oceancube.Rcheck/oceancube/examples/refactor_coast_dist_backend.R",FALSE,TRUE,TRUE,TRUE,FALSE,FALSE,"not-scanned","no filename evidence; content not exhaustively inspected",FALSE,"relocate","not tracked; ignored; type=artifact; size_bytes=4008","No credentials were printed. Relocate/review is a proposal, not a deletion decision."
"artifacts/h24-release/oceancube.Rcheck/oceancube/examples/refactor_layer_annual_backend.R",FALSE,TRUE,TRUE,TRUE,FALSE,FALSE,"not-scanned","no filename evidence; content not exhaustively inspected",FALSE,"relocate","not tracked; ignored; type=artifact; size_bytes=3656","No credentials were printed. Relocate/review is a proposal, not a deletion decision."
"artifacts/h24-release/oceancube.Rcheck/oceancube/examples/refactor_link_events_backend.R",FALSE,TRUE,TRUE,TRUE,FALSE,FALSE,"not-scanned","no filename evidence; content not exhaustively inspected",FALSE,"relocate","not tracked; ignored; type=artifact; size_bytes=5629","No credentials were printed. Relocate/review is a proposal, not a deletion decision."
"artifacts/h24-release/oceancube.Rcheck/oceancube/examples/refactor_temporal_backend.R",FALSE,TRUE,TRUE,TRUE,FALSE,FALSE,"not-scanned","no filename evidence; content not exhaustively inspected",FALSE,"relocate","not tracked; ignored; type=artifact; size_bytes=4304","No credentials were printed. Relocate/review is a proposal, not a deletion decision."
"artifacts/h24-release/oceancube.Rcheck/oceancube/help/aliases.rds",FALSE,TRUE,TRUE,TRUE,FALSE,FALSE,"not-scanned","no filename evidence; content not exhaustively inspected",FALSE,"relocate","not tracked; ignored; type=artifact; size_bytes=309","No credentials were printed. Relocate/review is a proposal, not a deletion decision."
"artifacts/h24-release/oceancube.Rcheck/oceancube/help/AnIndex",FALSE,TRUE,TRUE,TRUE,FALSE,FALSE,"not-scanned","no filename evidence; content not exhaustively inspected",FALSE,"relocate","not tracked; ignored; type=artifact; size_bytes=675","No credentials were printed. Relocate/review is a proposal, not a deletion decision."
"artifacts/h24-release/oceancube.Rcheck/oceancube/help/oceancube.rdb",FALSE,TRUE,TRUE,TRUE,FALSE,FALSE,"not-scanned","no filename evidence; content not exhaustively inspected",FALSE,"relocate","not tracked; ignored; type=artifact; size_bytes=66316","No credentials were printed. Relocate/review is a proposal, not a deletion decision."
"artifacts/h24-release/oceancube.Rcheck/oceancube/help/oceancube.rdx",FALSE,TRUE,TRUE,TRUE,FALSE,FALSE,"not-scanned","no filename evidence; content not exhaustively inspected",FALSE,"relocate","not tracked; ignored; type=artifact; size_bytes=764","No credentials were printed. Relocate/review is a proposal, not a deletion decision."
"artifacts/h24-release/oceancube.Rcheck/oceancube/help/paths.rds",FALSE,TRUE,TRUE,TRUE,FALSE,FALSE,"not-scanned","no filename evidence; content not exhaustively inspected",FALSE,"relocate","not tracked; ignored; type=artifact; size_bytes=397","No credentials were printed. Relocate/review is a proposal, not a deletion decision."
"artifacts/h24-release/oceancube.Rcheck/oceancube/html/00Index.html",FALSE,TRUE,TRUE,TRUE,FALSE,FALSE,"not-scanned","no filename evidence; content not exhaustively inspected",FALSE,"relocate","not tracked; ignored; type=website; size_bytes=4858","No credentials were printed. Relocate/review is a proposal, not a deletion decision."
"artifacts/h24-release/oceancube.Rcheck/oceancube/html/R.css",FALSE,TRUE,TRUE,TRUE,FALSE,FALSE,"not-scanned","no filename evidence; content not exhaustively inspected",FALSE,"relocate","not tracked; ignored; type=artifact; size_bytes=1735","No credentials were printed. Relocate/review is a proposal, not a deletion decision."
"artifacts/h24-release/oceancube.Rcheck/oceancube/INDEX",FALSE,TRUE,TRUE,TRUE,FALSE,FALSE,"not-scanned","no filename evidence; content not exhaustively inspected",FALSE,"relocate","not tracked; ignored; type=artifact; size_bytes=2119","No credentials were printed. Relocate/review is a proposal, not a deletion decision."
"artifacts/h24-release/oceancube.Rcheck/oceancube/LICENSE",FALSE,TRUE,TRUE,TRUE,FALSE,FALSE,"not-scanned","no filename evidence; content not exhaustively inspected",FALSE,"relocate","not tracked; ignored; type=metadata; size_bytes=1082","No credentials were printed. Relocate/review is a proposal, not a deletion decision."
"artifacts/h24-release/oceancube.Rcheck/oceancube/Meta/features.rds",FALSE,TRUE,TRUE,TRUE,FALSE,FALSE,"not-scanned","no filename evidence; content not exhaustively inspected",FALSE,"relocate","not tracked; ignored; type=artifact; size_bytes=122","No credentials were printed. Relocate/review is a proposal, not a deletion decision."
"artifacts/h24-release/oceancube.Rcheck/oceancube/Meta/hsearch.rds",FALSE,TRUE,TRUE,TRUE,FALSE,FALSE,"not-scanned","no filename evidence; content not exhaustively inspected",FALSE,"relocate","not tracked; ignored; type=artifact; size_bytes=1114","No credentials were printed. Relocate/review is a proposal, not a deletion decision."
"artifacts/h24-release/oceancube.Rcheck/oceancube/Meta/links.rds",FALSE,TRUE,TRUE,TRUE,FALSE,FALSE,"not-scanned","no filename evidence; content not exhaustively inspected",FALSE,"relocate","not tracked; ignored; type=artifact; size_bytes=474","No credentials were printed. Relocate/review is a proposal, not a deletion decision."
"artifacts/h24-release/oceancube.Rcheck/oceancube/Meta/nsInfo.rds",FALSE,TRUE,TRUE,TRUE,FALSE,FALSE,"not-scanned","no filename evidence; content not exhaustively inspected",FALSE,"relocate","not tracked; ignored; type=artifact; size_bytes=450","No credentials were printed. Relocate/review is a proposal, not a deletion decision."
"artifacts/h24-release/oceancube.Rcheck/oceancube/Meta/package.rds",FALSE,TRUE,TRUE,TRUE,FALSE,FALSE,"not-scanned","no filename evidence; content not exhaustively inspected",FALSE,"relocate","not tracked; ignored; type=artifact; size_bytes=1200","No credentials were printed. Relocate/review is a proposal, not a deletion decision."
"artifacts/h24-release/oceancube.Rcheck/oceancube/Meta/Rd.rds",FALSE,TRUE,TRUE,TRUE,FALSE,FALSE,"not-scanned","no filename evidence; content not exhaustively inspected",FALSE,"relocate","not tracked; ignored; type=artifact; size_bytes=1225","No credentials were printed. Relocate/review is a proposal, not a deletion decision."
"artifacts/h24-release/oceancube.Rcheck/oceancube/Meta/vignette.rds",FALSE,TRUE,TRUE,TRUE,FALSE,FALSE,"not-scanned","no filename evidence; content not exhaustively inspected",FALSE,"relocate","not tracked; ignored; type=artifact; size_bytes=342","No credentials were printed. Relocate/review is a proposal, not a deletion decision."
"artifacts/h24-release/oceancube.Rcheck/oceancube/NAMESPACE",FALSE,TRUE,TRUE,TRUE,FALSE,FALSE,"not-scanned","no filename evidence; content not exhaustively inspected",FALSE,"relocate","not tracked; ignored; type=metadata; size_bytes=696","No credentials were printed. Relocate/review is a proposal, not a deletion decision."
"artifacts/h24-release/oceancube.Rcheck/oceancube/NEWS.md",FALSE,TRUE,TRUE,TRUE,FALSE,FALSE,"not-scanned","no filename evidence; content not exhaustively inspected",FALSE,"relocate","not tracked; ignored; type=documentation; size_bytes=1673","No credentials were printed. Relocate/review is a proposal, not a deletion decision."
"artifacts/h24-release/oceancube.Rcheck/oceancube/R/oceancube",FALSE,TRUE,TRUE,TRUE,FALSE,FALSE,"not-scanned","no filename evidence; content not exhaustively inspected",FALSE,"relocate","not tracked; ignored; type=artifact; size_bytes=1058","No credentials were printed. Relocate/review is a proposal, not a deletion decision."
"artifacts/h24-release/oceancube.Rcheck/oceancube/R/oceancube.rdb",FALSE,TRUE,TRUE,TRUE,FALSE,FALSE,"not-scanned","no filename evidence; content not exhaustively inspected",FALSE,"relocate","not tracked; ignored; type=artifact; size_bytes=316408","No credentials were printed. Relocate/review is a proposal, not a deletion decision."
"artifacts/h24-release/oceancube.Rcheck/oceancube/R/oceancube.rdx",FALSE,TRUE,TRUE,TRUE,FALSE,FALSE,"not-scanned","no filename evidence; content not exhaustively inspected",FALSE,"relocate","not tracked; ignored; type=artifact; size_bytes=3049","No credentials were printed. Relocate/review is a proposal, not a deletion decision."
"artifacts/h24-release/oceancube.Rcheck/tests/startup.Rs",FALSE,TRUE,TRUE,TRUE,FALSE,FALSE,"not-scanned","no filename evidence; content not exhaustively inspected",FALSE,"relocate","not tracked; ignored; type=artifact; size_bytes=131","No credentials were printed. Relocate/review is a proposal, not a deletion decision."
"artifacts/h24-release/oceancube.Rcheck/tests/testthat.R",FALSE,TRUE,TRUE,TRUE,FALSE,FALSE,"not-scanned","no filename evidence; content not exhaustively inspected",FALSE,"relocate","not tracked; ignored; type=artifact; size_bytes=62","No credentials were printed. Relocate/review is a proposal, not a deletion decision."
"artifacts/h24-release/oceancube.Rcheck/tests/testthat.Rout",FALSE,TRUE,TRUE,TRUE,FALSE,FALSE,"not-scanned","no filename evidence; content not exhaustively inspected",FALSE,"relocate","not tracked; ignored; type=artifact; size_bytes=1636","No credentials were printed. Relocate/review is a proposal, not a deletion decision."
"artifacts/h24-release/oceancube.Rcheck/tests/testthat/helper-architecture.R",FALSE,TRUE,TRUE,TRUE,FALSE,FALSE,"not-scanned","no filename evidence; content not exhaustively inspected",FALSE,"relocate","not tracked; ignored; type=artifact; size_bytes=2086","No credentials were printed. Relocate/review is a proposal, not a deletion decision."
"artifacts/h24-release/oceancube.Rcheck/tests/testthat/helper-baseline-cube.R",FALSE,TRUE,TRUE,TRUE,FALSE,FALSE,"not-scanned","no filename evidence; content not exhaustively inspected",FALSE,"relocate","not tracked; ignored; type=artifact; size_bytes=1544","No credentials were printed. Relocate/review is a proposal, not a deletion decision."
"artifacts/h24-release/oceancube.Rcheck/tests/testthat/helper-geometry.R",FALSE,TRUE,TRUE,TRUE,FALSE,FALSE,"not-scanned","no filename evidence; content not exhaustively inspected",FALSE,"relocate","not tracked; ignored; type=artifact; size_bytes=502","No credentials were printed. Relocate/review is a proposal, not a deletion decision."
"artifacts/h24-release/oceancube.Rcheck/tests/testthat/helper-netcdf-backend.R",FALSE,TRUE,TRUE,TRUE,FALSE,FALSE,"not-scanned","no filename evidence; content not exhaustively inspected",FALSE,"relocate","not tracked; ignored; type=artifact; size_bytes=8204","No credentials were printed. Relocate/review is a proposal, not a deletion decision."
"artifacts/h24-release/oceancube.Rcheck/tests/testthat/test-backend-memory.R",FALSE,TRUE,TRUE,TRUE,FALSE,FALSE,"not-scanned","no filename evidence; content not exhaustively inspected",FALSE,"relocate","not tracked; ignored; type=artifact; size_bytes=10966","No credentials were printed. Relocate/review is a proposal, not a deletion decision."
"artifacts/h24-release/oceancube.Rcheck/tests/testthat/test-backend-netcdf-descriptor.R",FALSE,TRUE,TRUE,TRUE,FALSE,FALSE,"not-scanned","no filename evidence; content not exhaustively inspected",FALSE,"relocate","not tracked; ignored; type=artifact; size_bytes=18223","No credentials were printed. Relocate/review is a proposal, not a deletion decision."
"artifacts/h24-release/oceancube.Rcheck/tests/testthat/test-backend-netcdf-noncontiguous.R",FALSE,TRUE,TRUE,TRUE,FALSE,FALSE,"not-scanned","no filename evidence; content not exhaustively inspected",FALSE,"relocate","not tracked; ignored; type=artifact; size_bytes=10764","No credentials were printed. Relocate/review is a proposal, not a deletion decision."
"artifacts/h24-release/oceancube.Rcheck/tests/testthat/test-backend-netcdf-read-block.R",FALSE,TRUE,TRUE,TRUE,FALSE,FALSE,"not-scanned","no filename evidence; content not exhaustively inspected",FALSE,"relocate","not tracked; ignored; type=artifact; size_bytes=17998","No credentials were printed. Relocate/review is a proposal, not a deletion decision."
"artifacts/h24-release/oceancube.Rcheck/tests/testthat/test-clim-anom.R",FALSE,TRUE,TRUE,TRUE,FALSE,FALSE,"not-scanned","no filename evidence; content not exhaustively inspected",FALSE,"relocate","not tracked; ignored; type=artifact; size_bytes=1091","No credentials were printed. Relocate/review is a proposal, not a deletion decision."
"artifacts/h24-release/oceancube.Rcheck/tests/testthat/test-cube-collect.R",FALSE,TRUE,TRUE,TRUE,FALSE,FALSE,"not-scanned","no filename evidence; content not exhaustively inspected",FALSE,"relocate","not tracked; ignored; type=artifact; size_bytes=7458","No credentials were printed. Relocate/review is a proposal, not a deletion decision."
"artifacts/h24-release/oceancube.Rcheck/tests/testthat/test-cube-crop.R",FALSE,TRUE,TRUE,TRUE,FALSE,FALSE,"not-scanned","no filename evidence; content not exhaustively inspected",FALSE,"relocate","not tracked; ignored; type=artifact; size_bytes=23828","No credentials were printed. Relocate/review is a proposal, not a deletion decision."
"artifacts/h24-release/oceancube.Rcheck/tests/testthat/test-cube-extract.R",FALSE,TRUE,TRUE,TRUE,FALSE,FALSE,"not-scanned","no filename evidence; content not exhaustively inspected",FALSE,"relocate","not tracked; ignored; type=artifact; size_bytes=29027","No credentials were printed. Relocate/review is a proposal, not a deletion decision."
"artifacts/h24-release/oceancube.Rcheck/tests/testthat/test-cube-grid-geometry.R",FALSE,TRUE,TRUE,TRUE,FALSE,FALSE,"not-scanned","no filename evidence; content not exhaustively inspected",FALSE,"relocate","not tracked; ignored; type=artifact; size_bytes=8641","No credentials were printed. Relocate/review is a proposal, not a deletion decision."
"artifacts/h24-release/oceancube.Rcheck/tests/testthat/test-cube-mask.R",FALSE,TRUE,TRUE,TRUE,FALSE,FALSE,"not-scanned","no filename evidence; content not exhaustively inspected",FALSE,"relocate","not tracked; ignored; type=artifact; size_bytes=11117","No credentials were printed. Relocate/review is a proposal, not a deletion decision."
"artifacts/h24-release/oceancube.Rcheck/tests/testthat/test-cube-polygon-weights.R",FALSE,TRUE,TRUE,TRUE,FALSE,FALSE,"not-scanned","no filename evidence; content not exhaustively inspected",FALSE,"relocate","not tracked; ignored; type=artifact; size_bytes=12292","No credentials were printed. Relocate/review is a proposal, not a deletion decision."
"artifacts/h24-release/oceancube.Rcheck/tests/testthat/test-cube-slice.R",FALSE,TRUE,TRUE,TRUE,FALSE,FALSE,"not-scanned","no filename evidence; content not exhaustively inspected",FALSE,"relocate","not tracked; ignored; type=artifact; size_bytes=22898","No credentials were printed. Relocate/review is a proposal, not a deletion decision."
"artifacts/h24-release/oceancube.Rcheck/tests/testthat/test-cube-transect.R",FALSE,TRUE,TRUE,TRUE,FALSE,FALSE,"not-scanned","no filename evidence; content not exhaustively inspected",FALSE,"relocate","not tracked; ignored; type=artifact; size_bytes=10124","No credentials were printed. Relocate/review is a proposal, not a deletion decision."
"artifacts/h24-release/oceancube.Rcheck/tests/testthat/test-daily-link.R",FALSE,TRUE,TRUE,TRUE,FALSE,FALSE,"not-scanned","no filename evidence; content not exhaustively inspected",FALSE,"relocate","not tracked; ignored; type=artifact; size_bytes=1500","No credentials were printed. Relocate/review is a proposal, not a deletion decision."
"artifacts/h24-release/oceancube.Rcheck/tests/testthat/test-layer-time-mask.R",FALSE,TRUE,TRUE,TRUE,FALSE,FALSE,"not-scanned","no filename evidence; content not exhaustively inspected",FALSE,"relocate","not tracked; ignored; type=artifact; size_bytes=1451","No credentials were printed. Relocate/review is a proposal, not a deletion decision."
"artifacts/h24-release/oceancube.Rcheck/tests/testthat/test-no-direct-data-access.R",FALSE,TRUE,TRUE,TRUE,FALSE,FALSE,"not-scanned","no filename evidence; content not exhaustively inspected",FALSE,"relocate","not tracked; ignored; type=artifact; size_bytes=1912","No credentials were printed. Relocate/review is a proposal, not a deletion decision."
"artifacts/h24-release/oceancube.Rcheck/tests/testthat/test-ocean-cube-baseline.R",FALSE,TRUE,TRUE,TRUE,FALSE,FALSE,"not-scanned","no filename evidence; content not exhaustively inspected",FALSE,"relocate","not tracked; ignored; type=artifact; size_bytes=3603","No credentials were printed. Relocate/review is a proposal, not a deletion decision."
"artifacts/h24-release/oceancube.Rcheck/tests/testthat/test-ocean-cube-contract.R",FALSE,TRUE,TRUE,TRUE,FALSE,FALSE,"not-scanned","no filename evidence; content not exhaustively inspected",FALSE,"relocate","not tracked; ignored; type=artifact; size_bytes=10419","No credentials were printed. Relocate/review is a proposal, not a deletion decision."
"artifacts/h24-release/oceancube.Rcheck/tests/testthat/test-ocean-cube.R",FALSE,TRUE,TRUE,TRUE,FALSE,FALSE,"not-scanned","no filename evidence; content not exhaustively inspected",FALSE,"relocate","not tracked; ignored; type=artifact; size_bytes=836","No credentials were printed. Relocate/review is a proposal, not a deletion decision."
"artifacts/h24-release/oceancube.Rcheck/tests/testthat/test-package-boundary-spatind.R",FALSE,TRUE,TRUE,TRUE,FALSE,FALSE,"not-scanned","no filename evidence; content not exhaustively inspected",FALSE,"relocate","not tracked; ignored; type=artifact; size_bytes=1584","No credentials were printed. Relocate/review is a proposal, not a deletion decision."
"artifacts/h24-release/oceancube.Rcheck/tests/testthat/test-read-nc-baseline.R",FALSE,TRUE,TRUE,TRUE,FALSE,FALSE,"not-scanned","no filename evidence; content not exhaustively inspected",FALSE,"relocate","not tracked; ignored; type=artifact; size_bytes=3478","No credentials were printed. Relocate/review is a proposal, not a deletion decision."
"artifacts/h24-release/oceancube.Rcheck/tests/testthat/test-refactor-coast-dist-backend.R",FALSE,TRUE,TRUE,TRUE,FALSE,FALSE,"not-scanned","no filename evidence; content not exhaustively inspected",FALSE,"relocate","not tracked; ignored; type=artifact; size_bytes=9486","No credentials were printed. Relocate/review is a proposal, not a deletion decision."
"artifacts/h24-release/oceancube.Rcheck/tests/testthat/test-refactor-layer-annual-backend.R",FALSE,TRUE,TRUE,TRUE,FALSE,FALSE,"not-scanned","no filename evidence; content not exhaustively inspected",FALSE,"relocate","not tracked; ignored; type=artifact; size_bytes=10782","No credentials were printed. Relocate/review is a proposal, not a deletion decision."
"artifacts/h24-release/oceancube.Rcheck/tests/testthat/test-refactor-link-events-backend.R",FALSE,TRUE,TRUE,TRUE,FALSE,FALSE,"not-scanned","no filename evidence; content not exhaustively inspected",FALSE,"relocate","not tracked; ignored; type=artifact; size_bytes=17309","No credentials were printed. Relocate/review is a proposal, not a deletion decision."
"artifacts/h24-release/oceancube.Rcheck/tests/testthat/test-refactor-temporal-backend.R",FALSE,TRUE,TRUE,TRUE,FALSE,FALSE,"not-scanned","no filename evidence; content not exhaustively inspected",FALSE,"relocate","not tracked; ignored; type=artifact; size_bytes=11299","No credentials were printed. Relocate/review is a proposal, not a deletion decision."
"artifacts/h24-release/oceancube.Rcheck/tests/testthat/test-release-contract.R",FALSE,TRUE,TRUE,TRUE,FALSE,FALSE,"not-scanned","no filename evidence; content not exhaustively inspected",FALSE,"relocate","not tracked; ignored; type=artifact; size_bytes=4608","No credentials were printed. Relocate/review is a proposal, not a deletion decision."
"artifacts/h24-release/oceancube.Rcheck/tests/testthat/test-scientific-baseline.R",FALSE,TRUE,TRUE,TRUE,FALSE,FALSE,"not-scanned","no filename evidence; content not exhaustively inspected",FALSE,"relocate","not tracked; ignored; type=artifact; size_bytes=4598","No credentials were printed. Relocate/review is a proposal, not a deletion decision."
"artifacts/h24-release/oceancube_0.1.0.tar.gz",FALSE,TRUE,TRUE,TRUE,FALSE,FALSE,"not-scanned","no filename evidence; content not exhaustively inspected",FALSE,"relocate","not tracked; ignored; type=artifact; size_bytes=163696","No credentials were printed. Relocate/review is a proposal, not a deletion decision."
"artifacts/h24-release/source/.gitattributes",FALSE,TRUE,TRUE,TRUE,FALSE,FALSE,"not-scanned","no filename evidence; content not exhaustively inspected",FALSE,"relocate","not tracked; ignored; type=artifact; size_bytes=66","No credentials were printed. Relocate/review is a proposal, not a deletion decision."
"artifacts/h24-release/source/.github/workflows/R-CMD-check.yaml",FALSE,TRUE,TRUE,TRUE,FALSE,FALSE,"not-scanned","no filename evidence; content not exhaustively inspected",FALSE,"relocate","not tracked; ignored; type=configuration; size_bytes=691","No credentials were printed. Relocate/review is a proposal, not a deletion decision."
"artifacts/h24-release/source/.gitignore",FALSE,TRUE,TRUE,TRUE,FALSE,FALSE,"not-scanned","no filename evidence; content not exhaustively inspected",FALSE,"relocate","not tracked; ignored; type=configuration; size_bytes=638","No credentials were printed. Relocate/review is a proposal, not a deletion decision."
"artifacts/h24-release/source/.lintr",FALSE,TRUE,TRUE,TRUE,FALSE,FALSE,"not-scanned","no filename evidence; content not exhaustively inspected",FALSE,"relocate","not tracked; ignored; type=configuration; size_bytes=105","No credentials were printed. Relocate/review is a proposal, not a deletion decision."
"artifacts/h24-release/source/.Rbuildignore",FALSE,TRUE,TRUE,TRUE,FALSE,FALSE,"not-scanned","no filename evidence; content not exhaustively inspected",FALSE,"relocate","not tracked; ignored; type=configuration; size_bytes=192","No credentials were printed. Relocate/review is a proposal, not a deletion decision."
"artifacts/h24-release/source/_pkgdown.yml",FALSE,TRUE,TRUE,TRUE,FALSE,FALSE,"not-scanned","no filename evidence; content not exhaustively inspected",FALSE,"relocate","not tracked; ignored; type=configuration; size_bytes=1144","No credentials were printed. Relocate/review is a proposal, not a deletion decision."
"artifacts/h24-release/source/auxdata/layer_sp.Rdata",FALSE,TRUE,TRUE,TRUE,FALSE,FALSE,"not-scanned","no filename evidence; content not exhaustively inspected",FALSE,"relocate","not tracked; ignored; type=artifact; size_bytes=195","No credentials were printed. Relocate/review is a proposal, not a deletion decision."
"artifacts/h24-release/source/auxdata/PER_ADM0.RData",FALSE,TRUE,TRUE,TRUE,FALSE,FALSE,"not-scanned","no filename evidence; content not exhaustively inspected",FALSE,"relocate","not tracked; ignored; type=artifact; size_bytes=1122258","No credentials were printed. Relocate/review is a proposal, not a deletion decision."
"artifacts/h24-release/source/CITATION.cff",FALSE,TRUE,TRUE,TRUE,FALSE,FALSE,"not-scanned","no filename evidence; content not exhaustively inspected",FALSE,"relocate","not tracked; ignored; type=metadata; size_bytes=366","No credentials were printed. Relocate/review is a proposal, not a deletion decision."
"artifacts/h24-release/source/CODE_OF_CONDUCT.md",FALSE,TRUE,TRUE,TRUE,FALSE,FALSE,"not-scanned","no filename evidence; content not exhaustively inspected",FALSE,"relocate","not tracked; ignored; type=artifact; size_bytes=93","No credentials were printed. Relocate/review is a proposal, not a deletion decision."
"artifacts/h24-release/source/CONTRIBUTING.md",FALSE,TRUE,TRUE,TRUE,FALSE,FALSE,"not-scanned","no filename evidence; content not exhaustively inspected",FALSE,"relocate","not tracked; ignored; type=artifact; size_bytes=130","No credentials were printed. Relocate/review is a proposal, not a deletion decision."
"artifacts/h24-release/source/cran-comments.md",FALSE,TRUE,TRUE,TRUE,FALSE,FALSE,"not-scanned","no filename evidence; content not exhaustively inspected",FALSE,"relocate","not tracked; ignored; type=artifact; size_bytes=178","No credentials were printed. Relocate/review is a proposal, not a deletion decision."
"artifacts/h24-release/source/data-raw/make-toy-ocean.R",FALSE,TRUE,TRUE,TRUE,FALSE,FALSE,"not-scanned","no filename evidence; content not exhaustively inspected",FALSE,"relocate","not tracked; ignored; type=artifact; size_bytes=138","No credentials were printed. Relocate/review is a proposal, not a deletion decision."
"artifacts/h24-release/source/DESCRIPTION",FALSE,TRUE,TRUE,TRUE,FALSE,FALSE,"not-scanned","no filename evidence; content not exhaustively inspected",FALSE,"relocate","not tracked; ignored; type=metadata; size_bytes=1118","No credentials were printed. Relocate/review is a proposal, not a deletion decision."
"artifacts/h24-release/source/dev/architecture/netcdf-backend-contract.md",FALSE,TRUE,TRUE,TRUE,FALSE,FALSE,"not-scanned","no filename evidence; content not exhaustively inspected",FALSE,"relocate","not tracked; ignored; type=artifact; size_bytes=36147","No credentials were printed. Relocate/review is a proposal, not a deletion decision."
"artifacts/h24-release/source/dev/diagnostics/netcdf_backend_contract.R",FALSE,TRUE,TRUE,TRUE,FALSE,FALSE,"not-scanned","no filename evidence; content not exhaustively inspected",FALSE,"relocate","not tracked; ignored; type=artifact; size_bytes=12541","No credentials were printed. Relocate/review is a proposal, not a deletion decision."
"artifacts/h24-release/source/inst/architecture/oceancube-spatind-boundary.md",FALSE,TRUE,TRUE,TRUE,FALSE,FALSE,"not-scanned","no filename evidence; content not exhaustively inspected",FALSE,"relocate","not tracked; ignored; type=artifact; size_bytes=5299","No credentials were printed. Relocate/review is a proposal, not a deletion decision."
"artifacts/h24-release/source/inst/CITATION",FALSE,TRUE,TRUE,TRUE,FALSE,FALSE,"not-scanned","no filename evidence; content not exhaustively inspected",FALSE,"relocate","not tracked; ignored; type=metadata; size_bytes=116","No credentials were printed. Relocate/review is a proposal, not a deletion decision."
"artifacts/h24-release/source/inst/examples/backend_memory.R",FALSE,TRUE,TRUE,TRUE,FALSE,FALSE,"not-scanned","no filename evidence; content not exhaustively inspected",FALSE,"relocate","not tracked; ignored; type=artifact; size_bytes=3995","No credentials were printed. Relocate/review is a proposal, not a deletion decision."
"artifacts/h24-release/source/inst/examples/backend_netcdf_descriptor.R",FALSE,TRUE,TRUE,TRUE,FALSE,FALSE,"not-scanned","no filename evidence; content not exhaustively inspected",FALSE,"relocate","not tracked; ignored; type=artifact; size_bytes=5112","No credentials were printed. Relocate/review is a proposal, not a deletion decision."
"artifacts/h24-release/source/inst/examples/backend_netcdf_read_block.R",FALSE,TRUE,TRUE,TRUE,FALSE,FALSE,"not-scanned","no filename evidence; content not exhaustively inspected",FALSE,"relocate","not tracked; ignored; type=artifact; size_bytes=6686","No credentials were printed. Relocate/review is a proposal, not a deletion decision."
"artifacts/h24-release/source/inst/examples/baseline_ocean_cube.R",FALSE,TRUE,TRUE,TRUE,FALSE,FALSE,"not-scanned","no filename evidence; content not exhaustively inspected",FALSE,"relocate","not tracked; ignored; type=artifact; size_bytes=3704","No credentials were printed. Relocate/review is a proposal, not a deletion decision."
"artifacts/h24-release/source/inst/examples/cube_crop.R",FALSE,TRUE,TRUE,TRUE,FALSE,FALSE,"not-scanned","no filename evidence; content not exhaustively inspected",FALSE,"relocate","not tracked; ignored; type=artifact; size_bytes=8540","No credentials were printed. Relocate/review is a proposal, not a deletion decision."
"artifacts/h24-release/source/inst/examples/cube_extract.R",FALSE,TRUE,TRUE,TRUE,FALSE,FALSE,"not-scanned","no filename evidence; content not exhaustively inspected",FALSE,"relocate","not tracked; ignored; type=artifact; size_bytes=7836","No credentials were printed. Relocate/review is a proposal, not a deletion decision."
"artifacts/h24-release/source/inst/examples/cube_geometry_weights.R",FALSE,TRUE,TRUE,TRUE,FALSE,FALSE,"not-scanned","no filename evidence; content not exhaustively inspected",FALSE,"relocate","not tracked; ignored; type=artifact; size_bytes=4084","No credentials were printed. Relocate/review is a proposal, not a deletion decision."
"artifacts/h24-release/source/inst/examples/cube_mask.R",FALSE,TRUE,TRUE,TRUE,FALSE,FALSE,"not-scanned","no filename evidence; content not exhaustively inspected",FALSE,"relocate","not tracked; ignored; type=artifact; size_bytes=6852","No credentials were printed. Relocate/review is a proposal, not a deletion decision."
"artifacts/h24-release/source/inst/examples/cube_slice.R",FALSE,TRUE,TRUE,TRUE,FALSE,FALSE,"not-scanned","no filename evidence; content not exhaustively inspected",FALSE,"relocate","not tracked; ignored; type=artifact; size_bytes=6283","No credentials were printed. Relocate/review is a proposal, not a deletion decision."
"artifacts/h24-release/source/inst/examples/cube_transect.R",FALSE,TRUE,TRUE,TRUE,FALSE,FALSE,"not-scanned","no filename evidence; content not exhaustively inspected",FALSE,"relocate","not tracked; ignored; type=artifact; size_bytes=7793","No credentials were printed. Relocate/review is a proposal, not a deletion decision."
"artifacts/h24-release/source/inst/examples/noncontiguous_collect.R",FALSE,TRUE,TRUE,TRUE,FALSE,FALSE,"not-scanned","no filename evidence; content not exhaustively inspected",FALSE,"relocate","not tracked; ignored; type=artifact; size_bytes=3913","No credentials were printed. Relocate/review is a proposal, not a deletion decision."
"artifacts/h24-release/source/inst/examples/ocean_cube_contract.R",FALSE,TRUE,TRUE,TRUE,FALSE,FALSE,"not-scanned","no filename evidence; content not exhaustively inspected",FALSE,"relocate","not tracked; ignored; type=artifact; size_bytes=4027","No credentials were printed. Relocate/review is a proposal, not a deletion decision."
"artifacts/h24-release/source/inst/examples/refactor_coast_dist_backend.R",FALSE,TRUE,TRUE,TRUE,FALSE,FALSE,"not-scanned","no filename evidence; content not exhaustively inspected",FALSE,"relocate","not tracked; ignored; type=artifact; size_bytes=4008","No credentials were printed. Relocate/review is a proposal, not a deletion decision."
"artifacts/h24-release/source/inst/examples/refactor_layer_annual_backend.R",FALSE,TRUE,TRUE,TRUE,FALSE,FALSE,"not-scanned","no filename evidence; content not exhaustively inspected",FALSE,"relocate","not tracked; ignored; type=artifact; size_bytes=3656","No credentials were printed. Relocate/review is a proposal, not a deletion decision."
"artifacts/h24-release/source/inst/examples/refactor_link_events_backend.R",FALSE,TRUE,TRUE,TRUE,FALSE,FALSE,"not-scanned","no filename evidence; content not exhaustively inspected",FALSE,"relocate","not tracked; ignored; type=artifact; size_bytes=5629","No credentials were printed. Relocate/review is a proposal, not a deletion decision."
"artifacts/h24-release/source/inst/examples/refactor_temporal_backend.R",FALSE,TRUE,TRUE,TRUE,FALSE,FALSE,"not-scanned","no filename evidence; content not exhaustively inspected",FALSE,"relocate","not tracked; ignored; type=artifact; size_bytes=4304","No credentials were printed. Relocate/review is a proposal, not a deletion decision."
"artifacts/h24-release/source/LICENSE",FALSE,TRUE,TRUE,TRUE,FALSE,FALSE,"not-scanned","no filename evidence; content not exhaustively inspected",FALSE,"relocate","not tracked; ignored; type=metadata; size_bytes=1082","No credentials were printed. Relocate/review is a proposal, not a deletion decision."
"artifacts/h24-release/source/man/annual_index.Rd",FALSE,TRUE,TRUE,TRUE,FALSE,FALSE,"not-scanned","no filename evidence; content not exhaustively inspected",FALSE,"relocate","not tracked; ignored; type=artifact; size_bytes=648","No credentials were printed. Relocate/review is a proposal, not a deletion decision."
"artifacts/h24-release/source/man/anom_diff.Rd",FALSE,TRUE,TRUE,TRUE,FALSE,FALSE,"not-scanned","no filename evidence; content not exhaustively inspected",FALSE,"relocate","not tracked; ignored; type=artifact; size_bytes=499","No credentials were printed. Relocate/review is a proposal, not a deletion decision."
"artifacts/h24-release/source/man/anom_z.Rd",FALSE,TRUE,TRUE,TRUE,FALSE,FALSE,"not-scanned","no filename evidence; content not exhaustively inspected",FALSE,"relocate","not tracked; ignored; type=artifact; size_bytes=523","No credentials were printed. Relocate/review is a proposal, not a deletion decision."
"artifacts/h24-release/source/man/clim_day.Rd",FALSE,TRUE,TRUE,TRUE,FALSE,FALSE,"not-scanned","no filename evidence; content not exhaustively inspected",FALSE,"relocate","not tracked; ignored; type=artifact; size_bytes=1180","No credentials were printed. Relocate/review is a proposal, not a deletion decision."
"artifacts/h24-release/source/man/clim_month.Rd",FALSE,TRUE,TRUE,TRUE,FALSE,FALSE,"not-scanned","no filename evidence; content not exhaustively inspected",FALSE,"relocate","not tracked; ignored; type=artifact; size_bytes=449","No credentials were printed. Relocate/review is a proposal, not a deletion decision."
"artifacts/h24-release/source/man/cm_connect.Rd",FALSE,TRUE,TRUE,TRUE,FALSE,FALSE,"not-scanned","no filename evidence; content not exhaustively inspected",FALSE,"relocate","not tracked; ignored; type=artifact; size_bytes=621","No credentials were printed. Relocate/review is a proposal, not a deletion decision."
"artifacts/h24-release/source/man/cm_setup.Rd",FALSE,TRUE,TRUE,TRUE,FALSE,FALSE,"not-scanned","no filename evidence; content not exhaustively inspected",FALSE,"relocate","not tracked; ignored; type=artifact; size_bytes=764","No credentials were printed. Relocate/review is a proposal, not a deletion decision."
"artifacts/h24-release/source/man/coast_dist.Rd",FALSE,TRUE,TRUE,TRUE,FALSE,FALSE,"not-scanned","no filename evidence; content not exhaustively inspected",FALSE,"relocate","not tracked; ignored; type=artifact; size_bytes=518","No credentials were printed. Relocate/review is a proposal, not a deletion decision."
"artifacts/h24-release/source/man/crop_stock.Rd",FALSE,TRUE,TRUE,TRUE,FALSE,FALSE,"not-scanned","no filename evidence; content not exhaustively inspected",FALSE,"relocate","not tracked; ignored; type=artifact; size_bytes=401","No credentials were printed. Relocate/review is a proposal, not a deletion decision."
"artifacts/h24-release/source/man/cube_cell_area.Rd",FALSE,TRUE,TRUE,TRUE,FALSE,FALSE,"not-scanned","no filename evidence; content not exhaustively inspected",FALSE,"relocate","not tracked; ignored; type=artifact; size_bytes=813","No credentials were printed. Relocate/review is a proposal, not a deletion decision."
"artifacts/h24-release/source/man/cube_cell_volume.Rd",FALSE,TRUE,TRUE,TRUE,FALSE,FALSE,"not-scanned","no filename evidence; content not exhaustively inspected",FALSE,"relocate","not tracked; ignored; type=artifact; size_bytes=907","No credentials were printed. Relocate/review is a proposal, not a deletion decision."
"artifacts/h24-release/source/man/cube_collect.Rd",FALSE,TRUE,TRUE,TRUE,FALSE,FALSE,"not-scanned","no filename evidence; content not exhaustively inspected",FALSE,"relocate","not tracked; ignored; type=artifact; size_bytes=1308","No credentials were printed. Relocate/review is a proposal, not a deletion decision."
"artifacts/h24-release/source/man/cube_crop.Rd",FALSE,TRUE,TRUE,TRUE,FALSE,FALSE,"not-scanned","no filename evidence; content not exhaustively inspected",FALSE,"relocate","not tracked; ignored; type=artifact; size_bytes=2954","No credentials were printed. Relocate/review is a proposal, not a deletion decision."
"artifacts/h24-release/source/man/cube_extract.Rd",FALSE,TRUE,TRUE,TRUE,FALSE,FALSE,"not-scanned","no filename evidence; content not exhaustively inspected",FALSE,"relocate","not tracked; ignored; type=artifact; size_bytes=4426","No credentials were printed. Relocate/review is a proposal, not a deletion decision."
"artifacts/h24-release/source/man/cube_layer_thickness.Rd",FALSE,TRUE,TRUE,TRUE,FALSE,FALSE,"not-scanned","no filename evidence; content not exhaustively inspected",FALSE,"relocate","not tracked; ignored; type=artifact; size_bytes=1056","No credentials were printed. Relocate/review is a proposal, not a deletion decision."
"artifacts/h24-release/source/man/cube_mask.Rd",FALSE,TRUE,TRUE,TRUE,FALSE,FALSE,"not-scanned","no filename evidence; content not exhaustively inspected",FALSE,"relocate","not tracked; ignored; type=artifact; size_bytes=3749","No credentials were printed. Relocate/review is a proposal, not a deletion decision."
"artifacts/h24-release/source/man/cube_polygon_weights.Rd",FALSE,TRUE,TRUE,TRUE,FALSE,FALSE,"not-scanned","no filename evidence; content not exhaustively inspected",FALSE,"relocate","not tracked; ignored; type=artifact; size_bytes=2209","No credentials were printed. Relocate/review is a proposal, not a deletion decision."
"artifacts/h24-release/source/man/cube_slice.Rd",FALSE,TRUE,TRUE,TRUE,FALSE,FALSE,"not-scanned","no filename evidence; content not exhaustively inspected",FALSE,"relocate","not tracked; ignored; type=artifact; size_bytes=3121","No credentials were printed. Relocate/review is a proposal, not a deletion decision."
"artifacts/h24-release/source/man/cube_transect.Rd",FALSE,TRUE,TRUE,TRUE,FALSE,FALSE,"not-scanned","no filename evidence; content not exhaustively inspected",FALSE,"relocate","not tracked; ignored; type=artifact; size_bytes=4675","No credentials were printed. Relocate/review is a proposal, not a deletion decision."
"artifacts/h24-release/source/man/download_nc.Rd",FALSE,TRUE,TRUE,TRUE,FALSE,FALSE,"not-scanned","no filename evidence; content not exhaustively inspected",FALSE,"relocate","not tracked; ignored; type=artifact; size_bytes=1322","No credentials were printed. Relocate/review is a proposal, not a deletion decision."
"artifacts/h24-release/source/man/layer_mean.Rd",FALSE,TRUE,TRUE,TRUE,FALSE,FALSE,"not-scanned","no filename evidence; content not exhaustively inspected",FALSE,"relocate","not tracked; ignored; type=artifact; size_bytes=575","No credentials were printed. Relocate/review is a proposal, not a deletion decision."
"artifacts/h24-release/source/man/link_events.Rd",FALSE,TRUE,TRUE,TRUE,FALSE,FALSE,"not-scanned","no filename evidence; content not exhaustively inspected",FALSE,"relocate","not tracked; ignored; type=artifact; size_bytes=1740","No credentials were printed. Relocate/review is a proposal, not a deletion decision."
"artifacts/h24-release/source/man/ocean_cube.Rd",FALSE,TRUE,TRUE,TRUE,FALSE,FALSE,"not-scanned","no filename evidence; content not exhaustively inspected",FALSE,"relocate","not tracked; ignored; type=artifact; size_bytes=4051","No credentials were printed. Relocate/review is a proposal, not a deletion decision."
"artifacts/h24-release/source/man/read_nc.Rd",FALSE,TRUE,TRUE,TRUE,FALSE,FALSE,"not-scanned","no filename evidence; content not exhaustively inspected",FALSE,"relocate","not tracked; ignored; type=artifact; size_bytes=935","No credentials were printed. Relocate/review is a proposal, not a deletion decision."
"artifacts/h24-release/source/man/signal_noise.Rd",FALSE,TRUE,TRUE,TRUE,FALSE,FALSE,"not-scanned","no filename evidence; content not exhaustively inspected",FALSE,"relocate","not tracked; ignored; type=artifact; size_bytes=587","No credentials were printed. Relocate/review is a proposal, not a deletion decision."
"artifacts/h24-release/source/man/stock_mask.Rd",FALSE,TRUE,TRUE,TRUE,FALSE,FALSE,"not-scanned","no filename evidence; content not exhaustively inspected",FALSE,"relocate","not tracked; ignored; type=artifact; size_bytes=667","No credentials were printed. Relocate/review is a proposal, not a deletion decision."
"artifacts/h24-release/source/man/to_month.Rd",FALSE,TRUE,TRUE,TRUE,FALSE,FALSE,"not-scanned","no filename evidence; content not exhaustively inspected",FALSE,"relocate","not tracked; ignored; type=artifact; size_bytes=448","No credentials were printed. Relocate/review is a proposal, not a deletion decision."
"artifacts/h24-release/source/NAMESPACE",FALSE,TRUE,TRUE,TRUE,FALSE,FALSE,"not-scanned","no filename evidence; content not exhaustively inspected",FALSE,"relocate","not tracked; ignored; type=metadata; size_bytes=696","No credentials were printed. Relocate/review is a proposal, not a deletion decision."
"artifacts/h24-release/source/NEWS.md",FALSE,TRUE,TRUE,TRUE,FALSE,FALSE,"not-scanned","no filename evidence; content not exhaustively inspected",FALSE,"relocate","not tracked; ignored; type=documentation; size_bytes=1673","No credentials were printed. Relocate/review is a proposal, not a deletion decision."
"artifacts/h24-release/source/oceancube.Rproj",FALSE,TRUE,TRUE,TRUE,FALSE,FALSE,"not-scanned","no filename evidence; content not exhaustively inspected",FALSE,"relocate","not tracked; ignored; type=artifact; size_bytes=320","No credentials were printed. Relocate/review is a proposal, not a deletion decision."
"artifacts/h24-release/source/R/annual_index.R",FALSE,TRUE,TRUE,TRUE,FALSE,FALSE,"not-scanned","no filename evidence; content not exhaustively inspected",FALSE,"relocate","not tracked; ignored; type=artifact; size_bytes=2148","No credentials were printed. Relocate/review is a proposal, not a deletion decision."
"artifacts/h24-release/source/R/anom_diff.R",FALSE,TRUE,TRUE,TRUE,FALSE,FALSE,"not-scanned","no filename evidence; content not exhaustively inspected",FALSE,"relocate","not tracked; ignored; type=artifact; size_bytes=4308","No credentials were printed. Relocate/review is a proposal, not a deletion decision."
"artifacts/h24-release/source/R/backend-index.R",FALSE,TRUE,TRUE,TRUE,FALSE,FALSE,"not-scanned","no filename evidence; content not exhaustively inspected",FALSE,"relocate","not tracked; ignored; type=artifact; size_bytes=4541","No credentials were printed. Relocate/review is a proposal, not a deletion decision."
"artifacts/h24-release/source/R/backend-memory.R",FALSE,TRUE,TRUE,TRUE,FALSE,FALSE,"not-scanned","no filename evidence; content not exhaustively inspected",FALSE,"relocate","not tracked; ignored; type=artifact; size_bytes=13568","No credentials were printed. Relocate/review is a proposal, not a deletion decision."
"artifacts/h24-release/source/R/backend-netcdf.R",FALSE,TRUE,TRUE,TRUE,FALSE,FALSE,"not-scanned","no filename evidence; content not exhaustively inspected",FALSE,"relocate","not tracked; ignored; type=artifact; size_bytes=47164","No credentials were printed. Relocate/review is a proposal, not a deletion decision."
"artifacts/h24-release/source/R/clim_day.R",FALSE,TRUE,TRUE,TRUE,FALSE,FALSE,"not-scanned","no filename evidence; content not exhaustively inspected",FALSE,"relocate","not tracked; ignored; type=artifact; size_bytes=4446","No credentials were printed. Relocate/review is a proposal, not a deletion decision."
"artifacts/h24-release/source/R/clim_month.R",FALSE,TRUE,TRUE,TRUE,FALSE,FALSE,"not-scanned","no filename evidence; content not exhaustively inspected",FALSE,"relocate","not tracked; ignored; type=artifact; size_bytes=1956","No credentials were printed. Relocate/review is a proposal, not a deletion decision."
"artifacts/h24-release/source/R/cm_setup.R",FALSE,TRUE,TRUE,TRUE,FALSE,FALSE,"not-scanned","no filename evidence; content not exhaustively inspected",FALSE,"relocate","not tracked; ignored; type=artifact; size_bytes=2382","No credentials were printed. Relocate/review is a proposal, not a deletion decision."
"artifacts/h24-release/source/R/coast_dist.R",FALSE,TRUE,TRUE,TRUE,FALSE,FALSE,"not-scanned","no filename evidence; content not exhaustively inspected",FALSE,"relocate","not tracked; ignored; type=artifact; size_bytes=1281","No credentials were printed. Relocate/review is a proposal, not a deletion decision."
"artifacts/h24-release/source/R/cube_collect.R",FALSE,TRUE,TRUE,TRUE,FALSE,FALSE,"not-scanned","no filename evidence; content not exhaustively inspected",FALSE,"relocate","not tracked; ignored; type=artifact; size_bytes=2903","No credentials were printed. Relocate/review is a proposal, not a deletion decision."
"artifacts/h24-release/source/R/cube_crop.R",FALSE,TRUE,TRUE,TRUE,FALSE,FALSE,"not-scanned","no filename evidence; content not exhaustively inspected",FALSE,"relocate","not tracked; ignored; type=artifact; size_bytes=14813","No credentials were printed. Relocate/review is a proposal, not a deletion decision."
"artifacts/h24-release/source/R/cube_extract.R",FALSE,TRUE,TRUE,TRUE,FALSE,FALSE,"not-scanned","no filename evidence; content not exhaustively inspected",FALSE,"relocate","not tracked; ignored; type=artifact; size_bytes=16455","No credentials were printed. Relocate/review is a proposal, not a deletion decision."
"artifacts/h24-release/source/R/cube_grid_geometry.R",FALSE,TRUE,TRUE,TRUE,FALSE,FALSE,"not-scanned","no filename evidence; content not exhaustively inspected",FALSE,"relocate","not tracked; ignored; type=artifact; size_bytes=14742","No credentials were printed. Relocate/review is a proposal, not a deletion decision."
"artifacts/h24-release/source/R/cube_mask.R",FALSE,TRUE,TRUE,TRUE,FALSE,FALSE,"not-scanned","no filename evidence; content not exhaustively inspected",FALSE,"relocate","not tracked; ignored; type=artifact; size_bytes=19063","No credentials were printed. Relocate/review is a proposal, not a deletion decision."
"artifacts/h24-release/source/R/cube_polygon_weights.R",FALSE,TRUE,TRUE,TRUE,FALSE,FALSE,"not-scanned","no filename evidence; content not exhaustively inspected",FALSE,"relocate","not tracked; ignored; type=artifact; size_bytes=11525","No credentials were printed. Relocate/review is a proposal, not a deletion decision."
"artifacts/h24-release/source/R/cube_slice.R",FALSE,TRUE,TRUE,TRUE,FALSE,FALSE,"not-scanned","no filename evidence; content not exhaustively inspected",FALSE,"relocate","not tracked; ignored; type=artifact; size_bytes=19400","No credentials were printed. Relocate/review is a proposal, not a deletion decision."
"artifacts/h24-release/source/R/cube_transect.R",FALSE,TRUE,TRUE,TRUE,FALSE,FALSE,"not-scanned","no filename evidence; content not exhaustively inspected",FALSE,"relocate","not tracked; ignored; type=artifact; size_bytes=19588","No credentials were printed. Relocate/review is a proposal, not a deletion decision."
"artifacts/h24-release/source/R/download_nc.R",FALSE,TRUE,TRUE,TRUE,FALSE,FALSE,"not-scanned","no filename evidence; content not exhaustively inspected",FALSE,"relocate","not tracked; ignored; type=artifact; size_bytes=3417","No credentials were printed. Relocate/review is a proposal, not a deletion decision."
"artifacts/h24-release/source/R/layer_mean.R",FALSE,TRUE,TRUE,TRUE,FALSE,FALSE,"not-scanned","no filename evidence; content not exhaustively inspected",FALSE,"relocate","not tracked; ignored; type=artifact; size_bytes=2025","No credentials were printed. Relocate/review is a proposal, not a deletion decision."
"artifacts/h24-release/source/R/link_events.R",FALSE,TRUE,TRUE,TRUE,FALSE,FALSE,"not-scanned","no filename evidence; content not exhaustively inspected",FALSE,"relocate","not tracked; ignored; type=artifact; size_bytes=5403","No credentials were printed. Relocate/review is a proposal, not a deletion decision."
"artifacts/h24-release/source/R/ocean_cube.R",FALSE,TRUE,TRUE,TRUE,FALSE,FALSE,"not-scanned","no filename evidence; content not exhaustively inspected",FALSE,"relocate","not tracked; ignored; type=artifact; size_bytes=7861","No credentials were printed. Relocate/review is a proposal, not a deletion decision."
"artifacts/h24-release/source/R/read_nc.R",FALSE,TRUE,TRUE,TRUE,FALSE,FALSE,"not-scanned","no filename evidence; content not exhaustively inspected",FALSE,"relocate","not tracked; ignored; type=artifact; size_bytes=4002","No credentials were printed. Relocate/review is a proposal, not a deletion decision."
"artifacts/h24-release/source/R/stock_mask.R",FALSE,TRUE,TRUE,TRUE,FALSE,FALSE,"not-scanned","no filename evidence; content not exhaustively inspected",FALSE,"relocate","not tracked; ignored; type=artifact; size_bytes=3301","No credentials were printed. Relocate/review is a proposal, not a deletion decision."
"artifacts/h24-release/source/R/to_month.R",FALSE,TRUE,TRUE,TRUE,FALSE,FALSE,"not-scanned","no filename evidence; content not exhaustively inspected",FALSE,"relocate","not tracked; ignored; type=artifact; size_bytes=1174","No credentials were printed. Relocate/review is a proposal, not a deletion decision."
"artifacts/h24-release/source/R/utils-internal.R",FALSE,TRUE,TRUE,TRUE,FALSE,FALSE,"not-scanned","no filename evidence; content not exhaustively inspected",FALSE,"relocate","not tracked; ignored; type=artifact; size_bytes=12752","No credentials were printed. Relocate/review is a proposal, not a deletion decision."
"artifacts/h24-release/source/README.md",FALSE,TRUE,TRUE,TRUE,FALSE,FALSE,"not-scanned","no filename evidence; content not exhaustively inspected",FALSE,"relocate","not tracked; ignored; type=documentation; size_bytes=3922","No credentials were printed. Relocate/review is a proposal, not a deletion decision."
"artifacts/h24-release/source/README.Rmd",FALSE,TRUE,TRUE,TRUE,FALSE,FALSE,"not-scanned","no filename evidence; content not exhaustively inspected",FALSE,"relocate","not tracked; ignored; type=documentation; size_bytes=3953","No credentials were printed. Relocate/review is a proposal, not a deletion decision."
"artifacts/h24-release/source/tests/testthat.R",FALSE,TRUE,TRUE,TRUE,FALSE,FALSE,"not-scanned","no filename evidence; content not exhaustively inspected",FALSE,"relocate","not tracked; ignored; type=artifact; size_bytes=62","No credentials were printed. Relocate/review is a proposal, not a deletion decision."
"artifacts/h24-release/source/tests/testthat/helper-architecture.R",FALSE,TRUE,TRUE,TRUE,FALSE,FALSE,"not-scanned","no filename evidence; content not exhaustively inspected",FALSE,"relocate","not tracked; ignored; type=artifact; size_bytes=2086","No credentials were printed. Relocate/review is a proposal, not a deletion decision."
"artifacts/h24-release/source/tests/testthat/helper-baseline-cube.R",FALSE,TRUE,TRUE,TRUE,FALSE,FALSE,"not-scanned","no filename evidence; content not exhaustively inspected",FALSE,"relocate","not tracked; ignored; type=artifact; size_bytes=1544","No credentials were printed. Relocate/review is a proposal, not a deletion decision."
"artifacts/h24-release/source/tests/testthat/helper-geometry.R",FALSE,TRUE,TRUE,TRUE,FALSE,FALSE,"not-scanned","no filename evidence; content not exhaustively inspected",FALSE,"relocate","not tracked; ignored; type=artifact; size_bytes=502","No credentials were printed. Relocate/review is a proposal, not a deletion decision."
"artifacts/h24-release/source/tests/testthat/helper-netcdf-backend.R",FALSE,TRUE,TRUE,TRUE,FALSE,FALSE,"not-scanned","no filename evidence; content not exhaustively inspected",FALSE,"relocate","not tracked; ignored; type=artifact; size_bytes=8204","No credentials were printed. Relocate/review is a proposal, not a deletion decision."
"artifacts/h24-release/source/tests/testthat/test-backend-memory.R",FALSE,TRUE,TRUE,TRUE,FALSE,FALSE,"not-scanned","no filename evidence; content not exhaustively inspected",FALSE,"relocate","not tracked; ignored; type=artifact; size_bytes=10966","No credentials were printed. Relocate/review is a proposal, not a deletion decision."
"artifacts/h24-release/source/tests/testthat/test-backend-netcdf-descriptor.R",FALSE,TRUE,TRUE,TRUE,FALSE,FALSE,"not-scanned","no filename evidence; content not exhaustively inspected",FALSE,"relocate","not tracked; ignored; type=artifact; size_bytes=18223","No credentials were printed. Relocate/review is a proposal, not a deletion decision."
"artifacts/h24-release/source/tests/testthat/test-backend-netcdf-noncontiguous.R",FALSE,TRUE,TRUE,TRUE,FALSE,FALSE,"not-scanned","no filename evidence; content not exhaustively inspected",FALSE,"relocate","not tracked; ignored; type=artifact; size_bytes=10764","No credentials were printed. Relocate/review is a proposal, not a deletion decision."
"artifacts/h24-release/source/tests/testthat/test-backend-netcdf-read-block.R",FALSE,TRUE,TRUE,TRUE,FALSE,FALSE,"not-scanned","no filename evidence; content not exhaustively inspected",FALSE,"relocate","not tracked; ignored; type=artifact; size_bytes=17998","No credentials were printed. Relocate/review is a proposal, not a deletion decision."
"artifacts/h24-release/source/tests/testthat/test-clim-anom.R",FALSE,TRUE,TRUE,TRUE,FALSE,FALSE,"not-scanned","no filename evidence; content not exhaustively inspected",FALSE,"relocate","not tracked; ignored; type=artifact; size_bytes=1091","No credentials were printed. Relocate/review is a proposal, not a deletion decision."
"artifacts/h24-release/source/tests/testthat/test-cube-collect.R",FALSE,TRUE,TRUE,TRUE,FALSE,FALSE,"not-scanned","no filename evidence; content not exhaustively inspected",FALSE,"relocate","not tracked; ignored; type=artifact; size_bytes=7458","No credentials were printed. Relocate/review is a proposal, not a deletion decision."
"artifacts/h24-release/source/tests/testthat/test-cube-crop.R",FALSE,TRUE,TRUE,TRUE,FALSE,FALSE,"not-scanned","no filename evidence; content not exhaustively inspected",FALSE,"relocate","not tracked; ignored; type=artifact; size_bytes=23828","No credentials were printed. Relocate/review is a proposal, not a deletion decision."
"artifacts/h24-release/source/tests/testthat/test-cube-extract.R",FALSE,TRUE,TRUE,TRUE,FALSE,FALSE,"not-scanned","no filename evidence; content not exhaustively inspected",FALSE,"relocate","not tracked; ignored; type=artifact; size_bytes=29027","No credentials were printed. Relocate/review is a proposal, not a deletion decision."
"artifacts/h24-release/source/tests/testthat/test-cube-grid-geometry.R",FALSE,TRUE,TRUE,TRUE,FALSE,FALSE,"not-scanned","no filename evidence; content not exhaustively inspected",FALSE,"relocate","not tracked; ignored; type=artifact; size_bytes=8641","No credentials were printed. Relocate/review is a proposal, not a deletion decision."
"artifacts/h24-release/source/tests/testthat/test-cube-mask.R",FALSE,TRUE,TRUE,TRUE,FALSE,FALSE,"not-scanned","no filename evidence; content not exhaustively inspected",FALSE,"relocate","not tracked; ignored; type=artifact; size_bytes=11117","No credentials were printed. Relocate/review is a proposal, not a deletion decision."
"artifacts/h24-release/source/tests/testthat/test-cube-polygon-weights.R",FALSE,TRUE,TRUE,TRUE,FALSE,FALSE,"not-scanned","no filename evidence; content not exhaustively inspected",FALSE,"relocate","not tracked; ignored; type=artifact; size_bytes=12292","No credentials were printed. Relocate/review is a proposal, not a deletion decision."
"artifacts/h24-release/source/tests/testthat/test-cube-slice.R",FALSE,TRUE,TRUE,TRUE,FALSE,FALSE,"not-scanned","no filename evidence; content not exhaustively inspected",FALSE,"relocate","not tracked; ignored; type=artifact; size_bytes=22898","No credentials were printed. Relocate/review is a proposal, not a deletion decision."
"artifacts/h24-release/source/tests/testthat/test-cube-transect.R",FALSE,TRUE,TRUE,TRUE,FALSE,FALSE,"not-scanned","no filename evidence; content not exhaustively inspected",FALSE,"relocate","not tracked; ignored; type=artifact; size_bytes=10124","No credentials were printed. Relocate/review is a proposal, not a deletion decision."
"artifacts/h24-release/source/tests/testthat/test-daily-link.R",FALSE,TRUE,TRUE,TRUE,FALSE,FALSE,"not-scanned","no filename evidence; content not exhaustively inspected",FALSE,"relocate","not tracked; ignored; type=artifact; size_bytes=1500","No credentials were printed. Relocate/review is a proposal, not a deletion decision."
"artifacts/h24-release/source/tests/testthat/test-layer-time-mask.R",FALSE,TRUE,TRUE,TRUE,FALSE,FALSE,"not-scanned","no filename evidence; content not exhaustively inspected",FALSE,"relocate","not tracked; ignored; type=artifact; size_bytes=1451","No credentials were printed. Relocate/review is a proposal, not a deletion decision."
"artifacts/h24-release/source/tests/testthat/test-no-direct-data-access.R",FALSE,TRUE,TRUE,TRUE,FALSE,FALSE,"not-scanned","no filename evidence; content not exhaustively inspected",FALSE,"relocate","not tracked; ignored; type=artifact; size_bytes=1912","No credentials were printed. Relocate/review is a proposal, not a deletion decision."
"artifacts/h24-release/source/tests/testthat/test-ocean-cube-baseline.R",FALSE,TRUE,TRUE,TRUE,FALSE,FALSE,"not-scanned","no filename evidence; content not exhaustively inspected",FALSE,"relocate","not tracked; ignored; type=artifact; size_bytes=3603","No credentials were printed. Relocate/review is a proposal, not a deletion decision."
"artifacts/h24-release/source/tests/testthat/test-ocean-cube-contract.R",FALSE,TRUE,TRUE,TRUE,FALSE,FALSE,"not-scanned","no filename evidence; content not exhaustively inspected",FALSE,"relocate","not tracked; ignored; type=artifact; size_bytes=10419","No credentials were printed. Relocate/review is a proposal, not a deletion decision."
"artifacts/h24-release/source/tests/testthat/test-ocean-cube.R",FALSE,TRUE,TRUE,TRUE,FALSE,FALSE,"not-scanned","no filename evidence; content not exhaustively inspected",FALSE,"relocate","not tracked; ignored; type=artifact; size_bytes=836","No credentials were printed. Relocate/review is a proposal, not a deletion decision."
"artifacts/h24-release/source/tests/testthat/test-package-boundary-spatind.R",FALSE,TRUE,TRUE,TRUE,FALSE,FALSE,"not-scanned","no filename evidence; content not exhaustively inspected",FALSE,"relocate","not tracked; ignored; type=artifact; size_bytes=1584","No credentials were printed. Relocate/review is a proposal, not a deletion decision."
"artifacts/h24-release/source/tests/testthat/test-read-nc-baseline.R",FALSE,TRUE,TRUE,TRUE,FALSE,FALSE,"not-scanned","no filename evidence; content not exhaustively inspected",FALSE,"relocate","not tracked; ignored; type=artifact; size_bytes=3478","No credentials were printed. Relocate/review is a proposal, not a deletion decision."
"artifacts/h24-release/source/tests/testthat/test-refactor-coast-dist-backend.R",FALSE,TRUE,TRUE,TRUE,FALSE,FALSE,"not-scanned","no filename evidence; content not exhaustively inspected",FALSE,"relocate","not tracked; ignored; type=artifact; size_bytes=9486","No credentials were printed. Relocate/review is a proposal, not a deletion decision."
"artifacts/h24-release/source/tests/testthat/test-refactor-layer-annual-backend.R",FALSE,TRUE,TRUE,TRUE,FALSE,FALSE,"not-scanned","no filename evidence; content not exhaustively inspected",FALSE,"relocate","not tracked; ignored; type=artifact; size_bytes=10782","No credentials were printed. Relocate/review is a proposal, not a deletion decision."
"artifacts/h24-release/source/tests/testthat/test-refactor-link-events-backend.R",FALSE,TRUE,TRUE,TRUE,FALSE,FALSE,"not-scanned","no filename evidence; content not exhaustively inspected",FALSE,"relocate","not tracked; ignored; type=artifact; size_bytes=17309","No credentials were printed. Relocate/review is a proposal, not a deletion decision."
"artifacts/h24-release/source/tests/testthat/test-refactor-temporal-backend.R",FALSE,TRUE,TRUE,TRUE,FALSE,FALSE,"not-scanned","no filename evidence; content not exhaustively inspected",FALSE,"relocate","not tracked; ignored; type=artifact; size_bytes=11299","No credentials were printed. Relocate/review is a proposal, not a deletion decision."
"artifacts/h24-release/source/tests/testthat/test-release-contract.R",FALSE,TRUE,TRUE,TRUE,FALSE,FALSE,"not-scanned","no filename evidence; content not exhaustively inspected",FALSE,"relocate","not tracked; ignored; type=artifact; size_bytes=4608","No credentials were printed. Relocate/review is a proposal, not a deletion decision."
"artifacts/h24-release/source/tests/testthat/test-scientific-baseline.R",FALSE,TRUE,TRUE,TRUE,FALSE,FALSE,"not-scanned","no filename evidence; content not exhaustively inspected",FALSE,"relocate","not tracked; ignored; type=artifact; size_bytes=4598","No credentials were printed. Relocate/review is a proposal, not a deletion decision."
"artifacts/h24-release/source/vignettes/get-started.Rmd",FALSE,TRUE,TRUE,TRUE,FALSE,FALSE,"not-scanned","no filename evidence; content not exhaustively inspected",FALSE,"relocate","not tracked; ignored; type=artifact; size_bytes=737","No credentials were printed. Relocate/review is a proposal, not a deletion decision."
"artifacts/h24-release/source/vignettes/oceancube-architecture.Rmd",FALSE,TRUE,TRUE,TRUE,FALSE,FALSE,"not-scanned","no filename evidence; content not exhaustively inspected",FALSE,"relocate","not tracked; ignored; type=artifact; size_bytes=2553","No credentials were printed. Relocate/review is a proposal, not a deletion decision."
"artifacts/h24-release/source/vignettes/oceancube-geometry-weights.Rmd",FALSE,TRUE,TRUE,TRUE,FALSE,FALSE,"not-scanned","no filename evidence; content not exhaustively inspected",FALSE,"relocate","not tracked; ignored; type=artifact; size_bytes=2215","No credentials were printed. Relocate/review is a proposal, not a deletion decision."
"artifacts/h24-release/source/vignettes/oceancube-introduction.Rmd",FALSE,TRUE,TRUE,TRUE,FALSE,FALSE,"not-scanned","no filename evidence; content not exhaustively inspected",FALSE,"relocate","not tracked; ignored; type=artifact; size_bytes=3404","No credentials were printed. Relocate/review is a proposal, not a deletion decision."
"artifacts/h25-release-preparation/hito-25-informe.md",FALSE,TRUE,TRUE,TRUE,FALSE,FALSE,"not-scanned","no filename evidence; content not exhaustively inspected",FALSE,"relocate","not tracked; ignored; type=artifact; size_bytes=28836","No credentials were printed. Relocate/review is a proposal, not a deletion decision."
"artifacts/h25-release-preparation/oceancube_0.1.0.tar.gz",FALSE,TRUE,TRUE,TRUE,FALSE,FALSE,"not-scanned","no filename evidence; content not exhaustively inspected",FALSE,"relocate","not tracked; ignored; type=artifact; size_bytes=163038","No credentials were printed. Relocate/review is a proposal, not a deletion decision."
"artifacts/h25-release-preparation/SHA256SUMS.txt",FALSE,TRUE,TRUE,TRUE,FALSE,FALSE,"not-scanned","no filename evidence; content not exhaustively inspected",FALSE,"relocate","not tracked; ignored; type=artifact; size_bytes=89","No credentials were printed. Relocate/review is a proposal, not a deletion decision."
"artifacts/h26-consolidation/branches-before.txt",FALSE,TRUE,TRUE,TRUE,FALSE,FALSE,"not-scanned","no filename evidence; content not exhaustively inspected",FALSE,"relocate","not tracked; ignored; type=artifact; size_bytes=101","No credentials were printed. Relocate/review is a proposal, not a deletion decision."
"artifacts/h26-consolidation/dev-build/oceancube_0.1.0.tar.gz",FALSE,TRUE,TRUE,TRUE,FALSE,FALSE,"not-scanned","no filename evidence; content not exhaustively inspected",FALSE,"relocate","not tracked; ignored; type=artifact; size_bytes=165185","No credentials were printed. Relocate/review is a proposal, not a deletion decision."
"artifacts/h26-consolidation/dev-check/oceancube.Rcheck/00_pkg_src/oceancube/build/vignette.rds",FALSE,TRUE,TRUE,TRUE,FALSE,FALSE,"not-scanned","no filename evidence; content not exhaustively inspected",FALSE,"relocate","not tracked; ignored; type=artifact; size_bytes=379","No credentials were printed. Relocate/review is a proposal, not a deletion decision."
"artifacts/h26-consolidation/dev-check/oceancube.Rcheck/00_pkg_src/oceancube/CODE_OF_CONDUCT.md",FALSE,TRUE,TRUE,TRUE,FALSE,FALSE,"not-scanned","no filename evidence; content not exhaustively inspected",FALSE,"relocate","not tracked; ignored; type=artifact; size_bytes=93","No credentials were printed. Relocate/review is a proposal, not a deletion decision."
"artifacts/h26-consolidation/dev-check/oceancube.Rcheck/00_pkg_src/oceancube/CONTRIBUTING.md",FALSE,TRUE,TRUE,TRUE,FALSE,FALSE,"not-scanned","no filename evidence; content not exhaustively inspected",FALSE,"relocate","not tracked; ignored; type=artifact; size_bytes=130","No credentials were printed. Relocate/review is a proposal, not a deletion decision."
"artifacts/h26-consolidation/dev-check/oceancube.Rcheck/00_pkg_src/oceancube/DESCRIPTION",FALSE,TRUE,TRUE,TRUE,FALSE,FALSE,"not-scanned","no filename evidence; content not exhaustively inspected",FALSE,"relocate","not tracked; ignored; type=metadata; size_bytes=1246","No credentials were printed. Relocate/review is a proposal, not a deletion decision."
"artifacts/h26-consolidation/dev-check/oceancube.Rcheck/00_pkg_src/oceancube/inst/architecture/oceancube-spatind-boundary.md",FALSE,TRUE,TRUE,TRUE,FALSE,FALSE,"not-scanned","no filename evidence; content not exhaustively inspected",FALSE,"relocate","not tracked; ignored; type=artifact; size_bytes=5299","No credentials were printed. Relocate/review is a proposal, not a deletion decision."
"artifacts/h26-consolidation/dev-check/oceancube.Rcheck/00_pkg_src/oceancube/inst/CITATION",FALSE,TRUE,TRUE,TRUE,FALSE,FALSE,"not-scanned","no filename evidence; content not exhaustively inspected",FALSE,"relocate","not tracked; ignored; type=metadata; size_bytes=116","No credentials were printed. Relocate/review is a proposal, not a deletion decision."
"artifacts/h26-consolidation/dev-check/oceancube.Rcheck/00_pkg_src/oceancube/inst/doc/get-started.html",FALSE,TRUE,TRUE,TRUE,FALSE,FALSE,"not-scanned","no filename evidence; content not exhaustively inspected",FALSE,"relocate","not tracked; ignored; type=website; size_bytes=11230","No credentials were printed. Relocate/review is a proposal, not a deletion decision."
"artifacts/h26-consolidation/dev-check/oceancube.Rcheck/00_pkg_src/oceancube/inst/doc/get-started.R",FALSE,TRUE,TRUE,TRUE,FALSE,FALSE,"not-scanned","no filename evidence; content not exhaustively inspected",FALSE,"relocate","not tracked; ignored; type=artifact; size_bytes=341","No credentials were printed. Relocate/review is a proposal, not a deletion decision."
"artifacts/h26-consolidation/dev-check/oceancube.Rcheck/00_pkg_src/oceancube/inst/doc/get-started.Rmd",FALSE,TRUE,TRUE,TRUE,FALSE,FALSE,"not-scanned","no filename evidence; content not exhaustively inspected",FALSE,"relocate","not tracked; ignored; type=artifact; size_bytes=737","No credentials were printed. Relocate/review is a proposal, not a deletion decision."
"artifacts/h26-consolidation/dev-check/oceancube.Rcheck/00_pkg_src/oceancube/inst/doc/oceancube-architecture.html",FALSE,TRUE,TRUE,TRUE,FALSE,FALSE,"not-scanned","no filename evidence; content not exhaustively inspected",FALSE,"relocate","not tracked; ignored; type=website; size_bytes=13532","No credentials were printed. Relocate/review is a proposal, not a deletion decision."
"artifacts/h26-consolidation/dev-check/oceancube.Rcheck/00_pkg_src/oceancube/inst/doc/oceancube-architecture.R",FALSE,TRUE,TRUE,TRUE,FALSE,FALSE,"not-scanned","no filename evidence; content not exhaustively inspected",FALSE,"relocate","not tracked; ignored; type=artifact; size_bytes=369","No credentials were printed. Relocate/review is a proposal, not a deletion decision."
"artifacts/h26-consolidation/dev-check/oceancube.Rcheck/00_pkg_src/oceancube/inst/doc/oceancube-architecture.Rmd",FALSE,TRUE,TRUE,TRUE,FALSE,FALSE,"not-scanned","no filename evidence; content not exhaustively inspected",FALSE,"relocate","not tracked; ignored; type=artifact; size_bytes=2553","No credentials were printed. Relocate/review is a proposal, not a deletion decision."
"artifacts/h26-consolidation/dev-check/oceancube.Rcheck/00_pkg_src/oceancube/inst/doc/oceancube-geometry-weights.html",FALSE,TRUE,TRUE,TRUE,FALSE,FALSE,"not-scanned","no filename evidence; content not exhaustively inspected",FALSE,"relocate","not tracked; ignored; type=website; size_bytes=23626","No credentials were printed. Relocate/review is a proposal, not a deletion decision."
"artifacts/h26-consolidation/dev-check/oceancube.Rcheck/00_pkg_src/oceancube/inst/doc/oceancube-geometry-weights.R",FALSE,TRUE,TRUE,TRUE,FALSE,FALSE,"not-scanned","no filename evidence; content not exhaustively inspected",FALSE,"relocate","not tracked; ignored; type=artifact; size_bytes=1279","No credentials were printed. Relocate/review is a proposal, not a deletion decision."
"artifacts/h26-consolidation/dev-check/oceancube.Rcheck/00_pkg_src/oceancube/inst/doc/oceancube-geometry-weights.Rmd",FALSE,TRUE,TRUE,TRUE,FALSE,FALSE,"not-scanned","no filename evidence; content not exhaustively inspected",FALSE,"relocate","not tracked; ignored; type=artifact; size_bytes=2215","No credentials were printed. Relocate/review is a proposal, not a deletion decision."
"artifacts/h26-consolidation/dev-check/oceancube.Rcheck/00_pkg_src/oceancube/inst/doc/oceancube-handbook.html",FALSE,TRUE,TRUE,TRUE,FALSE,FALSE,"not-scanned","no filename evidence; content not exhaustively inspected",FALSE,"relocate","not tracked; ignored; type=website; size_bytes=10794","No credentials were printed. Relocate/review is a proposal, not a deletion decision."
"artifacts/h26-consolidation/dev-check/oceancube.Rcheck/00_pkg_src/oceancube/inst/doc/oceancube-handbook.R",FALSE,TRUE,TRUE,TRUE,FALSE,FALSE,"not-scanned","no filename evidence; content not exhaustively inspected",FALSE,"relocate","not tracked; ignored; type=artifact; size_bytes=270","No credentials were printed. Relocate/review is a proposal, not a deletion decision."
"artifacts/h26-consolidation/dev-check/oceancube.Rcheck/00_pkg_src/oceancube/inst/doc/oceancube-handbook.Rmd",FALSE,TRUE,TRUE,TRUE,FALSE,FALSE,"not-scanned","no filename evidence; content not exhaustively inspected",FALSE,"relocate","not tracked; ignored; type=artifact; size_bytes=858","No credentials were printed. Relocate/review is a proposal, not a deletion decision."
"artifacts/h26-consolidation/dev-check/oceancube.Rcheck/00_pkg_src/oceancube/inst/doc/oceancube-introduction.html",FALSE,TRUE,TRUE,TRUE,FALSE,FALSE,"not-scanned","no filename evidence; content not exhaustively inspected",FALSE,"relocate","not tracked; ignored; type=website; size_bytes=24863","No credentials were printed. Relocate/review is a proposal, not a deletion decision."
"artifacts/h26-consolidation/dev-check/oceancube.Rcheck/00_pkg_src/oceancube/inst/doc/oceancube-introduction.R",FALSE,TRUE,TRUE,TRUE,FALSE,FALSE,"not-scanned","no filename evidence; content not exhaustively inspected",FALSE,"relocate","not tracked; ignored; type=artifact; size_bytes=1818","No credentials were printed. Relocate/review is a proposal, not a deletion decision."
"artifacts/h26-consolidation/dev-check/oceancube.Rcheck/00_pkg_src/oceancube/inst/doc/oceancube-introduction.Rmd",FALSE,TRUE,TRUE,TRUE,FALSE,FALSE,"not-scanned","no filename evidence; content not exhaustively inspected",FALSE,"relocate","not tracked; ignored; type=artifact; size_bytes=3404","No credentials were printed. Relocate/review is a proposal, not a deletion decision."
"artifacts/h26-consolidation/dev-check/oceancube.Rcheck/00_pkg_src/oceancube/inst/examples/backend_memory.R",FALSE,TRUE,TRUE,TRUE,FALSE,FALSE,"not-scanned","no filename evidence; content not exhaustively inspected",FALSE,"relocate","not tracked; ignored; type=artifact; size_bytes=3995","No credentials were printed. Relocate/review is a proposal, not a deletion decision."
"artifacts/h26-consolidation/dev-check/oceancube.Rcheck/00_pkg_src/oceancube/inst/examples/backend_netcdf_descriptor.R",FALSE,TRUE,TRUE,TRUE,FALSE,FALSE,"not-scanned","no filename evidence; content not exhaustively inspected",FALSE,"relocate","not tracked; ignored; type=artifact; size_bytes=5112","No credentials were printed. Relocate/review is a proposal, not a deletion decision."
"artifacts/h26-consolidation/dev-check/oceancube.Rcheck/00_pkg_src/oceancube/inst/examples/backend_netcdf_read_block.R",FALSE,TRUE,TRUE,TRUE,FALSE,FALSE,"not-scanned","no filename evidence; content not exhaustively inspected",FALSE,"relocate","not tracked; ignored; type=artifact; size_bytes=6686","No credentials were printed. Relocate/review is a proposal, not a deletion decision."
"artifacts/h26-consolidation/dev-check/oceancube.Rcheck/00_pkg_src/oceancube/inst/examples/baseline_ocean_cube.R",FALSE,TRUE,TRUE,TRUE,FALSE,FALSE,"not-scanned","no filename evidence; content not exhaustively inspected",FALSE,"relocate","not tracked; ignored; type=artifact; size_bytes=3704","No credentials were printed. Relocate/review is a proposal, not a deletion decision."
"artifacts/h26-consolidation/dev-check/oceancube.Rcheck/00_pkg_src/oceancube/inst/examples/cube_crop.R",FALSE,TRUE,TRUE,TRUE,FALSE,FALSE,"not-scanned","no filename evidence; content not exhaustively inspected",FALSE,"relocate","not tracked; ignored; type=artifact; size_bytes=8540","No credentials were printed. Relocate/review is a proposal, not a deletion decision."
"artifacts/h26-consolidation/dev-check/oceancube.Rcheck/00_pkg_src/oceancube/inst/examples/cube_extract.R",FALSE,TRUE,TRUE,TRUE,FALSE,FALSE,"not-scanned","no filename evidence; content not exhaustively inspected",FALSE,"relocate","not tracked; ignored; type=artifact; size_bytes=7836","No credentials were printed. Relocate/review is a proposal, not a deletion decision."
"artifacts/h26-consolidation/dev-check/oceancube.Rcheck/00_pkg_src/oceancube/inst/examples/cube_geometry_weights.R",FALSE,TRUE,TRUE,TRUE,FALSE,FALSE,"not-scanned","no filename evidence; content not exhaustively inspected",FALSE,"relocate","not tracked; ignored; type=artifact; size_bytes=4084","No credentials were printed. Relocate/review is a proposal, not a deletion decision."
"artifacts/h26-consolidation/dev-check/oceancube.Rcheck/00_pkg_src/oceancube/inst/examples/cube_mask.R",FALSE,TRUE,TRUE,TRUE,FALSE,FALSE,"not-scanned","no filename evidence; content not exhaustively inspected",FALSE,"relocate","not tracked; ignored; type=artifact; size_bytes=6852","No credentials were printed. Relocate/review is a proposal, not a deletion decision."
"artifacts/h26-consolidation/dev-check/oceancube.Rcheck/00_pkg_src/oceancube/inst/examples/cube_slice.R",FALSE,TRUE,TRUE,TRUE,FALSE,FALSE,"not-scanned","no filename evidence; content not exhaustively inspected",FALSE,"relocate","not tracked; ignored; type=artifact; size_bytes=6283","No credentials were printed. Relocate/review is a proposal, not a deletion decision."
"artifacts/h26-consolidation/dev-check/oceancube.Rcheck/00_pkg_src/oceancube/inst/examples/cube_transect.R",FALSE,TRUE,TRUE,TRUE,FALSE,FALSE,"not-scanned","no filename evidence; content not exhaustively inspected",FALSE,"relocate","not tracked; ignored; type=artifact; size_bytes=7793","No credentials were printed. Relocate/review is a proposal, not a deletion decision."
"artifacts/h26-consolidation/dev-check/oceancube.Rcheck/00_pkg_src/oceancube/inst/examples/noncontiguous_collect.R",FALSE,TRUE,TRUE,TRUE,FALSE,FALSE,"not-scanned","no filename evidence; content not exhaustively inspected",FALSE,"relocate","not tracked; ignored; type=artifact; size_bytes=3913","No credentials were printed. Relocate/review is a proposal, not a deletion decision."
"artifacts/h26-consolidation/dev-check/oceancube.Rcheck/00_pkg_src/oceancube/inst/examples/ocean_cube_contract.R",FALSE,TRUE,TRUE,TRUE,FALSE,FALSE,"not-scanned","no filename evidence; content not exhaustively inspected",FALSE,"relocate","not tracked; ignored; type=artifact; size_bytes=4027","No credentials were printed. Relocate/review is a proposal, not a deletion decision."
"artifacts/h26-consolidation/dev-check/oceancube.Rcheck/00_pkg_src/oceancube/inst/examples/oceancube-handbook-workflow.R",FALSE,TRUE,TRUE,TRUE,FALSE,FALSE,"not-scanned","no filename evidence; content not exhaustively inspected",FALSE,"relocate","not tracked; ignored; type=artifact; size_bytes=958","No credentials were printed. Relocate/review is a proposal, not a deletion decision."
"artifacts/h26-consolidation/dev-check/oceancube.Rcheck/00_pkg_src/oceancube/inst/examples/refactor_coast_dist_backend.R",FALSE,TRUE,TRUE,TRUE,FALSE,FALSE,"not-scanned","no filename evidence; content not exhaustively inspected",FALSE,"relocate","not tracked; ignored; type=artifact; size_bytes=4008","No credentials were printed. Relocate/review is a proposal, not a deletion decision."
"artifacts/h26-consolidation/dev-check/oceancube.Rcheck/00_pkg_src/oceancube/inst/examples/refactor_layer_annual_backend.R",FALSE,TRUE,TRUE,TRUE,FALSE,FALSE,"not-scanned","no filename evidence; content not exhaustively inspected",FALSE,"relocate","not tracked; ignored; type=artifact; size_bytes=3656","No credentials were printed. Relocate/review is a proposal, not a deletion decision."
"artifacts/h26-consolidation/dev-check/oceancube.Rcheck/00_pkg_src/oceancube/inst/examples/refactor_link_events_backend.R",FALSE,TRUE,TRUE,TRUE,FALSE,FALSE,"not-scanned","no filename evidence; content not exhaustively inspected",FALSE,"relocate","not tracked; ignored; type=artifact; size_bytes=5629","No credentials were printed. Relocate/review is a proposal, not a deletion decision."
"artifacts/h26-consolidation/dev-check/oceancube.Rcheck/00_pkg_src/oceancube/inst/examples/refactor_temporal_backend.R",FALSE,TRUE,TRUE,TRUE,FALSE,FALSE,"not-scanned","no filename evidence; content not exhaustively inspected",FALSE,"relocate","not tracked; ignored; type=artifact; size_bytes=4304","No credentials were printed. Relocate/review is a proposal, not a deletion decision."
"artifacts/h26-consolidation/dev-check/oceancube.Rcheck/00_pkg_src/oceancube/LICENSE",FALSE,TRUE,TRUE,TRUE,FALSE,FALSE,"not-scanned","no filename evidence; content not exhaustively inspected",FALSE,"relocate","not tracked; ignored; type=metadata; size_bytes=50","No credentials were printed. Relocate/review is a proposal, not a deletion decision."
"artifacts/h26-consolidation/dev-check/oceancube.Rcheck/00_pkg_src/oceancube/man/annual_index.Rd",FALSE,TRUE,TRUE,TRUE,FALSE,FALSE,"not-scanned","no filename evidence; content not exhaustively inspected",FALSE,"relocate","not tracked; ignored; type=artifact; size_bytes=648","No credentials were printed. Relocate/review is a proposal, not a deletion decision."
"artifacts/h26-consolidation/dev-check/oceancube.Rcheck/00_pkg_src/oceancube/man/anom_diff.Rd",FALSE,TRUE,TRUE,TRUE,FALSE,FALSE,"not-scanned","no filename evidence; content not exhaustively inspected",FALSE,"relocate","not tracked; ignored; type=artifact; size_bytes=499","No credentials were printed. Relocate/review is a proposal, not a deletion decision."
"artifacts/h26-consolidation/dev-check/oceancube.Rcheck/00_pkg_src/oceancube/man/anom_z.Rd",FALSE,TRUE,TRUE,TRUE,FALSE,FALSE,"not-scanned","no filename evidence; content not exhaustively inspected",FALSE,"relocate","not tracked; ignored; type=artifact; size_bytes=523","No credentials were printed. Relocate/review is a proposal, not a deletion decision."
"artifacts/h26-consolidation/dev-check/oceancube.Rcheck/00_pkg_src/oceancube/man/clim_day.Rd",FALSE,TRUE,TRUE,TRUE,FALSE,FALSE,"not-scanned","no filename evidence; content not exhaustively inspected",FALSE,"relocate","not tracked; ignored; type=artifact; size_bytes=1180","No credentials were printed. Relocate/review is a proposal, not a deletion decision."
"artifacts/h26-consolidation/dev-check/oceancube.Rcheck/00_pkg_src/oceancube/man/clim_month.Rd",FALSE,TRUE,TRUE,TRUE,FALSE,FALSE,"not-scanned","no filename evidence; content not exhaustively inspected",FALSE,"relocate","not tracked; ignored; type=artifact; size_bytes=449","No credentials were printed. Relocate/review is a proposal, not a deletion decision."
"artifacts/h26-consolidation/dev-check/oceancube.Rcheck/00_pkg_src/oceancube/man/cm_connect.Rd",FALSE,TRUE,TRUE,TRUE,FALSE,FALSE,"not-scanned","no filename evidence; content not exhaustively inspected",FALSE,"relocate","not tracked; ignored; type=artifact; size_bytes=621","No credentials were printed. Relocate/review is a proposal, not a deletion decision."
"artifacts/h26-consolidation/dev-check/oceancube.Rcheck/00_pkg_src/oceancube/man/cm_setup.Rd",FALSE,TRUE,TRUE,TRUE,FALSE,FALSE,"not-scanned","no filename evidence; content not exhaustively inspected",FALSE,"relocate","not tracked; ignored; type=artifact; size_bytes=764","No credentials were printed. Relocate/review is a proposal, not a deletion decision."
"artifacts/h26-consolidation/dev-check/oceancube.Rcheck/00_pkg_src/oceancube/man/coast_dist.Rd",FALSE,TRUE,TRUE,TRUE,FALSE,FALSE,"not-scanned","no filename evidence; content not exhaustively inspected",FALSE,"relocate","not tracked; ignored; type=artifact; size_bytes=518","No credentials were printed. Relocate/review is a proposal, not a deletion decision."
"artifacts/h26-consolidation/dev-check/oceancube.Rcheck/00_pkg_src/oceancube/man/crop_stock.Rd",FALSE,TRUE,TRUE,TRUE,FALSE,FALSE,"not-scanned","no filename evidence; content not exhaustively inspected",FALSE,"relocate","not tracked; ignored; type=artifact; size_bytes=401","No credentials were printed. Relocate/review is a proposal, not a deletion decision."
"artifacts/h26-consolidation/dev-check/oceancube.Rcheck/00_pkg_src/oceancube/man/cube_cell_area.Rd",FALSE,TRUE,TRUE,TRUE,FALSE,FALSE,"not-scanned","no filename evidence; content not exhaustively inspected",FALSE,"relocate","not tracked; ignored; type=artifact; size_bytes=813","No credentials were printed. Relocate/review is a proposal, not a deletion decision."
"artifacts/h26-consolidation/dev-check/oceancube.Rcheck/00_pkg_src/oceancube/man/cube_cell_volume.Rd",FALSE,TRUE,TRUE,TRUE,FALSE,FALSE,"not-scanned","no filename evidence; content not exhaustively inspected",FALSE,"relocate","not tracked; ignored; type=artifact; size_bytes=907","No credentials were printed. Relocate/review is a proposal, not a deletion decision."
"artifacts/h26-consolidation/dev-check/oceancube.Rcheck/00_pkg_src/oceancube/man/cube_collect.Rd",FALSE,TRUE,TRUE,TRUE,FALSE,FALSE,"not-scanned","no filename evidence; content not exhaustively inspected",FALSE,"relocate","not tracked; ignored; type=artifact; size_bytes=1308","No credentials were printed. Relocate/review is a proposal, not a deletion decision."
"artifacts/h26-consolidation/dev-check/oceancube.Rcheck/00_pkg_src/oceancube/man/cube_crop.Rd",FALSE,TRUE,TRUE,TRUE,FALSE,FALSE,"not-scanned","no filename evidence; content not exhaustively inspected",FALSE,"relocate","not tracked; ignored; type=artifact; size_bytes=2954","No credentials were printed. Relocate/review is a proposal, not a deletion decision."
"artifacts/h26-consolidation/dev-check/oceancube.Rcheck/00_pkg_src/oceancube/man/cube_extract.Rd",FALSE,TRUE,TRUE,TRUE,FALSE,FALSE,"not-scanned","no filename evidence; content not exhaustively inspected",FALSE,"relocate","not tracked; ignored; type=artifact; size_bytes=4426","No credentials were printed. Relocate/review is a proposal, not a deletion decision."
"artifacts/h26-consolidation/dev-check/oceancube.Rcheck/00_pkg_src/oceancube/man/cube_layer_thickness.Rd",FALSE,TRUE,TRUE,TRUE,FALSE,FALSE,"not-scanned","no filename evidence; content not exhaustively inspected",FALSE,"relocate","not tracked; ignored; type=artifact; size_bytes=1056","No credentials were printed. Relocate/review is a proposal, not a deletion decision."
"artifacts/h26-consolidation/dev-check/oceancube.Rcheck/00_pkg_src/oceancube/man/cube_mask.Rd",FALSE,TRUE,TRUE,TRUE,FALSE,FALSE,"not-scanned","no filename evidence; content not exhaustively inspected",FALSE,"relocate","not tracked; ignored; type=artifact; size_bytes=3749","No credentials were printed. Relocate/review is a proposal, not a deletion decision."
"artifacts/h26-consolidation/dev-check/oceancube.Rcheck/00_pkg_src/oceancube/man/cube_polygon_weights.Rd",FALSE,TRUE,TRUE,TRUE,FALSE,FALSE,"not-scanned","no filename evidence; content not exhaustively inspected",FALSE,"relocate","not tracked; ignored; type=artifact; size_bytes=2209","No credentials were printed. Relocate/review is a proposal, not a deletion decision."
"artifacts/h26-consolidation/dev-check/oceancube.Rcheck/00_pkg_src/oceancube/man/cube_slice.Rd",FALSE,TRUE,TRUE,TRUE,FALSE,FALSE,"not-scanned","no filename evidence; content not exhaustively inspected",FALSE,"relocate","not tracked; ignored; type=artifact; size_bytes=3121","No credentials were printed. Relocate/review is a proposal, not a deletion decision."
"artifacts/h26-consolidation/dev-check/oceancube.Rcheck/00_pkg_src/oceancube/man/cube_transect.Rd",FALSE,TRUE,TRUE,TRUE,FALSE,FALSE,"not-scanned","no filename evidence; content not exhaustively inspected",FALSE,"relocate","not tracked; ignored; type=artifact; size_bytes=4675","No credentials were printed. Relocate/review is a proposal, not a deletion decision."
"artifacts/h26-consolidation/dev-check/oceancube.Rcheck/00_pkg_src/oceancube/man/download_nc.Rd",FALSE,TRUE,TRUE,TRUE,FALSE,FALSE,"not-scanned","no filename evidence; content not exhaustively inspected",FALSE,"relocate","not tracked; ignored; type=artifact; size_bytes=1322","No credentials were printed. Relocate/review is a proposal, not a deletion decision."
"artifacts/h26-consolidation/dev-check/oceancube.Rcheck/00_pkg_src/oceancube/man/layer_mean.Rd",FALSE,TRUE,TRUE,TRUE,FALSE,FALSE,"not-scanned","no filename evidence; content not exhaustively inspected",FALSE,"relocate","not tracked; ignored; type=artifact; size_bytes=575","No credentials were printed. Relocate/review is a proposal, not a deletion decision."
"artifacts/h26-consolidation/dev-check/oceancube.Rcheck/00_pkg_src/oceancube/man/link_events.Rd",FALSE,TRUE,TRUE,TRUE,FALSE,FALSE,"not-scanned","no filename evidence; content not exhaustively inspected",FALSE,"relocate","not tracked; ignored; type=artifact; size_bytes=1740","No credentials were printed. Relocate/review is a proposal, not a deletion decision."
"artifacts/h26-consolidation/dev-check/oceancube.Rcheck/00_pkg_src/oceancube/man/ocean_cube.Rd",FALSE,TRUE,TRUE,TRUE,FALSE,FALSE,"not-scanned","no filename evidence; content not exhaustively inspected",FALSE,"relocate","not tracked; ignored; type=artifact; size_bytes=4051","No credentials were printed. Relocate/review is a proposal, not a deletion decision."
"artifacts/h26-consolidation/dev-check/oceancube.Rcheck/00_pkg_src/oceancube/man/read_nc.Rd",FALSE,TRUE,TRUE,TRUE,FALSE,FALSE,"not-scanned","no filename evidence; content not exhaustively inspected",FALSE,"relocate","not tracked; ignored; type=artifact; size_bytes=935","No credentials were printed. Relocate/review is a proposal, not a deletion decision."
"artifacts/h26-consolidation/dev-check/oceancube.Rcheck/00_pkg_src/oceancube/man/signal_noise.Rd",FALSE,TRUE,TRUE,TRUE,FALSE,FALSE,"not-scanned","no filename evidence; content not exhaustively inspected",FALSE,"relocate","not tracked; ignored; type=artifact; size_bytes=587","No credentials were printed. Relocate/review is a proposal, not a deletion decision."
"artifacts/h26-consolidation/dev-check/oceancube.Rcheck/00_pkg_src/oceancube/man/stock_mask.Rd",FALSE,TRUE,TRUE,TRUE,FALSE,FALSE,"not-scanned","no filename evidence; content not exhaustively inspected",FALSE,"relocate","not tracked; ignored; type=artifact; size_bytes=667","No credentials were printed. Relocate/review is a proposal, not a deletion decision."
"artifacts/h26-consolidation/dev-check/oceancube.Rcheck/00_pkg_src/oceancube/man/to_month.Rd",FALSE,TRUE,TRUE,TRUE,FALSE,FALSE,"not-scanned","no filename evidence; content not exhaustively inspected",FALSE,"relocate","not tracked; ignored; type=artifact; size_bytes=448","No credentials were printed. Relocate/review is a proposal, not a deletion decision."
"artifacts/h26-consolidation/dev-check/oceancube.Rcheck/00_pkg_src/oceancube/NAMESPACE",FALSE,TRUE,TRUE,TRUE,FALSE,FALSE,"not-scanned","no filename evidence; content not exhaustively inspected",FALSE,"relocate","not tracked; ignored; type=metadata; size_bytes=696","No credentials were printed. Relocate/review is a proposal, not a deletion decision."
"artifacts/h26-consolidation/dev-check/oceancube.Rcheck/00_pkg_src/oceancube/NEWS.md",FALSE,TRUE,TRUE,TRUE,FALSE,FALSE,"not-scanned","no filename evidence; content not exhaustively inspected",FALSE,"relocate","not tracked; ignored; type=documentation; size_bytes=1673","No credentials were printed. Relocate/review is a proposal, not a deletion decision."
"artifacts/h26-consolidation/dev-check/oceancube.Rcheck/00_pkg_src/oceancube/R/annual_index.R",FALSE,TRUE,TRUE,TRUE,FALSE,FALSE,"not-scanned","no filename evidence; content not exhaustively inspected",FALSE,"relocate","not tracked; ignored; type=artifact; size_bytes=2148","No credentials were printed. Relocate/review is a proposal, not a deletion decision."
"artifacts/h26-consolidation/dev-check/oceancube.Rcheck/00_pkg_src/oceancube/R/anom_diff.R",FALSE,TRUE,TRUE,TRUE,FALSE,FALSE,"not-scanned","no filename evidence; content not exhaustively inspected",FALSE,"relocate","not tracked; ignored; type=artifact; size_bytes=4308","No credentials were printed. Relocate/review is a proposal, not a deletion decision."
"artifacts/h26-consolidation/dev-check/oceancube.Rcheck/00_pkg_src/oceancube/R/backend-index.R",FALSE,TRUE,TRUE,TRUE,FALSE,FALSE,"not-scanned","no filename evidence; content not exhaustively inspected",FALSE,"relocate","not tracked; ignored; type=artifact; size_bytes=4541","No credentials were printed. Relocate/review is a proposal, not a deletion decision."
"artifacts/h26-consolidation/dev-check/oceancube.Rcheck/00_pkg_src/oceancube/R/backend-memory.R",FALSE,TRUE,TRUE,TRUE,FALSE,FALSE,"not-scanned","no filename evidence; content not exhaustively inspected",FALSE,"relocate","not tracked; ignored; type=artifact; size_bytes=13568","No credentials were printed. Relocate/review is a proposal, not a deletion decision."
"artifacts/h26-consolidation/dev-check/oceancube.Rcheck/00_pkg_src/oceancube/R/backend-netcdf.R",FALSE,TRUE,TRUE,TRUE,FALSE,FALSE,"not-scanned","no filename evidence; content not exhaustively inspected",FALSE,"relocate","not tracked; ignored; type=artifact; size_bytes=47164","No credentials were printed. Relocate/review is a proposal, not a deletion decision."
"artifacts/h26-consolidation/dev-check/oceancube.Rcheck/00_pkg_src/oceancube/R/clim_day.R",FALSE,TRUE,TRUE,TRUE,FALSE,FALSE,"not-scanned","no filename evidence; content not exhaustively inspected",FALSE,"relocate","not tracked; ignored; type=artifact; size_bytes=4446","No credentials were printed. Relocate/review is a proposal, not a deletion decision."
"artifacts/h26-consolidation/dev-check/oceancube.Rcheck/00_pkg_src/oceancube/R/clim_month.R",FALSE,TRUE,TRUE,TRUE,FALSE,FALSE,"not-scanned","no filename evidence; content not exhaustively inspected",FALSE,"relocate","not tracked; ignored; type=artifact; size_bytes=1956","No credentials were printed. Relocate/review is a proposal, not a deletion decision."
"artifacts/h26-consolidation/dev-check/oceancube.Rcheck/00_pkg_src/oceancube/R/cm_setup.R",FALSE,TRUE,TRUE,TRUE,FALSE,FALSE,"not-scanned","no filename evidence; content not exhaustively inspected",FALSE,"relocate","not tracked; ignored; type=artifact; size_bytes=2382","No credentials were printed. Relocate/review is a proposal, not a deletion decision."
"artifacts/h26-consolidation/dev-check/oceancube.Rcheck/00_pkg_src/oceancube/R/coast_dist.R",FALSE,TRUE,TRUE,TRUE,FALSE,FALSE,"not-scanned","no filename evidence; content not exhaustively inspected",FALSE,"relocate","not tracked; ignored; type=artifact; size_bytes=1281","No credentials were printed. Relocate/review is a proposal, not a deletion decision."
"artifacts/h26-consolidation/dev-check/oceancube.Rcheck/00_pkg_src/oceancube/R/cube_collect.R",FALSE,TRUE,TRUE,TRUE,FALSE,FALSE,"not-scanned","no filename evidence; content not exhaustively inspected",FALSE,"relocate","not tracked; ignored; type=artifact; size_bytes=2903","No credentials were printed. Relocate/review is a proposal, not a deletion decision."
"artifacts/h26-consolidation/dev-check/oceancube.Rcheck/00_pkg_src/oceancube/R/cube_crop.R",FALSE,TRUE,TRUE,TRUE,FALSE,FALSE,"not-scanned","no filename evidence; content not exhaustively inspected",FALSE,"relocate","not tracked; ignored; type=artifact; size_bytes=14813","No credentials were printed. Relocate/review is a proposal, not a deletion decision."
"artifacts/h26-consolidation/dev-check/oceancube.Rcheck/00_pkg_src/oceancube/R/cube_extract.R",FALSE,TRUE,TRUE,TRUE,FALSE,FALSE,"not-scanned","no filename evidence; content not exhaustively inspected",FALSE,"relocate","not tracked; ignored; type=artifact; size_bytes=16455","No credentials were printed. Relocate/review is a proposal, not a deletion decision."
"artifacts/h26-consolidation/dev-check/oceancube.Rcheck/00_pkg_src/oceancube/R/cube_grid_geometry.R",FALSE,TRUE,TRUE,TRUE,FALSE,FALSE,"not-scanned","no filename evidence; content not exhaustively inspected",FALSE,"relocate","not tracked; ignored; type=artifact; size_bytes=14742","No credentials were printed. Relocate/review is a proposal, not a deletion decision."
"artifacts/h26-consolidation/dev-check/oceancube.Rcheck/00_pkg_src/oceancube/R/cube_mask.R",FALSE,TRUE,TRUE,TRUE,FALSE,FALSE,"not-scanned","no filename evidence; content not exhaustively inspected",FALSE,"relocate","not tracked; ignored; type=artifact; size_bytes=19063","No credentials were printed. Relocate/review is a proposal, not a deletion decision."
"artifacts/h26-consolidation/dev-check/oceancube.Rcheck/00_pkg_src/oceancube/R/cube_polygon_weights.R",FALSE,TRUE,TRUE,TRUE,FALSE,FALSE,"not-scanned","no filename evidence; content not exhaustively inspected",FALSE,"relocate","not tracked; ignored; type=artifact; size_bytes=11525","No credentials were printed. Relocate/review is a proposal, not a deletion decision."
"artifacts/h26-consolidation/dev-check/oceancube.Rcheck/00_pkg_src/oceancube/R/cube_slice.R",FALSE,TRUE,TRUE,TRUE,FALSE,FALSE,"not-scanned","no filename evidence; content not exhaustively inspected",FALSE,"relocate","not tracked; ignored; type=artifact; size_bytes=19400","No credentials were printed. Relocate/review is a proposal, not a deletion decision."
"artifacts/h26-consolidation/dev-check/oceancube.Rcheck/00_pkg_src/oceancube/R/cube_transect.R",FALSE,TRUE,TRUE,TRUE,FALSE,FALSE,"not-scanned","no filename evidence; content not exhaustively inspected",FALSE,"relocate","not tracked; ignored; type=artifact; size_bytes=19588","No credentials were printed. Relocate/review is a proposal, not a deletion decision."
"artifacts/h26-consolidation/dev-check/oceancube.Rcheck/00_pkg_src/oceancube/R/download_nc.R",FALSE,TRUE,TRUE,TRUE,FALSE,FALSE,"not-scanned","no filename evidence; content not exhaustively inspected",FALSE,"relocate","not tracked; ignored; type=artifact; size_bytes=3417","No credentials were printed. Relocate/review is a proposal, not a deletion decision."
"artifacts/h26-consolidation/dev-check/oceancube.Rcheck/00_pkg_src/oceancube/R/layer_mean.R",FALSE,TRUE,TRUE,TRUE,FALSE,FALSE,"not-scanned","no filename evidence; content not exhaustively inspected",FALSE,"relocate","not tracked; ignored; type=artifact; size_bytes=2025","No credentials were printed. Relocate/review is a proposal, not a deletion decision."
"artifacts/h26-consolidation/dev-check/oceancube.Rcheck/00_pkg_src/oceancube/R/link_events.R",FALSE,TRUE,TRUE,TRUE,FALSE,FALSE,"not-scanned","no filename evidence; content not exhaustively inspected",FALSE,"relocate","not tracked; ignored; type=artifact; size_bytes=5403","No credentials were printed. Relocate/review is a proposal, not a deletion decision."
"artifacts/h26-consolidation/dev-check/oceancube.Rcheck/00_pkg_src/oceancube/R/ocean_cube.R",FALSE,TRUE,TRUE,TRUE,FALSE,FALSE,"not-scanned","no filename evidence; content not exhaustively inspected",FALSE,"relocate","not tracked; ignored; type=artifact; size_bytes=7861","No credentials were printed. Relocate/review is a proposal, not a deletion decision."
"artifacts/h26-consolidation/dev-check/oceancube.Rcheck/00_pkg_src/oceancube/R/read_nc.R",FALSE,TRUE,TRUE,TRUE,FALSE,FALSE,"not-scanned","no filename evidence; content not exhaustively inspected",FALSE,"relocate","not tracked; ignored; type=artifact; size_bytes=4002","No credentials were printed. Relocate/review is a proposal, not a deletion decision."
"artifacts/h26-consolidation/dev-check/oceancube.Rcheck/00_pkg_src/oceancube/R/stock_mask.R",FALSE,TRUE,TRUE,TRUE,FALSE,FALSE,"not-scanned","no filename evidence; content not exhaustively inspected",FALSE,"relocate","not tracked; ignored; type=artifact; size_bytes=3301","No credentials were printed. Relocate/review is a proposal, not a deletion decision."
"artifacts/h26-consolidation/dev-check/oceancube.Rcheck/00_pkg_src/oceancube/R/to_month.R",FALSE,TRUE,TRUE,TRUE,FALSE,FALSE,"not-scanned","no filename evidence; content not exhaustively inspected",FALSE,"relocate","not tracked; ignored; type=artifact; size_bytes=1174","No credentials were printed. Relocate/review is a proposal, not a deletion decision."
"artifacts/h26-consolidation/dev-check/oceancube.Rcheck/00_pkg_src/oceancube/R/utils-internal.R",FALSE,TRUE,TRUE,TRUE,FALSE,FALSE,"not-scanned","no filename evidence; content not exhaustively inspected",FALSE,"relocate","not tracked; ignored; type=artifact; size_bytes=12752","No credentials were printed. Relocate/review is a proposal, not a deletion decision."
"artifacts/h26-consolidation/dev-check/oceancube.Rcheck/00_pkg_src/oceancube/README.md",FALSE,TRUE,TRUE,TRUE,FALSE,FALSE,"not-scanned","no filename evidence; content not exhaustively inspected",FALSE,"relocate","not tracked; ignored; type=documentation; size_bytes=4258","No credentials were printed. Relocate/review is a proposal, not a deletion decision."
"artifacts/h26-consolidation/dev-check/oceancube.Rcheck/00_pkg_src/oceancube/tests/testthat.R",FALSE,TRUE,TRUE,TRUE,FALSE,FALSE,"not-scanned","no filename evidence; content not exhaustively inspected",FALSE,"relocate","not tracked; ignored; type=artifact; size_bytes=62","No credentials were printed. Relocate/review is a proposal, not a deletion decision."
"artifacts/h26-consolidation/dev-check/oceancube.Rcheck/00_pkg_src/oceancube/tests/testthat/helper-architecture.R",FALSE,TRUE,TRUE,TRUE,FALSE,FALSE,"not-scanned","no filename evidence; content not exhaustively inspected",FALSE,"relocate","not tracked; ignored; type=artifact; size_bytes=2086","No credentials were printed. Relocate/review is a proposal, not a deletion decision."
"artifacts/h26-consolidation/dev-check/oceancube.Rcheck/00_pkg_src/oceancube/tests/testthat/helper-baseline-cube.R",FALSE,TRUE,TRUE,TRUE,FALSE,FALSE,"not-scanned","no filename evidence; content not exhaustively inspected",FALSE,"relocate","not tracked; ignored; type=artifact; size_bytes=1544","No credentials were printed. Relocate/review is a proposal, not a deletion decision."
"artifacts/h26-consolidation/dev-check/oceancube.Rcheck/00_pkg_src/oceancube/tests/testthat/helper-geometry.R",FALSE,TRUE,TRUE,TRUE,FALSE,FALSE,"not-scanned","no filename evidence; content not exhaustively inspected",FALSE,"relocate","not tracked; ignored; type=artifact; size_bytes=502","No credentials were printed. Relocate/review is a proposal, not a deletion decision."
"artifacts/h26-consolidation/dev-check/oceancube.Rcheck/00_pkg_src/oceancube/tests/testthat/helper-netcdf-backend.R",FALSE,TRUE,TRUE,TRUE,FALSE,FALSE,"not-scanned","no filename evidence; content not exhaustively inspected",FALSE,"relocate","not tracked; ignored; type=artifact; size_bytes=8204","No credentials were printed. Relocate/review is a proposal, not a deletion decision."
"artifacts/h26-consolidation/dev-check/oceancube.Rcheck/00_pkg_src/oceancube/tests/testthat/test-backend-memory.R",FALSE,TRUE,TRUE,TRUE,FALSE,FALSE,"not-scanned","no filename evidence; content not exhaustively inspected",FALSE,"relocate","not tracked; ignored; type=artifact; size_bytes=10966","No credentials were printed. Relocate/review is a proposal, not a deletion decision."
"artifacts/h26-consolidation/dev-check/oceancube.Rcheck/00_pkg_src/oceancube/tests/testthat/test-backend-netcdf-descriptor.R",FALSE,TRUE,TRUE,TRUE,FALSE,FALSE,"not-scanned","no filename evidence; content not exhaustively inspected",FALSE,"relocate","not tracked; ignored; type=artifact; size_bytes=18223","No credentials were printed. Relocate/review is a proposal, not a deletion decision."
"artifacts/h26-consolidation/dev-check/oceancube.Rcheck/00_pkg_src/oceancube/tests/testthat/test-backend-netcdf-noncontiguous.R",FALSE,TRUE,TRUE,TRUE,FALSE,FALSE,"not-scanned","no filename evidence; content not exhaustively inspected",FALSE,"relocate","not tracked; ignored; type=artifact; size_bytes=10764","No credentials were printed. Relocate/review is a proposal, not a deletion decision."
"artifacts/h26-consolidation/dev-check/oceancube.Rcheck/00_pkg_src/oceancube/tests/testthat/test-backend-netcdf-read-block.R",FALSE,TRUE,TRUE,TRUE,FALSE,FALSE,"not-scanned","no filename evidence; content not exhaustively inspected",FALSE,"relocate","not tracked; ignored; type=artifact; size_bytes=17998","No credentials were printed. Relocate/review is a proposal, not a deletion decision."
"artifacts/h26-consolidation/dev-check/oceancube.Rcheck/00_pkg_src/oceancube/tests/testthat/test-clim-anom.R",FALSE,TRUE,TRUE,TRUE,FALSE,FALSE,"not-scanned","no filename evidence; content not exhaustively inspected",FALSE,"relocate","not tracked; ignored; type=artifact; size_bytes=1091","No credentials were printed. Relocate/review is a proposal, not a deletion decision."
"artifacts/h26-consolidation/dev-check/oceancube.Rcheck/00_pkg_src/oceancube/tests/testthat/test-cube-collect.R",FALSE,TRUE,TRUE,TRUE,FALSE,FALSE,"not-scanned","no filename evidence; content not exhaustively inspected",FALSE,"relocate","not tracked; ignored; type=artifact; size_bytes=7458","No credentials were printed. Relocate/review is a proposal, not a deletion decision."
"artifacts/h26-consolidation/dev-check/oceancube.Rcheck/00_pkg_src/oceancube/tests/testthat/test-cube-crop.R",FALSE,TRUE,TRUE,TRUE,FALSE,FALSE,"not-scanned","no filename evidence; content not exhaustively inspected",FALSE,"relocate","not tracked; ignored; type=artifact; size_bytes=23828","No credentials were printed. Relocate/review is a proposal, not a deletion decision."
"artifacts/h26-consolidation/dev-check/oceancube.Rcheck/00_pkg_src/oceancube/tests/testthat/test-cube-extract.R",FALSE,TRUE,TRUE,TRUE,FALSE,FALSE,"not-scanned","no filename evidence; content not exhaustively inspected",FALSE,"relocate","not tracked; ignored; type=artifact; size_bytes=29027","No credentials were printed. Relocate/review is a proposal, not a deletion decision."
"artifacts/h26-consolidation/dev-check/oceancube.Rcheck/00_pkg_src/oceancube/tests/testthat/test-cube-grid-geometry.R",FALSE,TRUE,TRUE,TRUE,FALSE,FALSE,"not-scanned","no filename evidence; content not exhaustively inspected",FALSE,"relocate","not tracked; ignored; type=artifact; size_bytes=8641","No credentials were printed. Relocate/review is a proposal, not a deletion decision."
"artifacts/h26-consolidation/dev-check/oceancube.Rcheck/00_pkg_src/oceancube/tests/testthat/test-cube-mask.R",FALSE,TRUE,TRUE,TRUE,FALSE,FALSE,"not-scanned","no filename evidence; content not exhaustively inspected",FALSE,"relocate","not tracked; ignored; type=artifact; size_bytes=11117","No credentials were printed. Relocate/review is a proposal, not a deletion decision."
"artifacts/h26-consolidation/dev-check/oceancube.Rcheck/00_pkg_src/oceancube/tests/testthat/test-cube-polygon-weights.R",FALSE,TRUE,TRUE,TRUE,FALSE,FALSE,"not-scanned","no filename evidence; content not exhaustively inspected",FALSE,"relocate","not tracked; ignored; type=artifact; size_bytes=12292","No credentials were printed. Relocate/review is a proposal, not a deletion decision."
"artifacts/h26-consolidation/dev-check/oceancube.Rcheck/00_pkg_src/oceancube/tests/testthat/test-cube-slice.R",FALSE,TRUE,TRUE,TRUE,FALSE,FALSE,"not-scanned","no filename evidence; content not exhaustively inspected",FALSE,"relocate","not tracked; ignored; type=artifact; size_bytes=22898","No credentials were printed. Relocate/review is a proposal, not a deletion decision."
"artifacts/h26-consolidation/dev-check/oceancube.Rcheck/00_pkg_src/oceancube/tests/testthat/test-cube-transect.R",FALSE,TRUE,TRUE,TRUE,FALSE,FALSE,"not-scanned","no filename evidence; content not exhaustively inspected",FALSE,"relocate","not tracked; ignored; type=artifact; size_bytes=10124","No credentials were printed. Relocate/review is a proposal, not a deletion decision."
"artifacts/h26-consolidation/dev-check/oceancube.Rcheck/00_pkg_src/oceancube/tests/testthat/test-daily-link.R",FALSE,TRUE,TRUE,TRUE,FALSE,FALSE,"not-scanned","no filename evidence; content not exhaustively inspected",FALSE,"relocate","not tracked; ignored; type=artifact; size_bytes=1500","No credentials were printed. Relocate/review is a proposal, not a deletion decision."
"artifacts/h26-consolidation/dev-check/oceancube.Rcheck/00_pkg_src/oceancube/tests/testthat/test-layer-time-mask.R",FALSE,TRUE,TRUE,TRUE,FALSE,FALSE,"not-scanned","no filename evidence; content not exhaustively inspected",FALSE,"relocate","not tracked; ignored; type=artifact; size_bytes=1451","No credentials were printed. Relocate/review is a proposal, not a deletion decision."
"artifacts/h26-consolidation/dev-check/oceancube.Rcheck/00_pkg_src/oceancube/tests/testthat/test-no-direct-data-access.R",FALSE,TRUE,TRUE,TRUE,FALSE,FALSE,"not-scanned","no filename evidence; content not exhaustively inspected",FALSE,"relocate","not tracked; ignored; type=artifact; size_bytes=1912","No credentials were printed. Relocate/review is a proposal, not a deletion decision."
"artifacts/h26-consolidation/dev-check/oceancube.Rcheck/00_pkg_src/oceancube/tests/testthat/test-ocean-cube-baseline.R",FALSE,TRUE,TRUE,TRUE,FALSE,FALSE,"not-scanned","no filename evidence; content not exhaustively inspected",FALSE,"relocate","not tracked; ignored; type=artifact; size_bytes=3603","No credentials were printed. Relocate/review is a proposal, not a deletion decision."
"artifacts/h26-consolidation/dev-check/oceancube.Rcheck/00_pkg_src/oceancube/tests/testthat/test-ocean-cube-contract.R",FALSE,TRUE,TRUE,TRUE,FALSE,FALSE,"not-scanned","no filename evidence; content not exhaustively inspected",FALSE,"relocate","not tracked; ignored; type=artifact; size_bytes=10419","No credentials were printed. Relocate/review is a proposal, not a deletion decision."
"artifacts/h26-consolidation/dev-check/oceancube.Rcheck/00_pkg_src/oceancube/tests/testthat/test-ocean-cube.R",FALSE,TRUE,TRUE,TRUE,FALSE,FALSE,"not-scanned","no filename evidence; content not exhaustively inspected",FALSE,"relocate","not tracked; ignored; type=artifact; size_bytes=836","No credentials were printed. Relocate/review is a proposal, not a deletion decision."
"artifacts/h26-consolidation/dev-check/oceancube.Rcheck/00_pkg_src/oceancube/tests/testthat/test-package-boundary-spatind.R",FALSE,TRUE,TRUE,TRUE,FALSE,FALSE,"not-scanned","no filename evidence; content not exhaustively inspected",FALSE,"relocate","not tracked; ignored; type=artifact; size_bytes=1584","No credentials were printed. Relocate/review is a proposal, not a deletion decision."
"artifacts/h26-consolidation/dev-check/oceancube.Rcheck/00_pkg_src/oceancube/tests/testthat/test-read-nc-baseline.R",FALSE,TRUE,TRUE,TRUE,FALSE,FALSE,"not-scanned","no filename evidence; content not exhaustively inspected",FALSE,"relocate","not tracked; ignored; type=artifact; size_bytes=3478","No credentials were printed. Relocate/review is a proposal, not a deletion decision."
"artifacts/h26-consolidation/dev-check/oceancube.Rcheck/00_pkg_src/oceancube/tests/testthat/test-refactor-coast-dist-backend.R",FALSE,TRUE,TRUE,TRUE,FALSE,FALSE,"not-scanned","no filename evidence; content not exhaustively inspected",FALSE,"relocate","not tracked; ignored; type=artifact; size_bytes=9486","No credentials were printed. Relocate/review is a proposal, not a deletion decision."
"artifacts/h26-consolidation/dev-check/oceancube.Rcheck/00_pkg_src/oceancube/tests/testthat/test-refactor-layer-annual-backend.R",FALSE,TRUE,TRUE,TRUE,FALSE,FALSE,"not-scanned","no filename evidence; content not exhaustively inspected",FALSE,"relocate","not tracked; ignored; type=artifact; size_bytes=10782","No credentials were printed. Relocate/review is a proposal, not a deletion decision."
"artifacts/h26-consolidation/dev-check/oceancube.Rcheck/00_pkg_src/oceancube/tests/testthat/test-refactor-link-events-backend.R",FALSE,TRUE,TRUE,TRUE,FALSE,FALSE,"not-scanned","no filename evidence; content not exhaustively inspected",FALSE,"relocate","not tracked; ignored; type=artifact; size_bytes=17309","No credentials were printed. Relocate/review is a proposal, not a deletion decision."
"artifacts/h26-consolidation/dev-check/oceancube.Rcheck/00_pkg_src/oceancube/tests/testthat/test-refactor-temporal-backend.R",FALSE,TRUE,TRUE,TRUE,FALSE,FALSE,"not-scanned","no filename evidence; content not exhaustively inspected",FALSE,"relocate","not tracked; ignored; type=artifact; size_bytes=11299","No credentials were printed. Relocate/review is a proposal, not a deletion decision."
"artifacts/h26-consolidation/dev-check/oceancube.Rcheck/00_pkg_src/oceancube/tests/testthat/test-release-contract.R",FALSE,TRUE,TRUE,TRUE,FALSE,FALSE,"not-scanned","no filename evidence; content not exhaustively inspected",FALSE,"relocate","not tracked; ignored; type=artifact; size_bytes=4608","No credentials were printed. Relocate/review is a proposal, not a deletion decision."
"artifacts/h26-consolidation/dev-check/oceancube.Rcheck/00_pkg_src/oceancube/tests/testthat/test-scientific-baseline.R",FALSE,TRUE,TRUE,TRUE,FALSE,FALSE,"not-scanned","no filename evidence; content not exhaustively inspected",FALSE,"relocate","not tracked; ignored; type=artifact; size_bytes=4598","No credentials were printed. Relocate/review is a proposal, not a deletion decision."
"artifacts/h26-consolidation/dev-check/oceancube.Rcheck/00_pkg_src/oceancube/vignettes/get-started.Rmd",FALSE,TRUE,TRUE,TRUE,FALSE,FALSE,"not-scanned","no filename evidence; content not exhaustively inspected",FALSE,"relocate","not tracked; ignored; type=artifact; size_bytes=737","No credentials were printed. Relocate/review is a proposal, not a deletion decision."
"artifacts/h26-consolidation/dev-check/oceancube.Rcheck/00_pkg_src/oceancube/vignettes/oceancube-architecture.Rmd",FALSE,TRUE,TRUE,TRUE,FALSE,FALSE,"not-scanned","no filename evidence; content not exhaustively inspected",FALSE,"relocate","not tracked; ignored; type=artifact; size_bytes=2553","No credentials were printed. Relocate/review is a proposal, not a deletion decision."
"artifacts/h26-consolidation/dev-check/oceancube.Rcheck/00_pkg_src/oceancube/vignettes/oceancube-geometry-weights.Rmd",FALSE,TRUE,TRUE,TRUE,FALSE,FALSE,"not-scanned","no filename evidence; content not exhaustively inspected",FALSE,"relocate","not tracked; ignored; type=artifact; size_bytes=2215","No credentials were printed. Relocate/review is a proposal, not a deletion decision."
"artifacts/h26-consolidation/dev-check/oceancube.Rcheck/00_pkg_src/oceancube/vignettes/oceancube-handbook.Rmd",FALSE,TRUE,TRUE,TRUE,FALSE,FALSE,"not-scanned","no filename evidence; content not exhaustively inspected",FALSE,"relocate","not tracked; ignored; type=artifact; size_bytes=858","No credentials were printed. Relocate/review is a proposal, not a deletion decision."
"artifacts/h26-consolidation/dev-check/oceancube.Rcheck/00_pkg_src/oceancube/vignettes/oceancube-introduction.Rmd",FALSE,TRUE,TRUE,TRUE,FALSE,FALSE,"not-scanned","no filename evidence; content not exhaustively inspected",FALSE,"relocate","not tracked; ignored; type=artifact; size_bytes=3404","No credentials were printed. Relocate/review is a proposal, not a deletion decision."
"artifacts/h26-consolidation/dev-check/oceancube.Rcheck/00check.log",FALSE,TRUE,TRUE,TRUE,FALSE,FALSE,"not-scanned","no filename evidence; content not exhaustively inspected",FALSE,"relocate","not tracked; ignored; type=artifact; size_bytes=2611","No credentials were printed. Relocate/review is a proposal, not a deletion decision."
"artifacts/h26-consolidation/dev-check/oceancube.Rcheck/00install.out",FALSE,TRUE,TRUE,TRUE,FALSE,FALSE,"not-scanned","no filename evidence; content not exhaustively inspected",FALSE,"relocate","not tracked; ignored; type=artifact; size_bytes=523","No credentials were printed. Relocate/review is a proposal, not a deletion decision."
"artifacts/h26-consolidation/dev-check/oceancube.Rcheck/oceancube-Ex.pdf",FALSE,TRUE,TRUE,TRUE,FALSE,FALSE,"not-scanned","no filename evidence; content not exhaustively inspected",FALSE,"relocate","not tracked; ignored; type=artifact; size_bytes=3611","No credentials were printed. Relocate/review is a proposal, not a deletion decision."
"artifacts/h26-consolidation/dev-check/oceancube.Rcheck/oceancube-Ex.R",FALSE,TRUE,TRUE,TRUE,FALSE,FALSE,"not-scanned","no filename evidence; content not exhaustively inspected",FALSE,"relocate","not tracked; ignored; type=artifact; size_bytes=5011","No credentials were printed. Relocate/review is a proposal, not a deletion decision."
"artifacts/h26-consolidation/dev-check/oceancube.Rcheck/oceancube-Ex.Rout",FALSE,TRUE,TRUE,TRUE,FALSE,FALSE,"not-scanned","no filename evidence; content not exhaustively inspected",FALSE,"relocate","not tracked; ignored; type=artifact; size_bytes=9736","No credentials were printed. Relocate/review is a proposal, not a deletion decision."
"artifacts/h26-consolidation/dev-check/oceancube.Rcheck/oceancube/architecture/oceancube-spatind-boundary.md",FALSE,TRUE,TRUE,TRUE,FALSE,FALSE,"not-scanned","no filename evidence; content not exhaustively inspected",FALSE,"relocate","not tracked; ignored; type=artifact; size_bytes=5299","No credentials were printed. Relocate/review is a proposal, not a deletion decision."
"artifacts/h26-consolidation/dev-check/oceancube.Rcheck/oceancube/CITATION",FALSE,TRUE,TRUE,TRUE,FALSE,FALSE,"not-scanned","no filename evidence; content not exhaustively inspected",FALSE,"relocate","not tracked; ignored; type=metadata; size_bytes=116","No credentials were printed. Relocate/review is a proposal, not a deletion decision."
"artifacts/h26-consolidation/dev-check/oceancube.Rcheck/oceancube/DESCRIPTION",FALSE,TRUE,TRUE,TRUE,FALSE,FALSE,"not-scanned","no filename evidence; content not exhaustively inspected",FALSE,"relocate","not tracked; ignored; type=metadata; size_bytes=1298","No credentials were printed. Relocate/review is a proposal, not a deletion decision."
"artifacts/h26-consolidation/dev-check/oceancube.Rcheck/oceancube/doc/get-started.html",FALSE,TRUE,TRUE,TRUE,FALSE,FALSE,"not-scanned","no filename evidence; content not exhaustively inspected",FALSE,"relocate","not tracked; ignored; type=website; size_bytes=11230","No credentials were printed. Relocate/review is a proposal, not a deletion decision."
"artifacts/h26-consolidation/dev-check/oceancube.Rcheck/oceancube/doc/get-started.R",FALSE,TRUE,TRUE,TRUE,FALSE,FALSE,"not-scanned","no filename evidence; content not exhaustively inspected",FALSE,"relocate","not tracked; ignored; type=artifact; size_bytes=341","No credentials were printed. Relocate/review is a proposal, not a deletion decision."
"artifacts/h26-consolidation/dev-check/oceancube.Rcheck/oceancube/doc/get-started.Rmd",FALSE,TRUE,TRUE,TRUE,FALSE,FALSE,"not-scanned","no filename evidence; content not exhaustively inspected",FALSE,"relocate","not tracked; ignored; type=artifact; size_bytes=737","No credentials were printed. Relocate/review is a proposal, not a deletion decision."
"artifacts/h26-consolidation/dev-check/oceancube.Rcheck/oceancube/doc/index.html",FALSE,TRUE,TRUE,TRUE,FALSE,FALSE,"not-scanned","no filename evidence; content not exhaustively inspected",FALSE,"relocate","not tracked; ignored; type=website; size_bytes=3946","No credentials were printed. Relocate/review is a proposal, not a deletion decision."
"artifacts/h26-consolidation/dev-check/oceancube.Rcheck/oceancube/doc/oceancube-architecture.html",FALSE,TRUE,TRUE,TRUE,FALSE,FALSE,"not-scanned","no filename evidence; content not exhaustively inspected",FALSE,"relocate","not tracked; ignored; type=website; size_bytes=13532","No credentials were printed. Relocate/review is a proposal, not a deletion decision."
"artifacts/h26-consolidation/dev-check/oceancube.Rcheck/oceancube/doc/oceancube-architecture.R",FALSE,TRUE,TRUE,TRUE,FALSE,FALSE,"not-scanned","no filename evidence; content not exhaustively inspected",FALSE,"relocate","not tracked; ignored; type=artifact; size_bytes=369","No credentials were printed. Relocate/review is a proposal, not a deletion decision."
"artifacts/h26-consolidation/dev-check/oceancube.Rcheck/oceancube/doc/oceancube-architecture.Rmd",FALSE,TRUE,TRUE,TRUE,FALSE,FALSE,"not-scanned","no filename evidence; content not exhaustively inspected",FALSE,"relocate","not tracked; ignored; type=artifact; size_bytes=2553","No credentials were printed. Relocate/review is a proposal, not a deletion decision."
"artifacts/h26-consolidation/dev-check/oceancube.Rcheck/oceancube/doc/oceancube-geometry-weights.html",FALSE,TRUE,TRUE,TRUE,FALSE,FALSE,"not-scanned","no filename evidence; content not exhaustively inspected",FALSE,"relocate","not tracked; ignored; type=website; size_bytes=23626","No credentials were printed. Relocate/review is a proposal, not a deletion decision."
"artifacts/h26-consolidation/dev-check/oceancube.Rcheck/oceancube/doc/oceancube-geometry-weights.R",FALSE,TRUE,TRUE,TRUE,FALSE,FALSE,"not-scanned","no filename evidence; content not exhaustively inspected",FALSE,"relocate","not tracked; ignored; type=artifact; size_bytes=1279","No credentials were printed. Relocate/review is a proposal, not a deletion decision."
"artifacts/h26-consolidation/dev-check/oceancube.Rcheck/oceancube/doc/oceancube-geometry-weights.Rmd",FALSE,TRUE,TRUE,TRUE,FALSE,FALSE,"not-scanned","no filename evidence; content not exhaustively inspected",FALSE,"relocate","not tracked; ignored; type=artifact; size_bytes=2215","No credentials were printed. Relocate/review is a proposal, not a deletion decision."
"artifacts/h26-consolidation/dev-check/oceancube.Rcheck/oceancube/doc/oceancube-handbook.html",FALSE,TRUE,TRUE,TRUE,FALSE,FALSE,"not-scanned","no filename evidence; content not exhaustively inspected",FALSE,"relocate","not tracked; ignored; type=website; size_bytes=10794","No credentials were printed. Relocate/review is a proposal, not a deletion decision."
"artifacts/h26-consolidation/dev-check/oceancube.Rcheck/oceancube/doc/oceancube-handbook.R",FALSE,TRUE,TRUE,TRUE,FALSE,FALSE,"not-scanned","no filename evidence; content not exhaustively inspected",FALSE,"relocate","not tracked; ignored; type=artifact; size_bytes=270","No credentials were printed. Relocate/review is a proposal, not a deletion decision."
"artifacts/h26-consolidation/dev-check/oceancube.Rcheck/oceancube/doc/oceancube-handbook.Rmd",FALSE,TRUE,TRUE,TRUE,FALSE,FALSE,"not-scanned","no filename evidence; content not exhaustively inspected",FALSE,"relocate","not tracked; ignored; type=artifact; size_bytes=858","No credentials were printed. Relocate/review is a proposal, not a deletion decision."
"artifacts/h26-consolidation/dev-check/oceancube.Rcheck/oceancube/doc/oceancube-introduction.html",FALSE,TRUE,TRUE,TRUE,FALSE,FALSE,"not-scanned","no filename evidence; content not exhaustively inspected",FALSE,"relocate","not tracked; ignored; type=website; size_bytes=24863","No credentials were printed. Relocate/review is a proposal, not a deletion decision."
"artifacts/h26-consolidation/dev-check/oceancube.Rcheck/oceancube/doc/oceancube-introduction.R",FALSE,TRUE,TRUE,TRUE,FALSE,FALSE,"not-scanned","no filename evidence; content not exhaustively inspected",FALSE,"relocate","not tracked; ignored; type=artifact; size_bytes=1818","No credentials were printed. Relocate/review is a proposal, not a deletion decision."
"artifacts/h26-consolidation/dev-check/oceancube.Rcheck/oceancube/doc/oceancube-introduction.Rmd",FALSE,TRUE,TRUE,TRUE,FALSE,FALSE,"not-scanned","no filename evidence; content not exhaustively inspected",FALSE,"relocate","not tracked; ignored; type=artifact; size_bytes=3404","No credentials were printed. Relocate/review is a proposal, not a deletion decision."
"artifacts/h26-consolidation/dev-check/oceancube.Rcheck/oceancube/examples/backend_memory.R",FALSE,TRUE,TRUE,TRUE,FALSE,FALSE,"not-scanned","no filename evidence; content not exhaustively inspected",FALSE,"relocate","not tracked; ignored; type=artifact; size_bytes=3995","No credentials were printed. Relocate/review is a proposal, not a deletion decision."
"artifacts/h26-consolidation/dev-check/oceancube.Rcheck/oceancube/examples/backend_netcdf_descriptor.R",FALSE,TRUE,TRUE,TRUE,FALSE,FALSE,"not-scanned","no filename evidence; content not exhaustively inspected",FALSE,"relocate","not tracked; ignored; type=artifact; size_bytes=5112","No credentials were printed. Relocate/review is a proposal, not a deletion decision."
"artifacts/h26-consolidation/dev-check/oceancube.Rcheck/oceancube/examples/backend_netcdf_read_block.R",FALSE,TRUE,TRUE,TRUE,FALSE,FALSE,"not-scanned","no filename evidence; content not exhaustively inspected",FALSE,"relocate","not tracked; ignored; type=artifact; size_bytes=6686","No credentials were printed. Relocate/review is a proposal, not a deletion decision."
"artifacts/h26-consolidation/dev-check/oceancube.Rcheck/oceancube/examples/baseline_ocean_cube.R",FALSE,TRUE,TRUE,TRUE,FALSE,FALSE,"not-scanned","no filename evidence; content not exhaustively inspected",FALSE,"relocate","not tracked; ignored; type=artifact; size_bytes=3704","No credentials were printed. Relocate/review is a proposal, not a deletion decision."
"artifacts/h26-consolidation/dev-check/oceancube.Rcheck/oceancube/examples/cube_crop.R",FALSE,TRUE,TRUE,TRUE,FALSE,FALSE,"not-scanned","no filename evidence; content not exhaustively inspected",FALSE,"relocate","not tracked; ignored; type=artifact; size_bytes=8540","No credentials were printed. Relocate/review is a proposal, not a deletion decision."
"artifacts/h26-consolidation/dev-check/oceancube.Rcheck/oceancube/examples/cube_extract.R",FALSE,TRUE,TRUE,TRUE,FALSE,FALSE,"not-scanned","no filename evidence; content not exhaustively inspected",FALSE,"relocate","not tracked; ignored; type=artifact; size_bytes=7836","No credentials were printed. Relocate/review is a proposal, not a deletion decision."
"artifacts/h26-consolidation/dev-check/oceancube.Rcheck/oceancube/examples/cube_geometry_weights.R",FALSE,TRUE,TRUE,TRUE,FALSE,FALSE,"not-scanned","no filename evidence; content not exhaustively inspected",FALSE,"relocate","not tracked; ignored; type=artifact; size_bytes=4084","No credentials were printed. Relocate/review is a proposal, not a deletion decision."
"artifacts/h26-consolidation/dev-check/oceancube.Rcheck/oceancube/examples/cube_mask.R",FALSE,TRUE,TRUE,TRUE,FALSE,FALSE,"not-scanned","no filename evidence; content not exhaustively inspected",FALSE,"relocate","not tracked; ignored; type=artifact; size_bytes=6852","No credentials were printed. Relocate/review is a proposal, not a deletion decision."
"artifacts/h26-consolidation/dev-check/oceancube.Rcheck/oceancube/examples/cube_slice.R",FALSE,TRUE,TRUE,TRUE,FALSE,FALSE,"not-scanned","no filename evidence; content not exhaustively inspected",FALSE,"relocate","not tracked; ignored; type=artifact; size_bytes=6283","No credentials were printed. Relocate/review is a proposal, not a deletion decision."
"artifacts/h26-consolidation/dev-check/oceancube.Rcheck/oceancube/examples/cube_transect.R",FALSE,TRUE,TRUE,TRUE,FALSE,FALSE,"not-scanned","no filename evidence; content not exhaustively inspected",FALSE,"relocate","not tracked; ignored; type=artifact; size_bytes=7793","No credentials were printed. Relocate/review is a proposal, not a deletion decision."
"artifacts/h26-consolidation/dev-check/oceancube.Rcheck/oceancube/examples/noncontiguous_collect.R",FALSE,TRUE,TRUE,TRUE,FALSE,FALSE,"not-scanned","no filename evidence; content not exhaustively inspected",FALSE,"relocate","not tracked; ignored; type=artifact; size_bytes=3913","No credentials were printed. Relocate/review is a proposal, not a deletion decision."
"artifacts/h26-consolidation/dev-check/oceancube.Rcheck/oceancube/examples/ocean_cube_contract.R",FALSE,TRUE,TRUE,TRUE,FALSE,FALSE,"not-scanned","no filename evidence; content not exhaustively inspected",FALSE,"relocate","not tracked; ignored; type=artifact; size_bytes=4027","No credentials were printed. Relocate/review is a proposal, not a deletion decision."
"artifacts/h26-consolidation/dev-check/oceancube.Rcheck/oceancube/examples/oceancube-handbook-workflow.R",FALSE,TRUE,TRUE,TRUE,FALSE,FALSE,"not-scanned","no filename evidence; content not exhaustively inspected",FALSE,"relocate","not tracked; ignored; type=artifact; size_bytes=958","No credentials were printed. Relocate/review is a proposal, not a deletion decision."
"artifacts/h26-consolidation/dev-check/oceancube.Rcheck/oceancube/examples/refactor_coast_dist_backend.R",FALSE,TRUE,TRUE,TRUE,FALSE,FALSE,"not-scanned","no filename evidence; content not exhaustively inspected",FALSE,"relocate","not tracked; ignored; type=artifact; size_bytes=4008","No credentials were printed. Relocate/review is a proposal, not a deletion decision."
"artifacts/h26-consolidation/dev-check/oceancube.Rcheck/oceancube/examples/refactor_layer_annual_backend.R",FALSE,TRUE,TRUE,TRUE,FALSE,FALSE,"not-scanned","no filename evidence; content not exhaustively inspected",FALSE,"relocate","not tracked; ignored; type=artifact; size_bytes=3656","No credentials were printed. Relocate/review is a proposal, not a deletion decision."
"artifacts/h26-consolidation/dev-check/oceancube.Rcheck/oceancube/examples/refactor_link_events_backend.R",FALSE,TRUE,TRUE,TRUE,FALSE,FALSE,"not-scanned","no filename evidence; content not exhaustively inspected",FALSE,"relocate","not tracked; ignored; type=artifact; size_bytes=5629","No credentials were printed. Relocate/review is a proposal, not a deletion decision."
"artifacts/h26-consolidation/dev-check/oceancube.Rcheck/oceancube/examples/refactor_temporal_backend.R",FALSE,TRUE,TRUE,TRUE,FALSE,FALSE,"not-scanned","no filename evidence; content not exhaustively inspected",FALSE,"relocate","not tracked; ignored; type=artifact; size_bytes=4304","No credentials were printed. Relocate/review is a proposal, not a deletion decision."
"artifacts/h26-consolidation/dev-check/oceancube.Rcheck/oceancube/help/aliases.rds",FALSE,TRUE,TRUE,TRUE,FALSE,FALSE,"not-scanned","no filename evidence; content not exhaustively inspected",FALSE,"relocate","not tracked; ignored; type=artifact; size_bytes=310","No credentials were printed. Relocate/review is a proposal, not a deletion decision."
"artifacts/h26-consolidation/dev-check/oceancube.Rcheck/oceancube/help/AnIndex",FALSE,TRUE,TRUE,TRUE,FALSE,FALSE,"not-scanned","no filename evidence; content not exhaustively inspected",FALSE,"relocate","not tracked; ignored; type=artifact; size_bytes=675","No credentials were printed. Relocate/review is a proposal, not a deletion decision."
"artifacts/h26-consolidation/dev-check/oceancube.Rcheck/oceancube/help/oceancube.rdb",FALSE,TRUE,TRUE,TRUE,FALSE,FALSE,"not-scanned","no filename evidence; content not exhaustively inspected",FALSE,"relocate","not tracked; ignored; type=artifact; size_bytes=70844","No credentials were printed. Relocate/review is a proposal, not a deletion decision."
"artifacts/h26-consolidation/dev-check/oceancube.Rcheck/oceancube/help/oceancube.rdx",FALSE,TRUE,TRUE,TRUE,FALSE,FALSE,"not-scanned","no filename evidence; content not exhaustively inspected",FALSE,"relocate","not tracked; ignored; type=artifact; size_bytes=768","No credentials were printed. Relocate/review is a proposal, not a deletion decision."
"artifacts/h26-consolidation/dev-check/oceancube.Rcheck/oceancube/help/paths.rds",FALSE,TRUE,TRUE,TRUE,FALSE,FALSE,"not-scanned","no filename evidence; content not exhaustively inspected",FALSE,"relocate","not tracked; ignored; type=artifact; size_bytes=413","No credentials were printed. Relocate/review is a proposal, not a deletion decision."
"artifacts/h26-consolidation/dev-check/oceancube.Rcheck/oceancube/html/00Index.html",FALSE,TRUE,TRUE,TRUE,FALSE,FALSE,"not-scanned","no filename evidence; content not exhaustively inspected",FALSE,"relocate","not tracked; ignored; type=website; size_bytes=4894","No credentials were printed. Relocate/review is a proposal, not a deletion decision."
"artifacts/h26-consolidation/dev-check/oceancube.Rcheck/oceancube/html/R.css",FALSE,TRUE,TRUE,TRUE,FALSE,FALSE,"not-scanned","no filename evidence; content not exhaustively inspected",FALSE,"relocate","not tracked; ignored; type=artifact; size_bytes=1844","No credentials were printed. Relocate/review is a proposal, not a deletion decision."
"artifacts/h26-consolidation/dev-check/oceancube.Rcheck/oceancube/INDEX",FALSE,TRUE,TRUE,TRUE,FALSE,FALSE,"not-scanned","no filename evidence; content not exhaustively inspected",FALSE,"relocate","not tracked; ignored; type=artifact; size_bytes=2119","No credentials were printed. Relocate/review is a proposal, not a deletion decision."
"artifacts/h26-consolidation/dev-check/oceancube.Rcheck/oceancube/LICENSE",FALSE,TRUE,TRUE,TRUE,FALSE,FALSE,"not-scanned","no filename evidence; content not exhaustively inspected",FALSE,"relocate","not tracked; ignored; type=metadata; size_bytes=50","No credentials were printed. Relocate/review is a proposal, not a deletion decision."
"artifacts/h26-consolidation/dev-check/oceancube.Rcheck/oceancube/Meta/features.rds",FALSE,TRUE,TRUE,TRUE,FALSE,FALSE,"not-scanned","no filename evidence; content not exhaustively inspected",FALSE,"relocate","not tracked; ignored; type=artifact; size_bytes=123","No credentials were printed. Relocate/review is a proposal, not a deletion decision."
"artifacts/h26-consolidation/dev-check/oceancube.Rcheck/oceancube/Meta/hsearch.rds",FALSE,TRUE,TRUE,TRUE,FALSE,FALSE,"not-scanned","no filename evidence; content not exhaustively inspected",FALSE,"relocate","not tracked; ignored; type=artifact; size_bytes=1129","No credentials were printed. Relocate/review is a proposal, not a deletion decision."
"artifacts/h26-consolidation/dev-check/oceancube.Rcheck/oceancube/Meta/links.rds",FALSE,TRUE,TRUE,TRUE,FALSE,FALSE,"not-scanned","no filename evidence; content not exhaustively inspected",FALSE,"relocate","not tracked; ignored; type=artifact; size_bytes=473","No credentials were printed. Relocate/review is a proposal, not a deletion decision."
"artifacts/h26-consolidation/dev-check/oceancube.Rcheck/oceancube/Meta/nsInfo.rds",FALSE,TRUE,TRUE,TRUE,FALSE,FALSE,"not-scanned","no filename evidence; content not exhaustively inspected",FALSE,"relocate","not tracked; ignored; type=artifact; size_bytes=451","No credentials were printed. Relocate/review is a proposal, not a deletion decision."
"artifacts/h26-consolidation/dev-check/oceancube.Rcheck/oceancube/Meta/package.rds",FALSE,TRUE,TRUE,TRUE,FALSE,FALSE,"not-scanned","no filename evidence; content not exhaustively inspected",FALSE,"relocate","not tracked; ignored; type=artifact; size_bytes=1203","No credentials were printed. Relocate/review is a proposal, not a deletion decision."
"artifacts/h26-consolidation/dev-check/oceancube.Rcheck/oceancube/Meta/Rd.rds",FALSE,TRUE,TRUE,TRUE,FALSE,FALSE,"not-scanned","no filename evidence; content not exhaustively inspected",FALSE,"relocate","not tracked; ignored; type=artifact; size_bytes=1223","No credentials were printed. Relocate/review is a proposal, not a deletion decision."
"artifacts/h26-consolidation/dev-check/oceancube.Rcheck/oceancube/Meta/vignette.rds",FALSE,TRUE,TRUE,TRUE,FALSE,FALSE,"not-scanned","no filename evidence; content not exhaustively inspected",FALSE,"relocate","not tracked; ignored; type=artifact; size_bytes=379","No credentials were printed. Relocate/review is a proposal, not a deletion decision."
"artifacts/h26-consolidation/dev-check/oceancube.Rcheck/oceancube/NAMESPACE",FALSE,TRUE,TRUE,TRUE,FALSE,FALSE,"not-scanned","no filename evidence; content not exhaustively inspected",FALSE,"relocate","not tracked; ignored; type=metadata; size_bytes=696","No credentials were printed. Relocate/review is a proposal, not a deletion decision."
"artifacts/h26-consolidation/dev-check/oceancube.Rcheck/oceancube/NEWS.md",FALSE,TRUE,TRUE,TRUE,FALSE,FALSE,"not-scanned","no filename evidence; content not exhaustively inspected",FALSE,"relocate","not tracked; ignored; type=documentation; size_bytes=1673","No credentials were printed. Relocate/review is a proposal, not a deletion decision."
"artifacts/h26-consolidation/dev-check/oceancube.Rcheck/oceancube/R/oceancube",FALSE,TRUE,TRUE,TRUE,FALSE,FALSE,"not-scanned","no filename evidence; content not exhaustively inspected",FALSE,"relocate","not tracked; ignored; type=artifact; size_bytes=1058","No credentials were printed. Relocate/review is a proposal, not a deletion decision."
"artifacts/h26-consolidation/dev-check/oceancube.Rcheck/oceancube/R/oceancube.rdb",FALSE,TRUE,TRUE,TRUE,FALSE,FALSE,"not-scanned","no filename evidence; content not exhaustively inspected",FALSE,"relocate","not tracked; ignored; type=artifact; size_bytes=314642","No credentials were printed. Relocate/review is a proposal, not a deletion decision."
"artifacts/h26-consolidation/dev-check/oceancube.Rcheck/oceancube/R/oceancube.rdx",FALSE,TRUE,TRUE,TRUE,FALSE,FALSE,"not-scanned","no filename evidence; content not exhaustively inspected",FALSE,"relocate","not tracked; ignored; type=artifact; size_bytes=3035","No credentials were printed. Relocate/review is a proposal, not a deletion decision."
"artifacts/h26-consolidation/dev-check/oceancube.Rcheck/tests/startup.Rs",FALSE,TRUE,TRUE,TRUE,FALSE,FALSE,"not-scanned","no filename evidence; content not exhaustively inspected",FALSE,"relocate","not tracked; ignored; type=artifact; size_bytes=131","No credentials were printed. Relocate/review is a proposal, not a deletion decision."
"artifacts/h26-consolidation/dev-check/oceancube.Rcheck/tests/testthat.R",FALSE,TRUE,TRUE,TRUE,FALSE,FALSE,"not-scanned","no filename evidence; content not exhaustively inspected",FALSE,"relocate","not tracked; ignored; type=artifact; size_bytes=62","No credentials were printed. Relocate/review is a proposal, not a deletion decision."
"artifacts/h26-consolidation/dev-check/oceancube.Rcheck/tests/testthat.Rout",FALSE,TRUE,TRUE,TRUE,FALSE,FALSE,"not-scanned","no filename evidence; content not exhaustively inspected",FALSE,"relocate","not tracked; ignored; type=artifact; size_bytes=1673","No credentials were printed. Relocate/review is a proposal, not a deletion decision."
"artifacts/h26-consolidation/dev-check/oceancube.Rcheck/tests/testthat/helper-architecture.R",FALSE,TRUE,TRUE,TRUE,FALSE,FALSE,"not-scanned","no filename evidence; content not exhaustively inspected",FALSE,"relocate","not tracked; ignored; type=artifact; size_bytes=2086","No credentials were printed. Relocate/review is a proposal, not a deletion decision."
"artifacts/h26-consolidation/dev-check/oceancube.Rcheck/tests/testthat/helper-baseline-cube.R",FALSE,TRUE,TRUE,TRUE,FALSE,FALSE,"not-scanned","no filename evidence; content not exhaustively inspected",FALSE,"relocate","not tracked; ignored; type=artifact; size_bytes=1544","No credentials were printed. Relocate/review is a proposal, not a deletion decision."
"artifacts/h26-consolidation/dev-check/oceancube.Rcheck/tests/testthat/helper-geometry.R",FALSE,TRUE,TRUE,TRUE,FALSE,FALSE,"not-scanned","no filename evidence; content not exhaustively inspected",FALSE,"relocate","not tracked; ignored; type=artifact; size_bytes=502","No credentials were printed. Relocate/review is a proposal, not a deletion decision."
"artifacts/h26-consolidation/dev-check/oceancube.Rcheck/tests/testthat/helper-netcdf-backend.R",FALSE,TRUE,TRUE,TRUE,FALSE,FALSE,"not-scanned","no filename evidence; content not exhaustively inspected",FALSE,"relocate","not tracked; ignored; type=artifact; size_bytes=8204","No credentials were printed. Relocate/review is a proposal, not a deletion decision."
"artifacts/h26-consolidation/dev-check/oceancube.Rcheck/tests/testthat/test-backend-memory.R",FALSE,TRUE,TRUE,TRUE,FALSE,FALSE,"not-scanned","no filename evidence; content not exhaustively inspected",FALSE,"relocate","not tracked; ignored; type=artifact; size_bytes=10966","No credentials were printed. Relocate/review is a proposal, not a deletion decision."
"artifacts/h26-consolidation/dev-check/oceancube.Rcheck/tests/testthat/test-backend-netcdf-descriptor.R",FALSE,TRUE,TRUE,TRUE,FALSE,FALSE,"not-scanned","no filename evidence; content not exhaustively inspected",FALSE,"relocate","not tracked; ignored; type=artifact; size_bytes=18223","No credentials were printed. Relocate/review is a proposal, not a deletion decision."
"artifacts/h26-consolidation/dev-check/oceancube.Rcheck/tests/testthat/test-backend-netcdf-noncontiguous.R",FALSE,TRUE,TRUE,TRUE,FALSE,FALSE,"not-scanned","no filename evidence; content not exhaustively inspected",FALSE,"relocate","not tracked; ignored; type=artifact; size_bytes=10764","No credentials were printed. Relocate/review is a proposal, not a deletion decision."
"artifacts/h26-consolidation/dev-check/oceancube.Rcheck/tests/testthat/test-backend-netcdf-read-block.R",FALSE,TRUE,TRUE,TRUE,FALSE,FALSE,"not-scanned","no filename evidence; content not exhaustively inspected",FALSE,"relocate","not tracked; ignored; type=artifact; size_bytes=17998","No credentials were printed. Relocate/review is a proposal, not a deletion decision."
"artifacts/h26-consolidation/dev-check/oceancube.Rcheck/tests/testthat/test-clim-anom.R",FALSE,TRUE,TRUE,TRUE,FALSE,FALSE,"not-scanned","no filename evidence; content not exhaustively inspected",FALSE,"relocate","not tracked; ignored; type=artifact; size_bytes=1091","No credentials were printed. Relocate/review is a proposal, not a deletion decision."
"artifacts/h26-consolidation/dev-check/oceancube.Rcheck/tests/testthat/test-cube-collect.R",FALSE,TRUE,TRUE,TRUE,FALSE,FALSE,"not-scanned","no filename evidence; content not exhaustively inspected",FALSE,"relocate","not tracked; ignored; type=artifact; size_bytes=7458","No credentials were printed. Relocate/review is a proposal, not a deletion decision."
"artifacts/h26-consolidation/dev-check/oceancube.Rcheck/tests/testthat/test-cube-crop.R",FALSE,TRUE,TRUE,TRUE,FALSE,FALSE,"not-scanned","no filename evidence; content not exhaustively inspected",FALSE,"relocate","not tracked; ignored; type=artifact; size_bytes=23828","No credentials were printed. Relocate/review is a proposal, not a deletion decision."
"artifacts/h26-consolidation/dev-check/oceancube.Rcheck/tests/testthat/test-cube-extract.R",FALSE,TRUE,TRUE,TRUE,FALSE,FALSE,"not-scanned","no filename evidence; content not exhaustively inspected",FALSE,"relocate","not tracked; ignored; type=artifact; size_bytes=29027","No credentials were printed. Relocate/review is a proposal, not a deletion decision."
"artifacts/h26-consolidation/dev-check/oceancube.Rcheck/tests/testthat/test-cube-grid-geometry.R",FALSE,TRUE,TRUE,TRUE,FALSE,FALSE,"not-scanned","no filename evidence; content not exhaustively inspected",FALSE,"relocate","not tracked; ignored; type=artifact; size_bytes=8641","No credentials were printed. Relocate/review is a proposal, not a deletion decision."
"artifacts/h26-consolidation/dev-check/oceancube.Rcheck/tests/testthat/test-cube-mask.R",FALSE,TRUE,TRUE,TRUE,FALSE,FALSE,"not-scanned","no filename evidence; content not exhaustively inspected",FALSE,"relocate","not tracked; ignored; type=artifact; size_bytes=11117","No credentials were printed. Relocate/review is a proposal, not a deletion decision."
"artifacts/h26-consolidation/dev-check/oceancube.Rcheck/tests/testthat/test-cube-polygon-weights.R",FALSE,TRUE,TRUE,TRUE,FALSE,FALSE,"not-scanned","no filename evidence; content not exhaustively inspected",FALSE,"relocate","not tracked; ignored; type=artifact; size_bytes=12292","No credentials were printed. Relocate/review is a proposal, not a deletion decision."
"artifacts/h26-consolidation/dev-check/oceancube.Rcheck/tests/testthat/test-cube-slice.R",FALSE,TRUE,TRUE,TRUE,FALSE,FALSE,"not-scanned","no filename evidence; content not exhaustively inspected",FALSE,"relocate","not tracked; ignored; type=artifact; size_bytes=22898","No credentials were printed. Relocate/review is a proposal, not a deletion decision."
"artifacts/h26-consolidation/dev-check/oceancube.Rcheck/tests/testthat/test-cube-transect.R",FALSE,TRUE,TRUE,TRUE,FALSE,FALSE,"not-scanned","no filename evidence; content not exhaustively inspected",FALSE,"relocate","not tracked; ignored; type=artifact; size_bytes=10124","No credentials were printed. Relocate/review is a proposal, not a deletion decision."
"artifacts/h26-consolidation/dev-check/oceancube.Rcheck/tests/testthat/test-daily-link.R",FALSE,TRUE,TRUE,TRUE,FALSE,FALSE,"not-scanned","no filename evidence; content not exhaustively inspected",FALSE,"relocate","not tracked; ignored; type=artifact; size_bytes=1500","No credentials were printed. Relocate/review is a proposal, not a deletion decision."
"artifacts/h26-consolidation/dev-check/oceancube.Rcheck/tests/testthat/test-layer-time-mask.R",FALSE,TRUE,TRUE,TRUE,FALSE,FALSE,"not-scanned","no filename evidence; content not exhaustively inspected",FALSE,"relocate","not tracked; ignored; type=artifact; size_bytes=1451","No credentials were printed. Relocate/review is a proposal, not a deletion decision."
"artifacts/h26-consolidation/dev-check/oceancube.Rcheck/tests/testthat/test-no-direct-data-access.R",FALSE,TRUE,TRUE,TRUE,FALSE,FALSE,"not-scanned","no filename evidence; content not exhaustively inspected",FALSE,"relocate","not tracked; ignored; type=artifact; size_bytes=1912","No credentials were printed. Relocate/review is a proposal, not a deletion decision."
"artifacts/h26-consolidation/dev-check/oceancube.Rcheck/tests/testthat/test-ocean-cube-baseline.R",FALSE,TRUE,TRUE,TRUE,FALSE,FALSE,"not-scanned","no filename evidence; content not exhaustively inspected",FALSE,"relocate","not tracked; ignored; type=artifact; size_bytes=3603","No credentials were printed. Relocate/review is a proposal, not a deletion decision."
"artifacts/h26-consolidation/dev-check/oceancube.Rcheck/tests/testthat/test-ocean-cube-contract.R",FALSE,TRUE,TRUE,TRUE,FALSE,FALSE,"not-scanned","no filename evidence; content not exhaustively inspected",FALSE,"relocate","not tracked; ignored; type=artifact; size_bytes=10419","No credentials were printed. Relocate/review is a proposal, not a deletion decision."
"artifacts/h26-consolidation/dev-check/oceancube.Rcheck/tests/testthat/test-ocean-cube.R",FALSE,TRUE,TRUE,TRUE,FALSE,FALSE,"not-scanned","no filename evidence; content not exhaustively inspected",FALSE,"relocate","not tracked; ignored; type=artifact; size_bytes=836","No credentials were printed. Relocate/review is a proposal, not a deletion decision."
"artifacts/h26-consolidation/dev-check/oceancube.Rcheck/tests/testthat/test-package-boundary-spatind.R",FALSE,TRUE,TRUE,TRUE,FALSE,FALSE,"not-scanned","no filename evidence; content not exhaustively inspected",FALSE,"relocate","not tracked; ignored; type=artifact; size_bytes=1584","No credentials were printed. Relocate/review is a proposal, not a deletion decision."
"artifacts/h26-consolidation/dev-check/oceancube.Rcheck/tests/testthat/test-read-nc-baseline.R",FALSE,TRUE,TRUE,TRUE,FALSE,FALSE,"not-scanned","no filename evidence; content not exhaustively inspected",FALSE,"relocate","not tracked; ignored; type=artifact; size_bytes=3478","No credentials were printed. Relocate/review is a proposal, not a deletion decision."
"artifacts/h26-consolidation/dev-check/oceancube.Rcheck/tests/testthat/test-refactor-coast-dist-backend.R",FALSE,TRUE,TRUE,TRUE,FALSE,FALSE,"not-scanned","no filename evidence; content not exhaustively inspected",FALSE,"relocate","not tracked; ignored; type=artifact; size_bytes=9486","No credentials were printed. Relocate/review is a proposal, not a deletion decision."
"artifacts/h26-consolidation/dev-check/oceancube.Rcheck/tests/testthat/test-refactor-layer-annual-backend.R",FALSE,TRUE,TRUE,TRUE,FALSE,FALSE,"not-scanned","no filename evidence; content not exhaustively inspected",FALSE,"relocate","not tracked; ignored; type=artifact; size_bytes=10782","No credentials were printed. Relocate/review is a proposal, not a deletion decision."
"artifacts/h26-consolidation/dev-check/oceancube.Rcheck/tests/testthat/test-refactor-link-events-backend.R",FALSE,TRUE,TRUE,TRUE,FALSE,FALSE,"not-scanned","no filename evidence; content not exhaustively inspected",FALSE,"relocate","not tracked; ignored; type=artifact; size_bytes=17309","No credentials were printed. Relocate/review is a proposal, not a deletion decision."
"artifacts/h26-consolidation/dev-check/oceancube.Rcheck/tests/testthat/test-refactor-temporal-backend.R",FALSE,TRUE,TRUE,TRUE,FALSE,FALSE,"not-scanned","no filename evidence; content not exhaustively inspected",FALSE,"relocate","not tracked; ignored; type=artifact; size_bytes=11299","No credentials were printed. Relocate/review is a proposal, not a deletion decision."
"artifacts/h26-consolidation/dev-check/oceancube.Rcheck/tests/testthat/test-release-contract.R",FALSE,TRUE,TRUE,TRUE,FALSE,FALSE,"not-scanned","no filename evidence; content not exhaustively inspected",FALSE,"relocate","not tracked; ignored; type=artifact; size_bytes=4608","No credentials were printed. Relocate/review is a proposal, not a deletion decision."
"artifacts/h26-consolidation/dev-check/oceancube.Rcheck/tests/testthat/test-scientific-baseline.R",FALSE,TRUE,TRUE,TRUE,FALSE,FALSE,"not-scanned","no filename evidence; content not exhaustively inspected",FALSE,"relocate","not tracked; ignored; type=artifact; size_bytes=4598","No credentials were printed. Relocate/review is a proposal, not a deletion decision."
"artifacts/h26-consolidation/generate-handbook.R",FALSE,TRUE,TRUE,TRUE,FALSE,FALSE,"not-scanned","no filename evidence; content not exhaustively inspected",FALSE,"relocate","not tracked; ignored; type=artifact; size_bytes=25777","No credentials were printed. Relocate/review is a proposal, not a deletion decision."
"artifacts/h26-consolidation/git-credential-request.txt",FALSE,TRUE,TRUE,TRUE,FALSE,FALSE,"not-scanned","no filename evidence; content not exhaustively inspected",FALSE,"relocate","not tracked; ignored; type=artifact; size_bytes=32","No credentials were printed. Relocate/review is a proposal, not a deletion decision."
"artifacts/h26-consolidation/handbook-library/oceancube/architecture/oceancube-spatind-boundary.md",FALSE,TRUE,TRUE,TRUE,FALSE,FALSE,"not-scanned","no filename evidence; content not exhaustively inspected",FALSE,"relocate","not tracked; ignored; type=artifact; size_bytes=5299","No credentials were printed. Relocate/review is a proposal, not a deletion decision."
"artifacts/h26-consolidation/handbook-library/oceancube/CITATION",FALSE,TRUE,TRUE,TRUE,FALSE,FALSE,"not-scanned","no filename evidence; content not exhaustively inspected",FALSE,"relocate","not tracked; ignored; type=metadata; size_bytes=116","No credentials were printed. Relocate/review is a proposal, not a deletion decision."
"artifacts/h26-consolidation/handbook-library/oceancube/DESCRIPTION",FALSE,TRUE,TRUE,TRUE,FALSE,FALSE,"not-scanned","no filename evidence; content not exhaustively inspected",FALSE,"relocate","not tracked; ignored; type=metadata; size_bytes=1298","No credentials were printed. Relocate/review is a proposal, not a deletion decision."
"artifacts/h26-consolidation/handbook-library/oceancube/doc/get-started.html",FALSE,TRUE,TRUE,TRUE,FALSE,FALSE,"not-scanned","no filename evidence; content not exhaustively inspected",FALSE,"relocate","not tracked; ignored; type=website; size_bytes=11230","No credentials were printed. Relocate/review is a proposal, not a deletion decision."
"artifacts/h26-consolidation/handbook-library/oceancube/doc/get-started.R",FALSE,TRUE,TRUE,TRUE,FALSE,FALSE,"not-scanned","no filename evidence; content not exhaustively inspected",FALSE,"relocate","not tracked; ignored; type=artifact; size_bytes=341","No credentials were printed. Relocate/review is a proposal, not a deletion decision."
"artifacts/h26-consolidation/handbook-library/oceancube/doc/get-started.Rmd",FALSE,TRUE,TRUE,TRUE,FALSE,FALSE,"not-scanned","no filename evidence; content not exhaustively inspected",FALSE,"relocate","not tracked; ignored; type=artifact; size_bytes=737","No credentials were printed. Relocate/review is a proposal, not a deletion decision."
"artifacts/h26-consolidation/handbook-library/oceancube/doc/index.html",FALSE,TRUE,TRUE,TRUE,FALSE,FALSE,"not-scanned","no filename evidence; content not exhaustively inspected",FALSE,"relocate","not tracked; ignored; type=website; size_bytes=3354","No credentials were printed. Relocate/review is a proposal, not a deletion decision."
"artifacts/h26-consolidation/handbook-library/oceancube/doc/oceancube-architecture.html",FALSE,TRUE,TRUE,TRUE,FALSE,FALSE,"not-scanned","no filename evidence; content not exhaustively inspected",FALSE,"relocate","not tracked; ignored; type=website; size_bytes=13532","No credentials were printed. Relocate/review is a proposal, not a deletion decision."
"artifacts/h26-consolidation/handbook-library/oceancube/doc/oceancube-architecture.R",FALSE,TRUE,TRUE,TRUE,FALSE,FALSE,"not-scanned","no filename evidence; content not exhaustively inspected",FALSE,"relocate","not tracked; ignored; type=artifact; size_bytes=369","No credentials were printed. Relocate/review is a proposal, not a deletion decision."
"artifacts/h26-consolidation/handbook-library/oceancube/doc/oceancube-architecture.Rmd",FALSE,TRUE,TRUE,TRUE,FALSE,FALSE,"not-scanned","no filename evidence; content not exhaustively inspected",FALSE,"relocate","not tracked; ignored; type=artifact; size_bytes=2553","No credentials were printed. Relocate/review is a proposal, not a deletion decision."
"artifacts/h26-consolidation/handbook-library/oceancube/doc/oceancube-geometry-weights.html",FALSE,TRUE,TRUE,TRUE,FALSE,FALSE,"not-scanned","no filename evidence; content not exhaustively inspected",FALSE,"relocate","not tracked; ignored; type=website; size_bytes=23626","No credentials were printed. Relocate/review is a proposal, not a deletion decision."
"artifacts/h26-consolidation/handbook-library/oceancube/doc/oceancube-geometry-weights.R",FALSE,TRUE,TRUE,TRUE,FALSE,FALSE,"not-scanned","no filename evidence; content not exhaustively inspected",FALSE,"relocate","not tracked; ignored; type=artifact; size_bytes=1279","No credentials were printed. Relocate/review is a proposal, not a deletion decision."
"artifacts/h26-consolidation/handbook-library/oceancube/doc/oceancube-geometry-weights.Rmd",FALSE,TRUE,TRUE,TRUE,FALSE,FALSE,"not-scanned","no filename evidence; content not exhaustively inspected",FALSE,"relocate","not tracked; ignored; type=artifact; size_bytes=2215","No credentials were printed. Relocate/review is a proposal, not a deletion decision."
"artifacts/h26-consolidation/handbook-library/oceancube/doc/oceancube-introduction.html",FALSE,TRUE,TRUE,TRUE,FALSE,FALSE,"not-scanned","no filename evidence; content not exhaustively inspected",FALSE,"relocate","not tracked; ignored; type=website; size_bytes=24863","No credentials were printed. Relocate/review is a proposal, not a deletion decision."
"artifacts/h26-consolidation/handbook-library/oceancube/doc/oceancube-introduction.R",FALSE,TRUE,TRUE,TRUE,FALSE,FALSE,"not-scanned","no filename evidence; content not exhaustively inspected",FALSE,"relocate","not tracked; ignored; type=artifact; size_bytes=1818","No credentials were printed. Relocate/review is a proposal, not a deletion decision."
"artifacts/h26-consolidation/handbook-library/oceancube/doc/oceancube-introduction.Rmd",FALSE,TRUE,TRUE,TRUE,FALSE,FALSE,"not-scanned","no filename evidence; content not exhaustively inspected",FALSE,"relocate","not tracked; ignored; type=artifact; size_bytes=3404","No credentials were printed. Relocate/review is a proposal, not a deletion decision."
"artifacts/h26-consolidation/handbook-library/oceancube/examples/backend_memory.R",FALSE,TRUE,TRUE,TRUE,FALSE,FALSE,"not-scanned","no filename evidence; content not exhaustively inspected",FALSE,"relocate","not tracked; ignored; type=artifact; size_bytes=3995","No credentials were printed. Relocate/review is a proposal, not a deletion decision."
"artifacts/h26-consolidation/handbook-library/oceancube/examples/backend_netcdf_descriptor.R",FALSE,TRUE,TRUE,TRUE,FALSE,FALSE,"not-scanned","no filename evidence; content not exhaustively inspected",FALSE,"relocate","not tracked; ignored; type=artifact; size_bytes=5112","No credentials were printed. Relocate/review is a proposal, not a deletion decision."
"artifacts/h26-consolidation/handbook-library/oceancube/examples/backend_netcdf_read_block.R",FALSE,TRUE,TRUE,TRUE,FALSE,FALSE,"not-scanned","no filename evidence; content not exhaustively inspected",FALSE,"relocate","not tracked; ignored; type=artifact; size_bytes=6686","No credentials were printed. Relocate/review is a proposal, not a deletion decision."
"artifacts/h26-consolidation/handbook-library/oceancube/examples/baseline_ocean_cube.R",FALSE,TRUE,TRUE,TRUE,FALSE,FALSE,"not-scanned","no filename evidence; content not exhaustively inspected",FALSE,"relocate","not tracked; ignored; type=artifact; size_bytes=3704","No credentials were printed. Relocate/review is a proposal, not a deletion decision."
"artifacts/h26-consolidation/handbook-library/oceancube/examples/cube_crop.R",FALSE,TRUE,TRUE,TRUE,FALSE,FALSE,"not-scanned","no filename evidence; content not exhaustively inspected",FALSE,"relocate","not tracked; ignored; type=artifact; size_bytes=8540","No credentials were printed. Relocate/review is a proposal, not a deletion decision."
"artifacts/h26-consolidation/handbook-library/oceancube/examples/cube_extract.R",FALSE,TRUE,TRUE,TRUE,FALSE,FALSE,"not-scanned","no filename evidence; content not exhaustively inspected",FALSE,"relocate","not tracked; ignored; type=artifact; size_bytes=7836","No credentials were printed. Relocate/review is a proposal, not a deletion decision."
"artifacts/h26-consolidation/handbook-library/oceancube/examples/cube_geometry_weights.R",FALSE,TRUE,TRUE,TRUE,FALSE,FALSE,"not-scanned","no filename evidence; content not exhaustively inspected",FALSE,"relocate","not tracked; ignored; type=artifact; size_bytes=4084","No credentials were printed. Relocate/review is a proposal, not a deletion decision."
"artifacts/h26-consolidation/handbook-library/oceancube/examples/cube_mask.R",FALSE,TRUE,TRUE,TRUE,FALSE,FALSE,"not-scanned","no filename evidence; content not exhaustively inspected",FALSE,"relocate","not tracked; ignored; type=artifact; size_bytes=6852","No credentials were printed. Relocate/review is a proposal, not a deletion decision."
"artifacts/h26-consolidation/handbook-library/oceancube/examples/cube_slice.R",FALSE,TRUE,TRUE,TRUE,FALSE,FALSE,"not-scanned","no filename evidence; content not exhaustively inspected",FALSE,"relocate","not tracked; ignored; type=artifact; size_bytes=6283","No credentials were printed. Relocate/review is a proposal, not a deletion decision."
"artifacts/h26-consolidation/handbook-library/oceancube/examples/cube_transect.R",FALSE,TRUE,TRUE,TRUE,FALSE,FALSE,"not-scanned","no filename evidence; content not exhaustively inspected",FALSE,"relocate","not tracked; ignored; type=artifact; size_bytes=7793","No credentials were printed. Relocate/review is a proposal, not a deletion decision."
"artifacts/h26-consolidation/handbook-library/oceancube/examples/noncontiguous_collect.R",FALSE,TRUE,TRUE,TRUE,FALSE,FALSE,"not-scanned","no filename evidence; content not exhaustively inspected",FALSE,"relocate","not tracked; ignored; type=artifact; size_bytes=3913","No credentials were printed. Relocate/review is a proposal, not a deletion decision."
"artifacts/h26-consolidation/handbook-library/oceancube/examples/ocean_cube_contract.R",FALSE,TRUE,TRUE,TRUE,FALSE,FALSE,"not-scanned","no filename evidence; content not exhaustively inspected",FALSE,"relocate","not tracked; ignored; type=artifact; size_bytes=4027","No credentials were printed. Relocate/review is a proposal, not a deletion decision."
"artifacts/h26-consolidation/handbook-library/oceancube/examples/refactor_coast_dist_backend.R",FALSE,TRUE,TRUE,TRUE,FALSE,FALSE,"not-scanned","no filename evidence; content not exhaustively inspected",FALSE,"relocate","not tracked; ignored; type=artifact; size_bytes=4008","No credentials were printed. Relocate/review is a proposal, not a deletion decision."
"artifacts/h26-consolidation/handbook-library/oceancube/examples/refactor_layer_annual_backend.R",FALSE,TRUE,TRUE,TRUE,FALSE,FALSE,"not-scanned","no filename evidence; content not exhaustively inspected",FALSE,"relocate","not tracked; ignored; type=artifact; size_bytes=3656","No credentials were printed. Relocate/review is a proposal, not a deletion decision."
"artifacts/h26-consolidation/handbook-library/oceancube/examples/refactor_link_events_backend.R",FALSE,TRUE,TRUE,TRUE,FALSE,FALSE,"not-scanned","no filename evidence; content not exhaustively inspected",FALSE,"relocate","not tracked; ignored; type=artifact; size_bytes=5629","No credentials were printed. Relocate/review is a proposal, not a deletion decision."
"artifacts/h26-consolidation/handbook-library/oceancube/examples/refactor_temporal_backend.R",FALSE,TRUE,TRUE,TRUE,FALSE,FALSE,"not-scanned","no filename evidence; content not exhaustively inspected",FALSE,"relocate","not tracked; ignored; type=artifact; size_bytes=4304","No credentials were printed. Relocate/review is a proposal, not a deletion decision."
"artifacts/h26-consolidation/handbook-library/oceancube/help/aliases.rds",FALSE,TRUE,TRUE,TRUE,FALSE,FALSE,"not-scanned","no filename evidence; content not exhaustively inspected",FALSE,"relocate","not tracked; ignored; type=artifact; size_bytes=310","No credentials were printed. Relocate/review is a proposal, not a deletion decision."
"artifacts/h26-consolidation/handbook-library/oceancube/help/AnIndex",FALSE,TRUE,TRUE,TRUE,FALSE,FALSE,"not-scanned","no filename evidence; content not exhaustively inspected",FALSE,"relocate","not tracked; ignored; type=artifact; size_bytes=675","No credentials were printed. Relocate/review is a proposal, not a deletion decision."
"artifacts/h26-consolidation/handbook-library/oceancube/help/oceancube.rdb",FALSE,TRUE,TRUE,TRUE,FALSE,FALSE,"not-scanned","no filename evidence; content not exhaustively inspected",FALSE,"relocate","not tracked; ignored; type=artifact; size_bytes=71795","No credentials were printed. Relocate/review is a proposal, not a deletion decision."
"artifacts/h26-consolidation/handbook-library/oceancube/help/oceancube.rdx",FALSE,TRUE,TRUE,TRUE,FALSE,FALSE,"not-scanned","no filename evidence; content not exhaustively inspected",FALSE,"relocate","not tracked; ignored; type=artifact; size_bytes=776","No credentials were printed. Relocate/review is a proposal, not a deletion decision."
"artifacts/h26-consolidation/handbook-library/oceancube/help/paths.rds",FALSE,TRUE,TRUE,TRUE,FALSE,FALSE,"not-scanned","no filename evidence; content not exhaustively inspected",FALSE,"relocate","not tracked; ignored; type=artifact; size_bytes=422","No credentials were printed. Relocate/review is a proposal, not a deletion decision."
"artifacts/h26-consolidation/handbook-library/oceancube/html/00Index.html",FALSE,TRUE,TRUE,TRUE,FALSE,FALSE,"not-scanned","no filename evidence; content not exhaustively inspected",FALSE,"relocate","not tracked; ignored; type=website; size_bytes=4894","No credentials were printed. Relocate/review is a proposal, not a deletion decision."
"artifacts/h26-consolidation/handbook-library/oceancube/html/R.css",FALSE,TRUE,TRUE,TRUE,FALSE,FALSE,"not-scanned","no filename evidence; content not exhaustively inspected",FALSE,"relocate","not tracked; ignored; type=artifact; size_bytes=1844","No credentials were printed. Relocate/review is a proposal, not a deletion decision."
"artifacts/h26-consolidation/handbook-library/oceancube/INDEX",FALSE,TRUE,TRUE,TRUE,FALSE,FALSE,"not-scanned","no filename evidence; content not exhaustively inspected",FALSE,"relocate","not tracked; ignored; type=artifact; size_bytes=2119","No credentials were printed. Relocate/review is a proposal, not a deletion decision."
"artifacts/h26-consolidation/handbook-library/oceancube/LICENSE",FALSE,TRUE,TRUE,TRUE,FALSE,FALSE,"not-scanned","no filename evidence; content not exhaustively inspected",FALSE,"relocate","not tracked; ignored; type=metadata; size_bytes=50","No credentials were printed. Relocate/review is a proposal, not a deletion decision."
"artifacts/h26-consolidation/handbook-library/oceancube/Meta/features.rds",FALSE,TRUE,TRUE,TRUE,FALSE,FALSE,"not-scanned","no filename evidence; content not exhaustively inspected",FALSE,"relocate","not tracked; ignored; type=artifact; size_bytes=123","No credentials were printed. Relocate/review is a proposal, not a deletion decision."
"artifacts/h26-consolidation/handbook-library/oceancube/Meta/hsearch.rds",FALSE,TRUE,TRUE,TRUE,FALSE,FALSE,"not-scanned","no filename evidence; content not exhaustively inspected",FALSE,"relocate","not tracked; ignored; type=artifact; size_bytes=1129","No credentials were printed. Relocate/review is a proposal, not a deletion decision."
"artifacts/h26-consolidation/handbook-library/oceancube/Meta/links.rds",FALSE,TRUE,TRUE,TRUE,FALSE,FALSE,"not-scanned","no filename evidence; content not exhaustively inspected",FALSE,"relocate","not tracked; ignored; type=artifact; size_bytes=473","No credentials were printed. Relocate/review is a proposal, not a deletion decision."
"artifacts/h26-consolidation/handbook-library/oceancube/Meta/nsInfo.rds",FALSE,TRUE,TRUE,TRUE,FALSE,FALSE,"not-scanned","no filename evidence; content not exhaustively inspected",FALSE,"relocate","not tracked; ignored; type=artifact; size_bytes=451","No credentials were printed. Relocate/review is a proposal, not a deletion decision."
"artifacts/h26-consolidation/handbook-library/oceancube/Meta/package.rds",FALSE,TRUE,TRUE,TRUE,FALSE,FALSE,"not-scanned","no filename evidence; content not exhaustively inspected",FALSE,"relocate","not tracked; ignored; type=artifact; size_bytes=1205","No credentials were printed. Relocate/review is a proposal, not a deletion decision."
"artifacts/h26-consolidation/handbook-library/oceancube/Meta/Rd.rds",FALSE,TRUE,TRUE,TRUE,FALSE,FALSE,"not-scanned","no filename evidence; content not exhaustively inspected",FALSE,"relocate","not tracked; ignored; type=artifact; size_bytes=1223","No credentials were printed. Relocate/review is a proposal, not a deletion decision."
"artifacts/h26-consolidation/handbook-library/oceancube/Meta/vignette.rds",FALSE,TRUE,TRUE,TRUE,FALSE,FALSE,"not-scanned","no filename evidence; content not exhaustively inspected",FALSE,"relocate","not tracked; ignored; type=artifact; size_bytes=343","No credentials were printed. Relocate/review is a proposal, not a deletion decision."
"artifacts/h26-consolidation/handbook-library/oceancube/NAMESPACE",FALSE,TRUE,TRUE,TRUE,FALSE,FALSE,"not-scanned","no filename evidence; content not exhaustively inspected",FALSE,"relocate","not tracked; ignored; type=metadata; size_bytes=696","No credentials were printed. Relocate/review is a proposal, not a deletion decision."
"artifacts/h26-consolidation/handbook-library/oceancube/NEWS.md",FALSE,TRUE,TRUE,TRUE,FALSE,FALSE,"not-scanned","no filename evidence; content not exhaustively inspected",FALSE,"relocate","not tracked; ignored; type=documentation; size_bytes=1673","No credentials were printed. Relocate/review is a proposal, not a deletion decision."
"artifacts/h26-consolidation/handbook-library/oceancube/R/oceancube",FALSE,TRUE,TRUE,TRUE,FALSE,FALSE,"not-scanned","no filename evidence; content not exhaustively inspected",FALSE,"relocate","not tracked; ignored; type=artifact; size_bytes=1058","No credentials were printed. Relocate/review is a proposal, not a deletion decision."
"artifacts/h26-consolidation/handbook-library/oceancube/R/oceancube.rdb",FALSE,TRUE,TRUE,TRUE,FALSE,FALSE,"not-scanned","no filename evidence; content not exhaustively inspected",FALSE,"relocate","not tracked; ignored; type=artifact; size_bytes=314643","No credentials were printed. Relocate/review is a proposal, not a deletion decision."
"artifacts/h26-consolidation/handbook-library/oceancube/R/oceancube.rdx",FALSE,TRUE,TRUE,TRUE,FALSE,FALSE,"not-scanned","no filename evidence; content not exhaustively inspected",FALSE,"relocate","not tracked; ignored; type=artifact; size_bytes=3049","No credentials were printed. Relocate/review is a proposal, not a deletion decision."
"artifacts/h26-consolidation/hito-26-informe.md",FALSE,TRUE,TRUE,TRUE,FALSE,FALSE,"not-scanned","no filename evidence; content not exhaustively inspected",FALSE,"relocate","not tracked; ignored; type=artifact; size_bytes=13834","No credentials were printed. Relocate/review is a proposal, not a deletion decision."
"artifacts/h26-consolidation/log-before.txt",FALSE,TRUE,TRUE,TRUE,FALSE,FALSE,"not-scanned","no filename evidence; content not exhaustively inspected",FALSE,"relocate","not tracked; ignored; type=artifact; size_bytes=134","No credentials were printed. Relocate/review is a proposal, not a deletion decision."
"artifacts/h26-consolidation/main-check/oceancube.Rcheck/00_pkg_src/oceancube/build/vignette.rds",FALSE,TRUE,TRUE,TRUE,FALSE,FALSE,"not-scanned","no filename evidence; content not exhaustively inspected",FALSE,"relocate","not tracked; ignored; type=artifact; size_bytes=379","No credentials were printed. Relocate/review is a proposal, not a deletion decision."
"artifacts/h26-consolidation/main-check/oceancube.Rcheck/00_pkg_src/oceancube/CODE_OF_CONDUCT.md",FALSE,TRUE,TRUE,TRUE,FALSE,FALSE,"not-scanned","no filename evidence; content not exhaustively inspected",FALSE,"relocate","not tracked; ignored; type=artifact; size_bytes=93","No credentials were printed. Relocate/review is a proposal, not a deletion decision."
"artifacts/h26-consolidation/main-check/oceancube.Rcheck/00_pkg_src/oceancube/CONTRIBUTING.md",FALSE,TRUE,TRUE,TRUE,FALSE,FALSE,"not-scanned","no filename evidence; content not exhaustively inspected",FALSE,"relocate","not tracked; ignored; type=artifact; size_bytes=130","No credentials were printed. Relocate/review is a proposal, not a deletion decision."
"artifacts/h26-consolidation/main-check/oceancube.Rcheck/00_pkg_src/oceancube/DESCRIPTION",FALSE,TRUE,TRUE,TRUE,FALSE,FALSE,"not-scanned","no filename evidence; content not exhaustively inspected",FALSE,"relocate","not tracked; ignored; type=metadata; size_bytes=1246","No credentials were printed. Relocate/review is a proposal, not a deletion decision."
"artifacts/h26-consolidation/main-check/oceancube.Rcheck/00_pkg_src/oceancube/inst/architecture/oceancube-spatind-boundary.md",FALSE,TRUE,TRUE,TRUE,FALSE,FALSE,"not-scanned","no filename evidence; content not exhaustively inspected",FALSE,"relocate","not tracked; ignored; type=artifact; size_bytes=5428","No credentials were printed. Relocate/review is a proposal, not a deletion decision."
"artifacts/h26-consolidation/main-check/oceancube.Rcheck/00_pkg_src/oceancube/inst/CITATION",FALSE,TRUE,TRUE,TRUE,FALSE,FALSE,"not-scanned","no filename evidence; content not exhaustively inspected",FALSE,"relocate","not tracked; ignored; type=metadata; size_bytes=121","No credentials were printed. Relocate/review is a proposal, not a deletion decision."
"artifacts/h26-consolidation/main-check/oceancube.Rcheck/00_pkg_src/oceancube/inst/doc/get-started.html",FALSE,TRUE,TRUE,TRUE,FALSE,FALSE,"not-scanned","no filename evidence; content not exhaustively inspected",FALSE,"relocate","not tracked; ignored; type=website; size_bytes=11230","No credentials were printed. Relocate/review is a proposal, not a deletion decision."
"artifacts/h26-consolidation/main-check/oceancube.Rcheck/00_pkg_src/oceancube/inst/doc/get-started.R",FALSE,TRUE,TRUE,TRUE,FALSE,FALSE,"not-scanned","no filename evidence; content not exhaustively inspected",FALSE,"relocate","not tracked; ignored; type=artifact; size_bytes=341","No credentials were printed. Relocate/review is a proposal, not a deletion decision."
"artifacts/h26-consolidation/main-check/oceancube.Rcheck/00_pkg_src/oceancube/inst/doc/get-started.Rmd",FALSE,TRUE,TRUE,TRUE,FALSE,FALSE,"not-scanned","no filename evidence; content not exhaustively inspected",FALSE,"relocate","not tracked; ignored; type=artifact; size_bytes=760","No credentials were printed. Relocate/review is a proposal, not a deletion decision."
"artifacts/h26-consolidation/main-check/oceancube.Rcheck/00_pkg_src/oceancube/inst/doc/oceancube-architecture.html",FALSE,TRUE,TRUE,TRUE,FALSE,FALSE,"not-scanned","no filename evidence; content not exhaustively inspected",FALSE,"relocate","not tracked; ignored; type=website; size_bytes=13532","No credentials were printed. Relocate/review is a proposal, not a deletion decision."
"artifacts/h26-consolidation/main-check/oceancube.Rcheck/00_pkg_src/oceancube/inst/doc/oceancube-architecture.R",FALSE,TRUE,TRUE,TRUE,FALSE,FALSE,"not-scanned","no filename evidence; content not exhaustively inspected",FALSE,"relocate","not tracked; ignored; type=artifact; size_bytes=369","No credentials were printed. Relocate/review is a proposal, not a deletion decision."
"artifacts/h26-consolidation/main-check/oceancube.Rcheck/00_pkg_src/oceancube/inst/doc/oceancube-architecture.Rmd",FALSE,TRUE,TRUE,TRUE,FALSE,FALSE,"not-scanned","no filename evidence; content not exhaustively inspected",FALSE,"relocate","not tracked; ignored; type=artifact; size_bytes=2615","No credentials were printed. Relocate/review is a proposal, not a deletion decision."
"artifacts/h26-consolidation/main-check/oceancube.Rcheck/00_pkg_src/oceancube/inst/doc/oceancube-geometry-weights.html",FALSE,TRUE,TRUE,TRUE,FALSE,FALSE,"not-scanned","no filename evidence; content not exhaustively inspected",FALSE,"relocate","not tracked; ignored; type=website; size_bytes=23626","No credentials were printed. Relocate/review is a proposal, not a deletion decision."
"artifacts/h26-consolidation/main-check/oceancube.Rcheck/00_pkg_src/oceancube/inst/doc/oceancube-geometry-weights.R",FALSE,TRUE,TRUE,TRUE,FALSE,FALSE,"not-scanned","no filename evidence; content not exhaustively inspected",FALSE,"relocate","not tracked; ignored; type=artifact; size_bytes=1279","No credentials were printed. Relocate/review is a proposal, not a deletion decision."
"artifacts/h26-consolidation/main-check/oceancube.Rcheck/00_pkg_src/oceancube/inst/doc/oceancube-geometry-weights.Rmd",FALSE,TRUE,TRUE,TRUE,FALSE,FALSE,"not-scanned","no filename evidence; content not exhaustively inspected",FALSE,"relocate","not tracked; ignored; type=artifact; size_bytes=2281","No credentials were printed. Relocate/review is a proposal, not a deletion decision."
"artifacts/h26-consolidation/main-check/oceancube.Rcheck/00_pkg_src/oceancube/inst/doc/oceancube-handbook.html",FALSE,TRUE,TRUE,TRUE,FALSE,FALSE,"not-scanned","no filename evidence; content not exhaustively inspected",FALSE,"relocate","not tracked; ignored; type=website; size_bytes=10794","No credentials were printed. Relocate/review is a proposal, not a deletion decision."
"artifacts/h26-consolidation/main-check/oceancube.Rcheck/00_pkg_src/oceancube/inst/doc/oceancube-handbook.R",FALSE,TRUE,TRUE,TRUE,FALSE,FALSE,"not-scanned","no filename evidence; content not exhaustively inspected",FALSE,"relocate","not tracked; ignored; type=artifact; size_bytes=270","No credentials were printed. Relocate/review is a proposal, not a deletion decision."
"artifacts/h26-consolidation/main-check/oceancube.Rcheck/00_pkg_src/oceancube/inst/doc/oceancube-handbook.Rmd",FALSE,TRUE,TRUE,TRUE,FALSE,FALSE,"not-scanned","no filename evidence; content not exhaustively inspected",FALSE,"relocate","not tracked; ignored; type=artifact; size_bytes=858","No credentials were printed. Relocate/review is a proposal, not a deletion decision."
"artifacts/h26-consolidation/main-check/oceancube.Rcheck/00_pkg_src/oceancube/inst/doc/oceancube-introduction.html",FALSE,TRUE,TRUE,TRUE,FALSE,FALSE,"not-scanned","no filename evidence; content not exhaustively inspected",FALSE,"relocate","not tracked; ignored; type=website; size_bytes=24863","No credentials were printed. Relocate/review is a proposal, not a deletion decision."
"artifacts/h26-consolidation/main-check/oceancube.Rcheck/00_pkg_src/oceancube/inst/doc/oceancube-introduction.R",FALSE,TRUE,TRUE,TRUE,FALSE,FALSE,"not-scanned","no filename evidence; content not exhaustively inspected",FALSE,"relocate","not tracked; ignored; type=artifact; size_bytes=1818","No credentials were printed. Relocate/review is a proposal, not a deletion decision."
"artifacts/h26-consolidation/main-check/oceancube.Rcheck/00_pkg_src/oceancube/inst/doc/oceancube-introduction.Rmd",FALSE,TRUE,TRUE,TRUE,FALSE,FALSE,"not-scanned","no filename evidence; content not exhaustively inspected",FALSE,"relocate","not tracked; ignored; type=artifact; size_bytes=3510","No credentials were printed. Relocate/review is a proposal, not a deletion decision."
"artifacts/h26-consolidation/main-check/oceancube.Rcheck/00_pkg_src/oceancube/inst/examples/backend_memory.R",FALSE,TRUE,TRUE,TRUE,FALSE,FALSE,"not-scanned","no filename evidence; content not exhaustively inspected",FALSE,"relocate","not tracked; ignored; type=artifact; size_bytes=4134","No credentials were printed. Relocate/review is a proposal, not a deletion decision."
"artifacts/h26-consolidation/main-check/oceancube.Rcheck/00_pkg_src/oceancube/inst/examples/backend_netcdf_descriptor.R",FALSE,TRUE,TRUE,TRUE,FALSE,FALSE,"not-scanned","no filename evidence; content not exhaustively inspected",FALSE,"relocate","not tracked; ignored; type=artifact; size_bytes=5325","No credentials were printed. Relocate/review is a proposal, not a deletion decision."
"artifacts/h26-consolidation/main-check/oceancube.Rcheck/00_pkg_src/oceancube/inst/examples/backend_netcdf_read_block.R",FALSE,TRUE,TRUE,TRUE,FALSE,FALSE,"not-scanned","no filename evidence; content not exhaustively inspected",FALSE,"relocate","not tracked; ignored; type=artifact; size_bytes=6945","No credentials were printed. Relocate/review is a proposal, not a deletion decision."
"artifacts/h26-consolidation/main-check/oceancube.Rcheck/00_pkg_src/oceancube/inst/examples/baseline_ocean_cube.R",FALSE,TRUE,TRUE,TRUE,FALSE,FALSE,"not-scanned","no filename evidence; content not exhaustively inspected",FALSE,"relocate","not tracked; ignored; type=artifact; size_bytes=3818","No credentials were printed. Relocate/review is a proposal, not a deletion decision."
"artifacts/h26-consolidation/main-check/oceancube.Rcheck/00_pkg_src/oceancube/inst/examples/cube_crop.R",FALSE,TRUE,TRUE,TRUE,FALSE,FALSE,"not-scanned","no filename evidence; content not exhaustively inspected",FALSE,"relocate","not tracked; ignored; type=artifact; size_bytes=8850","No credentials were printed. Relocate/review is a proposal, not a deletion decision."
"artifacts/h26-consolidation/main-check/oceancube.Rcheck/00_pkg_src/oceancube/inst/examples/cube_extract.R",FALSE,TRUE,TRUE,TRUE,FALSE,FALSE,"not-scanned","no filename evidence; content not exhaustively inspected",FALSE,"relocate","not tracked; ignored; type=artifact; size_bytes=8121","No credentials were printed. Relocate/review is a proposal, not a deletion decision."
"artifacts/h26-consolidation/main-check/oceancube.Rcheck/00_pkg_src/oceancube/inst/examples/cube_geometry_weights.R",FALSE,TRUE,TRUE,TRUE,FALSE,FALSE,"not-scanned","no filename evidence; content not exhaustively inspected",FALSE,"relocate","not tracked; ignored; type=artifact; size_bytes=4213","No credentials were printed. Relocate/review is a proposal, not a deletion decision."
"artifacts/h26-consolidation/main-check/oceancube.Rcheck/00_pkg_src/oceancube/inst/examples/cube_mask.R",FALSE,TRUE,TRUE,TRUE,FALSE,FALSE,"not-scanned","no filename evidence; content not exhaustively inspected",FALSE,"relocate","not tracked; ignored; type=artifact; size_bytes=7062","No credentials were printed. Relocate/review is a proposal, not a deletion decision."
"artifacts/h26-consolidation/main-check/oceancube.Rcheck/00_pkg_src/oceancube/inst/examples/cube_slice.R",FALSE,TRUE,TRUE,TRUE,FALSE,FALSE,"not-scanned","no filename evidence; content not exhaustively inspected",FALSE,"relocate","not tracked; ignored; type=artifact; size_bytes=6515","No credentials were printed. Relocate/review is a proposal, not a deletion decision."
"artifacts/h26-consolidation/main-check/oceancube.Rcheck/00_pkg_src/oceancube/inst/examples/cube_transect.R",FALSE,TRUE,TRUE,TRUE,FALSE,FALSE,"not-scanned","no filename evidence; content not exhaustively inspected",FALSE,"relocate","not tracked; ignored; type=artifact; size_bytes=8021","No credentials were printed. Relocate/review is a proposal, not a deletion decision."
"artifacts/h26-consolidation/main-check/oceancube.Rcheck/00_pkg_src/oceancube/inst/examples/noncontiguous_collect.R",FALSE,TRUE,TRUE,TRUE,FALSE,FALSE,"not-scanned","no filename evidence; content not exhaustively inspected",FALSE,"relocate","not tracked; ignored; type=artifact; size_bytes=4050","No credentials were printed. Relocate/review is a proposal, not a deletion decision."
"artifacts/h26-consolidation/main-check/oceancube.Rcheck/00_pkg_src/oceancube/inst/examples/ocean_cube_contract.R",FALSE,TRUE,TRUE,TRUE,FALSE,FALSE,"not-scanned","no filename evidence; content not exhaustively inspected",FALSE,"relocate","not tracked; ignored; type=artifact; size_bytes=4165","No credentials were printed. Relocate/review is a proposal, not a deletion decision."
"artifacts/h26-consolidation/main-check/oceancube.Rcheck/00_pkg_src/oceancube/inst/examples/oceancube-handbook-workflow.R",FALSE,TRUE,TRUE,TRUE,FALSE,FALSE,"not-scanned","no filename evidence; content not exhaustively inspected",FALSE,"relocate","not tracked; ignored; type=artifact; size_bytes=966","No credentials were printed. Relocate/review is a proposal, not a deletion decision."
"artifacts/h26-consolidation/main-check/oceancube.Rcheck/00_pkg_src/oceancube/inst/examples/refactor_coast_dist_backend.R",FALSE,TRUE,TRUE,TRUE,FALSE,FALSE,"not-scanned","no filename evidence; content not exhaustively inspected",FALSE,"relocate","not tracked; ignored; type=artifact; size_bytes=4148","No credentials were printed. Relocate/review is a proposal, not a deletion decision."
"artifacts/h26-consolidation/main-check/oceancube.Rcheck/00_pkg_src/oceancube/inst/examples/refactor_layer_annual_backend.R",FALSE,TRUE,TRUE,TRUE,FALSE,FALSE,"not-scanned","no filename evidence; content not exhaustively inspected",FALSE,"relocate","not tracked; ignored; type=artifact; size_bytes=3773","No credentials were printed. Relocate/review is a proposal, not a deletion decision."
"artifacts/h26-consolidation/main-check/oceancube.Rcheck/00_pkg_src/oceancube/inst/examples/refactor_link_events_backend.R",FALSE,TRUE,TRUE,TRUE,FALSE,FALSE,"not-scanned","no filename evidence; content not exhaustively inspected",FALSE,"relocate","not tracked; ignored; type=artifact; size_bytes=5850","No credentials were printed. Relocate/review is a proposal, not a deletion decision."
"artifacts/h26-consolidation/main-check/oceancube.Rcheck/00_pkg_src/oceancube/inst/examples/refactor_temporal_backend.R",FALSE,TRUE,TRUE,TRUE,FALSE,FALSE,"not-scanned","no filename evidence; content not exhaustively inspected",FALSE,"relocate","not tracked; ignored; type=artifact; size_bytes=4444","No credentials were printed. Relocate/review is a proposal, not a deletion decision."
"artifacts/h26-consolidation/main-check/oceancube.Rcheck/00_pkg_src/oceancube/LICENSE",FALSE,TRUE,TRUE,TRUE,FALSE,FALSE,"not-scanned","no filename evidence; content not exhaustively inspected",FALSE,"relocate","not tracked; ignored; type=metadata; size_bytes=52","No credentials were printed. Relocate/review is a proposal, not a deletion decision."
"artifacts/h26-consolidation/main-check/oceancube.Rcheck/00_pkg_src/oceancube/man/annual_index.Rd",FALSE,TRUE,TRUE,TRUE,FALSE,FALSE,"not-scanned","no filename evidence; content not exhaustively inspected",FALSE,"relocate","not tracked; ignored; type=artifact; size_bytes=648","No credentials were printed. Relocate/review is a proposal, not a deletion decision."
"artifacts/h26-consolidation/main-check/oceancube.Rcheck/00_pkg_src/oceancube/man/anom_diff.Rd",FALSE,TRUE,TRUE,TRUE,FALSE,FALSE,"not-scanned","no filename evidence; content not exhaustively inspected",FALSE,"relocate","not tracked; ignored; type=artifact; size_bytes=499","No credentials were printed. Relocate/review is a proposal, not a deletion decision."
"artifacts/h26-consolidation/main-check/oceancube.Rcheck/00_pkg_src/oceancube/man/anom_z.Rd",FALSE,TRUE,TRUE,TRUE,FALSE,FALSE,"not-scanned","no filename evidence; content not exhaustively inspected",FALSE,"relocate","not tracked; ignored; type=artifact; size_bytes=523","No credentials were printed. Relocate/review is a proposal, not a deletion decision."
"artifacts/h26-consolidation/main-check/oceancube.Rcheck/00_pkg_src/oceancube/man/clim_day.Rd",FALSE,TRUE,TRUE,TRUE,FALSE,FALSE,"not-scanned","no filename evidence; content not exhaustively inspected",FALSE,"relocate","not tracked; ignored; type=artifact; size_bytes=1180","No credentials were printed. Relocate/review is a proposal, not a deletion decision."
"artifacts/h26-consolidation/main-check/oceancube.Rcheck/00_pkg_src/oceancube/man/clim_month.Rd",FALSE,TRUE,TRUE,TRUE,FALSE,FALSE,"not-scanned","no filename evidence; content not exhaustively inspected",FALSE,"relocate","not tracked; ignored; type=artifact; size_bytes=449","No credentials were printed. Relocate/review is a proposal, not a deletion decision."
"artifacts/h26-consolidation/main-check/oceancube.Rcheck/00_pkg_src/oceancube/man/cm_connect.Rd",FALSE,TRUE,TRUE,TRUE,FALSE,FALSE,"not-scanned","no filename evidence; content not exhaustively inspected",FALSE,"relocate","not tracked; ignored; type=artifact; size_bytes=621","No credentials were printed. Relocate/review is a proposal, not a deletion decision."
"artifacts/h26-consolidation/main-check/oceancube.Rcheck/00_pkg_src/oceancube/man/cm_setup.Rd",FALSE,TRUE,TRUE,TRUE,FALSE,FALSE,"not-scanned","no filename evidence; content not exhaustively inspected",FALSE,"relocate","not tracked; ignored; type=artifact; size_bytes=764","No credentials were printed. Relocate/review is a proposal, not a deletion decision."
"artifacts/h26-consolidation/main-check/oceancube.Rcheck/00_pkg_src/oceancube/man/coast_dist.Rd",FALSE,TRUE,TRUE,TRUE,FALSE,FALSE,"not-scanned","no filename evidence; content not exhaustively inspected",FALSE,"relocate","not tracked; ignored; type=artifact; size_bytes=518","No credentials were printed. Relocate/review is a proposal, not a deletion decision."
"artifacts/h26-consolidation/main-check/oceancube.Rcheck/00_pkg_src/oceancube/man/crop_stock.Rd",FALSE,TRUE,TRUE,TRUE,FALSE,FALSE,"not-scanned","no filename evidence; content not exhaustively inspected",FALSE,"relocate","not tracked; ignored; type=artifact; size_bytes=401","No credentials were printed. Relocate/review is a proposal, not a deletion decision."
"artifacts/h26-consolidation/main-check/oceancube.Rcheck/00_pkg_src/oceancube/man/cube_cell_area.Rd",FALSE,TRUE,TRUE,TRUE,FALSE,FALSE,"not-scanned","no filename evidence; content not exhaustively inspected",FALSE,"relocate","not tracked; ignored; type=artifact; size_bytes=837","No credentials were printed. Relocate/review is a proposal, not a deletion decision."
"artifacts/h26-consolidation/main-check/oceancube.Rcheck/00_pkg_src/oceancube/man/cube_cell_volume.Rd",FALSE,TRUE,TRUE,TRUE,FALSE,FALSE,"not-scanned","no filename evidence; content not exhaustively inspected",FALSE,"relocate","not tracked; ignored; type=artifact; size_bytes=933","No credentials were printed. Relocate/review is a proposal, not a deletion decision."
"artifacts/h26-consolidation/main-check/oceancube.Rcheck/00_pkg_src/oceancube/man/cube_collect.Rd",FALSE,TRUE,TRUE,TRUE,FALSE,FALSE,"not-scanned","no filename evidence; content not exhaustively inspected",FALSE,"relocate","not tracked; ignored; type=artifact; size_bytes=1350","No credentials were printed. Relocate/review is a proposal, not a deletion decision."
"artifacts/h26-consolidation/main-check/oceancube.Rcheck/00_pkg_src/oceancube/man/cube_crop.Rd",FALSE,TRUE,TRUE,TRUE,FALSE,FALSE,"not-scanned","no filename evidence; content not exhaustively inspected",FALSE,"relocate","not tracked; ignored; type=artifact; size_bytes=3036","No credentials were printed. Relocate/review is a proposal, not a deletion decision."
"artifacts/h26-consolidation/main-check/oceancube.Rcheck/00_pkg_src/oceancube/man/cube_extract.Rd",FALSE,TRUE,TRUE,TRUE,FALSE,FALSE,"not-scanned","no filename evidence; content not exhaustively inspected",FALSE,"relocate","not tracked; ignored; type=artifact; size_bytes=4541","No credentials were printed. Relocate/review is a proposal, not a deletion decision."
"artifacts/h26-consolidation/main-check/oceancube.Rcheck/00_pkg_src/oceancube/man/cube_layer_thickness.Rd",FALSE,TRUE,TRUE,TRUE,FALSE,FALSE,"not-scanned","no filename evidence; content not exhaustively inspected",FALSE,"relocate","not tracked; ignored; type=artifact; size_bytes=1083","No credentials were printed. Relocate/review is a proposal, not a deletion decision."
"artifacts/h26-consolidation/main-check/oceancube.Rcheck/00_pkg_src/oceancube/man/cube_mask.Rd",FALSE,TRUE,TRUE,TRUE,FALSE,FALSE,"not-scanned","no filename evidence; content not exhaustively inspected",FALSE,"relocate","not tracked; ignored; type=artifact; size_bytes=3838","No credentials were printed. Relocate/review is a proposal, not a deletion decision."
"artifacts/h26-consolidation/main-check/oceancube.Rcheck/00_pkg_src/oceancube/man/cube_polygon_weights.Rd",FALSE,TRUE,TRUE,TRUE,FALSE,FALSE,"not-scanned","no filename evidence; content not exhaustively inspected",FALSE,"relocate","not tracked; ignored; type=artifact; size_bytes=2264","No credentials were printed. Relocate/review is a proposal, not a deletion decision."
"artifacts/h26-consolidation/main-check/oceancube.Rcheck/00_pkg_src/oceancube/man/cube_slice.Rd",FALSE,TRUE,TRUE,TRUE,FALSE,FALSE,"not-scanned","no filename evidence; content not exhaustively inspected",FALSE,"relocate","not tracked; ignored; type=artifact; size_bytes=3210","No credentials were printed. Relocate/review is a proposal, not a deletion decision."
"artifacts/h26-consolidation/main-check/oceancube.Rcheck/00_pkg_src/oceancube/man/cube_transect.Rd",FALSE,TRUE,TRUE,TRUE,FALSE,FALSE,"not-scanned","no filename evidence; content not exhaustively inspected",FALSE,"relocate","not tracked; ignored; type=artifact; size_bytes=4791","No credentials were printed. Relocate/review is a proposal, not a deletion decision."
"artifacts/h26-consolidation/main-check/oceancube.Rcheck/00_pkg_src/oceancube/man/download_nc.Rd",FALSE,TRUE,TRUE,TRUE,FALSE,FALSE,"not-scanned","no filename evidence; content not exhaustively inspected",FALSE,"relocate","not tracked; ignored; type=artifact; size_bytes=1322","No credentials were printed. Relocate/review is a proposal, not a deletion decision."
"artifacts/h26-consolidation/main-check/oceancube.Rcheck/00_pkg_src/oceancube/man/layer_mean.Rd",FALSE,TRUE,TRUE,TRUE,FALSE,FALSE,"not-scanned","no filename evidence; content not exhaustively inspected",FALSE,"relocate","not tracked; ignored; type=artifact; size_bytes=575","No credentials were printed. Relocate/review is a proposal, not a deletion decision."
"artifacts/h26-consolidation/main-check/oceancube.Rcheck/00_pkg_src/oceancube/man/link_events.Rd",FALSE,TRUE,TRUE,TRUE,FALSE,FALSE,"not-scanned","no filename evidence; content not exhaustively inspected",FALSE,"relocate","not tracked; ignored; type=artifact; size_bytes=1740","No credentials were printed. Relocate/review is a proposal, not a deletion decision."
"artifacts/h26-consolidation/main-check/oceancube.Rcheck/00_pkg_src/oceancube/man/ocean_cube.Rd",FALSE,TRUE,TRUE,TRUE,FALSE,FALSE,"not-scanned","no filename evidence; content not exhaustively inspected",FALSE,"relocate","not tracked; ignored; type=artifact; size_bytes=4168","No credentials were printed. Relocate/review is a proposal, not a deletion decision."
"artifacts/h26-consolidation/main-check/oceancube.Rcheck/00_pkg_src/oceancube/man/read_nc.Rd",FALSE,TRUE,TRUE,TRUE,FALSE,FALSE,"not-scanned","no filename evidence; content not exhaustively inspected",FALSE,"relocate","not tracked; ignored; type=artifact; size_bytes=935","No credentials were printed. Relocate/review is a proposal, not a deletion decision."
"artifacts/h26-consolidation/main-check/oceancube.Rcheck/00_pkg_src/oceancube/man/signal_noise.Rd",FALSE,TRUE,TRUE,TRUE,FALSE,FALSE,"not-scanned","no filename evidence; content not exhaustively inspected",FALSE,"relocate","not tracked; ignored; type=artifact; size_bytes=587","No credentials were printed. Relocate/review is a proposal, not a deletion decision."
"artifacts/h26-consolidation/main-check/oceancube.Rcheck/00_pkg_src/oceancube/man/stock_mask.Rd",FALSE,TRUE,TRUE,TRUE,FALSE,FALSE,"not-scanned","no filename evidence; content not exhaustively inspected",FALSE,"relocate","not tracked; ignored; type=artifact; size_bytes=667","No credentials were printed. Relocate/review is a proposal, not a deletion decision."
"artifacts/h26-consolidation/main-check/oceancube.Rcheck/00_pkg_src/oceancube/man/to_month.Rd",FALSE,TRUE,TRUE,TRUE,FALSE,FALSE,"not-scanned","no filename evidence; content not exhaustively inspected",FALSE,"relocate","not tracked; ignored; type=artifact; size_bytes=448","No credentials were printed. Relocate/review is a proposal, not a deletion decision."
"artifacts/h26-consolidation/main-check/oceancube.Rcheck/00_pkg_src/oceancube/NAMESPACE",FALSE,TRUE,TRUE,TRUE,FALSE,FALSE,"not-scanned","no filename evidence; content not exhaustively inspected",FALSE,"relocate","not tracked; ignored; type=metadata; size_bytes=729","No credentials were printed. Relocate/review is a proposal, not a deletion decision."
"artifacts/h26-consolidation/main-check/oceancube.Rcheck/00_pkg_src/oceancube/NEWS.md",FALSE,TRUE,TRUE,TRUE,FALSE,FALSE,"not-scanned","no filename evidence; content not exhaustively inspected",FALSE,"relocate","not tracked; ignored; type=documentation; size_bytes=1710","No credentials were printed. Relocate/review is a proposal, not a deletion decision."
"artifacts/h26-consolidation/main-check/oceancube.Rcheck/00_pkg_src/oceancube/R/annual_index.R",FALSE,TRUE,TRUE,TRUE,FALSE,FALSE,"not-scanned","no filename evidence; content not exhaustively inspected",FALSE,"relocate","not tracked; ignored; type=artifact; size_bytes=2204","No credentials were printed. Relocate/review is a proposal, not a deletion decision."
"artifacts/h26-consolidation/main-check/oceancube.Rcheck/00_pkg_src/oceancube/R/anom_diff.R",FALSE,TRUE,TRUE,TRUE,FALSE,FALSE,"not-scanned","no filename evidence; content not exhaustively inspected",FALSE,"relocate","not tracked; ignored; type=artifact; size_bytes=4456","No credentials were printed. Relocate/review is a proposal, not a deletion decision."
"artifacts/h26-consolidation/main-check/oceancube.Rcheck/00_pkg_src/oceancube/R/backend-index.R",FALSE,TRUE,TRUE,TRUE,FALSE,FALSE,"not-scanned","no filename evidence; content not exhaustively inspected",FALSE,"relocate","not tracked; ignored; type=artifact; size_bytes=4709","No credentials were printed. Relocate/review is a proposal, not a deletion decision."
"artifacts/h26-consolidation/main-check/oceancube.Rcheck/00_pkg_src/oceancube/R/backend-memory.R",FALSE,TRUE,TRUE,TRUE,FALSE,FALSE,"not-scanned","no filename evidence; content not exhaustively inspected",FALSE,"relocate","not tracked; ignored; type=artifact; size_bytes=14104","No credentials were printed. Relocate/review is a proposal, not a deletion decision."
"artifacts/h26-consolidation/main-check/oceancube.Rcheck/00_pkg_src/oceancube/R/backend-netcdf.R",FALSE,TRUE,TRUE,TRUE,FALSE,FALSE,"not-scanned","no filename evidence; content not exhaustively inspected",FALSE,"relocate","not tracked; ignored; type=artifact; size_bytes=48773","No credentials were printed. Relocate/review is a proposal, not a deletion decision."
"artifacts/h26-consolidation/main-check/oceancube.Rcheck/00_pkg_src/oceancube/R/clim_day.R",FALSE,TRUE,TRUE,TRUE,FALSE,FALSE,"not-scanned","no filename evidence; content not exhaustively inspected",FALSE,"relocate","not tracked; ignored; type=artifact; size_bytes=4595","No credentials were printed. Relocate/review is a proposal, not a deletion decision."
"artifacts/h26-consolidation/main-check/oceancube.Rcheck/00_pkg_src/oceancube/R/clim_month.R",FALSE,TRUE,TRUE,TRUE,FALSE,FALSE,"not-scanned","no filename evidence; content not exhaustively inspected",FALSE,"relocate","not tracked; ignored; type=artifact; size_bytes=2024","No credentials were printed. Relocate/review is a proposal, not a deletion decision."
"artifacts/h26-consolidation/main-check/oceancube.Rcheck/00_pkg_src/oceancube/R/cm_setup.R",FALSE,TRUE,TRUE,TRUE,FALSE,FALSE,"not-scanned","no filename evidence; content not exhaustively inspected",FALSE,"relocate","not tracked; ignored; type=artifact; size_bytes=2382","No credentials were printed. Relocate/review is a proposal, not a deletion decision."
"artifacts/h26-consolidation/main-check/oceancube.Rcheck/00_pkg_src/oceancube/R/coast_dist.R",FALSE,TRUE,TRUE,TRUE,FALSE,FALSE,"not-scanned","no filename evidence; content not exhaustively inspected",FALSE,"relocate","not tracked; ignored; type=artifact; size_bytes=1319","No credentials were printed. Relocate/review is a proposal, not a deletion decision."
"artifacts/h26-consolidation/main-check/oceancube.Rcheck/00_pkg_src/oceancube/R/cube_collect.R",FALSE,TRUE,TRUE,TRUE,FALSE,FALSE,"not-scanned","no filename evidence; content not exhaustively inspected",FALSE,"relocate","not tracked; ignored; type=artifact; size_bytes=3012","No credentials were printed. Relocate/review is a proposal, not a deletion decision."
"artifacts/h26-consolidation/main-check/oceancube.Rcheck/00_pkg_src/oceancube/R/cube_crop.R",FALSE,TRUE,TRUE,TRUE,FALSE,FALSE,"not-scanned","no filename evidence; content not exhaustively inspected",FALSE,"relocate","not tracked; ignored; type=artifact; size_bytes=15305","No credentials were printed. Relocate/review is a proposal, not a deletion decision."
"artifacts/h26-consolidation/main-check/oceancube.Rcheck/00_pkg_src/oceancube/R/cube_extract.R",FALSE,TRUE,TRUE,TRUE,FALSE,FALSE,"not-scanned","no filename evidence; content not exhaustively inspected",FALSE,"relocate","not tracked; ignored; type=artifact; size_bytes=16982","No credentials were printed. Relocate/review is a proposal, not a deletion decision."
"artifacts/h26-consolidation/main-check/oceancube.Rcheck/00_pkg_src/oceancube/R/cube_grid_geometry.R",FALSE,TRUE,TRUE,TRUE,FALSE,FALSE,"not-scanned","no filename evidence; content not exhaustively inspected",FALSE,"relocate","not tracked; ignored; type=artifact; size_bytes=15205","No credentials were printed. Relocate/review is a proposal, not a deletion decision."
"artifacts/h26-consolidation/main-check/oceancube.Rcheck/00_pkg_src/oceancube/R/cube_mask.R",FALSE,TRUE,TRUE,TRUE,FALSE,FALSE,"not-scanned","no filename evidence; content not exhaustively inspected",FALSE,"relocate","not tracked; ignored; type=artifact; size_bytes=19656","No credentials were printed. Relocate/review is a proposal, not a deletion decision."
"artifacts/h26-consolidation/main-check/oceancube.Rcheck/00_pkg_src/oceancube/R/cube_polygon_weights.R",FALSE,TRUE,TRUE,TRUE,FALSE,FALSE,"not-scanned","no filename evidence; content not exhaustively inspected",FALSE,"relocate","not tracked; ignored; type=artifact; size_bytes=11842","No credentials were printed. Relocate/review is a proposal, not a deletion decision."
"artifacts/h26-consolidation/main-check/oceancube.Rcheck/00_pkg_src/oceancube/R/cube_slice.R",FALSE,TRUE,TRUE,TRUE,FALSE,FALSE,"not-scanned","no filename evidence; content not exhaustively inspected",FALSE,"relocate","not tracked; ignored; type=artifact; size_bytes=20032","No credentials were printed. Relocate/review is a proposal, not a deletion decision."
"artifacts/h26-consolidation/main-check/oceancube.Rcheck/00_pkg_src/oceancube/R/cube_transect.R",FALSE,TRUE,TRUE,TRUE,FALSE,FALSE,"not-scanned","no filename evidence; content not exhaustively inspected",FALSE,"relocate","not tracked; ignored; type=artifact; size_bytes=20123","No credentials were printed. Relocate/review is a proposal, not a deletion decision."
"artifacts/h26-consolidation/main-check/oceancube.Rcheck/00_pkg_src/oceancube/R/download_nc.R",FALSE,TRUE,TRUE,TRUE,FALSE,FALSE,"not-scanned","no filename evidence; content not exhaustively inspected",FALSE,"relocate","not tracked; ignored; type=artifact; size_bytes=3417","No credentials were printed. Relocate/review is a proposal, not a deletion decision."
"artifacts/h26-consolidation/main-check/oceancube.Rcheck/00_pkg_src/oceancube/R/layer_mean.R",FALSE,TRUE,TRUE,TRUE,FALSE,FALSE,"not-scanned","no filename evidence; content not exhaustively inspected",FALSE,"relocate","not tracked; ignored; type=artifact; size_bytes=2086","No credentials were printed. Relocate/review is a proposal, not a deletion decision."
"artifacts/h26-consolidation/main-check/oceancube.Rcheck/00_pkg_src/oceancube/R/link_events.R",FALSE,TRUE,TRUE,TRUE,FALSE,FALSE,"not-scanned","no filename evidence; content not exhaustively inspected",FALSE,"relocate","not tracked; ignored; type=artifact; size_bytes=5559","No credentials were printed. Relocate/review is a proposal, not a deletion decision."
"artifacts/h26-consolidation/main-check/oceancube.Rcheck/00_pkg_src/oceancube/R/ocean_cube.R",FALSE,TRUE,TRUE,TRUE,FALSE,FALSE,"not-scanned","no filename evidence; content not exhaustively inspected",FALSE,"relocate","not tracked; ignored; type=artifact; size_bytes=8069","No credentials were printed. Relocate/review is a proposal, not a deletion decision."
"artifacts/h26-consolidation/main-check/oceancube.Rcheck/00_pkg_src/oceancube/R/read_nc.R",FALSE,TRUE,TRUE,TRUE,FALSE,FALSE,"not-scanned","no filename evidence; content not exhaustively inspected",FALSE,"relocate","not tracked; ignored; type=artifact; size_bytes=4118","No credentials were printed. Relocate/review is a proposal, not a deletion decision."
"artifacts/h26-consolidation/main-check/oceancube.Rcheck/00_pkg_src/oceancube/R/stock_mask.R",FALSE,TRUE,TRUE,TRUE,FALSE,FALSE,"not-scanned","no filename evidence; content not exhaustively inspected",FALSE,"relocate","not tracked; ignored; type=artifact; size_bytes=3420","No credentials were printed. Relocate/review is a proposal, not a deletion decision."
"artifacts/h26-consolidation/main-check/oceancube.Rcheck/00_pkg_src/oceancube/R/to_month.R",FALSE,TRUE,TRUE,TRUE,FALSE,FALSE,"not-scanned","no filename evidence; content not exhaustively inspected",FALSE,"relocate","not tracked; ignored; type=artifact; size_bytes=1216","No credentials were printed. Relocate/review is a proposal, not a deletion decision."
"artifacts/h26-consolidation/main-check/oceancube.Rcheck/00_pkg_src/oceancube/R/utils-internal.R",FALSE,TRUE,TRUE,TRUE,FALSE,FALSE,"not-scanned","no filename evidence; content not exhaustively inspected",FALSE,"relocate","not tracked; ignored; type=artifact; size_bytes=13171","No credentials were printed. Relocate/review is a proposal, not a deletion decision."
"artifacts/h26-consolidation/main-check/oceancube.Rcheck/00_pkg_src/oceancube/README.md",FALSE,TRUE,TRUE,TRUE,FALSE,FALSE,"not-scanned","no filename evidence; content not exhaustively inspected",FALSE,"relocate","not tracked; ignored; type=documentation; size_bytes=4365","No credentials were printed. Relocate/review is a proposal, not a deletion decision."
"artifacts/h26-consolidation/main-check/oceancube.Rcheck/00_pkg_src/oceancube/tests/testthat.R",FALSE,TRUE,TRUE,TRUE,FALSE,FALSE,"not-scanned","no filename evidence; content not exhaustively inspected",FALSE,"relocate","not tracked; ignored; type=artifact; size_bytes=62","No credentials were printed. Relocate/review is a proposal, not a deletion decision."
"artifacts/h26-consolidation/main-check/oceancube.Rcheck/00_pkg_src/oceancube/tests/testthat/helper-architecture.R",FALSE,TRUE,TRUE,TRUE,FALSE,FALSE,"not-scanned","no filename evidence; content not exhaustively inspected",FALSE,"relocate","not tracked; ignored; type=artifact; size_bytes=2177","No credentials were printed. Relocate/review is a proposal, not a deletion decision."
"artifacts/h26-consolidation/main-check/oceancube.Rcheck/00_pkg_src/oceancube/tests/testthat/helper-baseline-cube.R",FALSE,TRUE,TRUE,TRUE,FALSE,FALSE,"not-scanned","no filename evidence; content not exhaustively inspected",FALSE,"relocate","not tracked; ignored; type=artifact; size_bytes=1614","No credentials were printed. Relocate/review is a proposal, not a deletion decision."
"artifacts/h26-consolidation/main-check/oceancube.Rcheck/00_pkg_src/oceancube/tests/testthat/helper-geometry.R",FALSE,TRUE,TRUE,TRUE,FALSE,FALSE,"not-scanned","no filename evidence; content not exhaustively inspected",FALSE,"relocate","not tracked; ignored; type=artifact; size_bytes=519","No credentials were printed. Relocate/review is a proposal, not a deletion decision."
"artifacts/h26-consolidation/main-check/oceancube.Rcheck/00_pkg_src/oceancube/tests/testthat/helper-netcdf-backend.R",FALSE,TRUE,TRUE,TRUE,FALSE,FALSE,"not-scanned","no filename evidence; content not exhaustively inspected",FALSE,"relocate","not tracked; ignored; type=artifact; size_bytes=8532","No credentials were printed. Relocate/review is a proposal, not a deletion decision."
"artifacts/h26-consolidation/main-check/oceancube.Rcheck/00_pkg_src/oceancube/tests/testthat/test-backend-memory.R",FALSE,TRUE,TRUE,TRUE,FALSE,FALSE,"not-scanned","no filename evidence; content not exhaustively inspected",FALSE,"relocate","not tracked; ignored; type=artifact; size_bytes=11296","No credentials were printed. Relocate/review is a proposal, not a deletion decision."
"artifacts/h26-consolidation/main-check/oceancube.Rcheck/00_pkg_src/oceancube/tests/testthat/test-backend-netcdf-descriptor.R",FALSE,TRUE,TRUE,TRUE,FALSE,FALSE,"not-scanned","no filename evidence; content not exhaustively inspected",FALSE,"relocate","not tracked; ignored; type=artifact; size_bytes=18807","No credentials were printed. Relocate/review is a proposal, not a deletion decision."
"artifacts/h26-consolidation/main-check/oceancube.Rcheck/00_pkg_src/oceancube/tests/testthat/test-backend-netcdf-noncontiguous.R",FALSE,TRUE,TRUE,TRUE,FALSE,FALSE,"not-scanned","no filename evidence; content not exhaustively inspected",FALSE,"relocate","not tracked; ignored; type=artifact; size_bytes=11161","No credentials were printed. Relocate/review is a proposal, not a deletion decision."
"artifacts/h26-consolidation/main-check/oceancube.Rcheck/00_pkg_src/oceancube/tests/testthat/test-backend-netcdf-read-block.R",FALSE,TRUE,TRUE,TRUE,FALSE,FALSE,"not-scanned","no filename evidence; content not exhaustively inspected",FALSE,"relocate","not tracked; ignored; type=artifact; size_bytes=18634","No credentials were printed. Relocate/review is a proposal, not a deletion decision."
"artifacts/h26-consolidation/main-check/oceancube.Rcheck/00_pkg_src/oceancube/tests/testthat/test-clim-anom.R",FALSE,TRUE,TRUE,TRUE,FALSE,FALSE,"not-scanned","no filename evidence; content not exhaustively inspected",FALSE,"relocate","not tracked; ignored; type=artifact; size_bytes=1091","No credentials were printed. Relocate/review is a proposal, not a deletion decision."
"artifacts/h26-consolidation/main-check/oceancube.Rcheck/00_pkg_src/oceancube/tests/testthat/test-cube-collect.R",FALSE,TRUE,TRUE,TRUE,FALSE,FALSE,"not-scanned","no filename evidence; content not exhaustively inspected",FALSE,"relocate","not tracked; ignored; type=artifact; size_bytes=7691","No credentials were printed. Relocate/review is a proposal, not a deletion decision."
"artifacts/h26-consolidation/main-check/oceancube.Rcheck/00_pkg_src/oceancube/tests/testthat/test-cube-crop.R",FALSE,TRUE,TRUE,TRUE,FALSE,FALSE,"not-scanned","no filename evidence; content not exhaustively inspected",FALSE,"relocate","not tracked; ignored; type=artifact; size_bytes=24655","No credentials were printed. Relocate/review is a proposal, not a deletion decision."
"artifacts/h26-consolidation/main-check/oceancube.Rcheck/00_pkg_src/oceancube/tests/testthat/test-cube-extract.R",FALSE,TRUE,TRUE,TRUE,FALSE,FALSE,"not-scanned","no filename evidence; content not exhaustively inspected",FALSE,"relocate","not tracked; ignored; type=artifact; size_bytes=30034","No credentials were printed. Relocate/review is a proposal, not a deletion decision."
"artifacts/h26-consolidation/main-check/oceancube.Rcheck/00_pkg_src/oceancube/tests/testthat/test-cube-grid-geometry.R",FALSE,TRUE,TRUE,TRUE,FALSE,FALSE,"not-scanned","no filename evidence; content not exhaustively inspected",FALSE,"relocate","not tracked; ignored; type=artifact; size_bytes=8928","No credentials were printed. Relocate/review is a proposal, not a deletion decision."
"artifacts/h26-consolidation/main-check/oceancube.Rcheck/00_pkg_src/oceancube/tests/testthat/test-cube-mask.R",FALSE,TRUE,TRUE,TRUE,FALSE,FALSE,"not-scanned","no filename evidence; content not exhaustively inspected",FALSE,"relocate","not tracked; ignored; type=artifact; size_bytes=11424","No credentials were printed. Relocate/review is a proposal, not a deletion decision."
"artifacts/h26-consolidation/main-check/oceancube.Rcheck/00_pkg_src/oceancube/tests/testthat/test-cube-polygon-weights.R",FALSE,TRUE,TRUE,TRUE,FALSE,FALSE,"not-scanned","no filename evidence; content not exhaustively inspected",FALSE,"relocate","not tracked; ignored; type=artifact; size_bytes=12663","No credentials were printed. Relocate/review is a proposal, not a deletion decision."
"artifacts/h26-consolidation/main-check/oceancube.Rcheck/00_pkg_src/oceancube/tests/testthat/test-cube-slice.R",FALSE,TRUE,TRUE,TRUE,FALSE,FALSE,"not-scanned","no filename evidence; content not exhaustively inspected",FALSE,"relocate","not tracked; ignored; type=artifact; size_bytes=23659","No credentials were printed. Relocate/review is a proposal, not a deletion decision."
"artifacts/h26-consolidation/main-check/oceancube.Rcheck/00_pkg_src/oceancube/tests/testthat/test-cube-transect.R",FALSE,TRUE,TRUE,TRUE,FALSE,FALSE,"not-scanned","no filename evidence; content not exhaustively inspected",FALSE,"relocate","not tracked; ignored; type=artifact; size_bytes=10435","No credentials were printed. Relocate/review is a proposal, not a deletion decision."
"artifacts/h26-consolidation/main-check/oceancube.Rcheck/00_pkg_src/oceancube/tests/testthat/test-daily-link.R",FALSE,TRUE,TRUE,TRUE,FALSE,FALSE,"not-scanned","no filename evidence; content not exhaustively inspected",FALSE,"relocate","not tracked; ignored; type=artifact; size_bytes=1547","No credentials were printed. Relocate/review is a proposal, not a deletion decision."
"artifacts/h26-consolidation/main-check/oceancube.Rcheck/00_pkg_src/oceancube/tests/testthat/test-layer-time-mask.R",FALSE,TRUE,TRUE,TRUE,FALSE,FALSE,"not-scanned","no filename evidence; content not exhaustively inspected",FALSE,"relocate","not tracked; ignored; type=artifact; size_bytes=1451","No credentials were printed. Relocate/review is a proposal, not a deletion decision."
"artifacts/h26-consolidation/main-check/oceancube.Rcheck/00_pkg_src/oceancube/tests/testthat/test-no-direct-data-access.R",FALSE,TRUE,TRUE,TRUE,FALSE,FALSE,"not-scanned","no filename evidence; content not exhaustively inspected",FALSE,"relocate","not tracked; ignored; type=artifact; size_bytes=1984","No credentials were printed. Relocate/review is a proposal, not a deletion decision."
"artifacts/h26-consolidation/main-check/oceancube.Rcheck/00_pkg_src/oceancube/tests/testthat/test-ocean-cube-baseline.R",FALSE,TRUE,TRUE,TRUE,FALSE,FALSE,"not-scanned","no filename evidence; content not exhaustively inspected",FALSE,"relocate","not tracked; ignored; type=artifact; size_bytes=3725","No credentials were printed. Relocate/review is a proposal, not a deletion decision."
"artifacts/h26-consolidation/main-check/oceancube.Rcheck/00_pkg_src/oceancube/tests/testthat/test-ocean-cube-contract.R",FALSE,TRUE,TRUE,TRUE,FALSE,FALSE,"not-scanned","no filename evidence; content not exhaustively inspected",FALSE,"relocate","not tracked; ignored; type=artifact; size_bytes=10758","No credentials were printed. Relocate/review is a proposal, not a deletion decision."
"artifacts/h26-consolidation/main-check/oceancube.Rcheck/00_pkg_src/oceancube/tests/testthat/test-ocean-cube.R",FALSE,TRUE,TRUE,TRUE,FALSE,FALSE,"not-scanned","no filename evidence; content not exhaustively inspected",FALSE,"relocate","not tracked; ignored; type=artifact; size_bytes=836","No credentials were printed. Relocate/review is a proposal, not a deletion decision."
"artifacts/h26-consolidation/main-check/oceancube.Rcheck/00_pkg_src/oceancube/tests/testthat/test-package-boundary-spatind.R",FALSE,TRUE,TRUE,TRUE,FALSE,FALSE,"not-scanned","no filename evidence; content not exhaustively inspected",FALSE,"relocate","not tracked; ignored; type=artifact; size_bytes=1631","No credentials were printed. Relocate/review is a proposal, not a deletion decision."
"artifacts/h26-consolidation/main-check/oceancube.Rcheck/00_pkg_src/oceancube/tests/testthat/test-read-nc-baseline.R",FALSE,TRUE,TRUE,TRUE,FALSE,FALSE,"not-scanned","no filename evidence; content not exhaustively inspected",FALSE,"relocate","not tracked; ignored; type=artifact; size_bytes=3587","No credentials were printed. Relocate/review is a proposal, not a deletion decision."
"artifacts/h26-consolidation/main-check/oceancube.Rcheck/00_pkg_src/oceancube/tests/testthat/test-refactor-coast-dist-backend.R",FALSE,TRUE,TRUE,TRUE,FALSE,FALSE,"not-scanned","no filename evidence; content not exhaustively inspected",FALSE,"relocate","not tracked; ignored; type=artifact; size_bytes=9789","No credentials were printed. Relocate/review is a proposal, not a deletion decision."
"artifacts/h26-consolidation/main-check/oceancube.Rcheck/00_pkg_src/oceancube/tests/testthat/test-refactor-layer-annual-backend.R",FALSE,TRUE,TRUE,TRUE,FALSE,FALSE,"not-scanned","no filename evidence; content not exhaustively inspected",FALSE,"relocate","not tracked; ignored; type=artifact; size_bytes=11100","No credentials were printed. Relocate/review is a proposal, not a deletion decision."
"artifacts/h26-consolidation/main-check/oceancube.Rcheck/00_pkg_src/oceancube/tests/testthat/test-refactor-link-events-backend.R",FALSE,TRUE,TRUE,TRUE,FALSE,FALSE,"not-scanned","no filename evidence; content not exhaustively inspected",FALSE,"relocate","not tracked; ignored; type=artifact; size_bytes=17904","No credentials were printed. Relocate/review is a proposal, not a deletion decision."
"artifacts/h26-consolidation/main-check/oceancube.Rcheck/00_pkg_src/oceancube/tests/testthat/test-refactor-temporal-backend.R",FALSE,TRUE,TRUE,TRUE,FALSE,FALSE,"not-scanned","no filename evidence; content not exhaustively inspected",FALSE,"relocate","not tracked; ignored; type=artifact; size_bytes=11592","No credentials were printed. Relocate/review is a proposal, not a deletion decision."
"artifacts/h26-consolidation/main-check/oceancube.Rcheck/00_pkg_src/oceancube/tests/testthat/test-release-contract.R",FALSE,TRUE,TRUE,TRUE,FALSE,FALSE,"not-scanned","no filename evidence; content not exhaustively inspected",FALSE,"relocate","not tracked; ignored; type=artifact; size_bytes=4711","No credentials were printed. Relocate/review is a proposal, not a deletion decision."
"artifacts/h26-consolidation/main-check/oceancube.Rcheck/00_pkg_src/oceancube/tests/testthat/test-scientific-baseline.R",FALSE,TRUE,TRUE,TRUE,FALSE,FALSE,"not-scanned","no filename evidence; content not exhaustively inspected",FALSE,"relocate","not tracked; ignored; type=artifact; size_bytes=4734","No credentials were printed. Relocate/review is a proposal, not a deletion decision."
"artifacts/h26-consolidation/main-check/oceancube.Rcheck/00_pkg_src/oceancube/vignettes/get-started.Rmd",FALSE,TRUE,TRUE,TRUE,FALSE,FALSE,"not-scanned","no filename evidence; content not exhaustively inspected",FALSE,"relocate","not tracked; ignored; type=artifact; size_bytes=760","No credentials were printed. Relocate/review is a proposal, not a deletion decision."
"artifacts/h26-consolidation/main-check/oceancube.Rcheck/00_pkg_src/oceancube/vignettes/oceancube-architecture.Rmd",FALSE,TRUE,TRUE,TRUE,FALSE,FALSE,"not-scanned","no filename evidence; content not exhaustively inspected",FALSE,"relocate","not tracked; ignored; type=artifact; size_bytes=2615","No credentials were printed. Relocate/review is a proposal, not a deletion decision."
"artifacts/h26-consolidation/main-check/oceancube.Rcheck/00_pkg_src/oceancube/vignettes/oceancube-geometry-weights.Rmd",FALSE,TRUE,TRUE,TRUE,FALSE,FALSE,"not-scanned","no filename evidence; content not exhaustively inspected",FALSE,"relocate","not tracked; ignored; type=artifact; size_bytes=2281","No credentials were printed. Relocate/review is a proposal, not a deletion decision."
"artifacts/h26-consolidation/main-check/oceancube.Rcheck/00_pkg_src/oceancube/vignettes/oceancube-handbook.Rmd",FALSE,TRUE,TRUE,TRUE,FALSE,FALSE,"not-scanned","no filename evidence; content not exhaustively inspected",FALSE,"relocate","not tracked; ignored; type=artifact; size_bytes=858","No credentials were printed. Relocate/review is a proposal, not a deletion decision."
"artifacts/h26-consolidation/main-check/oceancube.Rcheck/00_pkg_src/oceancube/vignettes/oceancube-introduction.Rmd",FALSE,TRUE,TRUE,TRUE,FALSE,FALSE,"not-scanned","no filename evidence; content not exhaustively inspected",FALSE,"relocate","not tracked; ignored; type=artifact; size_bytes=3510","No credentials were printed. Relocate/review is a proposal, not a deletion decision."
"artifacts/h26-consolidation/main-check/oceancube.Rcheck/00check.log",FALSE,TRUE,TRUE,TRUE,FALSE,FALSE,"not-scanned","no filename evidence; content not exhaustively inspected",FALSE,"relocate","not tracked; ignored; type=artifact; size_bytes=2612","No credentials were printed. Relocate/review is a proposal, not a deletion decision."
"artifacts/h26-consolidation/main-check/oceancube.Rcheck/00install.out",FALSE,TRUE,TRUE,TRUE,FALSE,FALSE,"not-scanned","no filename evidence; content not exhaustively inspected",FALSE,"relocate","not tracked; ignored; type=artifact; size_bytes=523","No credentials were printed. Relocate/review is a proposal, not a deletion decision."
"artifacts/h26-consolidation/main-check/oceancube.Rcheck/oceancube-Ex.pdf",FALSE,TRUE,TRUE,TRUE,FALSE,FALSE,"not-scanned","no filename evidence; content not exhaustively inspected",FALSE,"relocate","not tracked; ignored; type=artifact; size_bytes=3611","No credentials were printed. Relocate/review is a proposal, not a deletion decision."
"artifacts/h26-consolidation/main-check/oceancube.Rcheck/oceancube-Ex.R",FALSE,TRUE,TRUE,TRUE,FALSE,FALSE,"not-scanned","no filename evidence; content not exhaustively inspected",FALSE,"relocate","not tracked; ignored; type=artifact; size_bytes=5011","No credentials were printed. Relocate/review is a proposal, not a deletion decision."
"artifacts/h26-consolidation/main-check/oceancube.Rcheck/oceancube-Ex.Rout",FALSE,TRUE,TRUE,TRUE,FALSE,FALSE,"not-scanned","no filename evidence; content not exhaustively inspected",FALSE,"relocate","not tracked; ignored; type=artifact; size_bytes=9737","No credentials were printed. Relocate/review is a proposal, not a deletion decision."
"artifacts/h26-consolidation/main-check/oceancube.Rcheck/oceancube/architecture/oceancube-spatind-boundary.md",FALSE,TRUE,TRUE,TRUE,FALSE,FALSE,"not-scanned","no filename evidence; content not exhaustively inspected",FALSE,"relocate","not tracked; ignored; type=artifact; size_bytes=5428","No credentials were printed. Relocate/review is a proposal, not a deletion decision."
"artifacts/h26-consolidation/main-check/oceancube.Rcheck/oceancube/CITATION",FALSE,TRUE,TRUE,TRUE,FALSE,FALSE,"not-scanned","no filename evidence; content not exhaustively inspected",FALSE,"relocate","not tracked; ignored; type=metadata; size_bytes=121","No credentials were printed. Relocate/review is a proposal, not a deletion decision."
"artifacts/h26-consolidation/main-check/oceancube.Rcheck/oceancube/DESCRIPTION",FALSE,TRUE,TRUE,TRUE,FALSE,FALSE,"not-scanned","no filename evidence; content not exhaustively inspected",FALSE,"relocate","not tracked; ignored; type=metadata; size_bytes=1298","No credentials were printed. Relocate/review is a proposal, not a deletion decision."
"artifacts/h26-consolidation/main-check/oceancube.Rcheck/oceancube/doc/get-started.html",FALSE,TRUE,TRUE,TRUE,FALSE,FALSE,"not-scanned","no filename evidence; content not exhaustively inspected",FALSE,"relocate","not tracked; ignored; type=website; size_bytes=11230","No credentials were printed. Relocate/review is a proposal, not a deletion decision."
"artifacts/h26-consolidation/main-check/oceancube.Rcheck/oceancube/doc/get-started.R",FALSE,TRUE,TRUE,TRUE,FALSE,FALSE,"not-scanned","no filename evidence; content not exhaustively inspected",FALSE,"relocate","not tracked; ignored; type=artifact; size_bytes=341","No credentials were printed. Relocate/review is a proposal, not a deletion decision."
"artifacts/h26-consolidation/main-check/oceancube.Rcheck/oceancube/doc/get-started.Rmd",FALSE,TRUE,TRUE,TRUE,FALSE,FALSE,"not-scanned","no filename evidence; content not exhaustively inspected",FALSE,"relocate","not tracked; ignored; type=artifact; size_bytes=760","No credentials were printed. Relocate/review is a proposal, not a deletion decision."
"artifacts/h26-consolidation/main-check/oceancube.Rcheck/oceancube/doc/index.html",FALSE,TRUE,TRUE,TRUE,FALSE,FALSE,"not-scanned","no filename evidence; content not exhaustively inspected",FALSE,"relocate","not tracked; ignored; type=website; size_bytes=3946","No credentials were printed. Relocate/review is a proposal, not a deletion decision."
"artifacts/h26-consolidation/main-check/oceancube.Rcheck/oceancube/doc/oceancube-architecture.html",FALSE,TRUE,TRUE,TRUE,FALSE,FALSE,"not-scanned","no filename evidence; content not exhaustively inspected",FALSE,"relocate","not tracked; ignored; type=website; size_bytes=13532","No credentials were printed. Relocate/review is a proposal, not a deletion decision."
"artifacts/h26-consolidation/main-check/oceancube.Rcheck/oceancube/doc/oceancube-architecture.R",FALSE,TRUE,TRUE,TRUE,FALSE,FALSE,"not-scanned","no filename evidence; content not exhaustively inspected",FALSE,"relocate","not tracked; ignored; type=artifact; size_bytes=369","No credentials were printed. Relocate/review is a proposal, not a deletion decision."
"artifacts/h26-consolidation/main-check/oceancube.Rcheck/oceancube/doc/oceancube-architecture.Rmd",FALSE,TRUE,TRUE,TRUE,FALSE,FALSE,"not-scanned","no filename evidence; content not exhaustively inspected",FALSE,"relocate","not tracked; ignored; type=artifact; size_bytes=2615","No credentials were printed. Relocate/review is a proposal, not a deletion decision."
"artifacts/h26-consolidation/main-check/oceancube.Rcheck/oceancube/doc/oceancube-geometry-weights.html",FALSE,TRUE,TRUE,TRUE,FALSE,FALSE,"not-scanned","no filename evidence; content not exhaustively inspected",FALSE,"relocate","not tracked; ignored; type=website; size_bytes=23626","No credentials were printed. Relocate/review is a proposal, not a deletion decision."
"artifacts/h26-consolidation/main-check/oceancube.Rcheck/oceancube/doc/oceancube-geometry-weights.R",FALSE,TRUE,TRUE,TRUE,FALSE,FALSE,"not-scanned","no filename evidence; content not exhaustively inspected",FALSE,"relocate","not tracked; ignored; type=artifact; size_bytes=1279","No credentials were printed. Relocate/review is a proposal, not a deletion decision."
"artifacts/h26-consolidation/main-check/oceancube.Rcheck/oceancube/doc/oceancube-geometry-weights.Rmd",FALSE,TRUE,TRUE,TRUE,FALSE,FALSE,"not-scanned","no filename evidence; content not exhaustively inspected",FALSE,"relocate","not tracked; ignored; type=artifact; size_bytes=2281","No credentials were printed. Relocate/review is a proposal, not a deletion decision."
"artifacts/h26-consolidation/main-check/oceancube.Rcheck/oceancube/doc/oceancube-handbook.html",FALSE,TRUE,TRUE,TRUE,FALSE,FALSE,"not-scanned","no filename evidence; content not exhaustively inspected",FALSE,"relocate","not tracked; ignored; type=website; size_bytes=10794","No credentials were printed. Relocate/review is a proposal, not a deletion decision."
"artifacts/h26-consolidation/main-check/oceancube.Rcheck/oceancube/doc/oceancube-handbook.R",FALSE,TRUE,TRUE,TRUE,FALSE,FALSE,"not-scanned","no filename evidence; content not exhaustively inspected",FALSE,"relocate","not tracked; ignored; type=artifact; size_bytes=270","No credentials were printed. Relocate/review is a proposal, not a deletion decision."
"artifacts/h26-consolidation/main-check/oceancube.Rcheck/oceancube/doc/oceancube-handbook.Rmd",FALSE,TRUE,TRUE,TRUE,FALSE,FALSE,"not-scanned","no filename evidence; content not exhaustively inspected",FALSE,"relocate","not tracked; ignored; type=artifact; size_bytes=858","No credentials were printed. Relocate/review is a proposal, not a deletion decision."
"artifacts/h26-consolidation/main-check/oceancube.Rcheck/oceancube/doc/oceancube-introduction.html",FALSE,TRUE,TRUE,TRUE,FALSE,FALSE,"not-scanned","no filename evidence; content not exhaustively inspected",FALSE,"relocate","not tracked; ignored; type=website; size_bytes=24863","No credentials were printed. Relocate/review is a proposal, not a deletion decision."
"artifacts/h26-consolidation/main-check/oceancube.Rcheck/oceancube/doc/oceancube-introduction.R",FALSE,TRUE,TRUE,TRUE,FALSE,FALSE,"not-scanned","no filename evidence; content not exhaustively inspected",FALSE,"relocate","not tracked; ignored; type=artifact; size_bytes=1818","No credentials were printed. Relocate/review is a proposal, not a deletion decision."
"artifacts/h26-consolidation/main-check/oceancube.Rcheck/oceancube/doc/oceancube-introduction.Rmd",FALSE,TRUE,TRUE,TRUE,FALSE,FALSE,"not-scanned","no filename evidence; content not exhaustively inspected",FALSE,"relocate","not tracked; ignored; type=artifact; size_bytes=3510","No credentials were printed. Relocate/review is a proposal, not a deletion decision."
"artifacts/h26-consolidation/main-check/oceancube.Rcheck/oceancube/examples/backend_memory.R",FALSE,TRUE,TRUE,TRUE,FALSE,FALSE,"not-scanned","no filename evidence; content not exhaustively inspected",FALSE,"relocate","not tracked; ignored; type=artifact; size_bytes=4134","No credentials were printed. Relocate/review is a proposal, not a deletion decision."
"artifacts/h26-consolidation/main-check/oceancube.Rcheck/oceancube/examples/backend_netcdf_descriptor.R",FALSE,TRUE,TRUE,TRUE,FALSE,FALSE,"not-scanned","no filename evidence; content not exhaustively inspected",FALSE,"relocate","not tracked; ignored; type=artifact; size_bytes=5325","No credentials were printed. Relocate/review is a proposal, not a deletion decision."
"artifacts/h26-consolidation/main-check/oceancube.Rcheck/oceancube/examples/backend_netcdf_read_block.R",FALSE,TRUE,TRUE,TRUE,FALSE,FALSE,"not-scanned","no filename evidence; content not exhaustively inspected",FALSE,"relocate","not tracked; ignored; type=artifact; size_bytes=6945","No credentials were printed. Relocate/review is a proposal, not a deletion decision."
"artifacts/h26-consolidation/main-check/oceancube.Rcheck/oceancube/examples/baseline_ocean_cube.R",FALSE,TRUE,TRUE,TRUE,FALSE,FALSE,"not-scanned","no filename evidence; content not exhaustively inspected",FALSE,"relocate","not tracked; ignored; type=artifact; size_bytes=3818","No credentials were printed. Relocate/review is a proposal, not a deletion decision."
"artifacts/h26-consolidation/main-check/oceancube.Rcheck/oceancube/examples/cube_crop.R",FALSE,TRUE,TRUE,TRUE,FALSE,FALSE,"not-scanned","no filename evidence; content not exhaustively inspected",FALSE,"relocate","not tracked; ignored; type=artifact; size_bytes=8850","No credentials were printed. Relocate/review is a proposal, not a deletion decision."
"artifacts/h26-consolidation/main-check/oceancube.Rcheck/oceancube/examples/cube_extract.R",FALSE,TRUE,TRUE,TRUE,FALSE,FALSE,"not-scanned","no filename evidence; content not exhaustively inspected",FALSE,"relocate","not tracked; ignored; type=artifact; size_bytes=8121","No credentials were printed. Relocate/review is a proposal, not a deletion decision."
"artifacts/h26-consolidation/main-check/oceancube.Rcheck/oceancube/examples/cube_geometry_weights.R",FALSE,TRUE,TRUE,TRUE,FALSE,FALSE,"not-scanned","no filename evidence; content not exhaustively inspected",FALSE,"relocate","not tracked; ignored; type=artifact; size_bytes=4213","No credentials were printed. Relocate/review is a proposal, not a deletion decision."
"artifacts/h26-consolidation/main-check/oceancube.Rcheck/oceancube/examples/cube_mask.R",FALSE,TRUE,TRUE,TRUE,FALSE,FALSE,"not-scanned","no filename evidence; content not exhaustively inspected",FALSE,"relocate","not tracked; ignored; type=artifact; size_bytes=7062","No credentials were printed. Relocate/review is a proposal, not a deletion decision."
"artifacts/h26-consolidation/main-check/oceancube.Rcheck/oceancube/examples/cube_slice.R",FALSE,TRUE,TRUE,TRUE,FALSE,FALSE,"not-scanned","no filename evidence; content not exhaustively inspected",FALSE,"relocate","not tracked; ignored; type=artifact; size_bytes=6515","No credentials were printed. Relocate/review is a proposal, not a deletion decision."
"artifacts/h26-consolidation/main-check/oceancube.Rcheck/oceancube/examples/cube_transect.R",FALSE,TRUE,TRUE,TRUE,FALSE,FALSE,"not-scanned","no filename evidence; content not exhaustively inspected",FALSE,"relocate","not tracked; ignored; type=artifact; size_bytes=8021","No credentials were printed. Relocate/review is a proposal, not a deletion decision."
"artifacts/h26-consolidation/main-check/oceancube.Rcheck/oceancube/examples/noncontiguous_collect.R",FALSE,TRUE,TRUE,TRUE,FALSE,FALSE,"not-scanned","no filename evidence; content not exhaustively inspected",FALSE,"relocate","not tracked; ignored; type=artifact; size_bytes=4050","No credentials were printed. Relocate/review is a proposal, not a deletion decision."
"artifacts/h26-consolidation/main-check/oceancube.Rcheck/oceancube/examples/ocean_cube_contract.R",FALSE,TRUE,TRUE,TRUE,FALSE,FALSE,"not-scanned","no filename evidence; content not exhaustively inspected",FALSE,"relocate","not tracked; ignored; type=artifact; size_bytes=4165","No credentials were printed. Relocate/review is a proposal, not a deletion decision."
"artifacts/h26-consolidation/main-check/oceancube.Rcheck/oceancube/examples/oceancube-handbook-workflow.R",FALSE,TRUE,TRUE,TRUE,FALSE,FALSE,"not-scanned","no filename evidence; content not exhaustively inspected",FALSE,"relocate","not tracked; ignored; type=artifact; size_bytes=966","No credentials were printed. Relocate/review is a proposal, not a deletion decision."
"artifacts/h26-consolidation/main-check/oceancube.Rcheck/oceancube/examples/refactor_coast_dist_backend.R",FALSE,TRUE,TRUE,TRUE,FALSE,FALSE,"not-scanned","no filename evidence; content not exhaustively inspected",FALSE,"relocate","not tracked; ignored; type=artifact; size_bytes=4148","No credentials were printed. Relocate/review is a proposal, not a deletion decision."
"artifacts/h26-consolidation/main-check/oceancube.Rcheck/oceancube/examples/refactor_layer_annual_backend.R",FALSE,TRUE,TRUE,TRUE,FALSE,FALSE,"not-scanned","no filename evidence; content not exhaustively inspected",FALSE,"relocate","not tracked; ignored; type=artifact; size_bytes=3773","No credentials were printed. Relocate/review is a proposal, not a deletion decision."
"artifacts/h26-consolidation/main-check/oceancube.Rcheck/oceancube/examples/refactor_link_events_backend.R",FALSE,TRUE,TRUE,TRUE,FALSE,FALSE,"not-scanned","no filename evidence; content not exhaustively inspected",FALSE,"relocate","not tracked; ignored; type=artifact; size_bytes=5850","No credentials were printed. Relocate/review is a proposal, not a deletion decision."
"artifacts/h26-consolidation/main-check/oceancube.Rcheck/oceancube/examples/refactor_temporal_backend.R",FALSE,TRUE,TRUE,TRUE,FALSE,FALSE,"not-scanned","no filename evidence; content not exhaustively inspected",FALSE,"relocate","not tracked; ignored; type=artifact; size_bytes=4444","No credentials were printed. Relocate/review is a proposal, not a deletion decision."
"artifacts/h26-consolidation/main-check/oceancube.Rcheck/oceancube/help/aliases.rds",FALSE,TRUE,TRUE,TRUE,FALSE,FALSE,"not-scanned","no filename evidence; content not exhaustively inspected",FALSE,"relocate","not tracked; ignored; type=artifact; size_bytes=310","No credentials were printed. Relocate/review is a proposal, not a deletion decision."
"artifacts/h26-consolidation/main-check/oceancube.Rcheck/oceancube/help/AnIndex",FALSE,TRUE,TRUE,TRUE,FALSE,FALSE,"not-scanned","no filename evidence; content not exhaustively inspected",FALSE,"relocate","not tracked; ignored; type=artifact; size_bytes=675","No credentials were printed. Relocate/review is a proposal, not a deletion decision."
"artifacts/h26-consolidation/main-check/oceancube.Rcheck/oceancube/help/oceancube.rdb",FALSE,TRUE,TRUE,TRUE,FALSE,FALSE,"not-scanned","no filename evidence; content not exhaustively inspected",FALSE,"relocate","not tracked; ignored; type=artifact; size_bytes=70950","No credentials were printed. Relocate/review is a proposal, not a deletion decision."
"artifacts/h26-consolidation/main-check/oceancube.Rcheck/oceancube/help/oceancube.rdx",FALSE,TRUE,TRUE,TRUE,FALSE,FALSE,"not-scanned","no filename evidence; content not exhaustively inspected",FALSE,"relocate","not tracked; ignored; type=artifact; size_bytes=772","No credentials were printed. Relocate/review is a proposal, not a deletion decision."
"artifacts/h26-consolidation/main-check/oceancube.Rcheck/oceancube/help/paths.rds",FALSE,TRUE,TRUE,TRUE,FALSE,FALSE,"not-scanned","no filename evidence; content not exhaustively inspected",FALSE,"relocate","not tracked; ignored; type=artifact; size_bytes=413","No credentials were printed. Relocate/review is a proposal, not a deletion decision."
"artifacts/h26-consolidation/main-check/oceancube.Rcheck/oceancube/html/00Index.html",FALSE,TRUE,TRUE,TRUE,FALSE,FALSE,"not-scanned","no filename evidence; content not exhaustively inspected",FALSE,"relocate","not tracked; ignored; type=website; size_bytes=4894","No credentials were printed. Relocate/review is a proposal, not a deletion decision."
"artifacts/h26-consolidation/main-check/oceancube.Rcheck/oceancube/html/R.css",FALSE,TRUE,TRUE,TRUE,FALSE,FALSE,"not-scanned","no filename evidence; content not exhaustively inspected",FALSE,"relocate","not tracked; ignored; type=artifact; size_bytes=1844","No credentials were printed. Relocate/review is a proposal, not a deletion decision."
"artifacts/h26-consolidation/main-check/oceancube.Rcheck/oceancube/INDEX",FALSE,TRUE,TRUE,TRUE,FALSE,FALSE,"not-scanned","no filename evidence; content not exhaustively inspected",FALSE,"relocate","not tracked; ignored; type=artifact; size_bytes=2119","No credentials were printed. Relocate/review is a proposal, not a deletion decision."
"artifacts/h26-consolidation/main-check/oceancube.Rcheck/oceancube/LICENSE",FALSE,TRUE,TRUE,TRUE,FALSE,FALSE,"not-scanned","no filename evidence; content not exhaustively inspected",FALSE,"relocate","not tracked; ignored; type=metadata; size_bytes=52","No credentials were printed. Relocate/review is a proposal, not a deletion decision."
"artifacts/h26-consolidation/main-check/oceancube.Rcheck/oceancube/Meta/features.rds",FALSE,TRUE,TRUE,TRUE,FALSE,FALSE,"not-scanned","no filename evidence; content not exhaustively inspected",FALSE,"relocate","not tracked; ignored; type=artifact; size_bytes=123","No credentials were printed. Relocate/review is a proposal, not a deletion decision."
"artifacts/h26-consolidation/main-check/oceancube.Rcheck/oceancube/Meta/hsearch.rds",FALSE,TRUE,TRUE,TRUE,FALSE,FALSE,"not-scanned","no filename evidence; content not exhaustively inspected",FALSE,"relocate","not tracked; ignored; type=artifact; size_bytes=1129","No credentials were printed. Relocate/review is a proposal, not a deletion decision."
"artifacts/h26-consolidation/main-check/oceancube.Rcheck/oceancube/Meta/links.rds",FALSE,TRUE,TRUE,TRUE,FALSE,FALSE,"not-scanned","no filename evidence; content not exhaustively inspected",FALSE,"relocate","not tracked; ignored; type=artifact; size_bytes=473","No credentials were printed. Relocate/review is a proposal, not a deletion decision."
"artifacts/h26-consolidation/main-check/oceancube.Rcheck/oceancube/Meta/nsInfo.rds",FALSE,TRUE,TRUE,TRUE,FALSE,FALSE,"not-scanned","no filename evidence; content not exhaustively inspected",FALSE,"relocate","not tracked; ignored; type=artifact; size_bytes=451","No credentials were printed. Relocate/review is a proposal, not a deletion decision."
"artifacts/h26-consolidation/main-check/oceancube.Rcheck/oceancube/Meta/package.rds",FALSE,TRUE,TRUE,TRUE,FALSE,FALSE,"not-scanned","no filename evidence; content not exhaustively inspected",FALSE,"relocate","not tracked; ignored; type=artifact; size_bytes=1203","No credentials were printed. Relocate/review is a proposal, not a deletion decision."
"artifacts/h26-consolidation/main-check/oceancube.Rcheck/oceancube/Meta/Rd.rds",FALSE,TRUE,TRUE,TRUE,FALSE,FALSE,"not-scanned","no filename evidence; content not exhaustively inspected",FALSE,"relocate","not tracked; ignored; type=artifact; size_bytes=1223","No credentials were printed. Relocate/review is a proposal, not a deletion decision."
"artifacts/h26-consolidation/main-check/oceancube.Rcheck/oceancube/Meta/vignette.rds",FALSE,TRUE,TRUE,TRUE,FALSE,FALSE,"not-scanned","no filename evidence; content not exhaustively inspected",FALSE,"relocate","not tracked; ignored; type=artifact; size_bytes=379","No credentials were printed. Relocate/review is a proposal, not a deletion decision."
"artifacts/h26-consolidation/main-check/oceancube.Rcheck/oceancube/NAMESPACE",FALSE,TRUE,TRUE,TRUE,FALSE,FALSE,"not-scanned","no filename evidence; content not exhaustively inspected",FALSE,"relocate","not tracked; ignored; type=metadata; size_bytes=729","No credentials were printed. Relocate/review is a proposal, not a deletion decision."
"artifacts/h26-consolidation/main-check/oceancube.Rcheck/oceancube/NEWS.md",FALSE,TRUE,TRUE,TRUE,FALSE,FALSE,"not-scanned","no filename evidence; content not exhaustively inspected",FALSE,"relocate","not tracked; ignored; type=documentation; size_bytes=1710","No credentials were printed. Relocate/review is a proposal, not a deletion decision."
"artifacts/h26-consolidation/main-check/oceancube.Rcheck/oceancube/R/oceancube",FALSE,TRUE,TRUE,TRUE,FALSE,FALSE,"not-scanned","no filename evidence; content not exhaustively inspected",FALSE,"relocate","not tracked; ignored; type=artifact; size_bytes=1058","No credentials were printed. Relocate/review is a proposal, not a deletion decision."
"artifacts/h26-consolidation/main-check/oceancube.Rcheck/oceancube/R/oceancube.rdb",FALSE,TRUE,TRUE,TRUE,FALSE,FALSE,"not-scanned","no filename evidence; content not exhaustively inspected",FALSE,"relocate","not tracked; ignored; type=artifact; size_bytes=314641","No credentials were printed. Relocate/review is a proposal, not a deletion decision."
"artifacts/h26-consolidation/main-check/oceancube.Rcheck/oceancube/R/oceancube.rdx",FALSE,TRUE,TRUE,TRUE,FALSE,FALSE,"not-scanned","no filename evidence; content not exhaustively inspected",FALSE,"relocate","not tracked; ignored; type=artifact; size_bytes=3053","No credentials were printed. Relocate/review is a proposal, not a deletion decision."
"artifacts/h26-consolidation/main-check/oceancube.Rcheck/tests/startup.Rs",FALSE,TRUE,TRUE,TRUE,FALSE,FALSE,"not-scanned","no filename evidence; content not exhaustively inspected",FALSE,"relocate","not tracked; ignored; type=artifact; size_bytes=131","No credentials were printed. Relocate/review is a proposal, not a deletion decision."
"artifacts/h26-consolidation/main-check/oceancube.Rcheck/tests/testthat.R",FALSE,TRUE,TRUE,TRUE,FALSE,FALSE,"not-scanned","no filename evidence; content not exhaustively inspected",FALSE,"relocate","not tracked; ignored; type=artifact; size_bytes=62","No credentials were printed. Relocate/review is a proposal, not a deletion decision."
"artifacts/h26-consolidation/main-check/oceancube.Rcheck/tests/testthat.Rout",FALSE,TRUE,TRUE,TRUE,FALSE,FALSE,"not-scanned","no filename evidence; content not exhaustively inspected",FALSE,"relocate","not tracked; ignored; type=artifact; size_bytes=1673","No credentials were printed. Relocate/review is a proposal, not a deletion decision."
"artifacts/h26-consolidation/main-check/oceancube.Rcheck/tests/testthat/helper-architecture.R",FALSE,TRUE,TRUE,TRUE,FALSE,FALSE,"not-scanned","no filename evidence; content not exhaustively inspected",FALSE,"relocate","not tracked; ignored; type=artifact; size_bytes=2177","No credentials were printed. Relocate/review is a proposal, not a deletion decision."
"artifacts/h26-consolidation/main-check/oceancube.Rcheck/tests/testthat/helper-baseline-cube.R",FALSE,TRUE,TRUE,TRUE,FALSE,FALSE,"not-scanned","no filename evidence; content not exhaustively inspected",FALSE,"relocate","not tracked; ignored; type=artifact; size_bytes=1614","No credentials were printed. Relocate/review is a proposal, not a deletion decision."
"artifacts/h26-consolidation/main-check/oceancube.Rcheck/tests/testthat/helper-geometry.R",FALSE,TRUE,TRUE,TRUE,FALSE,FALSE,"not-scanned","no filename evidence; content not exhaustively inspected",FALSE,"relocate","not tracked; ignored; type=artifact; size_bytes=519","No credentials were printed. Relocate/review is a proposal, not a deletion decision."
"artifacts/h26-consolidation/main-check/oceancube.Rcheck/tests/testthat/helper-netcdf-backend.R",FALSE,TRUE,TRUE,TRUE,FALSE,FALSE,"not-scanned","no filename evidence; content not exhaustively inspected",FALSE,"relocate","not tracked; ignored; type=artifact; size_bytes=8532","No credentials were printed. Relocate/review is a proposal, not a deletion decision."
"artifacts/h26-consolidation/main-check/oceancube.Rcheck/tests/testthat/test-backend-memory.R",FALSE,TRUE,TRUE,TRUE,FALSE,FALSE,"not-scanned","no filename evidence; content not exhaustively inspected",FALSE,"relocate","not tracked; ignored; type=artifact; size_bytes=11296","No credentials were printed. Relocate/review is a proposal, not a deletion decision."
"artifacts/h26-consolidation/main-check/oceancube.Rcheck/tests/testthat/test-backend-netcdf-descriptor.R",FALSE,TRUE,TRUE,TRUE,FALSE,FALSE,"not-scanned","no filename evidence; content not exhaustively inspected",FALSE,"relocate","not tracked; ignored; type=artifact; size_bytes=18807","No credentials were printed. Relocate/review is a proposal, not a deletion decision."
"artifacts/h26-consolidation/main-check/oceancube.Rcheck/tests/testthat/test-backend-netcdf-noncontiguous.R",FALSE,TRUE,TRUE,TRUE,FALSE,FALSE,"not-scanned","no filename evidence; content not exhaustively inspected",FALSE,"relocate","not tracked; ignored; type=artifact; size_bytes=11161","No credentials were printed. Relocate/review is a proposal, not a deletion decision."
"artifacts/h26-consolidation/main-check/oceancube.Rcheck/tests/testthat/test-backend-netcdf-read-block.R",FALSE,TRUE,TRUE,TRUE,FALSE,FALSE,"not-scanned","no filename evidence; content not exhaustively inspected",FALSE,"relocate","not tracked; ignored; type=artifact; size_bytes=18634","No credentials were printed. Relocate/review is a proposal, not a deletion decision."
"artifacts/h26-consolidation/main-check/oceancube.Rcheck/tests/testthat/test-clim-anom.R",FALSE,TRUE,TRUE,TRUE,FALSE,FALSE,"not-scanned","no filename evidence; content not exhaustively inspected",FALSE,"relocate","not tracked; ignored; type=artifact; size_bytes=1091","No credentials were printed. Relocate/review is a proposal, not a deletion decision."
"artifacts/h26-consolidation/main-check/oceancube.Rcheck/tests/testthat/test-cube-collect.R",FALSE,TRUE,TRUE,TRUE,FALSE,FALSE,"not-scanned","no filename evidence; content not exhaustively inspected",FALSE,"relocate","not tracked; ignored; type=artifact; size_bytes=7691","No credentials were printed. Relocate/review is a proposal, not a deletion decision."
"artifacts/h26-consolidation/main-check/oceancube.Rcheck/tests/testthat/test-cube-crop.R",FALSE,TRUE,TRUE,TRUE,FALSE,FALSE,"not-scanned","no filename evidence; content not exhaustively inspected",FALSE,"relocate","not tracked; ignored; type=artifact; size_bytes=24655","No credentials were printed. Relocate/review is a proposal, not a deletion decision."
"artifacts/h26-consolidation/main-check/oceancube.Rcheck/tests/testthat/test-cube-extract.R",FALSE,TRUE,TRUE,TRUE,FALSE,FALSE,"not-scanned","no filename evidence; content not exhaustively inspected",FALSE,"relocate","not tracked; ignored; type=artifact; size_bytes=30034","No credentials were printed. Relocate/review is a proposal, not a deletion decision."
"artifacts/h26-consolidation/main-check/oceancube.Rcheck/tests/testthat/test-cube-grid-geometry.R",FALSE,TRUE,TRUE,TRUE,FALSE,FALSE,"not-scanned","no filename evidence; content not exhaustively inspected",FALSE,"relocate","not tracked; ignored; type=artifact; size_bytes=8928","No credentials were printed. Relocate/review is a proposal, not a deletion decision."
"artifacts/h26-consolidation/main-check/oceancube.Rcheck/tests/testthat/test-cube-mask.R",FALSE,TRUE,TRUE,TRUE,FALSE,FALSE,"not-scanned","no filename evidence; content not exhaustively inspected",FALSE,"relocate","not tracked; ignored; type=artifact; size_bytes=11424","No credentials were printed. Relocate/review is a proposal, not a deletion decision."
"artifacts/h26-consolidation/main-check/oceancube.Rcheck/tests/testthat/test-cube-polygon-weights.R",FALSE,TRUE,TRUE,TRUE,FALSE,FALSE,"not-scanned","no filename evidence; content not exhaustively inspected",FALSE,"relocate","not tracked; ignored; type=artifact; size_bytes=12663","No credentials were printed. Relocate/review is a proposal, not a deletion decision."
"artifacts/h26-consolidation/main-check/oceancube.Rcheck/tests/testthat/test-cube-slice.R",FALSE,TRUE,TRUE,TRUE,FALSE,FALSE,"not-scanned","no filename evidence; content not exhaustively inspected",FALSE,"relocate","not tracked; ignored; type=artifact; size_bytes=23659","No credentials were printed. Relocate/review is a proposal, not a deletion decision."
"artifacts/h26-consolidation/main-check/oceancube.Rcheck/tests/testthat/test-cube-transect.R",FALSE,TRUE,TRUE,TRUE,FALSE,FALSE,"not-scanned","no filename evidence; content not exhaustively inspected",FALSE,"relocate","not tracked; ignored; type=artifact; size_bytes=10435","No credentials were printed. Relocate/review is a proposal, not a deletion decision."
"artifacts/h26-consolidation/main-check/oceancube.Rcheck/tests/testthat/test-daily-link.R",FALSE,TRUE,TRUE,TRUE,FALSE,FALSE,"not-scanned","no filename evidence; content not exhaustively inspected",FALSE,"relocate","not tracked; ignored; type=artifact; size_bytes=1547","No credentials were printed. Relocate/review is a proposal, not a deletion decision."
"artifacts/h26-consolidation/main-check/oceancube.Rcheck/tests/testthat/test-layer-time-mask.R",FALSE,TRUE,TRUE,TRUE,FALSE,FALSE,"not-scanned","no filename evidence; content not exhaustively inspected",FALSE,"relocate","not tracked; ignored; type=artifact; size_bytes=1451","No credentials were printed. Relocate/review is a proposal, not a deletion decision."
"artifacts/h26-consolidation/main-check/oceancube.Rcheck/tests/testthat/test-no-direct-data-access.R",FALSE,TRUE,TRUE,TRUE,FALSE,FALSE,"not-scanned","no filename evidence; content not exhaustively inspected",FALSE,"relocate","not tracked; ignored; type=artifact; size_bytes=1984","No credentials were printed. Relocate/review is a proposal, not a deletion decision."
"artifacts/h26-consolidation/main-check/oceancube.Rcheck/tests/testthat/test-ocean-cube-baseline.R",FALSE,TRUE,TRUE,TRUE,FALSE,FALSE,"not-scanned","no filename evidence; content not exhaustively inspected",FALSE,"relocate","not tracked; ignored; type=artifact; size_bytes=3725","No credentials were printed. Relocate/review is a proposal, not a deletion decision."
"artifacts/h26-consolidation/main-check/oceancube.Rcheck/tests/testthat/test-ocean-cube-contract.R",FALSE,TRUE,TRUE,TRUE,FALSE,FALSE,"not-scanned","no filename evidence; content not exhaustively inspected",FALSE,"relocate","not tracked; ignored; type=artifact; size_bytes=10758","No credentials were printed. Relocate/review is a proposal, not a deletion decision."
"artifacts/h26-consolidation/main-check/oceancube.Rcheck/tests/testthat/test-ocean-cube.R",FALSE,TRUE,TRUE,TRUE,FALSE,FALSE,"not-scanned","no filename evidence; content not exhaustively inspected",FALSE,"relocate","not tracked; ignored; type=artifact; size_bytes=836","No credentials were printed. Relocate/review is a proposal, not a deletion decision."
"artifacts/h26-consolidation/main-check/oceancube.Rcheck/tests/testthat/test-package-boundary-spatind.R",FALSE,TRUE,TRUE,TRUE,FALSE,FALSE,"not-scanned","no filename evidence; content not exhaustively inspected",FALSE,"relocate","not tracked; ignored; type=artifact; size_bytes=1631","No credentials were printed. Relocate/review is a proposal, not a deletion decision."
"artifacts/h26-consolidation/main-check/oceancube.Rcheck/tests/testthat/test-read-nc-baseline.R",FALSE,TRUE,TRUE,TRUE,FALSE,FALSE,"not-scanned","no filename evidence; content not exhaustively inspected",FALSE,"relocate","not tracked; ignored; type=artifact; size_bytes=3587","No credentials were printed. Relocate/review is a proposal, not a deletion decision."
"artifacts/h26-consolidation/main-check/oceancube.Rcheck/tests/testthat/test-refactor-coast-dist-backend.R",FALSE,TRUE,TRUE,TRUE,FALSE,FALSE,"not-scanned","no filename evidence; content not exhaustively inspected",FALSE,"relocate","not tracked; ignored; type=artifact; size_bytes=9789","No credentials were printed. Relocate/review is a proposal, not a deletion decision."
"artifacts/h26-consolidation/main-check/oceancube.Rcheck/tests/testthat/test-refactor-layer-annual-backend.R",FALSE,TRUE,TRUE,TRUE,FALSE,FALSE,"not-scanned","no filename evidence; content not exhaustively inspected",FALSE,"relocate","not tracked; ignored; type=artifact; size_bytes=11100","No credentials were printed. Relocate/review is a proposal, not a deletion decision."
"artifacts/h26-consolidation/main-check/oceancube.Rcheck/tests/testthat/test-refactor-link-events-backend.R",FALSE,TRUE,TRUE,TRUE,FALSE,FALSE,"not-scanned","no filename evidence; content not exhaustively inspected",FALSE,"relocate","not tracked; ignored; type=artifact; size_bytes=17904","No credentials were printed. Relocate/review is a proposal, not a deletion decision."
"artifacts/h26-consolidation/main-check/oceancube.Rcheck/tests/testthat/test-refactor-temporal-backend.R",FALSE,TRUE,TRUE,TRUE,FALSE,FALSE,"not-scanned","no filename evidence; content not exhaustively inspected",FALSE,"relocate","not tracked; ignored; type=artifact; size_bytes=11592","No credentials were printed. Relocate/review is a proposal, not a deletion decision."
"artifacts/h26-consolidation/main-check/oceancube.Rcheck/tests/testthat/test-release-contract.R",FALSE,TRUE,TRUE,TRUE,FALSE,FALSE,"not-scanned","no filename evidence; content not exhaustively inspected",FALSE,"relocate","not tracked; ignored; type=artifact; size_bytes=4711","No credentials were printed. Relocate/review is a proposal, not a deletion decision."
"artifacts/h26-consolidation/main-check/oceancube.Rcheck/tests/testthat/test-scientific-baseline.R",FALSE,TRUE,TRUE,TRUE,FALSE,FALSE,"not-scanned","no filename evidence; content not exhaustively inspected",FALSE,"relocate","not tracked; ignored; type=artifact; size_bytes=4734","No credentials were printed. Relocate/review is a proposal, not a deletion decision."
"artifacts/h26-consolidation/oceancube-pre-consolidation.bundle",FALSE,TRUE,TRUE,TRUE,FALSE,FALSE,"not-scanned","no filename evidence; content not exhaustively inspected",TRUE,"relocate","not tracked; ignored; type=artifact; size_bytes=17826972","No credentials were printed. Relocate/review is a proposal, not a deletion decision."
"artifacts/h26-consolidation/oceancube_0.1.0.tar.gz",FALSE,TRUE,TRUE,TRUE,FALSE,FALSE,"not-scanned","no filename evidence; content not exhaustively inspected",FALSE,"relocate","not tracked; ignored; type=artifact; size_bytes=166002","No credentials were printed. Relocate/review is a proposal, not a deletion decision."
"artifacts/h26-consolidation/pr-body.md",FALSE,TRUE,TRUE,TRUE,FALSE,FALSE,"not-scanned","no filename evidence; content not exhaustively inspected",FALSE,"relocate","not tracked; ignored; type=artifact; size_bytes=367","No credentials were printed. Relocate/review is a proposal, not a deletion decision."
"artifacts/h26-consolidation/refs-before.txt",FALSE,TRUE,TRUE,TRUE,FALSE,FALSE,"not-scanned","no filename evidence; content not exhaustively inspected",FALSE,"relocate","not tracked; ignored; type=artifact; size_bytes=527","No credentials were printed. Relocate/review is a proposal, not a deletion decision."
"artifacts/h26-consolidation/release-notes.md",FALSE,TRUE,TRUE,TRUE,FALSE,FALSE,"not-scanned","no filename evidence; content not exhaustively inspected",FALSE,"relocate","not tracked; ignored; type=artifact; size_bytes=1400","No credentials were printed. Relocate/review is a proposal, not a deletion decision."
"artifacts/h26-consolidation/SHA256SUMS.txt",FALSE,TRUE,TRUE,TRUE,FALSE,FALSE,"not-scanned","no filename evidence; content not exhaustively inspected",FALSE,"relocate","not tracked; ignored; type=artifact; size_bytes=89","No credentials were printed. Relocate/review is a proposal, not a deletion decision."
"artifacts/h26-consolidation/status-before.txt",FALSE,TRUE,TRUE,TRUE,FALSE,FALSE,"not-scanned","no filename evidence; content not exhaustively inspected",FALSE,"relocate","not tracked; ignored; type=artifact; size_bytes=5183","No credentials were printed. Relocate/review is a proposal, not a deletion decision."
"artifacts/h26-consolidation/tests-dev.log",FALSE,TRUE,TRUE,TRUE,FALSE,FALSE,"not-scanned","no filename evidence; content not exhaustively inspected",FALSE,"relocate","not tracked; ignored; type=artifact; size_bytes=7912","No credentials were printed. Relocate/review is a proposal, not a deletion decision."
"artifacts/h26-consolidation/tools/gh_2.97.0_checksums.txt",FALSE,TRUE,TRUE,TRUE,FALSE,FALSE,"not-scanned","no filename evidence; content not exhaustively inspected",FALSE,"relocate","not tracked; ignored; type=artifact; size_bytes=1950","No credentials were printed. Relocate/review is a proposal, not a deletion decision."
"artifacts/h26-consolidation/tools/gh_2.97.0_windows_amd64.zip",FALSE,TRUE,TRUE,TRUE,FALSE,FALSE,"not-scanned","no filename evidence; content not exhaustively inspected",TRUE,"relocate","not tracked; ignored; type=artifact; size_bytes=14938517","No credentials were printed. Relocate/review is a proposal, not a deletion decision."
"artifacts/h26-consolidation/tools/gh_2.97.0_windows_amd64/bin/gh.exe",FALSE,TRUE,TRUE,TRUE,FALSE,FALSE,"not-scanned","no filename evidence; content not exhaustively inspected",TRUE,"relocate","not tracked; ignored; type=artifact; size_bytes=41775416","No credentials were printed. Relocate/review is a proposal, not a deletion decision."
"artifacts/h26-consolidation/tools/gh_2.97.0_windows_amd64/LICENSE",FALSE,TRUE,TRUE,TRUE,FALSE,FALSE,"not-scanned","no filename evidence; content not exhaustively inspected",FALSE,"relocate","not tracked; ignored; type=metadata; size_bytes=1089","No credentials were printed. Relocate/review is a proposal, not a deletion decision."
"artifacts/maintainer-case/copernicus-peru-phy/cin/processed/copernicus-peru-phy-20200101-20200107.rds",FALSE,TRUE,TRUE,TRUE,FALSE,FALSE,"not-scanned","no filename evidence; content not exhaustively inspected",FALSE,"relocate","not tracked; ignored; type=artifact; size_bytes=3554623","No credentials were printed. Relocate/review is a proposal, not a deletion decision."
"artifacts/maintainer-case/copernicus-peru-phy/cin/raw/copernicus-peru-phy-20200101-20200107.nc",FALSE,TRUE,TRUE,TRUE,FALSE,FALSE,"not-scanned","no filename evidence; content not exhaustively inspected",FALSE,"relocate","not tracked; ignored; type=artifact; size_bytes=3154810","No credentials were printed. Relocate/review is a proposal, not a deletion decision."
"artifacts/maintainer-case/copernicus-peru-phy/cout/audit/audit-summary.csv",FALSE,TRUE,TRUE,TRUE,FALSE,FALSE,"not-scanned","no filename evidence; content not exhaustively inspected",FALSE,"relocate","not tracked; ignored; type=artifact; size_bytes=257","No credentials were printed. Relocate/review is a proposal, not a deletion decision."
"artifacts/maintainer-case/copernicus-peru-phy/cout/audit/coordinate-summary.csv",FALSE,TRUE,TRUE,TRUE,FALSE,FALSE,"not-scanned","no filename evidence; content not exhaustively inspected",FALSE,"relocate","not tracked; ignored; type=artifact; size_bytes=353","No credentials were printed. Relocate/review is a proposal, not a deletion decision."
"artifacts/maintainer-case/copernicus-peru-phy/cout/audit/cube-shape.csv",FALSE,TRUE,TRUE,TRUE,FALSE,FALSE,"not-scanned","no filename evidence; content not exhaustively inspected",FALSE,"relocate","not tracked; ignored; type=artifact; size_bytes=122","No credentials were printed. Relocate/review is a proposal, not a deletion decision."
"artifacts/maintainer-case/copernicus-peru-phy/cout/audit/depth-coverage.csv",FALSE,TRUE,TRUE,TRUE,FALSE,FALSE,"not-scanned","no filename evidence; content not exhaustively inspected",FALSE,"relocate","not tracked; ignored; type=artifact; size_bytes=2357","No credentials were printed. Relocate/review is a proposal, not a deletion decision."
"artifacts/maintainer-case/copernicus-peru-phy/cout/audit/depth.csv",FALSE,TRUE,TRUE,TRUE,FALSE,FALSE,"not-scanned","no filename evidence; content not exhaustively inspected",FALSE,"relocate","not tracked; ignored; type=artifact; size_bytes=388","No credentials were printed. Relocate/review is a proposal, not a deletion decision."
"artifacts/maintainer-case/copernicus-peru-phy/cout/audit/dimname-checks.csv",FALSE,TRUE,TRUE,TRUE,FALSE,FALSE,"not-scanned","no filename evidence; content not exhaustively inspected",FALSE,"relocate","not tracked; ignored; type=artifact; size_bytes=169","No credentials were printed. Relocate/review is a proposal, not a deletion decision."
"artifacts/maintainer-case/copernicus-peru-phy/cout/audit/example-block.rds",FALSE,TRUE,TRUE,TRUE,FALSE,FALSE,"not-scanned","no filename evidence; content not exhaustively inspected",FALSE,"relocate","not tracked; ignored; type=artifact; size_bytes=438","No credentials were printed. Relocate/review is a proposal, not a deletion decision."
"artifacts/maintainer-case/copernicus-peru-phy/cout/audit/first-finite-cell.csv",FALSE,TRUE,TRUE,TRUE,FALSE,FALSE,"not-scanned","no filename evidence; content not exhaustively inspected",FALSE,"relocate","not tracked; ignored; type=artifact; size_bytes=211","No credentials were printed. Relocate/review is a proposal, not a deletion decision."
"artifacts/maintainer-case/copernicus-peru-phy/cout/audit/latitude.csv",FALSE,TRUE,TRUE,TRUE,FALSE,FALSE,"not-scanned","no filename evidence; content not exhaustively inspected",FALSE,"relocate","not tracked; ignored; type=artifact; size_bytes=1532","No credentials were printed. Relocate/review is a proposal, not a deletion decision."
"artifacts/maintainer-case/copernicus-peru-phy/cout/audit/longitude.csv",FALSE,TRUE,TRUE,TRUE,FALSE,FALSE,"not-scanned","no filename evidence; content not exhaustively inspected",FALSE,"relocate","not tracked; ignored; type=artifact; size_bytes=1326","No credentials were printed. Relocate/review is a proposal, not a deletion decision."
"artifacts/maintainer-case/copernicus-peru-phy/cout/audit/memory-summary.csv",FALSE,TRUE,TRUE,TRUE,FALSE,FALSE,"not-scanned","no filename evidence; content not exhaustively inspected",FALSE,"relocate","not tracked; ignored; type=artifact; size_bytes=161","No credentials were printed. Relocate/review is a proposal, not a deletion decision."
"artifacts/maintainer-case/copernicus-peru-phy/cout/audit/object-components.csv",FALSE,TRUE,TRUE,TRUE,FALSE,FALSE,"not-scanned","no filename evidence; content not exhaustively inspected",FALSE,"relocate","not tracked; ignored; type=artifact; size_bytes=505","No credentials were printed. Relocate/review is a proposal, not a deletion decision."
"artifacts/maintainer-case/copernicus-peru-phy/cout/audit/time.csv",FALSE,TRUE,TRUE,TRUE,FALSE,FALSE,"not-scanned","no filename evidence; content not exhaustively inspected",FALSE,"relocate","not tracked; ignored; type=artifact; size_bytes=119","No credentials were printed. Relocate/review is a proposal, not a deletion decision."
"artifacts/maintainer-case/copernicus-peru-phy/cout/audit/variable-summary.csv",FALSE,TRUE,TRUE,TRUE,FALSE,FALSE,"not-scanned","no filename evidence; content not exhaustively inspected",FALSE,"relocate","not tracked; ignored; type=artifact; size_bytes=409","No credentials were printed. Relocate/review is a proposal, not a deletion decision."
"artifacts/maintainer-case/copernicus-peru-phy/cout/audit/variables.csv",FALSE,TRUE,TRUE,TRUE,FALSE,FALSE,"not-scanned","no filename evidence; content not exhaustively inspected",FALSE,"relocate","not tracked; ignored; type=artifact; size_bytes=75","No credentials were printed. Relocate/review is a proposal, not a deletion decision."
"artifacts/maintainer-case/copernicus-peru-phy/cout/log/copernicus-request.txt",FALSE,TRUE,TRUE,TRUE,FALSE,FALSE,"not-scanned","no filename evidence; content not exhaustively inspected",FALSE,"relocate","not tracked; ignored; type=artifact; size_bytes=249","No credentials were printed. Relocate/review is a proposal, not a deletion decision."
"artifacts/maintainer-case/copernicus-peru-phy/cout/log/netcdf-dimensions.csv",FALSE,TRUE,TRUE,TRUE,FALSE,FALSE,"not-scanned","no filename evidence; content not exhaustively inspected",FALSE,"relocate","not tracked; ignored; type=artifact; size_bytes=143","No credentials were printed. Relocate/review is a proposal, not a deletion decision."
"artifacts/maintainer-case/copernicus-peru-phy/cout/log/netcdf-variables.csv",FALSE,TRUE,TRUE,TRUE,FALSE,FALSE,"not-scanned","no filename evidence; content not exhaustively inspected",FALSE,"relocate","not tracked; ignored; type=artifact; size_bytes=150","No credentials were printed. Relocate/review is a proposal, not a deletion decision."
"artifacts/maintainer-case/copernicus-peru-phy/cout/log/ocean-cube-summary.csv",FALSE,TRUE,TRUE,TRUE,FALSE,FALSE,"not-scanned","no filename evidence; content not exhaustively inspected",FALSE,"relocate","not tracked; ignored; type=artifact; size_bytes=429","No credentials were printed. Relocate/review is a proposal, not a deletion decision."
"artifacts/maintainer-case/copernicus-peru-phy/cout/validation/.check_cube.R",FALSE,TRUE,TRUE,TRUE,FALSE,FALSE,"not-scanned","no filename evidence; content not exhaustively inspected",FALSE,"relocate","not tracked; ignored; type=artifact; size_bytes=4265","No credentials were printed. Relocate/review is a proposal, not a deletion decision."
"artifacts/maintainer-case/copernicus-peru-phy/cout/validation/.check_cube_coordinates.R",FALSE,TRUE,TRUE,TRUE,FALSE,FALSE,"not-scanned","no filename evidence; content not exhaustively inspected",FALSE,"relocate","not tracked; ignored; type=artifact; size_bytes=2357","No credentials were printed. Relocate/review is a proposal, not a deletion decision."
"artifacts/maintainer-case/copernicus-peru-phy/cout/validation/.check_cube_dimensions.R",FALSE,TRUE,TRUE,TRUE,FALSE,FALSE,"not-scanned","no filename evidence; content not exhaustively inspected",FALSE,"relocate","not tracked; ignored; type=artifact; size_bytes=864","No credentials were printed. Relocate/review is a proposal, not a deletion decision."
"artifacts/maintainer-case/copernicus-peru-phy/cout/validation/.check_numeric_vector.R",FALSE,TRUE,TRUE,TRUE,FALSE,FALSE,"not-scanned","no filename evidence; content not exhaustively inspected",FALSE,"relocate","not tracked; ignored; type=artifact; size_bytes=273","No credentials were printed. Relocate/review is a proposal, not a deletion decision."
"artifacts/maintainer-case/copernicus-peru-phy/cout/validation/.cube_backend.R",FALSE,TRUE,TRUE,TRUE,FALSE,FALSE,"not-scanned","no filename evidence; content not exhaustively inspected",FALSE,"relocate","not tracked; ignored; type=artifact; size_bytes=975","No credentials were printed. Relocate/review is a proposal, not a deletion decision."
"artifacts/maintainer-case/copernicus-peru-phy/cout/validation/.validate_memory_backend.R",FALSE,TRUE,TRUE,TRUE,FALSE,FALSE,"not-scanned","no filename evidence; content not exhaustively inspected",FALSE,"relocate","not tracked; ignored; type=artifact; size_bytes=1158","No credentials were printed. Relocate/review is a proposal, not a deletion decision."
"artifacts/maintainer-case/copernicus-peru-phy/cout/validation/validation-cases.csv",FALSE,TRUE,TRUE,TRUE,FALSE,FALSE,"not-scanned","no filename evidence; content not exhaustively inspected",FALSE,"relocate","not tracked; ignored; type=artifact; size_bytes=7920","No credentials were printed. Relocate/review is a proposal, not a deletion decision."
"artifacts/maintainer-case/copernicus-peru-phy/cout/validation/validation-functions.csv",FALSE,TRUE,TRUE,TRUE,FALSE,FALSE,"not-scanned","no filename evidence; content not exhaustively inspected",FALSE,"relocate","not tracked; ignored; type=artifact; size_bytes=313","No credentials were printed. Relocate/review is a proposal, not a deletion decision."
"artifacts/maintainer-case/copernicus-peru-phy/cout/validation/validation-map.mmd",FALSE,TRUE,TRUE,TRUE,FALSE,FALSE,"not-scanned","no filename evidence; content not exhaustively inspected",FALSE,"relocate","not tracked; ignored; type=artifact; size_bytes=554","No credentials were printed. Relocate/review is a proposal, not a deletion decision."
"artifacts/maintainer-case/copernicus-peru-phy/cout/validation/validation-study.md",FALSE,TRUE,TRUE,TRUE,FALSE,FALSE,"not-scanned","no filename evidence; content not exhaustively inspected",FALSE,"relocate","not tracked; ignored; type=artifact; size_bytes=931","No credentials were printed. Relocate/review is a proposal, not a deletion decision."
"artifacts/maintainer-case/copernicus-peru-phy/cout/validation/validation-summary.csv",FALSE,TRUE,TRUE,TRUE,FALSE,FALSE,"not-scanned","no filename evidence; content not exhaustively inspected",FALSE,"relocate","not tracked; ignored; type=artifact; size_bytes=120","No credentials were printed. Relocate/review is a proposal, not a deletion decision."
"artifacts/maintainer-map/stage-00/00-inventory.R",FALSE,TRUE,TRUE,TRUE,FALSE,FALSE,"not-scanned","no filename evidence; content not exhaustively inspected",FALSE,"relocate","not tracked; ignored; type=artifact; size_bytes=15898","No credentials were printed. Relocate/review is a proposal, not a deletion decision."
"artifacts/maintainer-map/stage-00/dependency-map.mmd",FALSE,TRUE,TRUE,TRUE,FALSE,FALSE,"not-scanned","no filename evidence; content not exhaustively inspected",FALSE,"relocate","not tracked; ignored; type=artifact; size_bytes=39313","No credentials were printed. Relocate/review is a proposal, not a deletion decision."
"artifacts/maintainer-map/stage-00/function-centrality.csv",FALSE,TRUE,TRUE,TRUE,FALSE,FALSE,"not-scanned","no filename evidence; content not exhaustively inspected",FALSE,"relocate","not tracked; ignored; type=artifact; size_bytes=12706","No credentials were printed. Relocate/review is a proposal, not a deletion decision."
"artifacts/maintainer-map/stage-00/function-dependencies.csv",FALSE,TRUE,TRUE,TRUE,FALSE,FALSE,"not-scanned","no filename evidence; content not exhaustively inspected",FALSE,"relocate","not tracked; ignored; type=artifact; size_bytes=29229","No credentials were printed. Relocate/review is a proposal, not a deletion decision."
"artifacts/maintainer-map/stage-00/function-source-map.csv",FALSE,TRUE,TRUE,TRUE,FALSE,FALSE,"not-scanned","no filename evidence; content not exhaustively inspected",FALSE,"relocate","not tracked; ignored; type=artifact; size_bytes=18114","No credentials were printed. Relocate/review is a proposal, not a deletion decision."
"artifacts/maintainer-map/stage-00/internal-functions.csv",FALSE,TRUE,TRUE,TRUE,FALSE,FALSE,"not-scanned","no filename evidence; content not exhaustively inspected",FALSE,"relocate","not tracked; ignored; type=artifact; size_bytes=8356","No credentials were printed. Relocate/review is a proposal, not a deletion decision."
"artifacts/maintainer-map/stage-00/package-summary.csv",FALSE,TRUE,TRUE,TRUE,FALSE,FALSE,"not-scanned","no filename evidence; content not exhaustively inspected",FALSE,"relocate","not tracked; ignored; type=artifact; size_bytes=257","No credentials were printed. Relocate/review is a proposal, not a deletion decision."
"artifacts/maintainer-map/stage-00/public-api.csv",FALSE,TRUE,TRUE,TRUE,FALSE,FALSE,"not-scanned","no filename evidence; content not exhaustively inspected",FALSE,"relocate","not tracked; ignored; type=artifact; size_bytes=2601","No credentials were printed. Relocate/review is a proposal, not a deletion decision."
"artifacts/maintainer-map/stage-00/r-files.csv",FALSE,TRUE,TRUE,TRUE,FALSE,FALSE,"not-scanned","no filename evidence; content not exhaustively inspected",FALSE,"relocate","not tracked; ignored; type=artifact; size_bytes=1813","No credentials were printed. Relocate/review is a proposal, not a deletion decision."
"artifacts/maintainer-map/stage-00/s3-methods.csv",FALSE,TRUE,TRUE,TRUE,FALSE,FALSE,"not-scanned","no filename evidence; content not exhaustively inspected",FALSE,"relocate","not tracked; ignored; type=artifact; size_bytes=196","No credentials were printed. Relocate/review is a proposal, not a deletion decision."
"artifacts/maintainer-map/stage-01/01-explore-function.R",FALSE,TRUE,TRUE,TRUE,FALSE,FALSE,"not-scanned","no filename evidence; content not exhaustively inspected",FALSE,"relocate","not tracked; ignored; type=artifact; size_bytes=25054","No credentials were printed. Relocate/review is a proposal, not a deletion decision."
"artifacts/maintainer-map/stage-01/functions/ocean_cube/direct-callees.csv",FALSE,TRUE,TRUE,TRUE,FALSE,FALSE,"not-scanned","no filename evidence; content not exhaustively inspected",FALSE,"relocate","not tracked; ignored; type=artifact; size_bytes=252","No credentials were printed. Relocate/review is a proposal, not a deletion decision."
"artifacts/maintainer-map/stage-01/functions/ocean_cube/direct-callers.csv",FALSE,TRUE,TRUE,TRUE,FALSE,FALSE,"not-scanned","no filename evidence; content not exhaustively inspected",FALSE,"relocate","not tracked; ignored; type=artifact; size_bytes=328","No credentials were printed. Relocate/review is a proposal, not a deletion decision."
"artifacts/maintainer-map/stage-01/functions/ocean_cube/function-source.R",FALSE,TRUE,TRUE,TRUE,FALSE,FALSE,"not-scanned","no filename evidence; content not exhaustively inspected",FALSE,"relocate","not tracked; ignored; type=artifact; size_bytes=2589","No credentials were printed. Relocate/review is a proposal, not a deletion decision."
"artifacts/maintainer-map/stage-01/functions/ocean_cube/function-study.md",FALSE,TRUE,TRUE,TRUE,FALSE,FALSE,"not-scanned","no filename evidence; content not exhaustively inspected",FALSE,"relocate","not tracked; ignored; type=artifact; size_bytes=12547","No credentials were printed. Relocate/review is a proposal, not a deletion decision."
"artifacts/maintainer-map/stage-01/functions/ocean_cube/references.csv",FALSE,TRUE,TRUE,TRUE,FALSE,FALSE,"not-scanned","no filename evidence; content not exhaustively inspected",FALSE,"relocate","not tracked; ignored; type=artifact; size_bytes=37749","No credentials were printed. Relocate/review is a proposal, not a deletion decision."
"artifacts/maintainer-map/stage-01/functions/ocean_cube/subgraph-edges.csv",FALSE,TRUE,TRUE,TRUE,FALSE,FALSE,"not-scanned","no filename evidence; content not exhaustively inspected",FALSE,"relocate","not tracked; ignored; type=artifact; size_bytes=1425","No credentials were printed. Relocate/review is a proposal, not a deletion decision."
"artifacts/maintainer-map/stage-01/functions/ocean_cube/subgraph.mmd",FALSE,TRUE,TRUE,TRUE,FALSE,FALSE,"not-scanned","no filename evidence; content not exhaustively inspected",FALSE,"relocate","not tracked; ignored; type=artifact; size_bytes=2364","No credentials were printed. Relocate/review is a proposal, not a deletion decision."
"artifacts/maintainer-map/stage-01/study-plan.csv",FALSE,TRUE,TRUE,TRUE,FALSE,FALSE,"not-scanned","no filename evidence; content not exhaustively inspected",FALSE,"relocate","not tracked; ignored; type=artifact; size_bytes=15710","No credentials were printed. Relocate/review is a proposal, not a deletion decision."
"artifacts/maintainer-map/stage-02/02B-audit-real-cube.R",FALSE,TRUE,TRUE,TRUE,FALSE,FALSE,"not-scanned","no filename evidence; content not exhaustively inspected",FALSE,"relocate","not tracked; ignored; type=artifact; size_bytes=17487","No credentials were printed. Relocate/review is a proposal, not a deletion decision."
"artifacts/maintainer-map/stage-02/02C-study-cube-validation.R",FALSE,TRUE,TRUE,TRUE,FALSE,FALSE,"not-scanned","no filename evidence; content not exhaustively inspected",FALSE,"relocate","not tracked; ignored; type=artifact; size_bytes=26223","No credentials were printed. Relocate/review is a proposal, not a deletion decision."
"auxdata/layer_sp.Rdata",TRUE,FALSE,FALSE,FALSE,FALSE,FALSE,"not-applicable","no filename evidence; content not exhaustively inspected",FALSE,"review","tracked; not ignored; type=data; size_bytes=195","No credentials were printed. Relocate/review is a proposal, not a deletion decision."
"auxdata/PER_ADM0.RData",TRUE,FALSE,FALSE,FALSE,FALSE,FALSE,"not-scanned","no filename evidence; content not exhaustively inspected",FALSE,"review","tracked; not ignored; type=data; size_bytes=1122258","No credentials were printed. Relocate/review is a proposal, not a deletion decision."
"data-raw/make-toy-ocean.R",TRUE,FALSE,FALSE,TRUE,FALSE,FALSE,"not-applicable","no filename evidence; content not exhaustively inspected",FALSE,"review","tracked; not ignored; type=other; size_bytes=138","No credentials were printed. Relocate/review is a proposal, not a deletion decision."
"dev/architecture/netcdf-backend-contract.md",TRUE,FALSE,FALSE,TRUE,FALSE,FALSE,"false","no filename evidence; content not exhaustively inspected",FALSE,"review","tracked; not ignored; type=other; size_bytes=37205","No credentials were printed. Relocate/review is a proposal, not a deletion decision."
"dev/diagnostics/netcdf_backend_contract.R",TRUE,FALSE,FALSE,TRUE,FALSE,FALSE,"not-applicable","no filename evidence; content not exhaustively inspected",FALSE,"review","tracked; not ignored; type=other; size_bytes=12979","No credentials were printed. Relocate/review is a proposal, not a deletion decision."
"docs/handbook/01-introduction.html",FALSE,TRUE,TRUE,TRUE,FALSE,FALSE,"not-scanned","no filename evidence; content not exhaustively inspected",FALSE,"relocate","not tracked; ignored; type=website; size_bytes=27974","No credentials were printed. Relocate/review is a proposal, not a deletion decision."
"docs/handbook/02-mental-model.html",FALSE,TRUE,TRUE,TRUE,FALSE,FALSE,"not-scanned","no filename evidence; content not exhaustively inspected",FALSE,"relocate","not tracked; ignored; type=website; size_bytes=27542","No credentials were printed. Relocate/review is a proposal, not a deletion decision."
"docs/handbook/03-ocean-cube-object.html",FALSE,TRUE,TRUE,TRUE,FALSE,FALSE,"not-scanned","no filename evidence; content not exhaustively inspected",FALSE,"relocate","not tracked; ignored; type=website; size_bytes=30243","No credentials were printed. Relocate/review is a proposal, not a deletion decision."
"docs/handbook/04-data-access.html",FALSE,TRUE,TRUE,TRUE,FALSE,FALSE,"not-scanned","no filename evidence; content not exhaustively inspected",FALSE,"relocate","not tracked; ignored; type=website; size_bytes=27361","No credentials were printed. Relocate/review is a proposal, not a deletion decision."
"docs/handbook/05-selection-extraction.html",FALSE,TRUE,TRUE,TRUE,FALSE,FALSE,"not-scanned","no filename evidence; content not exhaustively inspected",FALSE,"relocate","not tracked; ignored; type=website; size_bytes=27953","No credentials were printed. Relocate/review is a proposal, not a deletion decision."
"docs/handbook/06-masks.html",FALSE,TRUE,TRUE,TRUE,FALSE,FALSE,"not-scanned","no filename evidence; content not exhaustively inspected",FALSE,"relocate","not tracked; ignored; type=website; size_bytes=28403","No credentials were printed. Relocate/review is a proposal, not a deletion decision."
"docs/handbook/07-temporal-climatology.html",FALSE,TRUE,TRUE,TRUE,FALSE,FALSE,"not-scanned","no filename evidence; content not exhaustively inspected",FALSE,"relocate","not tracked; ignored; type=website; size_bytes=27429","No credentials were printed. Relocate/review is a proposal, not a deletion decision."
"docs/handbook/08-grid-geometry.html",FALSE,TRUE,TRUE,TRUE,FALSE,FALSE,"not-scanned","no filename evidence; content not exhaustively inspected",FALSE,"relocate","not tracked; ignored; type=website; size_bytes=27404","No credentials were printed. Relocate/review is a proposal, not a deletion decision."
"docs/handbook/09-function-reference.html",FALSE,TRUE,TRUE,TRUE,FALSE,FALSE,"not-scanned","no filename evidence; content not exhaustively inspected",FALSE,"relocate","not tracked; ignored; type=website; size_bytes=28699","No credentials were printed. Relocate/review is a proposal, not a deletion decision."
"docs/handbook/10-workflows.html",FALSE,TRUE,TRUE,TRUE,FALSE,FALSE,"not-scanned","no filename evidence; content not exhaustively inspected",FALSE,"relocate","not tracked; ignored; type=website; size_bytes=27706","No credentials were printed. Relocate/review is a proposal, not a deletion decision."
"docs/handbook/11-spatind-boundary.html",FALSE,TRUE,TRUE,TRUE,FALSE,FALSE,"not-scanned","no filename evidence; content not exhaustively inspected",FALSE,"relocate","not tracked; ignored; type=website; size_bytes=28303","No credentials were printed. Relocate/review is a proposal, not a deletion decision."
"docs/handbook/12-git-release-workflow.html",FALSE,TRUE,TRUE,TRUE,FALSE,FALSE,"not-scanned","no filename evidence; content not exhaustively inspected",FALSE,"relocate","not tracked; ignored; type=website; size_bytes=27381","No credentials were printed. Relocate/review is a proposal, not a deletion decision."
"docs/handbook/13-troubleshooting.html",FALSE,TRUE,TRUE,TRUE,FALSE,FALSE,"not-scanned","no filename evidence; content not exhaustively inspected",FALSE,"relocate","not tracked; ignored; type=website; size_bytes=29250","No credentials were printed. Relocate/review is a proposal, not a deletion decision."
"docs/handbook/14-cheat-sheet.html",FALSE,TRUE,TRUE,TRUE,FALSE,FALSE,"not-scanned","no filename evidence; content not exhaustively inspected",FALSE,"relocate","not tracked; ignored; type=website; size_bytes=28145","No credentials were printed. Relocate/review is a proposal, not a deletion decision."
"docs/handbook/functions/annual_index.qmd",FALSE,TRUE,TRUE,TRUE,FALSE,FALSE,"not-scanned","no filename evidence; content not exhaustively inspected",FALSE,"relocate","not tracked; ignored; type=website; size_bytes=1768","No credentials were printed. Relocate/review is a proposal, not a deletion decision."
"docs/handbook/functions/anom_diff.qmd",FALSE,TRUE,TRUE,TRUE,FALSE,FALSE,"not-scanned","no filename evidence; content not exhaustively inspected",FALSE,"relocate","not tracked; ignored; type=website; size_bytes=1675","No credentials were printed. Relocate/review is a proposal, not a deletion decision."
"docs/handbook/functions/anom_z.qmd",FALSE,TRUE,TRUE,TRUE,FALSE,FALSE,"not-scanned","no filename evidence; content not exhaustively inspected",FALSE,"relocate","not tracked; ignored; type=website; size_bytes=1653","No credentials were printed. Relocate/review is a proposal, not a deletion decision."
"docs/handbook/functions/clim_day.qmd",FALSE,TRUE,TRUE,TRUE,FALSE,FALSE,"not-scanned","no filename evidence; content not exhaustively inspected",FALSE,"relocate","not tracked; ignored; type=website; size_bytes=1834","No credentials were printed. Relocate/review is a proposal, not a deletion decision."
"docs/handbook/functions/clim_month.qmd",FALSE,TRUE,TRUE,TRUE,FALSE,FALSE,"not-scanned","no filename evidence; content not exhaustively inspected",FALSE,"relocate","not tracked; ignored; type=website; size_bytes=1653","No credentials were printed. Relocate/review is a proposal, not a deletion decision."
"docs/handbook/functions/cm_connect.qmd",FALSE,TRUE,TRUE,TRUE,FALSE,FALSE,"not-scanned","no filename evidence; content not exhaustively inspected",FALSE,"relocate","not tracked; ignored; type=website; size_bytes=1908","No credentials were printed. Relocate/review is a proposal, not a deletion decision."
"docs/handbook/functions/cm_setup.qmd",FALSE,TRUE,TRUE,TRUE,FALSE,FALSE,"not-scanned","no filename evidence; content not exhaustively inspected",FALSE,"relocate","not tracked; ignored; type=website; size_bytes=1903","No credentials were printed. Relocate/review is a proposal, not a deletion decision."
"docs/handbook/functions/coast_dist.qmd",FALSE,TRUE,TRUE,TRUE,FALSE,FALSE,"not-scanned","no filename evidence; content not exhaustively inspected",FALSE,"relocate","not tracked; ignored; type=website; size_bytes=1672","No credentials were printed. Relocate/review is a proposal, not a deletion decision."
"docs/handbook/functions/crop_stock.qmd",FALSE,TRUE,TRUE,TRUE,FALSE,FALSE,"not-scanned","no filename evidence; content not exhaustively inspected",FALSE,"relocate","not tracked; ignored; type=website; size_bytes=1660","No credentials were printed. Relocate/review is a proposal, not a deletion decision."
"docs/handbook/functions/cube_cell_area.qmd",FALSE,TRUE,TRUE,TRUE,FALSE,FALSE,"not-scanned","no filename evidence; content not exhaustively inspected",FALSE,"relocate","not tracked; ignored; type=website; size_bytes=1742","No credentials were printed. Relocate/review is a proposal, not a deletion decision."
"docs/handbook/functions/cube_cell_volume.qmd",FALSE,TRUE,TRUE,TRUE,FALSE,FALSE,"not-scanned","no filename evidence; content not exhaustively inspected",FALSE,"relocate","not tracked; ignored; type=website; size_bytes=1858","No credentials were printed. Relocate/review is a proposal, not a deletion decision."
"docs/handbook/functions/cube_collect.qmd",FALSE,TRUE,TRUE,TRUE,FALSE,FALSE,"not-scanned","no filename evidence; content not exhaustively inspected",FALSE,"relocate","not tracked; ignored; type=website; size_bytes=1581","No credentials were printed. Relocate/review is a proposal, not a deletion decision."
"docs/handbook/functions/cube_crop.qmd",FALSE,TRUE,TRUE,TRUE,FALSE,FALSE,"not-scanned","no filename evidence; content not exhaustively inspected",FALSE,"relocate","not tracked; ignored; type=website; size_bytes=2199","No credentials were printed. Relocate/review is a proposal, not a deletion decision."
"docs/handbook/functions/cube_extract.qmd",FALSE,TRUE,TRUE,TRUE,FALSE,FALSE,"not-scanned","no filename evidence; content not exhaustively inspected",FALSE,"relocate","not tracked; ignored; type=website; size_bytes=2790","No credentials were printed. Relocate/review is a proposal, not a deletion decision."
"docs/handbook/functions/cube_layer_thickness.qmd",FALSE,TRUE,TRUE,TRUE,FALSE,FALSE,"not-scanned","no filename evidence; content not exhaustively inspected",FALSE,"relocate","not tracked; ignored; type=website; size_bytes=1832","No credentials were printed. Relocate/review is a proposal, not a deletion decision."
"docs/handbook/functions/cube_mask.qmd",FALSE,TRUE,TRUE,TRUE,FALSE,FALSE,"not-scanned","no filename evidence; content not exhaustively inspected",FALSE,"relocate","not tracked; ignored; type=website; size_bytes=1956","No credentials were printed. Relocate/review is a proposal, not a deletion decision."
"docs/handbook/functions/cube_polygon_weights.qmd",FALSE,TRUE,TRUE,TRUE,FALSE,FALSE,"not-scanned","no filename evidence; content not exhaustively inspected",FALSE,"relocate","not tracked; ignored; type=website; size_bytes=2202","No credentials were printed. Relocate/review is a proposal, not a deletion decision."
"docs/handbook/functions/cube_slice.qmd",FALSE,TRUE,TRUE,TRUE,FALSE,FALSE,"not-scanned","no filename evidence; content not exhaustively inspected",FALSE,"relocate","not tracked; ignored; type=website; size_bytes=2307","No credentials were printed. Relocate/review is a proposal, not a deletion decision."
"docs/handbook/functions/cube_transect.qmd",FALSE,TRUE,TRUE,TRUE,FALSE,FALSE,"not-scanned","no filename evidence; content not exhaustively inspected",FALSE,"relocate","not tracked; ignored; type=website; size_bytes=2817","No credentials were printed. Relocate/review is a proposal, not a deletion decision."
"docs/handbook/functions/download_nc.qmd",FALSE,TRUE,TRUE,TRUE,FALSE,FALSE,"not-scanned","no filename evidence; content not exhaustively inspected",FALSE,"relocate","not tracked; ignored; type=website; size_bytes=2691","No credentials were printed. Relocate/review is a proposal, not a deletion decision."
"docs/handbook/functions/layer_mean.qmd",FALSE,TRUE,TRUE,TRUE,FALSE,FALSE,"not-scanned","no filename evidence; content not exhaustively inspected",FALSE,"relocate","not tracked; ignored; type=website; size_bytes=1639","No credentials were printed. Relocate/review is a proposal, not a deletion decision."
"docs/handbook/functions/link_events.qmd",FALSE,TRUE,TRUE,TRUE,FALSE,FALSE,"not-scanned","no filename evidence; content not exhaustively inspected",FALSE,"relocate","not tracked; ignored; type=website; size_bytes=2405","No credentials were printed. Relocate/review is a proposal, not a deletion decision."
"docs/handbook/functions/ocean_cube.qmd",FALSE,TRUE,TRUE,TRUE,FALSE,FALSE,"not-scanned","no filename evidence; content not exhaustively inspected",FALSE,"relocate","not tracked; ignored; type=website; size_bytes=3111","No credentials were printed. Relocate/review is a proposal, not a deletion decision."
"docs/handbook/functions/read_nc.qmd",FALSE,TRUE,TRUE,TRUE,FALSE,FALSE,"not-scanned","no filename evidence; content not exhaustively inspected",FALSE,"relocate","not tracked; ignored; type=website; size_bytes=2225","No credentials were printed. Relocate/review is a proposal, not a deletion decision."
"docs/handbook/functions/signal_noise.qmd",FALSE,TRUE,TRUE,TRUE,FALSE,FALSE,"not-scanned","no filename evidence; content not exhaustively inspected",FALSE,"relocate","not tracked; ignored; type=website; size_bytes=1785","No credentials were printed. Relocate/review is a proposal, not a deletion decision."
"docs/handbook/functions/stock_mask.qmd",FALSE,TRUE,TRUE,TRUE,FALSE,FALSE,"not-scanned","no filename evidence; content not exhaustively inspected",FALSE,"relocate","not tracked; ignored; type=website; size_bytes=1886","No credentials were printed. Relocate/review is a proposal, not a deletion decision."
"docs/handbook/functions/to_month.qmd",FALSE,TRUE,TRUE,TRUE,FALSE,FALSE,"not-scanned","no filename evidence; content not exhaustively inspected",FALSE,"relocate","not tracked; ignored; type=website; size_bytes=1651","No credentials were printed. Relocate/review is a proposal, not a deletion decision."
"docs/handbook/index.html",FALSE,TRUE,TRUE,TRUE,FALSE,FALSE,"not-scanned","no filename evidence; content not exhaustively inspected",FALSE,"relocate","not tracked; ignored; type=website; size_bytes=27420","No credentials were printed. Relocate/review is a proposal, not a deletion decision."
"docs/handbook/rmarkdown-index.html",FALSE,TRUE,TRUE,TRUE,FALSE,FALSE,"not-scanned","no filename evidence; content not exhaustively inspected",FALSE,"relocate","not tracked; ignored; type=website; size_bytes=653712","No credentials were printed. Relocate/review is a proposal, not a deletion decision."
"docs/handbook/search.json",FALSE,TRUE,TRUE,TRUE,FALSE,FALSE,"not-scanned","no filename evidence; content not exhaustively inspected",FALSE,"relocate","not tracked; ignored; type=website; size_bytes=13739","No credentials were printed. Relocate/review is a proposal, not a deletion decision."
"docs/handbook/site_libs/bootstrap/bootstrap-524437e45afd0023c0ef5af34e3ac121.min.css",FALSE,TRUE,TRUE,TRUE,FALSE,FALSE,"not-scanned","no filename evidence; content not exhaustively inspected",FALSE,"relocate","not tracked; ignored; type=website; size_bytes=507503","No credentials were printed. Relocate/review is a proposal, not a deletion decision."
"docs/handbook/site_libs/bootstrap/bootstrap-icons.css",FALSE,TRUE,TRUE,TRUE,FALSE,FALSE,"not-scanned","no filename evidence; content not exhaustively inspected",FALSE,"relocate","not tracked; ignored; type=website; size_bytes=98163","No credentials were printed. Relocate/review is a proposal, not a deletion decision."
"docs/handbook/site_libs/bootstrap/bootstrap-icons.woff",FALSE,TRUE,TRUE,TRUE,FALSE,FALSE,"not-scanned","no filename evidence; content not exhaustively inspected",FALSE,"relocate","not tracked; ignored; type=website; size_bytes=176200","No credentials were printed. Relocate/review is a proposal, not a deletion decision."
"docs/handbook/site_libs/bootstrap/bootstrap.min.js",FALSE,TRUE,TRUE,TRUE,FALSE,FALSE,"not-scanned","no filename evidence; content not exhaustively inspected",FALSE,"relocate","not tracked; ignored; type=website; size_bytes=80668","No credentials were printed. Relocate/review is a proposal, not a deletion decision."
"docs/handbook/site_libs/clipboard/clipboard.min.js",FALSE,TRUE,TRUE,TRUE,FALSE,FALSE,"not-scanned","no filename evidence; content not exhaustively inspected",FALSE,"relocate","not tracked; ignored; type=website; size_bytes=9160","No credentials were printed. Relocate/review is a proposal, not a deletion decision."
"docs/handbook/site_libs/quarto-html/anchor.min.js",FALSE,TRUE,TRUE,TRUE,FALSE,FALSE,"not-scanned","no filename evidence; content not exhaustively inspected",FALSE,"relocate","not tracked; ignored; type=website; size_bytes=5888","No credentials were printed. Relocate/review is a proposal, not a deletion decision."
"docs/handbook/site_libs/quarto-html/popper.min.js",FALSE,TRUE,TRUE,TRUE,FALSE,FALSE,"not-scanned","no filename evidence; content not exhaustively inspected",FALSE,"relocate","not tracked; ignored; type=website; size_bytes=20084","No credentials were printed. Relocate/review is a proposal, not a deletion decision."
"docs/handbook/site_libs/quarto-html/quarto-syntax-highlighting-37eea08aefeeee20ff55810ff984fec1.css",FALSE,TRUE,TRUE,TRUE,FALSE,FALSE,"not-scanned","no filename evidence; content not exhaustively inspected",FALSE,"relocate","not tracked; ignored; type=website; size_bytes=3678","No credentials were printed. Relocate/review is a proposal, not a deletion decision."
"docs/handbook/site_libs/quarto-html/quarto.js",FALSE,TRUE,TRUE,TRUE,FALSE,FALSE,"not-scanned","no filename evidence; content not exhaustively inspected",FALSE,"relocate","not tracked; ignored; type=website; size_bytes=26830","No credentials were printed. Relocate/review is a proposal, not a deletion decision."
"docs/handbook/site_libs/quarto-html/tabsets/tabsets.js",FALSE,TRUE,TRUE,TRUE,FALSE,FALSE,"not-scanned","no filename evidence; content not exhaustively inspected",FALSE,"relocate","not tracked; ignored; type=website; size_bytes=2882","No credentials were printed. Relocate/review is a proposal, not a deletion decision."
"docs/handbook/site_libs/quarto-html/tippy.css",FALSE,TRUE,TRUE,TRUE,FALSE,FALSE,"not-scanned","no filename evidence; content not exhaustively inspected",FALSE,"relocate","not tracked; ignored; type=website; size_bytes=1409","No credentials were printed. Relocate/review is a proposal, not a deletion decision."
"docs/handbook/site_libs/quarto-html/tippy.umd.min.js",FALSE,TRUE,TRUE,TRUE,FALSE,FALSE,"not-scanned","no filename evidence; content not exhaustively inspected",FALSE,"relocate","not tracked; ignored; type=website; size_bytes=24033","No credentials were printed. Relocate/review is a proposal, not a deletion decision."
"docs/handbook/site_libs/quarto-nav/headroom.min.js",FALSE,TRUE,TRUE,TRUE,FALSE,FALSE,"not-scanned","no filename evidence; content not exhaustively inspected",FALSE,"relocate","not tracked; ignored; type=website; size_bytes=4570","No credentials were printed. Relocate/review is a proposal, not a deletion decision."
"docs/handbook/site_libs/quarto-nav/quarto-nav.js",FALSE,TRUE,TRUE,TRUE,FALSE,FALSE,"not-scanned","no filename evidence; content not exhaustively inspected",FALSE,"relocate","not tracked; ignored; type=website; size_bytes=9636","No credentials were printed. Relocate/review is a proposal, not a deletion decision."
"docs/handbook/site_libs/quarto-search/autocomplete.umd.js",FALSE,TRUE,TRUE,TRUE,FALSE,FALSE,"not-scanned","no filename evidence; content not exhaustively inspected",FALSE,"relocate","not tracked; ignored; type=website; size_bytes=92971","No credentials were printed. Relocate/review is a proposal, not a deletion decision."
"docs/handbook/site_libs/quarto-search/fuse.min.js",FALSE,TRUE,TRUE,TRUE,FALSE,FALSE,"not-scanned","no filename evidence; content not exhaustively inspected",FALSE,"relocate","not tracked; ignored; type=website; size_bytes=23539","No credentials were printed. Relocate/review is a proposal, not a deletion decision."
"docs/handbook/site_libs/quarto-search/quarto-search.js",FALSE,TRUE,TRUE,TRUE,FALSE,FALSE,"not-scanned","no filename evidence; content not exhaustively inspected",FALSE,"relocate","not tracked; ignored; type=website; size_bytes=37174","No credentials were printed. Relocate/review is a proposal, not a deletion decision."
"docs/handbook/styles.css",FALSE,TRUE,TRUE,TRUE,FALSE,FALSE,"not-scanned","no filename evidence; content not exhaustively inspected",FALSE,"relocate","not tracked; ignored; type=website; size_bytes=199","No credentials were printed. Relocate/review is a proposal, not a deletion decision."
"handbook/.quarto/cites/index.json",FALSE,TRUE,TRUE,TRUE,FALSE,FALSE,"not-scanned","no filename evidence; content not exhaustively inspected",FALSE,"relocate","not tracked; ignored; type=handbook; size_bytes=399","No credentials were printed. Relocate/review is a proposal, not a deletion decision."
"handbook/.quarto/idx/01-introduction.qmd.json",FALSE,TRUE,TRUE,TRUE,FALSE,FALSE,"not-scanned","no filename evidence; content not exhaustively inspected",FALSE,"relocate","not tracked; ignored; type=handbook; size_bytes=6701","No credentials were printed. Relocate/review is a proposal, not a deletion decision."
"handbook/.quarto/idx/02-mental-model.qmd.json",FALSE,TRUE,TRUE,TRUE,FALSE,FALSE,"not-scanned","no filename evidence; content not exhaustively inspected",FALSE,"relocate","not tracked; ignored; type=handbook; size_bytes=6688","No credentials were printed. Relocate/review is a proposal, not a deletion decision."
"handbook/.quarto/idx/03-ocean-cube-object.qmd.json",FALSE,TRUE,TRUE,TRUE,FALSE,FALSE,"not-scanned","no filename evidence; content not exhaustively inspected",FALSE,"relocate","not tracked; ignored; type=handbook; size_bytes=6592","No credentials were printed. Relocate/review is a proposal, not a deletion decision."
"handbook/.quarto/idx/04-data-access.qmd.json",FALSE,TRUE,TRUE,TRUE,FALSE,FALSE,"not-scanned","no filename evidence; content not exhaustively inspected",FALSE,"relocate","not tracked; ignored; type=handbook; size_bytes=6439","No credentials were printed. Relocate/review is a proposal, not a deletion decision."
"handbook/.quarto/idx/05-selection-extraction.qmd.json",FALSE,TRUE,TRUE,TRUE,FALSE,FALSE,"not-scanned","no filename evidence; content not exhaustively inspected",FALSE,"relocate","not tracked; ignored; type=handbook; size_bytes=6623","No credentials were printed. Relocate/review is a proposal, not a deletion decision."
"handbook/.quarto/idx/06-masks.qmd.json",FALSE,TRUE,TRUE,TRUE,FALSE,FALSE,"not-scanned","no filename evidence; content not exhaustively inspected",FALSE,"relocate","not tracked; ignored; type=handbook; size_bytes=6674","No credentials were printed. Relocate/review is a proposal, not a deletion decision."
"handbook/.quarto/idx/07-temporal-climatology.qmd.json",FALSE,TRUE,TRUE,TRUE,FALSE,FALSE,"not-scanned","no filename evidence; content not exhaustively inspected",FALSE,"relocate","not tracked; ignored; type=handbook; size_bytes=6494","No credentials were printed. Relocate/review is a proposal, not a deletion decision."
"handbook/.quarto/idx/08-grid-geometry.qmd.json",FALSE,TRUE,TRUE,TRUE,FALSE,FALSE,"not-scanned","no filename evidence; content not exhaustively inspected",FALSE,"relocate","not tracked; ignored; type=handbook; size_bytes=6465","No credentials were printed. Relocate/review is a proposal, not a deletion decision."
"handbook/.quarto/idx/09-function-reference.qmd.json",FALSE,TRUE,TRUE,TRUE,FALSE,FALSE,"not-scanned","no filename evidence; content not exhaustively inspected",FALSE,"relocate","not tracked; ignored; type=handbook; size_bytes=7393","No credentials were printed. Relocate/review is a proposal, not a deletion decision."
"handbook/.quarto/idx/10-workflows.qmd.json",FALSE,TRUE,TRUE,TRUE,FALSE,FALSE,"not-scanned","no filename evidence; content not exhaustively inspected",FALSE,"relocate","not tracked; ignored; type=handbook; size_bytes=6766","No credentials were printed. Relocate/review is a proposal, not a deletion decision."
"handbook/.quarto/idx/11-spatind-boundary.qmd.json",FALSE,TRUE,TRUE,TRUE,FALSE,FALSE,"not-scanned","no filename evidence; content not exhaustively inspected",FALSE,"relocate","not tracked; ignored; type=handbook; size_bytes=6496","No credentials were printed. Relocate/review is a proposal, not a deletion decision."
"handbook/.quarto/idx/12-git-release-workflow.qmd.json",FALSE,TRUE,TRUE,TRUE,FALSE,FALSE,"not-scanned","no filename evidence; content not exhaustively inspected",FALSE,"relocate","not tracked; ignored; type=handbook; size_bytes=6473","No credentials were printed. Relocate/review is a proposal, not a deletion decision."
"handbook/.quarto/idx/13-troubleshooting.qmd.json",FALSE,TRUE,TRUE,TRUE,FALSE,FALSE,"not-scanned","no filename evidence; content not exhaustively inspected",FALSE,"relocate","not tracked; ignored; type=handbook; size_bytes=7487","No credentials were printed. Relocate/review is a proposal, not a deletion decision."
"handbook/.quarto/idx/14-cheat-sheet.qmd.json",FALSE,TRUE,TRUE,TRUE,FALSE,FALSE,"not-scanned","no filename evidence; content not exhaustively inspected",FALSE,"relocate","not tracked; ignored; type=handbook; size_bytes=6851","No credentials were printed. Relocate/review is a proposal, not a deletion decision."
"handbook/.quarto/idx/index.qmd.json",FALSE,TRUE,TRUE,TRUE,FALSE,FALSE,"not-scanned","no filename evidence; content not exhaustively inspected",FALSE,"relocate","not tracked; ignored; type=handbook; size_bytes=6470","No credentials were printed. Relocate/review is a proposal, not a deletion decision."
"handbook/.quarto/project-cache/deno-kv-file",FALSE,TRUE,TRUE,TRUE,FALSE,FALSE,"not-scanned","no filename evidence; content not exhaustively inspected",FALSE,"relocate","not tracked; ignored; type=handbook; size_bytes=36864","No credentials were printed. Relocate/review is a proposal, not a deletion decision."
"handbook/.quarto/project-cache/ea923d2918fa5ac1356929d4c5346f29",FALSE,TRUE,TRUE,TRUE,FALSE,FALSE,"not-scanned","no filename evidence; content not exhaustively inspected",FALSE,"relocate","not tracked; ignored; type=handbook; size_bytes=28756","No credentials were printed. Relocate/review is a proposal, not a deletion decision."
"handbook/.quarto/xref/2c139035",FALSE,TRUE,TRUE,TRUE,FALSE,FALSE,"not-scanned","no filename evidence; content not exhaustively inspected",FALSE,"relocate","not tracked; ignored; type=handbook; size_bytes=56","No credentials were printed. Relocate/review is a proposal, not a deletion decision."
"handbook/.quarto/xref/3528c34b",FALSE,TRUE,TRUE,TRUE,FALSE,FALSE,"not-scanned","no filename evidence; content not exhaustively inspected",FALSE,"relocate","not tracked; ignored; type=handbook; size_bytes=56","No credentials were printed. Relocate/review is a proposal, not a deletion decision."
"handbook/.quarto/xref/35d951ff",FALSE,TRUE,TRUE,TRUE,FALSE,FALSE,"not-scanned","no filename evidence; content not exhaustively inspected",FALSE,"relocate","not tracked; ignored; type=handbook; size_bytes=65","No credentials were printed. Relocate/review is a proposal, not a deletion decision."
"handbook/.quarto/xref/36d2335e",FALSE,TRUE,TRUE,TRUE,FALSE,FALSE,"not-scanned","no filename evidence; content not exhaustively inspected",FALSE,"relocate","not tracked; ignored; type=handbook; size_bytes=101","No credentials were printed. Relocate/review is a proposal, not a deletion decision."
"handbook/.quarto/xref/5036bcb9",FALSE,TRUE,TRUE,TRUE,FALSE,FALSE,"not-scanned","no filename evidence; content not exhaustively inspected",FALSE,"relocate","not tracked; ignored; type=handbook; size_bytes=56","No credentials were printed. Relocate/review is a proposal, not a deletion decision."
"handbook/.quarto/xref/72487038",FALSE,TRUE,TRUE,TRUE,FALSE,FALSE,"not-scanned","no filename evidence; content not exhaustively inspected",FALSE,"relocate","not tracked; ignored; type=handbook; size_bytes=56","No credentials were printed. Relocate/review is a proposal, not a deletion decision."
"handbook/.quarto/xref/79e298d8",FALSE,TRUE,TRUE,TRUE,FALSE,FALSE,"not-scanned","no filename evidence; content not exhaustively inspected",FALSE,"relocate","not tracked; ignored; type=handbook; size_bytes=56","No credentials were printed. Relocate/review is a proposal, not a deletion decision."
"handbook/.quarto/xref/863e3a40",FALSE,TRUE,TRUE,TRUE,FALSE,FALSE,"not-scanned","no filename evidence; content not exhaustively inspected",FALSE,"relocate","not tracked; ignored; type=handbook; size_bytes=223","No credentials were printed. Relocate/review is a proposal, not a deletion decision."
"handbook/.quarto/xref/8d2f9cbd",FALSE,TRUE,TRUE,TRUE,FALSE,FALSE,"not-scanned","no filename evidence; content not exhaustively inspected",FALSE,"relocate","not tracked; ignored; type=handbook; size_bytes=56","No credentials were printed. Relocate/review is a proposal, not a deletion decision."
"handbook/.quarto/xref/9acb3e3f",FALSE,TRUE,TRUE,TRUE,FALSE,FALSE,"not-scanned","no filename evidence; content not exhaustively inspected",FALSE,"relocate","not tracked; ignored; type=handbook; size_bytes=56","No credentials were printed. Relocate/review is a proposal, not a deletion decision."
"handbook/.quarto/xref/cd2014cf",FALSE,TRUE,TRUE,TRUE,FALSE,FALSE,"not-scanned","no filename evidence; content not exhaustively inspected",FALSE,"relocate","not tracked; ignored; type=handbook; size_bytes=56","No credentials were printed. Relocate/review is a proposal, not a deletion decision."
"handbook/.quarto/xref/f09e3144",FALSE,TRUE,TRUE,TRUE,FALSE,FALSE,"not-scanned","no filename evidence; content not exhaustively inspected",FALSE,"relocate","not tracked; ignored; type=handbook; size_bytes=56","No credentials were printed. Relocate/review is a proposal, not a deletion decision."
"handbook/.quarto/xref/f3778ed4",FALSE,TRUE,TRUE,TRUE,FALSE,FALSE,"not-scanned","no filename evidence; content not exhaustively inspected",FALSE,"relocate","not tracked; ignored; type=handbook; size_bytes=56","No credentials were printed. Relocate/review is a proposal, not a deletion decision."
"handbook/.quarto/xref/f71df164",FALSE,TRUE,TRUE,TRUE,FALSE,FALSE,"not-scanned","no filename evidence; content not exhaustively inspected",FALSE,"relocate","not tracked; ignored; type=handbook; size_bytes=56","No credentials were printed. Relocate/review is a proposal, not a deletion decision."
"handbook/.quarto/xref/fa742116",FALSE,TRUE,TRUE,TRUE,FALSE,FALSE,"not-scanned","no filename evidence; content not exhaustively inspected",FALSE,"relocate","not tracked; ignored; type=handbook; size_bytes=56","No credentials were printed. Relocate/review is a proposal, not a deletion decision."
"handbook/.quarto/xref/INDEX",FALSE,TRUE,TRUE,TRUE,FALSE,FALSE,"not-scanned","no filename evidence; content not exhaustively inspected",FALSE,"relocate","not tracked; ignored; type=handbook; size_bytes=1109","No credentials were printed. Relocate/review is a proposal, not a deletion decision."
